T,policy,family,coverage,gain_vs_proxy
0.5,policy::anchor_peak__full__accept_clip0.02,bounded_subtraction,0.8634315175948317,-0.025877181943089078
0.5,policy::anchor_peak__full__accept_clip0.05,bounded_subtraction,0.8609794612437661,-0.02832923829415468
0.5,policy::anchor_peak__full__accept_clip0.1,bounded_subtraction,0.8579051134826869,-0.031403586055233856
0.5,policy::anchor_peak__full__bonus1.25,bounded_subtraction,0.852634477920696,-0.03667422161722478
0.5,policy::anchor_peak__full__bonus1.5,bounded_subtraction,0.852645685262792,-0.03666301427512875
0.5,policy::anchor_peak__full__bonus2,bounded_subtraction,0.8538372316528025,-0.035471467885118346
0.5,policy::anchor_peak__full__bonus3,bounded_subtraction,0.8531133165464586,-0.03619538299146219
0.5,policy::anchor_peak__full__expected_mix0.25,bounded_subtraction,0.8670668213139286,-0.02224187822399215
0.5,policy::anchor_peak__full__expected_mix0.5,bounded_subtraction,0.8656098485446547,-0.023698850993266074
0.5,policy::anchor_peak__full__expected_mix0.75,bounded_subtraction,0.863835449809385,-0.02547324972853582
0.5,policy::anchor_peak__full__expected_rejection,bounded_subtraction,0.8627956527748366,-0.02651304676308419
0.5,policy::anchor_peak__full__h_tau0.8,bounded_subtraction,0.8461748717148037,-0.043133827823117143
0.5,policy::anchor_peak__full__h_tau0.9,bounded_subtraction,0.8515772267714694,-0.03773147276645139
0.5,policy::anchor_peak__full__h_tau1.1,bounded_subtraction,0.8533707001371919,-0.03593799940072895
0.5,policy::anchor_peak__full__h_tau1.25,bounded_subtraction,0.8546257162131643,-0.0346829833247565
0.5,policy::anchor_peak__full__original,bounded_subtraction,0.8524723798414512,-0.03683631969646961
0.5,policy::anchor_peak__full__power0.5,bounded_subtraction,0.8556266721777724,-0.03368202736014836
0.5,policy::anchor_peak__full__power0.75,bounded_subtraction,0.8543716175515259,-0.03493708198639489
0.5,policy::anchor_peak__full__power1.25,bounded_subtraction,0.8514189737948253,-0.03788972574309546
0.5,policy::anchor_peak__full__power1.5,bounded_subtraction,0.8463332905661937,-0.042975408971727136
0.5,policy::anchor_peak__full__uniform0.02,bounded_subtraction,0.8632223807027831,-0.02608631883513768
0.5,policy::anchor_peak__full__uniform0.05,bounded_subtraction,0.8611043504979229,-0.02820434903999791
0.5,policy::anchor_peak__full__uniform0.1,bounded_subtraction,0.8604499488238015,-0.028858750714119252
0.5,policy::anchor_peak__full__uniform0.2,bounded_subtraction,0.8570073752674617,-0.032301324270459064
0.5,policy::anchor_peak__topm__accept_clip0.02,bounded_subtraction,0.862380043161047,-0.026928656376873805
0.5,policy::anchor_peak__topm__accept_clip0.05,bounded_subtraction,0.8601114711231946,-0.029197228414726162
0.5,policy::anchor_peak__topm__accept_clip0.1,bounded_subtraction,0.8569180458799919,-0.032390653657928925
0.5,policy::anchor_peak__topm__bonus1.25,bounded_subtraction,0.8526313764323565,-0.03667732310556426
0.5,policy::anchor_peak__topm__bonus1.5,bounded_subtraction,0.8526461914689096,-0.03666250806901117
0.5,policy::anchor_peak__topm__bonus2,bounded_subtraction,0.8536495060669276,-0.03565919347099322
0.5,policy::anchor_peak__topm__bonus3,bounded_subtraction,0.8531130330659779,-0.036195666471942944
0.5,policy::anchor_peak__topm__expected_mix0.25,bounded_subtraction,0.8670264188371127,-0.022282280700808066
0.5,policy::anchor_peak__topm__expected_mix0.5,bounded_subtraction,0.8653380571274177,-0.023970642410503062
0.5,policy::anchor_peak__topm__expected_mix0.75,bounded_subtraction,0.863731075908922,-0.025577623628998847
0.5,policy::anchor_peak__topm__expected_rejection,bounded_subtraction,0.8618070266676022,-0.027501672870318572
0.5,policy::anchor_peak__topm__h_tau0.8,bounded_subtraction,0.8461707749716703,-0.04313792456625054
0.5,policy::anchor_peak__topm__h_tau0.9,bounded_subtraction,0.8515836509854681,-0.037725048552452733
0.5,policy::anchor_peak__topm__h_tau1.1,bounded_subtraction,0.853357270213969,-0.03595142932395179
0.5,policy::anchor_peak__topm__h_tau1.25,bounded_subtraction,0.854341182824324,-0.03496751671359677
0.5,policy::anchor_peak__topm__original,bounded_subtraction,0.8524723373651456,-0.036836362172775194
0.5,policy::anchor_peak__topm__power0.5,bounded_subtraction,0.8546497162218343,-0.03465898331608652
0.5,policy::anchor_peak__topm__power0.75,bounded_subtraction,0.854348702411979,-0.03495999712594178
0.5,policy::anchor_peak__topm__power1.25,bounded_subtraction,0.8514193536767567,-0.0378893458611641
0.5,policy::anchor_peak__topm__power1.5,bounded_subtraction,0.8464698507798396,-0.042838848758081194
0.5,policy::anchor_peak__topm__uniform0.02,bounded_subtraction,0.8632074889563685,-0.026101210581552348
0.5,policy::anchor_peak__topm__uniform0.05,bounded_subtraction,0.8612550693515574,-0.02805363018636342
0.5,policy::anchor_peak__topm__uniform0.1,bounded_subtraction,0.8609629328971236,-0.028345766640797243
0.5,policy::anchor_peak__topm__uniform0.2,bounded_subtraction,0.856406686693767,-0.03290201284415384
0.5,policy::anchor_y__full__accept_clip0.02,bounded_subtraction,0.888907649749194,-0.00040104978872679276
0.5,policy::anchor_y__full__accept_clip0.05,bounded_subtraction,0.8844169429400106,-0.004891756597910191
0.5,policy::anchor_y__full__accept_clip0.1,bounded_subtraction,0.8811506360316861,-0.008158063506234714
0.5,policy::anchor_y__full__bonus1.25,bounded_subtraction,0.882865410447778,-0.006443289090142801
0.5,policy::anchor_y__full__bonus1.5,bounded_subtraction,0.8838193985532522,-0.005489300984668599
0.5,policy::anchor_y__full__bonus2,bounded_subtraction,0.8839952436535246,-0.005313455884396245
0.5,policy::anchor_y__full__bonus3,bounded_subtraction,0.8841144561615887,-0.005194243376332119
0.5,policy::anchor_y__full__expected_mix0.25,bounded_subtraction,0.8907840695095447,0.0014753699716238966
0.5,policy::anchor_y__full__expected_mix0.5,bounded_subtraction,0.8887354374711234,-0.0005732620667974198
0.5,policy::anchor_y__full__expected_mix0.75,bounded_subtraction,0.886905471220113,-0.002403228317807815
0.5,policy::anchor_y__full__expected_rejection,bounded_subtraction,0.8838806704258146,-0.005428029112106159
0.5,policy::anchor_y__full__h_tau0.8,bounded_subtraction,0.8724959266406109,-0.01681277289730987
0.5,policy::anchor_y__full__h_tau0.9,bounded_subtraction,0.8815523774702717,-0.007756322067649091
0.5,policy::anchor_y__full__h_tau1.1,bounded_subtraction,0.8836141030936081,-0.005694596444312694
0.5,policy::anchor_y__full__h_tau1.25,bounded_subtraction,0.8838308235492569,-0.005477875988663894
0.5,policy::anchor_y__full__original,bounded_subtraction,0.8827801209600151,-0.006528578577905675
0.5,policy::anchor_y__full__power0.5,bounded_subtraction,0.8847569766290184,-0.004551722908902378
0.5,policy::anchor_y__full__power0.75,bounded_subtraction,0.884005403820539,-0.005303295717381751
0.5,policy::anchor_y__full__power1.25,bounded_subtraction,0.8775735425074662,-0.01173515703045458
0.5,policy::anchor_y__full__power1.5,bounded_subtraction,0.8730107220694013,-0.016297977468519464
0.5,policy::anchor_y__full__uniform0.02,bounded_subtraction,0.8891473250579083,-0.00016137448001252164
0.5,policy::anchor_y__full__uniform0.05,bounded_subtraction,0.8845419114240402,-0.004766788113880649
0.5,policy::anchor_y__full__uniform0.1,bounded_subtraction,0.8825189587686787,-0.006789740769242103
0.5,policy::anchor_y__full__uniform0.2,bounded_subtraction,0.8762640774187672,-0.013044622119153582
0.5,policy::anchor_y__topm__accept_clip0.02,bounded_subtraction,0.8878705864080879,-0.0014381131298328853
0.5,policy::anchor_y__topm__accept_clip0.05,bounded_subtraction,0.8843098473040182,-0.004998852233902618
0.5,policy::anchor_y__topm__accept_clip0.1,bounded_subtraction,0.8812185933094403,-0.008090106228480498
0.5,policy::anchor_y__topm__bonus1.25,bounded_subtraction,0.8828873363679745,-0.006421363169946348
0.5,policy::anchor_y__topm__bonus1.5,bounded_subtraction,0.8827920685740127,-0.006516630963908088
0.5,policy::anchor_y__topm__bonus2,bounded_subtraction,0.8839924698034055,-0.005316229734515288
0.5,policy::anchor_y__topm__bonus3,bounded_subtraction,0.8841407790398862,-0.005167920498034606
0.5,policy::anchor_y__topm__expected_mix0.25,bounded_subtraction,0.8907830427392964,0.0014743432013756275
0.5,policy::anchor_y__topm__expected_mix0.5,bounded_subtraction,0.8886518797847017,-0.0006568197532190734
0.5,policy::anchor_y__topm__expected_mix0.75,bounded_subtraction,0.8868113170313607,-0.002497382506560064
0.5,policy::anchor_y__topm__expected_rejection,bounded_subtraction,0.8829380503073406,-0.006370649230580172
0.5,policy::anchor_y__topm__h_tau0.8,bounded_subtraction,0.872585488693598,-0.016723210844322822
0.5,policy::anchor_y__topm__h_tau0.9,bounded_subtraction,0.8815442633772976,-0.007764436160623167
0.5,policy::anchor_y__topm__h_tau1.1,bounded_subtraction,0.8833899534542174,-0.005918746083703352
0.5,policy::anchor_y__topm__h_tau1.25,bounded_subtraction,0.8836493522638343,-0.005659347274086457
0.5,policy::anchor_y__topm__original,bounded_subtraction,0.8827846438918203,-0.0065240556461004795
0.5,policy::anchor_y__topm__power0.5,bounded_subtraction,0.883762917394171,-0.005545782143749789
0.5,policy::anchor_y__topm__power0.75,bounded_subtraction,0.8839880047617916,-0.005320694776129176
0.5,policy::anchor_y__topm__power1.25,bounded_subtraction,0.877598788662629,-0.011709910875291829
0.5,policy::anchor_y__topm__power1.5,bounded_subtraction,0.8731771208296499,-0.016131578708270866
0.5,policy::anchor_y__topm__uniform0.02,bounded_subtraction,0.8889615077276046,-0.00034719181031617197
0.5,policy::anchor_y__topm__uniform0.05,bounded_subtraction,0.8853580536659696,-0.003950645871951153
0.5,policy::anchor_y__topm__uniform0.1,bounded_subtraction,0.8826089154392591,-0.006699784098661676
0.5,policy::anchor_y__topm__uniform0.2,bounded_subtraction,0.8764937795465604,-0.012814919991360418
0.5,policy::argmax_diff__full__accept_clip0.02,local_gate,0.882583905126435,-0.006724794411485768
0.5,policy::argmax_diff__full__accept_clip0.05,local_gate,0.8807850340482132,-0.008523665489707621
0.5,policy::argmax_diff__full__accept_clip0.1,local_gate,0.8772838887167764,-0.012024810821144372
0.5,policy::argmax_diff__full__bonus1.25,local_gate,0.8657771998403193,-0.023531499697601488
0.5,policy::argmax_diff__full__bonus1.5,local_gate,0.8658837720439884,-0.023424927493932435
0.5,policy::argmax_diff__full__bonus2,local_gate,0.8667729015881132,-0.022535797949807646
0.5,policy::argmax_diff__full__bonus3,local_gate,0.8660367387932586,-0.0232719607446622
0.5,policy::argmax_diff__full__expected_mix0.25,local_gate,0.8870063695632457,-0.0023023299746750547
0.5,policy::argmax_diff__full__expected_mix0.5,local_gate,0.8863054499431002,-0.0030032495948205673
0.5,policy::argmax_diff__full__expected_mix0.75,local_gate,0.8837270458302736,-0.005581653707647183
0.5,policy::argmax_diff__full__expected_rejection,local_gate,0.884161417510152,-0.005147282027768818
0.5,policy::argmax_diff__full__h_tau0.8,local_gate,0.8575895235639782,-0.03171917597394258
0.5,policy::argmax_diff__full__h_tau0.9,local_gate,0.8641284317178154,-0.025180267820105406
0.5,policy::argmax_diff__full__h_tau1.1,local_gate,0.8669887274833418,-0.02231997205457903
0.5,policy::argmax_diff__full__h_tau1.25,local_gate,0.8712845604021783,-0.018024139135742523
0.5,policy::argmax_diff__full__original,local_gate,0.8657209879528783,-0.02358771158504247
0.5,policy::argmax_diff__full__power0.5,local_gate,0.8682240245658172,-0.021084674972103645
0.5,policy::argmax_diff__full__power0.75,local_gate,0.8674199845787895,-0.02188871495913125
0.5,policy::argmax_diff__full__power1.25,local_gate,0.8635697196298265,-0.02573897990809426
0.5,policy::argmax_diff__full__power1.5,local_gate,0.8587196058789505,-0.030589093658970334
0.5,policy::argmax_diff__full__uniform0.02,local_gate,0.8800743051461215,-0.009234394391799294
0.5,policy::argmax_diff__full__uniform0.05,local_gate,0.876136735264342,-0.013171964273578807
0.5,policy::argmax_diff__full__uniform0.1,local_gate,0.8754986098339842,-0.013810089703936601
0.5,policy::argmax_diff__full__uniform0.2,local_gate,0.8719631040305416,-0.01734559550737924
0.5,policy::argmax_diff__topm__accept_clip0.02,local_gate,0.8824254591611654,-0.006883240376755362
0.5,policy::argmax_diff__topm__accept_clip0.05,local_gate,0.88073050656963,-0.008578192968290765
0.5,policy::argmax_diff__topm__accept_clip0.1,local_gate,0.8772434650749193,-0.01206523446300145
0.5,policy::argmax_diff__topm__bonus1.25,local_gate,0.8657616981727136,-0.023547001365207154
0.5,policy::argmax_diff__topm__bonus1.5,local_gate,0.8658353105666535,-0.023473388971267273
0.5,policy::argmax_diff__topm__bonus2,local_gate,0.8665742795983563,-0.022734419939564487
0.5,policy::argmax_diff__topm__bonus3,local_gate,0.8659590582347084,-0.023349641303212376
0.5,policy::argmax_diff__topm__expected_mix0.25,local_gate,0.8869508415981963,-0.002357857939724539
0.5,policy::argmax_diff__topm__expected_mix0.5,local_gate,0.8860356943655641,-0.0032730051723567355
0.5,policy::argmax_diff__topm__expected_mix0.75,local_gate,0.883619389336896,-0.005689310201024811
0.5,policy::argmax_diff__topm__expected_rejection,local_gate,0.8829257055954203,-0.0063829939425005255
0.5,policy::argmax_diff__topm__h_tau0.8,local_gate,0.8575931495912585,-0.03171554994666226
0.5,policy::argmax_diff__topm__h_tau0.9,local_gate,0.8641622636392121,-0.025146435898708686
0.5,policy::argmax_diff__topm__h_tau1.1,local_gate,0.8669436708856926,-0.022365028652228225
0.5,policy::argmax_diff__topm__h_tau1.25,local_gate,0.8710860790580148,-0.01822262047990597
0.5,policy::argmax_diff__topm__original,local_gate,0.8656873565158323,-0.023621343022088515
0.5,policy::argmax_diff__topm__power0.5,local_gate,0.8670714647603266,-0.022237234777594206
0.5,policy::argmax_diff__topm__power0.75,local_gate,0.8674225587801955,-0.021886140757725325
0.5,policy::argmax_diff__topm__power1.25,local_gate,0.863415953691795,-0.025892745846125775
0.5,policy::argmax_diff__topm__power1.5,local_gate,0.8588783922932015,-0.03043030724471929
0.5,policy::argmax_diff__topm__uniform0.02,local_gate,0.8799669567307692,-0.00934174280715161
0.5,policy::argmax_diff__topm__uniform0.05,local_gate,0.8762087267204542,-0.013099972817466554
0.5,policy::argmax_diff__topm__uniform0.1,local_gate,0.8754366672530981,-0.0138720322848227
0.5,policy::argmax_diff__topm__uniform0.2,local_gate,0.8713266552493989,-0.017982044288521903
0.5,policy::argmax_same__full__accept_clip0.02,local_gate,0.8834151727345068,-0.00589352680341404
0.5,policy::argmax_same__full__accept_clip0.05,local_gate,0.8823266159383819,-0.006982083599538891
0.5,policy::argmax_same__full__accept_clip0.1,local_gate,0.8783103430880965,-0.010998356449824276
0.5,policy::argmax_same__full__bonus1.25,local_gate,0.8751272840159648,-0.014181415521955953
0.5,policy::argmax_same__full__bonus1.5,local_gate,0.8760473924971359,-0.013261307040784875
0.5,policy::argmax_same__full__bonus2,local_gate,0.8763711455522232,-0.012937553985697625
0.5,policy::argmax_same__full__bonus3,local_gate,0.8763172925029361,-0.012991407034984692
0.5,policy::argmax_same__full__expected_mix0.25,local_gate,0.8900088632091622,0.0007001636712413717
0.5,policy::argmax_same__full__expected_mix0.5,local_gate,0.8892669295954928,-4.176994242799381e-05
0.5,policy::argmax_same__full__expected_mix0.75,local_gate,0.8884227634647702,-0.0008859360731505728
0.5,policy::argmax_same__full__expected_rejection,local_gate,0.8864979719839109,-0.0028107275540099064
0.5,policy::argmax_same__full__h_tau0.8,local_gate,0.8668226063418362,-0.022486093196084633
0.5,policy::argmax_same__full__h_tau0.9,local_gate,0.8746373079800207,-0.014671391557900093
0.5,policy::argmax_same__full__h_tau1.1,local_gate,0.8770797122767441,-0.012228987261176716
0.5,policy::argmax_same__full__h_tau1.25,local_gate,0.8777493785927056,-0.011559320945215168
0.5,policy::argmax_same__full__original,local_gate,0.8750494892607613,-0.014259210277159484
0.5,policy::argmax_same__full__power0.5,local_gate,0.8779567281176657,-0.011351971420255125
0.5,policy::argmax_same__full__power0.75,local_gate,0.8776531845626278,-0.011655514975293046
0.5,policy::argmax_same__full__power1.25,local_gate,0.870533917852217,-0.01877478168570379
0.5,policy::argmax_same__full__power1.5,local_gate,0.8648360600871059,-0.024472639450814904
0.5,policy::argmax_same__full__uniform0.02,local_gate,0.8826753450977308,-0.006633354440189976
0.5,policy::argmax_same__full__uniform0.05,local_gate,0.8826167279639773,-0.006691971573943523
0.5,policy::argmax_same__full__uniform0.1,local_gate,0.8809069843766136,-0.008401715161307166
0.5,policy::argmax_same__full__uniform0.2,local_gate,0.8780424357901321,-0.011266263747788718
0.5,policy::argmax_same__topm__accept_clip0.02,local_gate,0.8823667300036538,-0.006941969534266956
0.5,policy::argmax_same__topm__accept_clip0.05,local_gate,0.8820322147993539,-0.007276484738566902
0.5,policy::argmax_same__topm__accept_clip0.1,local_gate,0.8784073017871042,-0.010901397750816555
0.5,policy::argmax_same__topm__bonus1.25,local_gate,0.8752225929199275,-0.014086106617993255
0.5,policy::argmax_same__topm__bonus1.5,local_gate,0.8750166134831406,-0.014292086054780162
0.5,policy::argmax_same__topm__bonus2,local_gate,0.8763678329405096,-0.012940866597411227
0.5,policy::argmax_same__topm__bonus3,local_gate,0.8764613560187441,-0.012847343519176713
0.5,policy::argmax_same__topm__expected_mix0.25,local_gate,0.8900148681527592,0.0007061686148384094
0.5,policy::argmax_same__topm__expected_mix0.5,local_gate,0.8891506040255251,-0.00015809551239565067
0.5,policy::argmax_same__topm__expected_mix0.75,local_gate,0.8873741996057155,-0.0019344999322052914
0.5,policy::argmax_same__topm__expected_rejection,local_gate,0.8868679445399955,-0.0024407549979252874
0.5,policy::argmax_same__topm__h_tau0.8,local_gate,0.8669110275636336,-0.022397671974287214
0.5,policy::argmax_same__topm__h_tau0.9,local_gate,0.8746045104529064,-0.014704189085014363
0.5,policy::argmax_same__topm__h_tau1.1,local_gate,0.8768396735198641,-0.012469026018056661
0.5,policy::argmax_same__topm__h_tau1.25,local_gate,0.8764638564048882,-0.01284484313303258
0.5,policy::argmax_same__topm__original,local_gate,0.8750432172676162,-0.014265482270304553
0.5,policy::argmax_same__topm__power0.5,local_gate,0.8768708605958807,-0.012437838942040091
0.5,policy::argmax_same__topm__power0.75,local_gate,0.8776299586220335,-0.011678740915887276
0.5,policy::argmax_same__topm__power1.25,local_gate,0.8705319437609947,-0.018776755776926057
0.5,policy::argmax_same__topm__power1.5,local_gate,0.864845967031524,-0.024462732506396745
0.5,policy::argmax_same__topm__uniform0.02,local_gate,0.8826493801886666,-0.0066593193492542335
0.5,policy::argmax_same__topm__uniform0.05,local_gate,0.8825855861871891,-0.006723113350731724
0.5,policy::argmax_same__topm__uniform0.1,local_gate,0.880934036822957,-0.008374662714963788
0.5,policy::argmax_same__topm__uniform0.2,local_gate,0.8786849217565936,-0.01062377778132717
0.5,policy::capped_negative0.1__full__accept_clip0.02,bounded_subtraction,0.8914760978328052,0.0021673982948844372
0.5,policy::capped_negative0.1__full__accept_clip0.05,bounded_subtraction,0.8879179262277618,-0.0013907733101590214
0.5,policy::capped_negative0.1__full__accept_clip0.1,bounded_subtraction,0.8828564113191477,-0.0064522882187730835
0.5,policy::capped_negative0.1__full__bonus1.25,bounded_subtraction,0.8812003750544943,-0.008108324483426466
0.5,policy::capped_negative0.1__full__bonus1.5,bounded_subtraction,0.880577823858338,-0.00873087567958275
0.5,policy::capped_negative0.1__full__bonus2,bounded_subtraction,0.8817914183165597,-0.007517281221361083
0.5,policy::capped_negative0.1__full__bonus3,bounded_subtraction,0.8810666228972446,-0.008242076640676221
0.5,policy::capped_negative0.1__full__expected_mix0.25,bounded_subtraction,0.8997807594920494,0.010472059954128587
0.5,policy::capped_negative0.1__full__expected_mix0.5,bounded_subtraction,0.8972640491278353,0.007955349589914507
0.5,policy::capped_negative0.1__full__expected_mix0.75,bounded_subtraction,0.8962201985003195,0.006911498962398732
0.5,policy::capped_negative0.1__full__expected_rejection,bounded_subtraction,0.8943459072289446,0.005037207691023782
0.5,policy::capped_negative0.1__full__h_tau0.8,bounded_subtraction,0.8729055599270048,-0.016403139610915995
0.5,policy::capped_negative0.1__full__h_tau0.9,bounded_subtraction,0.8798953530195557,-0.009413346518365118
0.5,policy::capped_negative0.1__full__h_tau1.1,bounded_subtraction,0.8807758785100821,-0.0085328210278387
0.5,policy::capped_negative0.1__full__h_tau1.25,bounded_subtraction,0.8842385441950452,-0.005070155342875582
0.5,policy::capped_negative0.1__full__original,bounded_subtraction,0.8810390774446233,-0.008269622093297513
0.5,policy::capped_negative0.1__full__power0.5,bounded_subtraction,0.8822972617128976,-0.007011437825023226
0.5,policy::capped_negative0.1__full__power0.75,bounded_subtraction,0.8829306929551465,-0.00637800658277432
0.5,policy::capped_negative0.1__full__power1.25,bounded_subtraction,0.8770668869353933,-0.012241812602527546
0.5,policy::capped_negative0.1__full__power1.5,bounded_subtraction,0.8720825526758168,-0.017226146862103997
0.5,policy::capped_negative0.1__full__uniform0.02,bounded_subtraction,0.8907723694777324,0.0014636699398116182
0.5,policy::capped_negative0.1__full__uniform0.05,bounded_subtraction,0.8890291808782002,-0.0002795186597206456
0.5,policy::capped_negative0.1__full__uniform0.1,bounded_subtraction,0.8835688062797951,-0.005739893258125739
0.5,policy::capped_negative0.1__full__uniform0.2,bounded_subtraction,0.879421137558591,-0.009887561979329829
0.5,policy::capped_negative0.1__topm__accept_clip0.02,bounded_subtraction,0.8905185261864192,0.0012098266484984466
0.5,policy::capped_negative0.1__topm__accept_clip0.05,bounded_subtraction,0.8873602170409322,-0.001948482496988646
0.5,policy::capped_negative0.1__topm__accept_clip0.1,bounded_subtraction,0.8828056899662545,-0.006503009571666274
0.5,policy::capped_negative0.1__topm__bonus1.25,bounded_subtraction,0.8799676553697148,-0.009341044168206025
0.5,policy::capped_negative0.1__topm__bonus1.5,bounded_subtraction,0.8793320082618596,-0.009976691276061156
0.5,policy::capped_negative0.1__topm__bonus2,bounded_subtraction,0.8806526566827774,-0.008656042855143431
0.5,policy::capped_negative0.1__topm__bonus3,bounded_subtraction,0.8799234793331027,-0.009385220204818134
0.5,policy::capped_negative0.1__topm__expected_mix0.25,bounded_subtraction,0.8996212799317088,0.010312580393788018
0.5,policy::capped_negative0.1__topm__expected_mix0.5,bounded_subtraction,0.8970209228120072,0.007712223274086383
0.5,policy::capped_negative0.1__topm__expected_mix0.75,bounded_subtraction,0.8959515178410511,0.006642818303130293
0.5,policy::capped_negative0.1__topm__expected_rejection,bounded_subtraction,0.8933682014728686,0.004059501934947751
0.5,policy::capped_negative0.1__topm__h_tau0.8,bounded_subtraction,0.8729701560600293,-0.016338543477891543
0.5,policy::capped_negative0.1__topm__h_tau0.9,bounded_subtraction,0.8797719365702706,-0.009536762967650159
0.5,policy::capped_negative0.1__topm__h_tau1.1,bounded_subtraction,0.880681338834183,-0.008627360703737819
0.5,policy::capped_negative0.1__topm__h_tau1.25,bounded_subtraction,0.884049378805576,-0.005259320732344808
0.5,policy::capped_negative0.1__topm__original,bounded_subtraction,0.8798417809206863,-0.009466918617234477
0.5,policy::capped_negative0.1__topm__power0.5,bounded_subtraction,0.8811722448905316,-0.008136454647389213
0.5,policy::capped_negative0.1__topm__power0.75,bounded_subtraction,0.8828506316239602,-0.006458067913960641
0.5,policy::capped_negative0.1__topm__power1.25,bounded_subtraction,0.8770756283141836,-0.01223307122373718
0.5,policy::capped_negative0.1__topm__power1.5,bounded_subtraction,0.8722465560726788,-0.01706214346524204
0.5,policy::capped_negative0.1__topm__uniform0.02,bounded_subtraction,0.8907088091006229,0.0014001095627020899
0.5,policy::capped_negative0.1__topm__uniform0.05,bounded_subtraction,0.8887584965689924,-0.0005502029689283816
0.5,policy::capped_negative0.1__topm__uniform0.1,bounded_subtraction,0.8835745070825418,-0.005734192455378984
0.5,policy::capped_negative0.1__topm__uniform0.2,bounded_subtraction,0.8795746563711858,-0.009734043166734985
0.5,policy::capped_negative0.25__full__accept_clip0.02,bounded_subtraction,0.8983899857182429,0.009081286180322112
0.5,policy::capped_negative0.25__full__accept_clip0.05,bounded_subtraction,0.8979599912152971,0.008651291677376327
0.5,policy::capped_negative0.25__full__accept_clip0.1,bounded_subtraction,0.8911355133118388,0.0018268137739180235
0.5,policy::capped_negative0.25__full__bonus1.25,bounded_subtraction,0.8828876747715538,-0.006421024766366967
0.5,policy::capped_negative0.25__full__bonus1.5,bounded_subtraction,0.8840075658102702,-0.00530113372765062
0.5,policy::capped_negative0.25__full__bonus2,bounded_subtraction,0.8841759716384204,-0.005132727899500367
0.5,policy::capped_negative0.25__full__bonus3,bounded_subtraction,0.8834219930027741,-0.0058867065351466685
0.5,policy::capped_negative0.25__full__expected_mix0.25,bounded_subtraction,0.9070370248138359,0.017728325275915058
0.5,policy::capped_negative0.25__full__expected_mix0.5,bounded_subtraction,0.9054944462595457,0.016185746721624872
0.5,policy::capped_negative0.25__full__expected_mix0.75,bounded_subtraction,0.9027876451309406,0.013478945593019764
0.5,policy::capped_negative0.25__full__expected_rejection,bounded_subtraction,0.9001898215061532,0.010881121968232432
0.5,policy::capped_negative0.25__full__h_tau0.8,bounded_subtraction,0.8737871237748307,-0.0155215757630901
0.5,policy::capped_negative0.25__full__h_tau0.9,bounded_subtraction,0.8819284832927716,-0.007380216245149174
0.5,policy::capped_negative0.25__full__h_tau1.1,bounded_subtraction,0.8845962368545383,-0.004712462683382546
0.5,policy::capped_negative0.25__full__h_tau1.25,bounded_subtraction,0.8896926328424752,0.0003839333045544402
0.5,policy::capped_negative0.25__full__original,bounded_subtraction,0.8827855427857527,-0.00652315675216808
0.5,policy::capped_negative0.25__full__power0.5,bounded_subtraction,0.8868650481569208,-0.0024436513810000005
0.5,policy::capped_negative0.25__full__power0.75,bounded_subtraction,0.885667475149833,-0.0036412243880877826
0.5,policy::capped_negative0.25__full__power1.25,bounded_subtraction,0.8791366937169929,-0.01017200582092792
0.5,policy::capped_negative0.25__full__power1.5,bounded_subtraction,0.8759196619294587,-0.013389037608462107
0.5,policy::capped_negative0.25__full__uniform0.02,bounded_subtraction,0.8962566211272591,0.006947921589338324
0.5,policy::capped_negative0.25__full__uniform0.05,bounded_subtraction,0.8942483945723863,0.004939695034465452
0.5,policy::capped_negative0.25__full__uniform0.1,bounded_subtraction,0.8906274907118762,0.0013187911739553915
0.5,policy::capped_negative0.25__full__uniform0.2,bounded_subtraction,0.8880927758267744,-0.0012159237111464272
0.5,policy::capped_negative0.25__topm__accept_clip0.02,bounded_subtraction,0.8978044019832702,0.008495702445349362
0.5,policy::capped_negative0.25__topm__accept_clip0.05,bounded_subtraction,0.8972529848771768,0.007944285339255952
0.5,policy::capped_negative0.25__topm__accept_clip0.1,bounded_subtraction,0.890476188075771,0.0011674885378502031
0.5,policy::capped_negative0.25__topm__bonus1.25,bounded_subtraction,0.882693030622765,-0.006615668915155748
0.5,policy::capped_negative0.25__topm__bonus1.5,bounded_subtraction,0.8828093887785119,-0.006499310759408905
0.5,policy::capped_negative0.25__topm__bonus2,bounded_subtraction,0.8840224895163665,-0.005286210021554272
0.5,policy::capped_negative0.25__topm__bonus3,bounded_subtraction,0.8834296348231981,-0.005879064714722659
0.5,policy::capped_negative0.25__topm__expected_mix0.25,bounded_subtraction,0.9069000772779509,0.017591377740030056
0.5,policy::capped_negative0.25__topm__expected_mix0.5,bounded_subtraction,0.9052537979078671,0.015945098369946287
0.5,policy::capped_negative0.25__topm__expected_mix0.75,bounded_subtraction,0.9023961013168805,0.013087401778959729
0.5,policy::capped_negative0.25__topm__expected_rejection,bounded_subtraction,0.8991824015981008,0.009873702060180012
0.5,policy::capped_negative0.25__topm__h_tau0.8,bounded_subtraction,0.8738374652098019,-0.015471234328118921
0.5,policy::capped_negative0.25__topm__h_tau0.9,bounded_subtraction,0.8819335811019189,-0.007375118436001915
0.5,policy::capped_negative0.25__topm__h_tau1.1,bounded_subtraction,0.8844427090903323,-0.0048659904475885085
0.5,policy::capped_negative0.25__topm__h_tau1.25,bounded_subtraction,0.8895009965174961,0.00019229697957534597
0.5,policy::capped_negative0.25__topm__original,bounded_subtraction,0.8827882299817424,-0.006520469556178354
0.5,policy::capped_negative0.25__topm__power0.5,bounded_subtraction,0.8858257214554109,-0.0034829780825098577
0.5,policy::capped_negative0.25__topm__power0.75,bounded_subtraction,0.8856629865088101,-0.003645713029110653
0.5,policy::capped_negative0.25__topm__power1.25,bounded_subtraction,0.8791241223732043,-0.010184577164716546
0.5,policy::capped_negative0.25__topm__power1.5,bounded_subtraction,0.8759423700535917,-0.013366329484329142
0.5,policy::capped_negative0.25__topm__uniform0.02,bounded_subtraction,0.8961767004659952,0.00686800092807438
0.5,policy::capped_negative0.25__topm__uniform0.05,bounded_subtraction,0.8940908808749588,0.004782181337038005
0.5,policy::capped_negative0.25__topm__uniform0.1,bounded_subtraction,0.890592370289679,0.0012836707517581702
0.5,policy::capped_negative0.25__topm__uniform0.2,bounded_subtraction,0.8881084859321879,-0.0012002136057328583
0.5,policy::capped_negative0.5__full__accept_clip0.02,bounded_subtraction,0.9010129655219973,0.011704265984076478
0.5,policy::capped_negative0.5__full__accept_clip0.05,bounded_subtraction,0.9003535060681308,0.011044806530210005
0.5,policy::capped_negative0.5__full__accept_clip0.1,bounded_subtraction,0.8956782994096406,0.006369599871719811
0.5,policy::capped_negative0.5__full__bonus1.25,bounded_subtraction,0.8849401348909246,-0.004368564646996198
0.5,policy::capped_negative0.5__full__bonus1.5,bounded_subtraction,0.886011843152389,-0.003296856385531788
0.5,policy::capped_negative0.5__full__bonus2,bounded_subtraction,0.8861638266802857,-0.003144872857635095
0.5,policy::capped_negative0.5__full__bonus3,bounded_subtraction,0.885584045190335,-0.003724654347585843
0.5,policy::capped_negative0.5__full__expected_mix0.25,bounded_subtraction,0.9112077354075984,0.021899035869677563
0.5,policy::capped_negative0.5__full__expected_mix0.5,bounded_subtraction,0.9084935925508196,0.01918489301289883
0.5,policy::capped_negative0.5__full__expected_mix0.75,bounded_subtraction,0.9064417139598916,0.017133014421970794
0.5,policy::capped_negative0.5__full__expected_rejection,bounded_subtraction,0.9060590970296519,0.016750397491731128
0.5,policy::capped_negative0.5__full__h_tau0.8,bounded_subtraction,0.8762719067128193,-0.013036792825101506
0.5,policy::capped_negative0.5__full__h_tau0.9,bounded_subtraction,0.8843944516902124,-0.004914247847708442
0.5,policy::capped_negative0.5__full__h_tau1.1,bounded_subtraction,0.8876986106686985,-0.0016100888692223148
0.5,policy::capped_negative0.5__full__h_tau1.25,bounded_subtraction,0.8908972098462196,0.0015885103082987628
0.5,policy::capped_negative0.5__full__original,bounded_subtraction,0.8847600343235933,-0.0045486652143275075
0.5,policy::capped_negative0.5__full__power0.5,bounded_subtraction,0.8892128935710554,-9.580596686542542e-05
0.5,policy::capped_negative0.5__full__power0.75,bounded_subtraction,0.8876979851655811,-0.0016107143723397277
0.5,policy::capped_negative0.5__full__power1.25,bounded_subtraction,0.8818183801552161,-0.007490319382704724
0.5,policy::capped_negative0.5__full__power1.5,bounded_subtraction,0.8776103561253858,-0.01169834341253495
0.5,policy::capped_negative0.5__full__uniform0.02,bounded_subtraction,0.8981315079682761,0.008822808430355322
0.5,policy::capped_negative0.5__full__uniform0.05,bounded_subtraction,0.8947579455821052,0.005449246044184397
0.5,policy::capped_negative0.5__full__uniform0.1,bounded_subtraction,0.8944962303061677,0.005187530768246851
0.5,policy::capped_negative0.5__full__uniform0.2,bounded_subtraction,0.8893117347912223,3.0352533014754712e-06
0.5,policy::capped_negative0.5__topm__accept_clip0.02,bounded_subtraction,0.9001046828230892,0.010795983285168398
0.5,policy::capped_negative0.5__topm__accept_clip0.05,bounded_subtraction,0.8994751200493835,0.01016642051146266
0.5,policy::capped_negative0.5__topm__accept_clip0.1,bounded_subtraction,0.8957914782246561,0.006482778686735302
0.5,policy::capped_negative0.5__topm__bonus1.25,bounded_subtraction,0.8849434920506781,-0.004365207487242673
0.5,policy::capped_negative0.5__topm__bonus1.5,bounded_subtraction,0.8850145417779622,-0.004294157759958561
0.5,policy::capped_negative0.5__topm__bonus2,bounded_subtraction,0.8862103198153252,-0.0030983797225956344
0.5,policy::capped_negative0.5__topm__bonus3,bounded_subtraction,0.885542605873363,-0.0037660936645578236
0.5,policy::capped_negative0.5__topm__expected_mix0.25,bounded_subtraction,0.9110755953934008,0.021766895855479973
0.5,policy::capped_negative0.5__topm__expected_mix0.5,bounded_subtraction,0.9082527507582933,0.01894405122037246
0.5,policy::capped_negative0.5__topm__expected_mix0.75,bounded_subtraction,0.9066076600827808,0.01729896054486002
0.5,policy::capped_negative0.5__topm__expected_rejection,bounded_subtraction,0.9049753908954369,0.015666691357516083
0.5,policy::capped_negative0.5__topm__h_tau0.8,bounded_subtraction,0.8763298865822053,-0.012978812955715457
0.5,policy::capped_negative0.5__topm__h_tau0.9,bounded_subtraction,0.884402524636316,-0.004906174901604832
0.5,policy::capped_negative0.5__topm__h_tau1.1,bounded_subtraction,0.8875957188421517,-0.001712980695769084
0.5,policy::capped_negative0.5__topm__h_tau1.25,bounded_subtraction,0.8907025564224906,0.001393856884569833
0.5,policy::capped_negative0.5__topm__original,bounded_subtraction,0.8847650278640719,-0.004543671673848948
0.5,policy::capped_negative0.5__topm__power0.5,bounded_subtraction,0.8879387648985256,-0.001369934639395165
0.5,policy::capped_negative0.5__topm__power0.75,bounded_subtraction,0.888083438849671,-0.0012252606882497963
0.5,policy::capped_negative0.5__topm__power1.25,bounded_subtraction,0.8818107449401875,-0.007497954597733281
0.5,policy::capped_negative0.5__topm__power1.5,bounded_subtraction,0.8776598895960045,-0.011648809941916305
0.5,policy::capped_negative0.5__topm__uniform0.02,bounded_subtraction,0.89814199656915,0.008833297031229148
0.5,policy::capped_negative0.5__topm__uniform0.05,bounded_subtraction,0.8946885981379059,0.005379898599985111
0.5,policy::capped_negative0.5__topm__uniform0.1,bounded_subtraction,0.8943754621968736,0.005066762658952784
0.5,policy::capped_negative0.5__topm__uniform0.2,bounded_subtraction,0.8894498323674567,0.0001411328295358727
0.5,policy::capped_negative1__full__accept_clip0.02,bounded_subtraction,0.9017169130193963,0.012408213481475472
0.5,policy::capped_negative1__full__accept_clip0.05,bounded_subtraction,0.9027702456124288,0.013461546074508002
0.5,policy::capped_negative1__full__accept_clip0.1,bounded_subtraction,0.8956726162301754,0.0063639166922545565
0.5,policy::capped_negative1__full__bonus1.25,bounded_subtraction,0.8859417261411879,-0.003366973396732864
0.5,policy::capped_negative1__full__bonus1.5,bounded_subtraction,0.8869770326450369,-0.002331666892883888
0.5,policy::capped_negative1__full__bonus2,bounded_subtraction,0.8869754111287731,-0.0023332884091477046
0.5,policy::capped_negative1__full__bonus3,bounded_subtraction,0.8862744349420213,-0.003034264595899505
0.5,policy::capped_negative1__full__expected_mix0.25,bounded_subtraction,0.9120196851070373,0.02271098556911655
0.5,policy::capped_negative1__full__expected_mix0.5,bounded_subtraction,0.9118987966869155,0.022590097148994737
0.5,policy::capped_negative1__full__expected_mix0.75,bounded_subtraction,0.9076787361743274,0.018370036636406573
0.5,policy::capped_negative1__full__expected_rejection,bounded_subtraction,0.9065354344863882,0.01722673494846738
0.5,policy::capped_negative1__full__h_tau0.8,bounded_subtraction,0.8765303536222641,-0.012778345915656741
0.5,policy::capped_negative1__full__h_tau0.9,bounded_subtraction,0.8855656266536087,-0.003743072884312082
0.5,policy::capped_negative1__full__h_tau1.1,bounded_subtraction,0.8888345326029891,-0.0004741669349317412
0.5,policy::capped_negative1__full__h_tau1.25,bounded_subtraction,0.8920744183656094,0.0027657188276886124
0.5,policy::capped_negative1__full__original,bounded_subtraction,0.8856405826861109,-0.0036681168518098994
0.5,policy::capped_negative1__full__power0.5,bounded_subtraction,0.8889936480502953,-0.00031505148762545065
0.5,policy::capped_negative1__full__power0.75,bounded_subtraction,0.8886941663051701,-0.0006145332327507358
0.5,policy::capped_negative1__full__power1.25,bounded_subtraction,0.8820025468504679,-0.007306152687452938
0.5,policy::capped_negative1__full__power1.5,bounded_subtraction,0.8779683414492094,-0.011340358088711366
0.5,policy::capped_negative1__full__uniform0.02,bounded_subtraction,0.8973913005988912,0.008082601060970362
0.5,policy::capped_negative1__full__uniform0.05,bounded_subtraction,0.8937685388612723,0.004459839323351478
0.5,policy::capped_negative1__full__uniform0.1,bounded_subtraction,0.8974800828843176,0.008171383346396777
0.5,policy::capped_negative1__full__uniform0.2,bounded_subtraction,0.8940288483184584,0.004720148780537614
0.5,policy::capped_negative1__topm__accept_clip0.02,bounded_subtraction,0.9018196867134115,0.012510987175490706
0.5,policy::capped_negative1__topm__accept_clip0.05,bounded_subtraction,0.9020775648099636,0.012768865272042795
0.5,policy::capped_negative1__topm__accept_clip0.1,bounded_subtraction,0.8960807601643919,0.006772060626471066
0.5,policy::capped_negative1__topm__bonus1.25,bounded_subtraction,0.8860470539172354,-0.003261645620685427
0.5,policy::capped_negative1__topm__bonus1.5,bounded_subtraction,0.8859400039147504,-0.003368695623170437
0.5,policy::capped_negative1__topm__bonus2,bounded_subtraction,0.8869534486564573,-0.0023552508814634887
0.5,policy::capped_negative1__topm__bonus3,bounded_subtraction,0.8862896154111671,-0.0030190841267536683
0.5,policy::capped_negative1__topm__expected_mix0.25,bounded_subtraction,0.9119013215988183,0.022592622060897516
0.5,policy::capped_negative1__topm__expected_mix0.5,bounded_subtraction,0.9114490923601931,0.022140392822272315
0.5,policy::capped_negative1__topm__expected_mix0.75,bounded_subtraction,0.9076114576408129,0.01830275810289206
0.5,policy::capped_negative1__topm__expected_rejection,bounded_subtraction,0.9051189785731438,0.01581027903522303
0.5,policy::capped_negative1__topm__h_tau0.8,bounded_subtraction,0.8765371803364562,-0.012771519201464576
0.5,policy::capped_negative1__topm__h_tau0.9,bounded_subtraction,0.8855648515286645,-0.003743848009256312
0.5,policy::capped_negative1__topm__h_tau1.1,bounded_subtraction,0.8888384697196574,-0.00047022981826339016
0.5,policy::capped_negative1__topm__h_tau1.25,bounded_subtraction,0.8918575866111901,0.002548887073269279
0.5,policy::capped_negative1__topm__original,bounded_subtraction,0.8857048555274245,-0.003603844010496293
0.5,policy::capped_negative1__topm__power0.5,bounded_subtraction,0.8877867144447569,-0.0015219850931639245
0.5,policy::capped_negative1__topm__power0.75,bounded_subtraction,0.8886958524485542,-0.0006128470893665972
0.5,policy::capped_negative1__topm__power1.25,bounded_subtraction,0.8820445290165418,-0.007264170521378954
0.5,policy::capped_negative1__topm__power1.5,bounded_subtraction,0.8779586670234382,-0.011350032514482633
0.5,policy::capped_negative1__topm__uniform0.02,bounded_subtraction,0.8973048093447114,0.007996109806790552
0.5,policy::capped_negative1__topm__uniform0.05,bounded_subtraction,0.8929446426033159,0.003635943065395053
0.5,policy::capped_negative1__topm__uniform0.1,bounded_subtraction,0.8975849215244183,0.008276221986497467
0.5,policy::capped_negative1__topm__uniform0.2,bounded_subtraction,0.8931593766913247,0.0038506771534039252
0.5,policy::complement__full__accept_clip0.02,bounded_subtraction,0.8683601827851397,-0.020948516752781088
0.5,policy::complement__full__accept_clip0.05,bounded_subtraction,0.8662911994480064,-0.023017500089914433
0.5,policy::complement__full__accept_clip0.1,bounded_subtraction,0.8622513722155295,-0.0270573273223913
0.5,policy::complement__full__bonus1.25,bounded_subtraction,0.8593186613228836,-0.029990038215037207
0.5,policy::complement__full__bonus1.5,bounded_subtraction,0.8594009086600851,-0.029907790877835683
0.5,policy::complement__full__bonus2,bounded_subtraction,0.8606814375236698,-0.02862726201425103
0.5,policy::complement__full__bonus3,bounded_subtraction,0.8609466518766878,-0.02836204766123296
0.5,policy::complement__full__expected_mix0.25,bounded_subtraction,0.8728569342950346,-0.016451765242886163
0.5,policy::complement__full__expected_mix0.5,bounded_subtraction,0.8716075799544475,-0.017701119583473313
0.5,policy::complement__full__expected_mix0.75,bounded_subtraction,0.8702031205737196,-0.019105578964201175
0.5,policy::complement__full__expected_rejection,bounded_subtraction,0.8687100910637646,-0.020598608474156177
0.5,policy::complement__full__h_tau0.8,bounded_subtraction,0.8518668942610238,-0.037441805276897
0.5,policy::complement__full__h_tau0.9,bounded_subtraction,0.8584325176551982,-0.030876181882722564
0.5,policy::complement__full__h_tau1.1,bounded_subtraction,0.8609962846143568,-0.028312414923563956
0.5,policy::complement__full__h_tau1.25,bounded_subtraction,0.8615091120271878,-0.02779958751073297
0.5,policy::complement__full__original,bounded_subtraction,0.8592191241376963,-0.0300895754002245
0.5,policy::complement__full__power0.5,bounded_subtraction,0.8620244421039093,-0.027284257434011527
0.5,policy::complement__full__power0.75,bounded_subtraction,0.8609694262433422,-0.028339273294578637
0.5,policy::complement__full__power1.25,bounded_subtraction,0.8565791331662536,-0.03272956637166724
0.5,policy::complement__full__power1.5,bounded_subtraction,0.8520677542462087,-0.03724094529171207
0.5,policy::complement__full__uniform0.02,bounded_subtraction,0.8685054113368549,-0.020803288201065917
0.5,policy::complement__full__uniform0.05,bounded_subtraction,0.8677587845708432,-0.021549914967077588
0.5,policy::complement__full__uniform0.1,bounded_subtraction,0.8666692814424803,-0.022639418095440456
0.5,policy::complement__full__uniform0.2,bounded_subtraction,0.8619959805215315,-0.02731271901638932
0.5,policy::complement__topm__accept_clip0.02,bounded_subtraction,0.8681445825680334,-0.021164116969887403
0.5,policy::complement__topm__accept_clip0.05,bounded_subtraction,0.866072299245327,-0.023236400292593773
0.5,policy::complement__topm__accept_clip0.1,bounded_subtraction,0.8622840455401768,-0.027024653997744008
0.5,policy::complement__topm__bonus1.25,bounded_subtraction,0.8593192580005007,-0.029989441537420114
0.5,policy::complement__topm__bonus1.5,bounded_subtraction,0.8593895278636696,-0.029919171674251177
0.5,policy::complement__topm__bonus2,bounded_subtraction,0.8606545634349606,-0.028654136102960193
0.5,policy::complement__topm__bonus3,bounded_subtraction,0.8609146358211881,-0.028394063716732698
0.5,policy::complement__topm__expected_mix0.25,bounded_subtraction,0.8726214262097833,-0.016687273328137464
0.5,policy::complement__topm__expected_mix0.5,bounded_subtraction,0.8714851503975963,-0.01782354914032447
0.5,policy::complement__topm__expected_mix0.75,bounded_subtraction,0.8700544159639871,-0.01925428357393366
0.5,policy::complement__topm__expected_rejection,bounded_subtraction,0.8676416469347416,-0.02166705260317925
0.5,policy::complement__topm__h_tau0.8,bounded_subtraction,0.8518418046930138,-0.03746689484490695
0.5,policy::complement__topm__h_tau0.9,bounded_subtraction,0.8584580545179168,-0.03085064502000401
0.5,policy::complement__topm__h_tau1.1,bounded_subtraction,0.8609058078480843,-0.02840289168983645
0.5,policy::complement__topm__h_tau1.25,bounded_subtraction,0.8613021408847389,-0.028006558653181912
0.5,policy::complement__topm__original,bounded_subtraction,0.8592430262377767,-0.03006567330014409
0.5,policy::complement__topm__power0.5,bounded_subtraction,0.8610226561884327,-0.028286043349488144
0.5,policy::complement__topm__power0.75,bounded_subtraction,0.8609941250105743,-0.028314574527346537
0.5,policy::complement__topm__power1.25,bounded_subtraction,0.8565808964023276,-0.0327278031355932
0.5,policy::complement__topm__power1.5,bounded_subtraction,0.8521930726997686,-0.03711562683815217
0.5,policy::complement__topm__uniform0.02,bounded_subtraction,0.868433890537967,-0.020874808999953753
0.5,policy::complement__topm__uniform0.05,bounded_subtraction,0.8675102045177973,-0.021798495020123543
0.5,policy::complement__topm__uniform0.1,bounded_subtraction,0.8664045347465006,-0.022904164791420212
0.5,policy::complement__topm__uniform0.2,bounded_subtraction,0.86116509618763,-0.028143603350290758
0.5,policy::complement_power0.5__full__accept_clip0.02,bounded_subtraction,0.9044343939084332,0.015125694370512366
0.5,policy::complement_power0.5__full__accept_clip0.05,bounded_subtraction,0.9044253174220601,0.015116617884139316
0.5,policy::complement_power0.5__full__accept_clip0.1,bounded_subtraction,0.900460789492896,0.011152089954975186
0.5,policy::complement_power0.5__full__bonus1.25,bounded_subtraction,0.8888981997066058,-0.00041049983131502543
0.5,policy::complement_power0.5__full__bonus1.5,bounded_subtraction,0.8898841029440413,0.0005754034061205004
0.5,policy::complement_power0.5__full__bonus2,bounded_subtraction,0.8900280055748202,0.0007193060368994031
0.5,policy::complement_power0.5__full__bonus3,bounded_subtraction,0.8899319570177233,0.0006232574798025192
0.5,policy::complement_power0.5__full__expected_mix0.25,bounded_subtraction,0.9139078497071644,0.024599150169243633
0.5,policy::complement_power0.5__full__expected_mix0.5,bounded_subtraction,0.9100197842143428,0.02071108467642202
0.5,policy::complement_power0.5__full__expected_mix0.75,bounded_subtraction,0.9095571166834071,0.020248417145486308
0.5,policy::complement_power0.5__full__expected_rejection,bounded_subtraction,0.9067146700364715,0.01740597049855075
0.5,policy::complement_power0.5__full__h_tau0.8,bounded_subtraction,0.8787105948872728,-0.010598104650648033
0.5,policy::complement_power0.5__full__h_tau0.9,bounded_subtraction,0.888216252451385,-0.001092447086535775
0.5,policy::complement_power0.5__full__h_tau1.1,bounded_subtraction,0.8918882912356941,0.0025795916977733313
0.5,policy::complement_power0.5__full__h_tau1.25,bounded_subtraction,0.8944384743357622,0.00512977479784138
0.5,policy::complement_power0.5__full__original,bounded_subtraction,0.888754431201058,-0.0005542683368627843
0.5,policy::complement_power0.5__full__power0.5,bounded_subtraction,0.8909163355545483,0.0016076360166275006
0.5,policy::complement_power0.5__full__power0.75,bounded_subtraction,0.8921529417084265,0.0028442421705057175
0.5,policy::complement_power0.5__full__power1.25,bounded_subtraction,0.8839188858529944,-0.0053898136849264144
0.5,policy::complement_power0.5__full__power1.5,bounded_subtraction,0.8788222713099194,-0.010486428228001388
0.5,policy::complement_power0.5__full__uniform0.02,bounded_subtraction,0.9031105019092356,0.013801802371314786
0.5,policy::complement_power0.5__full__uniform0.05,bounded_subtraction,0.8991058450295591,0.009797145491638348
0.5,policy::complement_power0.5__full__uniform0.1,bounded_subtraction,0.8991901736718554,0.009881474133934587
0.5,policy::complement_power0.5__full__uniform0.2,bounded_subtraction,0.895459516575571,0.006150817037650191
0.5,policy::complement_power0.5__topm__accept_clip0.02,bounded_subtraction,0.9043110375053715,0.015002337967450652
0.5,policy::complement_power0.5__topm__accept_clip0.05,bounded_subtraction,0.9043406901129066,0.015031990574985832
0.5,policy::complement_power0.5__topm__accept_clip0.1,bounded_subtraction,0.900383077620254,0.011074378082333247
0.5,policy::complement_power0.5__topm__bonus1.25,bounded_subtraction,0.8889062513883851,-0.00040244814953571684
0.5,policy::complement_power0.5__topm__bonus1.5,bounded_subtraction,0.8889541209295054,-0.0003545786084153679
0.5,policy::complement_power0.5__topm__bonus2,bounded_subtraction,0.8900170661236098,0.0007083665856889576
0.5,policy::complement_power0.5__topm__bonus3,bounded_subtraction,0.8900984502806253,0.000789750742704487
0.5,policy::complement_power0.5__topm__expected_mix0.25,bounded_subtraction,0.9140350426620965,0.024726343124175654
0.5,policy::complement_power0.5__topm__expected_mix0.5,bounded_subtraction,0.9097024297683013,0.02039373023038049
0.5,policy::complement_power0.5__topm__expected_mix0.75,bounded_subtraction,0.9085420568402044,0.019233357302283594
0.5,policy::complement_power0.5__topm__expected_rejection,bounded_subtraction,0.9057050123378111,0.01639631279989029
0.5,policy::complement_power0.5__topm__h_tau0.8,bounded_subtraction,0.8786671101832901,-0.010641589354630665
0.5,policy::complement_power0.5__topm__h_tau0.9,bounded_subtraction,0.8883057893199383,-0.001002910217982489
0.5,policy::complement_power0.5__topm__h_tau1.1,bounded_subtraction,0.8918344445004895,0.0025257449625687434
0.5,policy::complement_power0.5__topm__h_tau1.25,bounded_subtraction,0.8940565611146128,0.004747861576692047
0.5,policy::complement_power0.5__topm__original,bounded_subtraction,0.8887235472587413,-0.000585152279179546
0.5,policy::complement_power0.5__topm__power0.5,bounded_subtraction,0.8899570294502718,0.0006483299123509756
0.5,policy::complement_power0.5__topm__power0.75,bounded_subtraction,0.8919914954646303,0.0026827959267095025
0.5,policy::complement_power0.5__topm__power1.25,bounded_subtraction,0.8838287406257992,-0.0054799589121216075
0.5,policy::complement_power0.5__topm__power1.5,bounded_subtraction,0.878732826380748,-0.010575873157172788
0.5,policy::complement_power0.5__topm__uniform0.02,bounded_subtraction,0.9028971773150872,0.01358847777716643
0.5,policy::complement_power0.5__topm__uniform0.05,bounded_subtraction,0.8992843818826147,0.009975682344693926
0.5,policy::complement_power0.5__topm__uniform0.1,bounded_subtraction,0.8989186186330133,0.009609919095092456
0.5,policy::complement_power0.5__topm__uniform0.2,bounded_subtraction,0.8955594257052772,0.006250726167356446
0.5,policy::complement_power1__full__accept_clip0.02,bounded_subtraction,0.9050290482882832,0.015720348750362434
0.5,policy::complement_power1__full__accept_clip0.05,bounded_subtraction,0.9052287097616221,0.015920010223701264
0.5,policy::complement_power1__full__accept_clip0.1,bounded_subtraction,0.9008608836938278,0.011552184155906975
0.5,policy::complement_power1__full__bonus1.25,bounded_subtraction,0.8882254729578132,-0.0010832265801076213
0.5,policy::complement_power1__full__bonus1.5,bounded_subtraction,0.8893280701090933,1.9370571172516726e-05
0.5,policy::complement_power1__full__bonus2,bounded_subtraction,0.8886906686170765,-0.0006180309208443369
0.5,policy::complement_power1__full__bonus3,bounded_subtraction,0.8886219380992894,-0.0006867614386314447
0.5,policy::complement_power1__full__expected_mix0.25,bounded_subtraction,0.9140730376996289,0.024764338161708088
0.5,policy::complement_power1__full__expected_mix0.5,bounded_subtraction,0.911423272436929,0.0221145728990082
0.5,policy::complement_power1__full__expected_mix0.75,bounded_subtraction,0.9106603027776488,0.021351603239727956
0.5,policy::complement_power1__full__expected_rejection,bounded_subtraction,0.9073553848620626,0.018046685324141776
0.5,policy::complement_power1__full__h_tau0.8,bounded_subtraction,0.8781953626078874,-0.011113336930033357
0.5,policy::complement_power1__full__h_tau0.9,bounded_subtraction,0.8880340609515286,-0.0012746385863922072
0.5,policy::complement_power1__full__h_tau1.1,bounded_subtraction,0.891317769751269,0.002009070213348174
0.5,policy::complement_power1__full__h_tau1.25,bounded_subtraction,0.8944434211049492,0.005134721567028433
0.5,policy::complement_power1__full__original,bounded_subtraction,0.887907368108962,-0.0014013314289588186
0.5,policy::complement_power1__full__power0.5,bounded_subtraction,0.8912756681736773,0.0019669686357565164
0.5,policy::complement_power1__full__power0.75,bounded_subtraction,0.8918549804119789,0.00254628087405806
0.5,policy::complement_power1__full__power1.25,bounded_subtraction,0.8839999309346759,-0.005308768603244918
0.5,policy::complement_power1__full__power1.5,bounded_subtraction,0.8793646954533008,-0.00994400408462004
0.5,policy::complement_power1__full__uniform0.02,bounded_subtraction,0.9056377462928556,0.01632904675493485
0.5,policy::complement_power1__full__uniform0.05,bounded_subtraction,0.9028341057547633,0.013525406216842506
0.5,policy::complement_power1__full__uniform0.1,bounded_subtraction,0.9008744861261299,0.01156578658820906
0.5,policy::complement_power1__full__uniform0.2,bounded_subtraction,0.8973921636231429,0.008083464085222092
0.5,policy::complement_power1__topm__accept_clip0.02,bounded_subtraction,0.9047442401875501,0.015435540649629265
0.5,policy::complement_power1__topm__accept_clip0.05,bounded_subtraction,0.9050196611541026,0.015710961616181796
0.5,policy::complement_power1__topm__accept_clip0.1,bounded_subtraction,0.9007126683505299,0.011403968812609078
0.5,policy::complement_power1__topm__bonus1.25,bounded_subtraction,0.8882135050539732,-0.0010951944839475702
0.5,policy::complement_power1__topm__bonus1.5,bounded_subtraction,0.8882253710171683,-0.0010833285207525467
0.5,policy::complement_power1__topm__bonus2,bounded_subtraction,0.8886614236387924,-0.0006472758991283856
0.5,policy::complement_power1__topm__bonus3,bounded_subtraction,0.8887604259617254,-0.0005482735761953572
0.5,policy::complement_power1__topm__expected_mix0.25,bounded_subtraction,0.9140396996830346,0.024731000145113757
0.5,policy::complement_power1__topm__expected_mix0.5,bounded_subtraction,0.910923851042039,0.02161515150411819
0.5,policy::complement_power1__topm__expected_mix0.75,bounded_subtraction,0.909029761065617,0.01972106152769615
0.5,policy::complement_power1__topm__expected_rejection,bounded_subtraction,0.9061544909537532,0.016845791415832423
0.5,policy::complement_power1__topm__h_tau0.8,bounded_subtraction,0.8781786189593777,-0.011130080578543144
0.5,policy::complement_power1__topm__h_tau0.9,bounded_subtraction,0.8880019401775405,-0.0013067593603802719
0.5,policy::complement_power1__topm__h_tau1.1,bounded_subtraction,0.890986730596521,0.0016780310586002045
0.5,policy::complement_power1__topm__h_tau1.25,bounded_subtraction,0.8942357356676901,0.004927036129769302
0.5,policy::complement_power1__topm__original,bounded_subtraction,0.8878481010967516,-0.001460598441169192
0.5,policy::complement_power1__topm__power0.5,bounded_subtraction,0.8902430686459692,0.0009343691080484495
0.5,policy::complement_power1__topm__power0.75,bounded_subtraction,0.8917522452865096,0.002443545748588849
0.5,policy::complement_power1__topm__power1.25,bounded_subtraction,0.8837448854022903,-0.005563814135630452
0.5,policy::complement_power1__topm__power1.5,bounded_subtraction,0.8785659689511635,-0.010742730586757343
0.5,policy::complement_power1__topm__uniform0.02,bounded_subtraction,0.9053704043217266,0.016061704783805753
0.5,policy::complement_power1__topm__uniform0.05,bounded_subtraction,0.9022771986057024,0.012968499067781636
0.5,policy::complement_power1__topm__uniform0.1,bounded_subtraction,0.900641769718775,0.011333070180854166
0.5,policy::complement_power1__topm__uniform0.2,bounded_subtraction,0.8972390716635354,0.007930372125614649
0.5,policy::complement_power2__full__accept_clip0.02,bounded_subtraction,0.9046462707058962,0.015337571167975406
0.5,policy::complement_power2__full__accept_clip0.05,bounded_subtraction,0.9039309356859201,0.01462223614799929
0.5,policy::complement_power2__full__accept_clip0.1,bounded_subtraction,0.899272878575429,0.009964179037508236
0.5,policy::complement_power2__full__bonus1.25,bounded_subtraction,0.8879057967803424,-0.0014029027575783726
0.5,policy::complement_power2__full__bonus1.5,bounded_subtraction,0.8888079714876829,-0.0005007280502379308
0.5,policy::complement_power2__full__bonus2,bounded_subtraction,0.8887927088610287,-0.0005159906768921196
0.5,policy::complement_power2__full__bonus3,bounded_subtraction,0.8889926016351236,-0.0003160979027971855
0.5,policy::complement_power2__full__expected_mix0.25,bounded_subtraction,0.9161173781231654,0.026808678585244605
0.5,policy::complement_power2__full__expected_mix0.5,bounded_subtraction,0.9125061630333482,0.023197463495427395
0.5,policy::complement_power2__full__expected_mix0.75,bounded_subtraction,0.9095438640558398,0.020235164517918958
0.5,policy::complement_power2__full__expected_rejection,bounded_subtraction,0.9048155687043025,0.015506869166381665
0.5,policy::complement_power2__full__h_tau0.8,bounded_subtraction,0.8784781698832473,-0.01083052965467346
0.5,policy::complement_power2__full__h_tau0.9,bounded_subtraction,0.8872984462255142,-0.0020102533124065625
0.5,policy::complement_power2__full__h_tau1.1,bounded_subtraction,0.8917950863967378,0.002486386858816969
0.5,policy::complement_power2__full__h_tau1.25,bounded_subtraction,0.8942653778925025,0.0049566783545816895
0.5,policy::complement_power2__full__original,bounded_subtraction,0.8876064853814956,-0.0017022141564252413
0.5,policy::complement_power2__full__power0.5,bounded_subtraction,0.8910531223763307,0.0017444228384099203
0.5,policy::complement_power2__full__power0.75,bounded_subtraction,0.8911030487375786,0.0017943491996578187
0.5,policy::complement_power2__full__power1.25,bounded_subtraction,0.8838246795686352,-0.005484019969285603
0.5,policy::complement_power2__full__power1.5,bounded_subtraction,0.8781121602299269,-0.011196539307993914
0.5,policy::complement_power2__full__uniform0.02,bounded_subtraction,0.9051443322854453,0.01583563274752453
0.5,policy::complement_power2__full__uniform0.05,bounded_subtraction,0.9025052270277522,0.013196527489831356
0.5,policy::complement_power2__full__uniform0.1,bounded_subtraction,0.9000286759370291,0.010719976399108266
0.5,policy::complement_power2__full__uniform0.2,bounded_subtraction,0.8957951957233747,0.006486496185453938
0.5,policy::complement_power2__topm__accept_clip0.02,bounded_subtraction,0.904500041716991,0.015191342179070255
0.5,policy::complement_power2__topm__accept_clip0.05,bounded_subtraction,0.9038767222343778,0.014568022696456961
0.5,policy::complement_power2__topm__accept_clip0.1,bounded_subtraction,0.8994050584755797,0.010096358937658922
0.5,policy::complement_power2__topm__bonus1.25,bounded_subtraction,0.8878857730392872,-0.0014229264986336254
0.5,policy::complement_power2__topm__bonus1.5,bounded_subtraction,0.8877888467996518,-0.0015198527382690452
0.5,policy::complement_power2__topm__bonus2,bounded_subtraction,0.8887728042872075,-0.0005358952507132919
0.5,policy::complement_power2__topm__bonus3,bounded_subtraction,0.8890513874385686,-0.00025731209935220267
0.5,policy::complement_power2__topm__expected_mix0.25,bounded_subtraction,0.9159363399151027,0.026627640377181905
0.5,policy::complement_power2__topm__expected_mix0.5,bounded_subtraction,0.9123494086534428,0.02304070911552203
0.5,policy::complement_power2__topm__expected_mix0.75,bounded_subtraction,0.908655704527853,0.019347004989932248
0.5,policy::complement_power2__topm__expected_rejection,bounded_subtraction,0.9038404975712787,0.014531798033357912
0.5,policy::complement_power2__topm__h_tau0.8,bounded_subtraction,0.8782988388865921,-0.011009860651328696
0.5,policy::complement_power2__topm__h_tau0.9,bounded_subtraction,0.887127100395585,-0.002181599142335844
0.5,policy::complement_power2__topm__h_tau1.1,bounded_subtraction,0.891882005024754,0.0025733054868332106
0.5,policy::complement_power2__topm__h_tau1.25,bounded_subtraction,0.8940413161833107,0.004732616645389931
0.5,policy::complement_power2__topm__original,bounded_subtraction,0.8875665083192151,-0.0017421912187056687
0.5,policy::complement_power2__topm__power0.5,bounded_subtraction,0.8898691399576707,0.0005604404197498969
0.5,policy::complement_power2__topm__power0.75,bounded_subtraction,0.8915045582526283,0.0021958587147075104
0.5,policy::complement_power2__topm__power1.25,bounded_subtraction,0.8835064627505653,-0.005802236787355475
0.5,policy::complement_power2__topm__power1.5,bounded_subtraction,0.8781095446940924,-0.011199154843828385
0.5,policy::complement_power2__topm__uniform0.02,bounded_subtraction,0.9049289228497159,0.015620223311795134
0.5,policy::complement_power2__topm__uniform0.05,bounded_subtraction,0.9025525357795274,0.013243836241606632
0.5,policy::complement_power2__topm__uniform0.1,bounded_subtraction,0.900583515545833,0.011274816007912247
0.5,policy::complement_power2__topm__uniform0.2,bounded_subtraction,0.8958313355683297,0.006522636030408924
0.5,policy::complement_power4__full__accept_clip0.02,bounded_subtraction,0.9019943762216329,0.012685676683712122
0.5,policy::complement_power4__full__accept_clip0.05,bounded_subtraction,0.9001926203299436,0.010883920792022828
0.5,policy::complement_power4__full__accept_clip0.1,bounded_subtraction,0.8959113220348283,0.006602622496907462
0.5,policy::complement_power4__full__bonus1.25,bounded_subtraction,0.8831439818782902,-0.006164717659630559
0.5,policy::complement_power4__full__bonus1.5,bounded_subtraction,0.8842236397754424,-0.005085059762478417
0.5,policy::complement_power4__full__bonus2,bounded_subtraction,0.8842906313297769,-0.005018068208143878
0.5,policy::complement_power4__full__bonus3,bounded_subtraction,0.8842178570161097,-0.005090842521811134
0.5,policy::complement_power4__full__expected_mix0.25,bounded_subtraction,0.9108850655721061,0.021576366034185335
0.5,policy::complement_power4__full__expected_mix0.5,bounded_subtraction,0.9070342903075715,0.017725590769650745
0.5,policy::complement_power4__full__expected_mix0.75,bounded_subtraction,0.9037472855790981,0.014438586041177315
0.5,policy::complement_power4__full__expected_rejection,bounded_subtraction,0.899570624089222,0.01026192455130115
0.5,policy::complement_power4__full__h_tau0.8,bounded_subtraction,0.8725317822297726,-0.01677691730814823
0.5,policy::complement_power4__full__h_tau0.9,bounded_subtraction,0.882362771295532,-0.006945928242388821
0.5,policy::complement_power4__full__h_tau1.1,bounded_subtraction,0.8871934508590039,-0.002115248678916881
0.5,policy::complement_power4__full__h_tau1.25,bounded_subtraction,0.8901371127808044,0.0008284132428836299
0.5,policy::complement_power4__full__original,bounded_subtraction,0.8830316837995446,-0.006277015738376246
0.5,policy::complement_power4__full__power0.5,bounded_subtraction,0.8873452033004372,-0.0019634962374835974
0.5,policy::complement_power4__full__power0.75,bounded_subtraction,0.8866927344023088,-0.0026159651356120195
0.5,policy::complement_power4__full__power1.25,bounded_subtraction,0.8785462088119322,-0.01076249072598856
0.5,policy::complement_power4__full__power1.5,bounded_subtraction,0.8716484864511015,-0.01766021308681931
0.5,policy::complement_power4__full__uniform0.02,bounded_subtraction,0.8998706454458764,0.010561945907955561
0.5,policy::complement_power4__full__uniform0.05,bounded_subtraction,0.9001604096556013,0.010851710117680491
0.5,policy::complement_power4__full__uniform0.1,bounded_subtraction,0.8975340882377442,0.008225388699823366
0.5,policy::complement_power4__full__uniform0.2,bounded_subtraction,0.8939685050106642,0.004659805472743361
0.5,policy::complement_power4__topm__accept_clip0.02,bounded_subtraction,0.901853291152252,0.01254459161433119
0.5,policy::complement_power4__topm__accept_clip0.05,bounded_subtraction,0.9001305452764693,0.010821845738548497
0.5,policy::complement_power4__topm__accept_clip0.1,bounded_subtraction,0.8960993467568578,0.006790647218936963
0.5,policy::complement_power4__topm__bonus1.25,bounded_subtraction,0.8832302186864261,-0.00607848085149465
0.5,policy::complement_power4__topm__bonus1.5,bounded_subtraction,0.8833134947817115,-0.005995204756209294
0.5,policy::complement_power4__topm__bonus2,bounded_subtraction,0.884358113496242,-0.004950586041678751
0.5,policy::complement_power4__topm__bonus3,bounded_subtraction,0.8843901720732412,-0.0049185274646795785
0.5,policy::complement_power4__topm__expected_mix0.25,bounded_subtraction,0.9108540712012061,0.021545371663285295
0.5,policy::complement_power4__topm__expected_mix0.5,bounded_subtraction,0.9063503612249066,0.017041661686985843
0.5,policy::complement_power4__topm__expected_mix0.75,bounded_subtraction,0.903033910638342,0.013725211100421242
0.5,policy::complement_power4__topm__expected_rejection,bounded_subtraction,0.8985602295372009,0.00925152999928014
0.5,policy::complement_power4__topm__h_tau0.8,bounded_subtraction,0.8725251431048905,-0.01678355643303031
0.5,policy::complement_power4__topm__h_tau0.9,bounded_subtraction,0.8823014963031798,-0.007007203234741022
0.5,policy::complement_power4__topm__h_tau1.1,bounded_subtraction,0.8871477658653639,-0.002160933672556875
0.5,policy::complement_power4__topm__h_tau1.25,bounded_subtraction,0.8899533274971986,0.000644627959277777
0.5,policy::complement_power4__topm__original,bounded_subtraction,0.883135837789577,-0.00617286174834375
0.5,policy::complement_power4__topm__power0.5,bounded_subtraction,0.8862857226060679,-0.0030229769318529387
0.5,policy::complement_power4__topm__power0.75,bounded_subtraction,0.8864653622043783,-0.0028433373335424728
0.5,policy::complement_power4__topm__power1.25,bounded_subtraction,0.8780907317554512,-0.01121796778246964
0.5,policy::complement_power4__topm__power1.5,bounded_subtraction,0.8716835572008539,-0.017625142337066912
0.5,policy::complement_power4__topm__uniform0.02,bounded_subtraction,0.8997329493368754,0.010424249798954621
0.5,policy::complement_power4__topm__uniform0.05,bounded_subtraction,0.898878901101468,0.009570201563547154
0.5,policy::complement_power4__topm__uniform0.1,bounded_subtraction,0.8973634233047123,0.008054723766791505
0.5,policy::complement_power4__topm__uniform0.2,bounded_subtraction,0.8927605355094156,0.0034518359714947877
0.5,policy::epeak0.5__full__accept_clip0.02,local_gate,0.8693479091784011,-0.019960790359519698
0.5,policy::epeak0.5__full__accept_clip0.05,local_gate,0.8668833772720361,-0.022425322265884673
0.5,policy::epeak0.5__full__accept_clip0.1,local_gate,0.8631526017801,-0.026156097757820795
0.5,policy::epeak0.5__full__bonus1.25,local_gate,0.8603683872675089,-0.02894031227041194
0.5,policy::epeak0.5__full__bonus1.5,local_gate,0.8614853655982317,-0.027823333939689054
0.5,policy::epeak0.5__full__bonus2,local_gate,0.8616148987303804,-0.02769380080754036
0.5,policy::epeak0.5__full__bonus3,local_gate,0.8607215916237614,-0.028587107914159415
0.5,policy::epeak0.5__full__expected_mix0.25,local_gate,0.8742112978694366,-0.015097401668484167
0.5,policy::epeak0.5__full__expected_mix0.5,local_gate,0.870713908778904,-0.01859479075901682
0.5,policy::epeak0.5__full__expected_mix0.75,local_gate,0.8698042656868615,-0.019504433851059266
0.5,policy::epeak0.5__full__expected_rejection,local_gate,0.8680004456487721,-0.0213082538891487
0.5,policy::epeak0.5__full__h_tau0.8,local_gate,0.8544810991504904,-0.03482760038743038
0.5,policy::epeak0.5__full__h_tau0.9,local_gate,0.8591394400283615,-0.030169259509559287
0.5,policy::epeak0.5__full__h_tau1.1,local_gate,0.8622386525581657,-0.027070046979755125
0.5,policy::epeak0.5__full__h_tau1.25,local_gate,0.8621283535098057,-0.027180346028115143
0.5,policy::epeak0.5__full__original,local_gate,0.8602902923975919,-0.029018407140328883
0.5,policy::epeak0.5__full__power0.5,local_gate,0.8621995821507412,-0.027109117387179582
0.5,policy::epeak0.5__full__power0.75,local_gate,0.8630389426125317,-0.02626975692538913
0.5,policy::epeak0.5__full__power1.25,local_gate,0.8585737857199293,-0.030734913817991538
0.5,policy::epeak0.5__full__power1.5,local_gate,0.8536895983818158,-0.035619101156105004
0.5,policy::epeak0.5__full__uniform0.02,local_gate,0.8682477373633064,-0.021060962174614395
0.5,policy::epeak0.5__full__uniform0.05,local_gate,0.8680940122908407,-0.02121468724708009
0.5,policy::epeak0.5__full__uniform0.1,local_gate,0.8666471260889793,-0.022661573448941486
0.5,policy::epeak0.5__full__uniform0.2,local_gate,0.8611615258915205,-0.028147173646400292
0.5,policy::epeak0.5__topm__accept_clip0.02,local_gate,0.8690850891748301,-0.020223610363090727
0.5,policy::epeak0.5__topm__accept_clip0.05,local_gate,0.865905161444978,-0.02340353809294282
0.5,policy::epeak0.5__topm__accept_clip0.1,local_gate,0.8624544969833062,-0.02685420255461457
0.5,policy::epeak0.5__topm__bonus1.25,local_gate,0.8604185872741519,-0.02889011226376892
0.5,policy::epeak0.5__topm__bonus1.5,local_gate,0.8604463956978456,-0.028862303840075154
0.5,policy::epeak0.5__topm__bonus2,local_gate,0.8614265167028864,-0.027882182835034408
0.5,policy::epeak0.5__topm__bonus3,local_gate,0.8608738011972268,-0.028434898340694015
0.5,policy::epeak0.5__topm__expected_mix0.25,local_gate,0.8741946697919706,-0.01511402974595022
0.5,policy::epeak0.5__topm__expected_mix0.5,local_gate,0.8702910849937102,-0.01901761454421058
0.5,policy::epeak0.5__topm__expected_mix0.75,local_gate,0.8686482989945447,-0.020660400543376145
0.5,policy::epeak0.5__topm__expected_rejection,local_gate,0.8681720991919092,-0.021136600346011614
0.5,policy::epeak0.5__topm__h_tau0.8,local_gate,0.8544677254505106,-0.03484097408741016
0.5,policy::epeak0.5__topm__h_tau0.9,local_gate,0.8591503702995078,-0.030158329238412995
0.5,policy::epeak0.5__topm__h_tau1.1,local_gate,0.8610103908949188,-0.02829830864300198
0.5,policy::epeak0.5__topm__h_tau1.25,local_gate,0.8619901165885977,-0.0273185829493231
0.5,policy::epeak0.5__topm__original,local_gate,0.8602836238727045,-0.029025075665216282
0.5,policy::epeak0.5__topm__power0.5,local_gate,0.8612428389526715,-0.02806586058524929
0.5,policy::epeak0.5__topm__power0.75,local_gate,0.8630103619454637,-0.026298337592457144
0.5,policy::epeak0.5__topm__power1.25,local_gate,0.858571811788239,-0.03073688774968175
0.5,policy::epeak0.5__topm__power1.5,local_gate,0.8536715063680582,-0.03563719316986258
0.5,policy::epeak0.5__topm__uniform0.02,local_gate,0.8681748202379771,-0.021133879299943703
0.5,policy::epeak0.5__topm__uniform0.05,local_gate,0.8681678030640286,-0.021140896473892168
0.5,policy::epeak0.5__topm__uniform0.1,local_gate,0.8664450223710198,-0.022863677166900964
0.5,policy::epeak0.5__topm__uniform0.2,local_gate,0.8611884959398124,-0.028120203598108406
0.5,policy::epeak0.7__full__accept_clip0.02,local_gate,0.8792537317495084,-0.010054967788412417
0.5,policy::epeak0.7__full__accept_clip0.05,local_gate,0.8780106821560248,-0.011298017381895953
0.5,policy::epeak0.7__full__accept_clip0.1,local_gate,0.8756267662604608,-0.013681933277460034
0.5,policy::epeak0.7__full__bonus1.25,local_gate,0.8680130272054762,-0.02129567233244456
0.5,policy::epeak0.7__full__bonus1.5,local_gate,0.868868947951531,-0.020439751586389776
0.5,policy::epeak0.7__full__bonus2,local_gate,0.8689733586938594,-0.02033534084406141
0.5,policy::epeak0.7__full__bonus3,local_gate,0.8687095531499384,-0.020599146387982437
0.5,policy::epeak0.7__full__expected_mix0.25,local_gate,0.8860484571246801,-0.0032602424132407437
0.5,policy::epeak0.7__full__expected_mix0.5,local_gate,0.8812749024015941,-0.008033797136326681
0.5,policy::epeak0.7__full__expected_mix0.75,local_gate,0.8800019020230564,-0.009306797514864407
0.5,policy::epeak0.7__full__expected_rejection,local_gate,0.878476135018848,-0.010832564519072774
0.5,policy::epeak0.7__full__h_tau0.8,local_gate,0.8610227896903072,-0.02828590984761359
0.5,policy::epeak0.7__full__h_tau0.9,local_gate,0.8676625940120193,-0.021646105525901516
0.5,policy::epeak0.7__full__h_tau1.1,local_gate,0.8694192803587442,-0.019889419179176637
0.5,policy::epeak0.7__full__h_tau1.25,local_gate,0.8706663684169721,-0.018642331120948707
0.5,policy::epeak0.7__full__original,local_gate,0.8679855830156564,-0.021323116522264374
0.5,policy::epeak0.7__full__power0.5,local_gate,0.8696363398682366,-0.01967235966968417
0.5,policy::epeak0.7__full__power0.75,local_gate,0.8702513652966233,-0.01905733424129752
0.5,policy::epeak0.7__full__power1.25,local_gate,0.8659126298104967,-0.02339606972742414
0.5,policy::epeak0.7__full__power1.5,local_gate,0.8610382328287665,-0.02827046670915434
0.5,policy::epeak0.7__full__uniform0.02,local_gate,0.8772569334847676,-0.012051766053153168
0.5,policy::epeak0.7__full__uniform0.05,local_gate,0.8784246591570365,-0.010884040380884308
0.5,policy::epeak0.7__full__uniform0.1,local_gate,0.8772596308013944,-0.012049068736526447
0.5,policy::epeak0.7__full__uniform0.2,local_gate,0.8727619066202146,-0.01654679291770622
0.5,policy::epeak0.7__topm__accept_clip0.02,local_gate,0.8782557120857356,-0.011052987452185192
0.5,policy::epeak0.7__topm__accept_clip0.05,local_gate,0.8778093330953289,-0.011499366442591863
0.5,policy::epeak0.7__topm__accept_clip0.1,local_gate,0.8749916382948991,-0.014317061243021678
0.5,policy::epeak0.7__topm__bonus1.25,local_gate,0.8681079203350689,-0.021200779202851905
0.5,policy::epeak0.7__topm__bonus1.5,local_gate,0.8677989188356443,-0.021509780702276493
0.5,policy::epeak0.7__topm__bonus2,local_gate,0.8687849767353522,-0.020523722802568645
0.5,policy::epeak0.7__topm__bonus3,local_gate,0.8687820256414526,-0.020526673896468228
0.5,policy::epeak0.7__topm__expected_mix0.25,local_gate,0.886025746683822,-0.003282952854098853
0.5,policy::epeak0.7__topm__expected_mix0.5,local_gate,0.8810032374425502,-0.008305462095370642
0.5,policy::epeak0.7__topm__expected_mix0.75,local_gate,0.8789498101979452,-0.010358889339975641
0.5,policy::epeak0.7__topm__expected_rejection,local_gate,0.8786656913785565,-0.010643008159364253
0.5,policy::epeak0.7__topm__h_tau0.8,local_gate,0.8610070324897011,-0.02830166704821968
0.5,policy::epeak0.7__topm__h_tau0.9,local_gate,0.8676220294610446,-0.02168667007687619
0.5,policy::epeak0.7__topm__h_tau1.1,local_gate,0.868215077679193,-0.021093621858727762
0.5,policy::epeak0.7__topm__h_tau1.25,local_gate,0.8703140099137961,-0.01899468962412465
0.5,policy::epeak0.7__topm__original,local_gate,0.8679810519485923,-0.02132764758932848
0.5,policy::epeak0.7__topm__power0.5,local_gate,0.8686519685189183,-0.02065673101900245
0.5,policy::epeak0.7__topm__power0.75,local_gate,0.8700616915471632,-0.019247007990757625
0.5,policy::epeak0.7__topm__power1.25,local_gate,0.8659004491205454,-0.023408250417375376
0.5,policy::epeak0.7__topm__power1.5,local_gate,0.8610463353086322,-0.028262364229288628
0.5,policy::epeak0.7__topm__uniform0.02,local_gate,0.8771987215680553,-0.01210997796986546
0.5,policy::epeak0.7__topm__uniform0.05,local_gate,0.8784698875078164,-0.010838812030104394
0.5,policy::epeak0.7__topm__uniform0.1,local_gate,0.8769614093063806,-0.012347290231540242
0.5,policy::epeak0.7__topm__uniform0.2,local_gate,0.8733506553976625,-0.015958044140258254
0.5,policy::epeak0.9__full__accept_clip0.02,local_gate,0.8850797173246284,-0.004228982213292376
0.5,policy::epeak0.9__full__accept_clip0.05,local_gate,0.8846553263266904,-0.004653373211230383
0.5,policy::epeak0.9__full__accept_clip0.1,local_gate,0.8821435380038355,-0.007165161534085307
0.5,policy::epeak0.9__full__bonus1.25,local_gate,0.8759573670267323,-0.013351332511188474
0.5,policy::epeak0.9__full__bonus1.5,local_gate,0.8769346798511056,-0.012374019686815174
0.5,policy::epeak0.9__full__bonus2,local_gate,0.8771786732837138,-0.012130026254207005
0.5,policy::epeak0.9__full__bonus3,local_gate,0.8770244769458093,-0.012284222592111482
0.5,policy::epeak0.9__full__expected_mix0.25,local_gate,0.893398607673989,0.004089908136068243
0.5,policy::epeak0.9__full__expected_mix0.5,local_gate,0.8899001036582781,0.0005914041203572973
0.5,policy::epeak0.9__full__expected_mix0.75,local_gate,0.8873020306783962,-0.0020066688595246074
0.5,policy::epeak0.9__full__expected_rejection,local_gate,0.8855694593213038,-0.003739240216616979
0.5,policy::epeak0.9__full__h_tau0.8,local_gate,0.8678156263177482,-0.021493073220172576
0.5,policy::epeak0.9__full__h_tau0.9,local_gate,0.875631094982109,-0.013677604555811795
0.5,policy::epeak0.9__full__h_tau1.1,local_gate,0.8777196102051189,-0.011589089332801894
0.5,policy::epeak0.9__full__h_tau1.25,local_gate,0.8779634731088884,-0.011345226429032351
0.5,policy::epeak0.9__full__original,local_gate,0.875974487657218,-0.013334211880702829
0.5,policy::epeak0.9__full__power0.5,local_gate,0.8772414329629361,-0.012067266574984692
0.5,policy::epeak0.9__full__power0.75,local_gate,0.8772299083117997,-0.0120787912261211
0.5,policy::epeak0.9__full__power1.25,local_gate,0.8731159037961055,-0.016192795741815313
0.5,policy::epeak0.9__full__power1.5,local_gate,0.8677709015369713,-0.02153779800094946
0.5,policy::epeak0.9__full__uniform0.02,local_gate,0.8862064754885918,-0.0031022240493290276
0.5,policy::epeak0.9__full__uniform0.05,local_gate,0.8841049458297409,-0.005203753708179937
0.5,policy::epeak0.9__full__uniform0.1,local_gate,0.8830075130096378,-0.006301186528283043
0.5,policy::epeak0.9__full__uniform0.2,local_gate,0.8794359798519634,-0.009872719685957376
0.5,policy::epeak0.9__topm__accept_clip0.02,local_gate,0.884031925585565,-0.005276773952355818
0.5,policy::epeak0.9__topm__accept_clip0.05,local_gate,0.8845137099718572,-0.004794989566063612
0.5,policy::epeak0.9__topm__accept_clip0.1,local_gate,0.8820785317599277,-0.007230167777993124
0.5,policy::epeak0.9__topm__bonus1.25,local_gate,0.8760135257605781,-0.013295173777342684
0.5,policy::epeak0.9__topm__bonus1.5,local_gate,0.8758520179069722,-0.013456681630948597
0.5,policy::epeak0.9__topm__bonus2,local_gate,0.8770009933147651,-0.01230770622315569
0.5,policy::epeak0.9__topm__bonus3,local_gate,0.8770969484405419,-0.012211751097378931
0.5,policy::epeak0.9__topm__expected_mix0.25,local_gate,0.8933186325023009,0.004009932964380125
0.5,policy::epeak0.9__topm__expected_mix0.5,local_gate,0.8897821153020291,0.0004734157641083092
0.5,policy::epeak0.9__topm__expected_mix0.75,local_gate,0.8862612979803979,-0.003047401557522922
0.5,policy::epeak0.9__topm__expected_rejection,local_gate,0.885614437047782,-0.003694262490138822
0.5,policy::epeak0.9__topm__h_tau0.8,local_gate,0.8678447840109482,-0.021463915526972577
0.5,policy::epeak0.9__topm__h_tau0.9,local_gate,0.8755909533439313,-0.013717746193989466
0.5,policy::epeak0.9__topm__h_tau1.1,local_gate,0.8765154075716636,-0.012793291966257225
0.5,policy::epeak0.9__topm__h_tau1.25,local_gate,0.8776530366689469,-0.011655662868973904
0.5,policy::epeak0.9__topm__original,local_gate,0.8759456899556256,-0.013363009582295193
0.5,policy::epeak0.9__topm__power0.5,local_gate,0.8762007765593488,-0.013107922978571995
0.5,policy::epeak0.9__topm__power0.75,local_gate,0.8770610630674205,-0.012247636470500312
0.5,policy::epeak0.9__topm__power1.25,local_gate,0.8731146023715057,-0.016194097166415067
0.5,policy::epeak0.9__topm__power1.5,local_gate,0.8677709119360768,-0.021537787601843994
0.5,policy::epeak0.9__topm__uniform0.02,local_gate,0.8861595251141702,-0.0031491744237506225
0.5,policy::epeak0.9__topm__uniform0.05,local_gate,0.8841116197657094,-0.005197079772211399
0.5,policy::epeak0.9__topm__uniform0.1,local_gate,0.8824525380798462,-0.00685616145807455
0.5,policy::epeak0.9__topm__uniform0.2,local_gate,0.879953033646938,-0.0093556658909828
0.5,policy::floor0.25__full__accept_clip0.02,bounded_subtraction,0.898994486811906,0.00968578727398517
0.5,policy::floor0.25__full__accept_clip0.05,bounded_subtraction,0.8989955982241001,0.009686898686179335
0.5,policy::floor0.25__full__accept_clip0.1,bounded_subtraction,0.8927058203902466,0.0033971208523257967
0.5,policy::floor0.25__full__bonus1.25,bounded_subtraction,0.8843364420678411,-0.004972257470079677
0.5,policy::floor0.25__full__bonus1.5,bounded_subtraction,0.8854477284304042,-0.0038609711075165976
0.5,policy::floor0.25__full__bonus2,bounded_subtraction,0.8854286813366475,-0.003880018201273261
0.5,policy::floor0.25__full__bonus3,bounded_subtraction,0.8853569839188811,-0.003951715619039731
0.5,policy::floor0.25__full__expected_mix0.25,bounded_subtraction,0.9081622492697922,0.018853549731871366
0.5,policy::floor0.25__full__expected_mix0.5,bounded_subtraction,0.9071322865912812,0.0178235870533604
0.5,policy::floor0.25__full__expected_mix0.75,bounded_subtraction,0.9044654619091843,0.01515676237126351
0.5,policy::floor0.25__full__expected_rejection,bounded_subtraction,0.9028022030289148,0.013493503490993985
0.5,policy::floor0.25__full__h_tau0.8,bounded_subtraction,0.875603803364922,-0.013704896172998748
0.5,policy::floor0.25__full__h_tau0.9,bounded_subtraction,0.8823618678234952,-0.006946831714425561
0.5,policy::floor0.25__full__h_tau1.1,bounded_subtraction,0.8852978523968782,-0.004010847141042606
0.5,policy::floor0.25__full__h_tau1.25,bounded_subtraction,0.8893431313316653,3.443179374451599e-05
0.5,policy::floor0.25__full__original,bounded_subtraction,0.8842030336792099,-0.005105665858710862
0.5,policy::floor0.25__full__power0.5,bounded_subtraction,0.8860550235436948,-0.0032536759942259907
0.5,policy::floor0.25__full__power0.75,bounded_subtraction,0.8858309467061807,-0.003477752831740122
0.5,policy::floor0.25__full__power1.25,bounded_subtraction,0.8797108729523567,-0.009597826585564073
0.5,policy::floor0.25__full__power1.5,bounded_subtraction,0.8760769391660966,-0.013231760371824164
0.5,policy::floor0.25__full__uniform0.02,bounded_subtraction,0.8972136381692702,0.007904938631349445
0.5,policy::floor0.25__full__uniform0.05,bounded_subtraction,0.8937177679202788,0.004409068382357995
0.5,policy::floor0.25__full__uniform0.1,bounded_subtraction,0.8909133481566456,0.00160464861872478
0.5,policy::floor0.25__full__uniform0.2,bounded_subtraction,0.8889914747989937,-0.00031722473892714653
0.5,policy::floor0.25__topm__accept_clip0.02,bounded_subtraction,0.8981486490285497,0.00883994949062894
0.5,policy::floor0.25__topm__accept_clip0.05,bounded_subtraction,0.8987644393178643,0.009455739779943517
0.5,policy::floor0.25__topm__accept_clip0.1,bounded_subtraction,0.8921295701330466,0.002820870595125813
0.5,policy::floor0.25__topm__bonus1.25,bounded_subtraction,0.8842992345977867,-0.005009464940134101
0.5,policy::floor0.25__topm__bonus1.5,bounded_subtraction,0.8843606554286985,-0.004948044109222338
0.5,policy::floor0.25__topm__bonus2,bounded_subtraction,0.8854344333828467,-0.0038742661550741353
0.5,policy::floor0.25__topm__bonus3,bounded_subtraction,0.8853380449082086,-0.003970654629712245
0.5,policy::floor0.25__topm__expected_mix0.25,bounded_subtraction,0.9081676624098718,0.01885896287195099
0.5,policy::floor0.25__topm__expected_mix0.5,bounded_subtraction,0.9071021638825703,0.017793464344649457
0.5,policy::floor0.25__topm__expected_mix0.75,bounded_subtraction,0.9043579350108986,0.015049235472977762
0.5,policy::floor0.25__topm__expected_rejection,bounded_subtraction,0.9017561679228995,0.012447468384978677
0.5,policy::floor0.25__topm__h_tau0.8,bounded_subtraction,0.8756573007964552,-0.013651398741465592
0.5,policy::floor0.25__topm__h_tau0.9,bounded_subtraction,0.8823195600519691,-0.006989139485951701
0.5,policy::floor0.25__topm__h_tau1.1,bounded_subtraction,0.8852512767847086,-0.004057422753212192
0.5,policy::floor0.25__topm__h_tau1.25,bounded_subtraction,0.8891616709331307,-0.00014702860479010038
0.5,policy::floor0.25__topm__original,bounded_subtraction,0.8841785659761302,-0.005130133561790595
0.5,policy::floor0.25__topm__power0.5,bounded_subtraction,0.8850331130337559,-0.00427558650416493
0.5,policy::floor0.25__topm__power0.75,bounded_subtraction,0.885810971117795,-0.0034977284201257453
0.5,policy::floor0.25__topm__power1.25,bounded_subtraction,0.8797089804757887,-0.009599719062132084
0.5,policy::floor0.25__topm__power1.5,bounded_subtraction,0.8760681971870532,-0.0132405023508676
0.5,policy::floor0.25__topm__uniform0.02,bounded_subtraction,0.8970448175571463,0.007736118019225469
0.5,policy::floor0.25__topm__uniform0.05,bounded_subtraction,0.8936956022137786,0.00438690267585784
0.5,policy::floor0.25__topm__uniform0.1,bounded_subtraction,0.890765768677407,0.0014570691394861779
0.5,policy::floor0.25__topm__uniform0.2,bounded_subtraction,0.888921894086833,-0.0003868054510878238
0.5,policy::floor0.5__full__accept_clip0.02,bounded_subtraction,0.9029386898865158,0.013629990348595022
0.5,policy::floor0.5__full__accept_clip0.05,bounded_subtraction,0.9015457440019274,0.012237044464006641
0.5,policy::floor0.5__full__accept_clip0.1,bounded_subtraction,0.8987152041118974,0.009406504573976626
0.5,policy::floor0.5__full__bonus1.25,bounded_subtraction,0.8876174652172364,-0.0016912343206844094
0.5,policy::floor0.5__full__bonus1.5,bounded_subtraction,0.8875364928643168,-0.0017722066736040043
0.5,policy::floor0.5__full__bonus2,bounded_subtraction,0.8885087391761927,-0.0007999603617281359
0.5,policy::floor0.5__full__bonus3,bounded_subtraction,0.8887239290019163,-0.0005847705360044753
0.5,policy::floor0.5__full__expected_mix0.25,bounded_subtraction,0.9116562577254677,0.022347558187546857
0.5,policy::floor0.5__full__expected_mix0.5,bounded_subtraction,0.9092633402687484,0.019954640730827644
0.5,policy::floor0.5__full__expected_mix0.75,bounded_subtraction,0.9080101666721011,0.018701467134180305
0.5,policy::floor0.5__full__expected_rejection,bounded_subtraction,0.9045659450916667,0.015257245553745857
0.5,policy::floor0.5__full__h_tau0.8,bounded_subtraction,0.8792123772138035,-0.01009632232411728
0.5,policy::floor0.5__full__h_tau0.9,bounded_subtraction,0.8861309576141582,-0.0031777419237626336
0.5,policy::floor0.5__full__h_tau1.1,bounded_subtraction,0.8890828663725717,-0.00022583316534907638
0.5,policy::floor0.5__full__h_tau1.25,bounded_subtraction,0.8910916486790882,0.0017829491411673892
0.5,policy::floor0.5__full__original,bounded_subtraction,0.8879137434524562,-0.0013949560854645826
0.5,policy::floor0.5__full__power0.5,bounded_subtraction,0.8878520485590383,-0.0014566509788824789
0.5,policy::floor0.5__full__power0.75,bounded_subtraction,0.8891288432699187,-0.00017985626800209875
0.5,policy::floor0.5__full__power1.25,bounded_subtraction,0.8838534367656766,-0.005455262772244174
0.5,policy::floor0.5__full__power1.5,bounded_subtraction,0.880286421939515,-0.009022277598405792
0.5,policy::floor0.5__full__uniform0.02,bounded_subtraction,0.9010820163638966,0.011773316825975821
0.5,policy::floor0.5__full__uniform0.05,bounded_subtraction,0.8988623629301007,0.00955366339217989
0.5,policy::floor0.5__full__uniform0.1,bounded_subtraction,0.896518261236475,0.0072095616985542454
0.5,policy::floor0.5__full__uniform0.2,bounded_subtraction,0.8917459472408685,0.0024372477029477313
0.5,policy::floor0.5__topm__accept_clip0.02,bounded_subtraction,0.902679632946252,0.013370933408331176
0.5,policy::floor0.5__topm__accept_clip0.05,bounded_subtraction,0.9013402029400374,0.012031503402116561
0.5,policy::floor0.5__topm__accept_clip0.1,bounded_subtraction,0.8975431972042542,0.00823449766633344
0.5,policy::floor0.5__topm__bonus1.25,bounded_subtraction,0.8863111250923225,-0.002997574445598339
0.5,policy::floor0.5__topm__bonus1.5,bounded_subtraction,0.8863265039555629,-0.002982195582357905
0.5,policy::floor0.5__topm__bonus2,bounded_subtraction,0.8873394462377169,-0.0019692533002039214
0.5,policy::floor0.5__topm__bonus3,bounded_subtraction,0.8875613570438317,-0.0017473424940891435
0.5,policy::floor0.5__topm__expected_mix0.25,bounded_subtraction,0.9103100394732963,0.02100133993537545
0.5,policy::floor0.5__topm__expected_mix0.5,bounded_subtraction,0.908764376349035,0.019455676811114153
0.5,policy::floor0.5__topm__expected_mix0.75,bounded_subtraction,0.9077497049149732,0.0184410053770524
0.5,policy::floor0.5__topm__expected_rejection,bounded_subtraction,0.9045102989518652,0.015201599413944389
0.5,policy::floor0.5__topm__h_tau0.8,bounded_subtraction,0.8792051198962634,-0.010103579641657423
0.5,policy::floor0.5__topm__h_tau0.9,bounded_subtraction,0.8865077072188604,-0.0028009923190603914
0.5,policy::floor0.5__topm__h_tau1.1,bounded_subtraction,0.8890461174552688,-0.00026258208265195204
0.5,policy::floor0.5__topm__h_tau1.25,bounded_subtraction,0.8909091511681475,0.0016004516302267069
0.5,policy::floor0.5__topm__original,bounded_subtraction,0.88668753421464,-0.0026211653232808274
0.5,policy::floor0.5__topm__power0.5,bounded_subtraction,0.8877033326883778,-0.001605366849543044
0.5,policy::floor0.5__topm__power0.75,bounded_subtraction,0.888351205733755,-0.0009574938041657655
0.5,policy::floor0.5__topm__power1.25,bounded_subtraction,0.883853109308016,-0.0054555902299048276
0.5,policy::floor0.5__topm__power1.5,bounded_subtraction,0.8802818136633812,-0.009026885874539592
0.5,policy::floor0.5__topm__uniform0.02,bounded_subtraction,0.8992089126101553,0.009900213072234543
0.5,policy::floor0.5__topm__uniform0.05,bounded_subtraction,0.8976849848019764,0.00837628526405565
0.5,policy::floor0.5__topm__uniform0.1,bounded_subtraction,0.8964928005687245,0.007184101030803691
0.5,policy::floor0.5__topm__uniform0.2,bounded_subtraction,0.8917704745592261,0.0024617750213052902
0.5,policy::floor0.75__full__accept_clip0.02,bounded_subtraction,0.9047236718810739,0.015414972343153144
0.5,policy::floor0.75__full__accept_clip0.05,bounded_subtraction,0.9029018741095308,0.013593174571610023
0.5,policy::floor0.75__full__accept_clip0.1,bounded_subtraction,0.8978727764042401,0.008564076866319326
0.5,policy::floor0.75__full__bonus1.25,bounded_subtraction,0.8883816594748074,-0.0009270400631133935
0.5,policy::floor0.75__full__bonus1.5,bounded_subtraction,0.8893127346289961,4.0350910752717795e-06
0.5,policy::floor0.75__full__bonus2,bounded_subtraction,0.889464588621344,0.00015588908342323293
0.5,policy::floor0.75__full__bonus3,bounded_subtraction,0.8891361443584707,-0.0001725551794501401
0.5,policy::floor0.75__full__expected_mix0.25,bounded_subtraction,0.9132677165755181,0.023959017037597286
0.5,policy::floor0.75__full__expected_mix0.5,bounded_subtraction,0.9098307684831187,0.020522068945197924
0.5,policy::floor0.75__full__expected_mix0.75,bounded_subtraction,0.9073951850769647,0.018086485539043906
0.5,policy::floor0.75__full__expected_rejection,bounded_subtraction,0.9083017946152842,0.018993095077363353
0.5,policy::floor0.75__full__h_tau0.8,bounded_subtraction,0.8789435559673928,-0.01036514357052798
0.5,policy::floor0.75__full__h_tau0.9,bounded_subtraction,0.8885822778705316,-0.0007264216673892321
0.5,policy::floor0.75__full__h_tau1.1,bounded_subtraction,0.8901648809731838,0.0008561814352630037
0.5,policy::floor0.75__full__h_tau1.25,bounded_subtraction,0.8934630029648866,0.004154303426965766
0.5,policy::floor0.75__full__original,bounded_subtraction,0.8883078109782059,-0.0010008885597149186
0.5,policy::floor0.75__full__power0.5,bounded_subtraction,0.8899368519869316,0.0006281524490108215
0.5,policy::floor0.75__full__power0.75,bounded_subtraction,0.8913037085249133,0.0019950089869924525
0.5,policy::floor0.75__full__power1.25,bounded_subtraction,0.8840312189524425,-0.005277480585478278
0.5,policy::floor0.75__full__power1.5,bounded_subtraction,0.8790790675639705,-0.010229631973950326
0.5,policy::floor0.75__full__uniform0.02,bounded_subtraction,0.9017887617433356,0.012480062205414755
0.5,policy::floor0.75__full__uniform0.05,bounded_subtraction,0.897694543430758,0.008385843892837253
0.5,policy::floor0.75__full__uniform0.1,bounded_subtraction,0.8992330477910269,0.009924348253106063
0.5,policy::floor0.75__full__uniform0.2,bounded_subtraction,0.8953371369165494,0.0060284373786285705
0.5,policy::floor0.75__topm__accept_clip0.02,bounded_subtraction,0.9037313882057963,0.01442268866787555
0.5,policy::floor0.75__topm__accept_clip0.05,bounded_subtraction,0.9023783132927933,0.013069613754872478
0.5,policy::floor0.75__topm__accept_clip0.1,bounded_subtraction,0.898022831191523,0.008714131653602242
0.5,policy::floor0.75__topm__bonus1.25,bounded_subtraction,0.8883300996798209,-0.0009785998580998934
0.5,policy::floor0.75__topm__bonus1.5,bounded_subtraction,0.888188554475374,-0.0011201450625467624
0.5,policy::floor0.75__topm__bonus2,bounded_subtraction,0.8894370015045158,0.00012830196659496806
0.5,policy::floor0.75__topm__bonus3,bounded_subtraction,0.8892570499548769,-5.164958304393341e-05
0.5,policy::floor0.75__topm__expected_mix0.25,bounded_subtraction,0.9121417404800238,0.022833040942103033
0.5,policy::floor0.75__topm__expected_mix0.5,bounded_subtraction,0.9093784959131813,0.020069796375260518
0.5,policy::floor0.75__topm__expected_mix0.75,bounded_subtraction,0.9074009387608601,0.018092239222939344
0.5,policy::floor0.75__topm__expected_rejection,bounded_subtraction,0.9071189151412311,0.01781021560331031
0.5,policy::floor0.75__topm__h_tau0.8,bounded_subtraction,0.8789003400770499,-0.01040835946087093
0.5,policy::floor0.75__topm__h_tau0.9,bounded_subtraction,0.8886373186098914,-0.0006713809280294303
0.5,policy::floor0.75__topm__h_tau1.1,bounded_subtraction,0.8901360307877207,0.0008273312497999452
0.5,policy::floor0.75__topm__h_tau1.25,bounded_subtraction,0.8930952241082754,0.0037865245703545547
0.5,policy::floor0.75__topm__original,bounded_subtraction,0.8882636403279232,-0.0010450592099976452
0.5,policy::floor0.75__topm__power0.5,bounded_subtraction,0.8889011743091215,-0.000407525228799277
0.5,policy::floor0.75__topm__power0.75,bounded_subtraction,0.8903029993967703,0.0009942998588494678
0.5,policy::floor0.75__topm__power1.25,bounded_subtraction,0.8840425188197847,-0.005266180718136115
0.5,policy::floor0.75__topm__power1.5,bounded_subtraction,0.8790023595162665,-0.010306340021654314
0.5,policy::floor0.75__topm__uniform0.02,bounded_subtraction,0.9024544433920013,0.013145743854080516
0.5,policy::floor0.75__topm__uniform0.05,bounded_subtraction,0.8979476816115238,0.00863898207360303
0.5,policy::floor0.75__topm__uniform0.1,bounded_subtraction,0.8990450630627783,0.009736363524857516
0.5,policy::floor0.75__topm__uniform0.2,bounded_subtraction,0.8953849630468699,0.006076263508949076
0.5,policy::floor0.9__full__accept_clip0.02,bounded_subtraction,0.9045375082680757,0.015228808730154864
0.5,policy::floor0.9__full__accept_clip0.05,bounded_subtraction,0.9040302367007216,0.01472153716280078
0.5,policy::floor0.9__full__accept_clip0.1,bounded_subtraction,0.8999727078235376,0.010664008285616755
0.5,policy::floor0.9__full__bonus1.25,bounded_subtraction,0.8900075365330838,0.0006988369951630435
0.5,policy::floor0.9__full__bonus1.5,bounded_subtraction,0.8907755273930317,0.0014668278551108749
0.5,policy::floor0.9__full__bonus2,bounded_subtraction,0.8911155051807399,0.0018068056428190982
0.5,policy::floor0.9__full__bonus3,bounded_subtraction,0.8911364007222363,0.0018277011843155222
0.5,policy::floor0.9__full__expected_mix0.25,bounded_subtraction,0.9132476761764402,0.023938976638519405
0.5,policy::floor0.9__full__expected_mix0.5,bounded_subtraction,0.9089869605279074,0.019678260989986596
0.5,policy::floor0.9__full__expected_mix0.75,bounded_subtraction,0.9083424128345587,0.019033713296637944
0.5,policy::floor0.9__full__expected_rejection,bounded_subtraction,0.908118887054444,0.01881018751652319
0.5,policy::floor0.9__full__h_tau0.8,bounded_subtraction,0.8792802234792877,-0.010028476058633107
0.5,policy::floor0.9__full__h_tau0.9,bounded_subtraction,0.8889596647406991,-0.0003490347972217034
0.5,policy::floor0.9__full__h_tau1.1,bounded_subtraction,0.891094034283459,0.001785334745538214
0.5,policy::floor0.9__full__h_tau1.25,bounded_subtraction,0.893676511973509,0.004367812435588148
0.5,policy::floor0.9__full__original,bounded_subtraction,0.889903857128713,0.0005951575907922058
0.5,policy::floor0.9__full__power0.5,bounded_subtraction,0.8900342305112069,0.0007255309732860926
0.5,policy::floor0.9__full__power0.75,bounded_subtraction,0.8911074827306785,0.0017987831927577247
0.5,policy::floor0.9__full__power1.25,bounded_subtraction,0.8841524130445074,-0.005156286493413376
0.5,policy::floor0.9__full__power1.5,bounded_subtraction,0.8789593246232362,-0.010349374914684573
0.5,policy::floor0.9__full__uniform0.02,bounded_subtraction,0.9024737075384551,0.013165008000534328
0.5,policy::floor0.9__full__uniform0.05,bounded_subtraction,0.8985291822551427,0.009220482717221867
0.5,policy::floor0.9__full__uniform0.1,bounded_subtraction,0.898693056088756,0.009384356550835249
0.5,policy::floor0.9__full__uniform0.2,bounded_subtraction,0.8963204068899229,0.007011707352002072
0.5,policy::floor0.9__topm__accept_clip0.02,bounded_subtraction,0.9043242645541403,0.015015565016219479
0.5,policy::floor0.9__topm__accept_clip0.05,bounded_subtraction,0.9039450067936584,0.014636307255737613
0.5,policy::floor0.9__topm__accept_clip0.1,bounded_subtraction,0.9003058870694569,0.010997187531536112
0.5,policy::floor0.9__topm__bonus1.25,bounded_subtraction,0.8900653772366934,0.0007566776987726342
0.5,policy::floor0.9__topm__bonus1.5,bounded_subtraction,0.8897798328953451,0.00047113335742432483
0.5,policy::floor0.9__topm__bonus2,bounded_subtraction,0.8911215358622963,0.0018128363243754553
0.5,policy::floor0.9__topm__bonus3,bounded_subtraction,0.8912066440138333,0.0018979444759125164
0.5,policy::floor0.9__topm__expected_mix0.25,bounded_subtraction,0.9132564856087272,0.023947786070806387
0.5,policy::floor0.9__topm__expected_mix0.5,bounded_subtraction,0.9088279871854907,0.01951928764756994
0.5,policy::floor0.9__topm__expected_mix0.75,bounded_subtraction,0.9072335640257897,0.017924864487868897
0.5,policy::floor0.9__topm__expected_rejection,bounded_subtraction,0.9082922026151362,0.018983503077215413
0.5,policy::floor0.9__topm__h_tau0.8,bounded_subtraction,0.8792832822780112,-0.010025417259909575
0.5,policy::floor0.9__topm__h_tau0.9,bounded_subtraction,0.88897684352541,-0.00033185601251084496
0.5,policy::floor0.9__topm__h_tau1.1,bounded_subtraction,0.8898703638721703,0.0005616643342495342
0.5,policy::floor0.9__topm__h_tau1.25,bounded_subtraction,0.8932755471086051,0.003966847570684329
0.5,policy::floor0.9__topm__original,bounded_subtraction,0.8899078292454239,0.0005991297075030877
0.5,policy::floor0.9__topm__power0.5,bounded_subtraction,0.8890067406552136,-0.0003019588827072317
0.5,policy::floor0.9__topm__power0.75,bounded_subtraction,0.8910380909444353,0.0017293914065145133
0.5,policy::floor0.9__topm__power1.25,bounded_subtraction,0.8841349914796258,-0.005173708058294979
0.5,policy::floor0.9__topm__power1.5,bounded_subtraction,0.8790450275912903,-0.01026367194663047
0.5,policy::floor0.9__topm__uniform0.02,bounded_subtraction,0.9023330316053356,0.013024332067414823
0.5,policy::floor0.9__topm__uniform0.05,bounded_subtraction,0.8985312499806292,0.009222550442708366
0.5,policy::floor0.9__topm__uniform0.1,bounded_subtraction,0.8990419200730836,0.00973322053516279
0.5,policy::floor0.9__topm__uniform0.2,bounded_subtraction,0.8962476492322613,0.006938949694340502
0.5,policy::interval0.05__full__accept_clip0.02,rank_only,0.8609442009042517,-0.028364498633669077
0.5,policy::interval0.05__full__accept_clip0.05,rank_only,0.8602537030092707,-0.029054996528650068
0.5,policy::interval0.05__full__accept_clip0.1,rank_only,0.8582881915783197,-0.031020507959601096
0.5,policy::interval0.05__full__bonus1.25,rank_only,0.8517314132293167,-0.03757728630860413
0.5,policy::interval0.05__full__bonus1.5,rank_only,0.8525390695136708,-0.036769630024250044
0.5,policy::interval0.05__full__bonus2,rank_only,0.852996419860797,-0.036312279677123804
0.5,policy::interval0.05__full__bonus3,rank_only,0.8531501776938056,-0.036158521844115166
0.5,policy::interval0.05__full__expected_mix0.25,rank_only,0.8664796470417723,-0.022829052496148527
0.5,policy::interval0.05__full__expected_mix0.5,rank_only,0.8654596012707813,-0.023849098267139546
0.5,policy::interval0.05__full__expected_mix0.75,rank_only,0.8654127291361229,-0.023895970401797917
0.5,policy::interval0.05__full__expected_rejection,rank_only,0.8635109822997257,-0.025797717238195128
0.5,policy::interval0.05__full__h_tau0.8,rank_only,0.8416308306766979,-0.04767786886122294
0.5,policy::interval0.05__full__h_tau0.9,rank_only,0.8499754508673003,-0.03933324867062049
0.5,policy::interval0.05__full__h_tau1.1,rank_only,0.8531530173829652,-0.03615568215495557
0.5,policy::interval0.05__full__h_tau1.25,rank_only,0.8537166306852555,-0.035592068852665304
0.5,policy::interval0.05__full__original,rank_only,0.8516818979399914,-0.037626801597929416
0.5,policy::interval0.05__full__power0.5,rank_only,0.8547417078264864,-0.0345669917114344
0.5,policy::interval0.05__full__power0.75,rank_only,0.85422738298657,-0.03508131655135083
0.5,policy::interval0.05__full__power1.25,rank_only,0.8466208626617988,-0.04268783687612199
0.5,policy::interval0.05__full__power1.5,rank_only,0.8406716741483105,-0.048637025389610344
0.5,policy::interval0.05__full__uniform0.02,rank_only,0.8605646630519523,-0.02874403648596846
0.5,policy::interval0.05__full__uniform0.05,rank_only,0.8587788511085116,-0.0305298484294092
0.5,policy::interval0.05__full__uniform0.1,rank_only,0.857426295311849,-0.0318824042260718
0.5,policy::interval0.05__full__uniform0.2,rank_only,0.8568759624003982,-0.032432737137522594
0.5,policy::interval0.05__topm__accept_clip0.02,rank_only,0.8608150521611895,-0.028493647376731324
0.5,policy::interval0.05__topm__accept_clip0.05,rank_only,0.8601489039426228,-0.02915979559529802
0.5,policy::interval0.05__topm__accept_clip0.1,rank_only,0.8586784026511675,-0.03063029688675334
0.5,policy::interval0.05__topm__bonus1.25,rank_only,0.8517113679576199,-0.037597331580300875
0.5,policy::interval0.05__topm__bonus1.5,rank_only,0.851839265025061,-0.03746943451285978
0.5,policy::interval0.05__topm__bonus2,rank_only,0.8530001435205418,-0.036308556017379034
0.5,policy::interval0.05__topm__bonus3,rank_only,0.8533158848326352,-0.03599281470528559
0.5,policy::interval0.05__topm__expected_mix0.25,rank_only,0.8665177863577647,-0.022790913180156136
0.5,policy::interval0.05__topm__expected_mix0.5,rank_only,0.8652999413494532,-0.024008758188467594
0.5,policy::interval0.05__topm__expected_mix0.75,rank_only,0.8643303641645903,-0.024978335373330496
0.5,policy::interval0.05__topm__expected_rejection,rank_only,0.8638561985997883,-0.02545250093813245
0.5,policy::interval0.05__topm__h_tau0.8,rank_only,0.8416875191867087,-0.0476211803512121
0.5,policy::interval0.05__topm__h_tau0.9,rank_only,0.849948743222428,-0.03935995631549283
0.5,policy::interval0.05__topm__h_tau1.1,rank_only,0.8530539646957509,-0.0362547348421699
0.5,policy::interval0.05__topm__h_tau1.25,rank_only,0.8535691650122502,-0.03573953452567058
0.5,policy::interval0.05__topm__original,rank_only,0.8516645085272712,-0.03764419101064964
0.5,policy::interval0.05__topm__power0.5,rank_only,0.8539176859533378,-0.035391013584582964
0.5,policy::interval0.05__topm__power0.75,rank_only,0.8542442470883581,-0.03506445244956269
0.5,policy::interval0.05__topm__power1.25,rank_only,0.8466240980033888,-0.04268460153453202
0.5,policy::interval0.05__topm__power1.5,rank_only,0.8406716840386377,-0.04863701549928312
0.5,policy::interval0.05__topm__uniform0.02,rank_only,0.8603671061659565,-0.028941593371964336
0.5,policy::interval0.05__topm__uniform0.05,rank_only,0.8587561956231294,-0.030552503914791362
0.5,policy::interval0.05__topm__uniform0.1,rank_only,0.8580777362838574,-0.031230963254063382
0.5,policy::interval0.05__topm__uniform0.2,rank_only,0.856583883259049,-0.032724816278871804
0.5,policy::interval0.1__full__accept_clip0.02,rank_only,0.8618938402898783,-0.027414859248042545
0.5,policy::interval0.1__full__accept_clip0.05,rank_only,0.8612372723713946,-0.02807142716652622
0.5,policy::interval0.1__full__accept_clip0.1,rank_only,0.8588784504081696,-0.03043024912975123
0.5,policy::interval0.1__full__bonus1.25,rank_only,0.8524041704133734,-0.03690452912454745
0.5,policy::interval0.1__full__bonus1.5,rank_only,0.8531825536582399,-0.03612614587968088
0.5,policy::interval0.1__full__bonus2,rank_only,0.8536386189608577,-0.03567008057706311
0.5,policy::interval0.1__full__bonus3,rank_only,0.8537970124727668,-0.03551168706515395
0.5,policy::interval0.1__full__expected_mix0.25,rank_only,0.867156618211318,-0.022152081326602846
0.5,policy::interval0.1__full__expected_mix0.5,rank_only,0.8662630335090048,-0.023045666028916
0.5,policy::interval0.1__full__expected_mix0.75,rank_only,0.8661895464564624,-0.0231191530814584
0.5,policy::interval0.1__full__expected_rejection,rank_only,0.8642371057966585,-0.025071593741262332
0.5,policy::interval0.1__full__h_tau0.8,rank_only,0.8423471018185332,-0.04696159771938757
0.5,policy::interval0.1__full__h_tau0.9,rank_only,0.8505536441074649,-0.038755055430455876
0.5,policy::interval0.1__full__h_tau1.1,rank_only,0.8538070585200935,-0.03550164101782727
0.5,policy::interval0.1__full__h_tau1.25,rank_only,0.8544650455069579,-0.0348436540309629
0.5,policy::interval0.1__full__original,rank_only,0.8522788694155685,-0.03702983012235228
0.5,policy::interval0.1__full__power0.5,rank_only,0.8551930302159678,-0.03411566932195298
0.5,policy::interval0.1__full__power0.75,rank_only,0.8550214437829399,-0.03428725575498093
0.5,policy::interval0.1__full__power1.25,rank_only,0.8473344672595385,-0.04197423227838226
0.5,policy::interval0.1__full__power1.5,rank_only,0.8413479763242411,-0.04796072321367972
0.5,policy::interval0.1__full__uniform0.02,rank_only,0.8612839428371829,-0.028024756700737896
0.5,policy::interval0.1__full__uniform0.05,rank_only,0.8605779228219184,-0.028730776716002437
0.5,policy::interval0.1__full__uniform0.1,rank_only,0.8591572827717241,-0.030151416766196704
0.5,policy::interval0.1__full__uniform0.2,rank_only,0.8586173066770115,-0.030691392860909272
0.5,policy::interval0.1__topm__accept_clip0.02,rank_only,0.8617627404079916,-0.027545959129929187
0.5,policy::interval0.1__topm__accept_clip0.05,rank_only,0.8611644565597766,-0.02814424297814422
0.5,policy::interval0.1__topm__accept_clip0.1,rank_only,0.8592691845379771,-0.03003951499994373
0.5,policy::interval0.1__topm__bonus1.25,rank_only,0.85238412517617,-0.036924574361750784
0.5,policy::interval0.1__topm__bonus1.5,rank_only,0.8524827491696304,-0.036825950368290394
0.5,policy::interval0.1__topm__bonus2,rank_only,0.8536423426488242,-0.035666356889096584
0.5,policy::interval0.1__topm__bonus3,rank_only,0.8539627196680402,-0.03534597986988064
0.5,policy::interval0.1__topm__expected_mix0.25,rank_only,0.8671848494013717,-0.02212385013654905
0.5,policy::interval0.1__topm__expected_mix0.5,rank_only,0.8661050452400014,-0.023203654297919374
0.5,policy::interval0.1__topm__expected_mix0.75,rank_only,0.8651298503558479,-0.024178849182072915
0.5,policy::interval0.1__topm__expected_rejection,rank_only,0.8645823223164935,-0.024726377221427343
0.5,policy::interval0.1__topm__h_tau0.8,rank_only,0.8424085627703507,-0.0469001367675701
0.5,policy::interval0.1__topm__h_tau0.9,rank_only,0.8505338261671042,-0.03877487337081664
0.5,policy::interval0.1__topm__h_tau1.1,rank_only,0.8537060544698475,-0.03560264506807331
0.5,policy::interval0.1__topm__h_tau1.25,rank_only,0.8543175405690594,-0.0349911589688614
0.5,policy::interval0.1__topm__original,rank_only,0.8522662524446548,-0.037042447093265984
0.5,policy::interval0.1__topm__power0.5,rank_only,0.8543689854942669,-0.034939714043653924
0.5,policy::interval0.1__topm__power0.75,rank_only,0.8550019435708796,-0.03430675596704125
0.5,policy::interval0.1__topm__power1.25,rank_only,0.8473377025016282,-0.04197099703629259
0.5,policy::interval0.1__topm__power1.5,rank_only,0.8413479861369583,-0.04796071340096253
0.5,policy::interval0.1__topm__uniform0.02,rank_only,0.8610893596023821,-0.028219339935538712
0.5,policy::interval0.1__topm__uniform0.05,rank_only,0.860529682439844,-0.028779017098076842
0.5,policy::interval0.1__topm__uniform0.1,rank_only,0.8597682189570122,-0.029540480580908635
0.5,policy::interval0.1__topm__uniform0.2,rank_only,0.8583378925260634,-0.030970807011857393
0.5,policy::interval0.25__full__accept_clip0.02,rank_only,0.8660054524649361,-0.0233032470729847
0.5,policy::interval0.25__full__accept_clip0.05,rank_only,0.8655146989925061,-0.023794000545414695
0.5,policy::interval0.25__full__accept_clip0.1,rank_only,0.8635191816664471,-0.025789517871473655
0.5,policy::interval0.25__full__bonus1.25,rank_only,0.8556939268310907,-0.03361477270683011
0.5,policy::interval0.25__full__bonus1.5,rank_only,0.8568549380361196,-0.03245376150180124
0.5,policy::interval0.25__full__bonus2,rank_only,0.8573269853766017,-0.03198171416131912
0.5,policy::interval0.25__full__bonus3,rank_only,0.8573698679215019,-0.03193883161641886
0.5,policy::interval0.25__full__expected_mix0.25,rank_only,0.8714431090944404,-0.01786559044348035
0.5,policy::interval0.25__full__expected_mix0.5,rank_only,0.8703838738914862,-0.018924825646434607
0.5,policy::interval0.25__full__expected_mix0.75,rank_only,0.8702824850693551,-0.019026214468565672
0.5,policy::interval0.25__full__expected_rejection,rank_only,0.8683311777710321,-0.020977521766888718
0.5,policy::interval0.25__full__h_tau0.8,rank_only,0.8461435392603156,-0.0431651602776052
0.5,policy::interval0.25__full__h_tau0.9,rank_only,0.8545393966326451,-0.03476930290527569
0.5,policy::interval0.25__full__h_tau1.1,rank_only,0.8572263537790971,-0.03208234575882374
0.5,policy::interval0.25__full__h_tau1.25,rank_only,0.8581492290610548,-0.031159470476865958
0.5,policy::interval0.25__full__original,rank_only,0.8555674275029452,-0.03374127203497557
0.5,policy::interval0.25__full__power0.5,rank_only,0.8591821751663447,-0.030126524371576147
0.5,policy::interval0.25__full__power0.75,rank_only,0.858232002113776,-0.03107669742414476
0.5,policy::interval0.25__full__power1.25,rank_only,0.8510824424588233,-0.03822625707909755
0.5,policy::interval0.25__full__power1.5,rank_only,0.8458243802412369,-0.04348431929668395
0.5,policy::interval0.25__full__uniform0.02,rank_only,0.8651344000680095,-0.024174299469911342
0.5,policy::interval0.25__full__uniform0.05,rank_only,0.8649110112320628,-0.02439768830585798
0.5,policy::interval0.25__full__uniform0.1,rank_only,0.864414290616662,-0.024894408921258826
0.5,policy::interval0.25__full__uniform0.2,rank_only,0.8633124919854295,-0.025996207552491324
0.5,policy::interval0.25__topm__accept_clip0.02,rank_only,0.8658610610017922,-0.023447638536128634
0.5,policy::interval0.25__topm__accept_clip0.05,rank_only,0.8654372205472419,-0.023871478990678874
0.5,policy::interval0.25__topm__accept_clip0.1,rank_only,0.8638946082633496,-0.02541409127457117
0.5,policy::interval0.25__topm__bonus1.25,rank_only,0.8556726975396853,-0.033636001998235465
0.5,policy::interval0.25__topm__bonus1.5,rank_only,0.8557982885348167,-0.033510411003104146
0.5,policy::interval0.25__topm__bonus2,rank_only,0.8573295251088813,-0.031979174429039525
0.5,policy::interval0.25__topm__bonus3,rank_only,0.8575343909267947,-0.03177430861112607
0.5,policy::interval0.25__topm__expected_mix0.25,rank_only,0.8714713482256764,-0.0178373513122444
0.5,policy::interval0.25__topm__expected_mix0.5,rank_only,0.8702231188973552,-0.019085580640565647
0.5,policy::interval0.25__topm__expected_mix0.75,rank_only,0.8692208065675915,-0.020087892970329313
0.5,policy::interval0.25__topm__expected_rejection,rank_only,0.8686366520386637,-0.020672047499257107
0.5,policy::interval0.25__topm__h_tau0.8,rank_only,0.846194843156394,-0.04311385638152676
0.5,policy::interval0.25__topm__h_tau0.9,rank_only,0.8545039778669135,-0.034804721671007344
0.5,policy::interval0.25__topm__h_tau1.1,rank_only,0.8571614063880592,-0.032147293149861644
0.5,policy::interval0.25__topm__h_tau1.25,rank_only,0.8580065633133985,-0.03130213622452227
0.5,policy::interval0.25__topm__original,rank_only,0.8555446535608016,-0.03376404597711924
0.5,policy::interval0.25__topm__power0.5,rank_only,0.8583591990269193,-0.030949500511001538
0.5,policy::interval0.25__topm__power0.75,rank_only,0.8582848485460474,-0.031023850991873436
0.5,policy::interval0.25__topm__power1.25,rank_only,0.8510856766919802,-0.03822302284594059
0.5,policy::interval0.25__topm__power1.5,rank_only,0.8458243903787228,-0.04348430915919799
0.5,policy::interval0.25__topm__uniform0.02,rank_only,0.8649735179970458,-0.024335181540874995
0.5,policy::interval0.25__topm__uniform0.05,rank_only,0.8648570598986371,-0.02445163963928365
0.5,policy::interval0.25__topm__uniform0.1,rank_only,0.8646408154233844,-0.024667884114536354
0.5,policy::interval0.25__topm__uniform0.2,rank_only,0.8631044439189856,-0.026204255618935246
0.5,policy::interval0.5__full__accept_clip0.02,rank_only,0.8696618921425245,-0.01964680739539626
0.5,policy::interval0.5__full__accept_clip0.05,rank_only,0.8699814526928498,-0.019327246845071033
0.5,policy::interval0.5__full__accept_clip0.1,rank_only,0.8679345620956552,-0.021374137442265573
0.5,policy::interval0.5__full__bonus1.25,rank_only,0.8581108225400449,-0.031197876997875906
0.5,policy::interval0.5__full__bonus1.5,rank_only,0.8591505929293016,-0.030158106608619173
0.5,policy::interval0.5__full__bonus2,rank_only,0.8595400868231192,-0.02976861271480158
0.5,policy::interval0.5__full__bonus3,rank_only,0.8596269238835856,-0.029681775654335163
0.5,policy::interval0.5__full__expected_mix0.25,rank_only,0.8764949226661397,-0.01281377687178109
0.5,policy::interval0.5__full__expected_mix0.5,rank_only,0.875469646497405,-0.013839053040515803
0.5,policy::interval0.5__full__expected_mix0.75,rank_only,0.8752212481169609,-0.014087451420959907
0.5,policy::interval0.5__full__expected_rejection,rank_only,0.8736069704930073,-0.015701729044913515
0.5,policy::interval0.5__full__h_tau0.8,rank_only,0.8497076102901626,-0.03960108924775818
0.5,policy::interval0.5__full__h_tau0.9,rank_only,0.8576531595947734,-0.031655539943147404
0.5,policy::interval0.5__full__h_tau1.1,rank_only,0.8600229714617651,-0.029285728076155704
0.5,policy::interval0.5__full__h_tau1.25,rank_only,0.8626608421938678,-0.02664785734405295
0.5,policy::interval0.5__full__original,rank_only,0.8580933565666456,-0.03121534297127515
0.5,policy::interval0.5__full__power0.5,rank_only,0.8614017904790684,-0.027906909058852403
0.5,policy::interval0.5__full__power0.75,rank_only,0.8605709385561467,-0.028737760981774052
0.5,policy::interval0.5__full__power1.25,rank_only,0.8534858742846794,-0.03582282525324143
0.5,policy::interval0.5__full__power1.5,rank_only,0.8478269411018884,-0.04148175843603241
0.5,policy::interval0.5__full__uniform0.02,rank_only,0.8685398517833238,-0.020768847754596975
0.5,policy::interval0.5__full__uniform0.05,rank_only,0.8679170061757682,-0.02139169336215263
0.5,policy::interval0.5__full__uniform0.1,rank_only,0.8677591733689423,-0.02154952616897854
0.5,policy::interval0.5__full__uniform0.2,rank_only,0.8677837097787483,-0.021524989759172497
0.5,policy::interval0.5__topm__accept_clip0.02,rank_only,0.8694977479011047,-0.01981095163681612
0.5,policy::interval0.5__topm__accept_clip0.05,rank_only,0.8699769874161933,-0.019331712121727462
0.5,policy::interval0.5__topm__accept_clip0.1,rank_only,0.8683109374058834,-0.020997762132037412
0.5,policy::interval0.5__topm__bonus1.25,rank_only,0.8581454464639964,-0.031163253073924424
0.5,policy::interval0.5__topm__bonus1.5,rank_only,0.8581040355567567,-0.03120466398116406
0.5,policy::interval0.5__topm__bonus2,rank_only,0.8595424571312028,-0.02976624240671799
0.5,policy::interval0.5__topm__bonus3,rank_only,0.85979127754339,-0.02951742199453078
0.5,policy::interval0.5__topm__expected_mix0.25,rank_only,0.8764579591654178,-0.012850740372503
0.5,policy::interval0.5__topm__expected_mix0.5,rank_only,0.87530775822266,-0.014000941315260751
0.5,policy::interval0.5__topm__expected_mix0.75,rank_only,0.8741629622238053,-0.015145737314115504
0.5,policy::interval0.5__topm__expected_rejection,rank_only,0.8739902677011824,-0.015318431836738422
0.5,policy::interval0.5__topm__h_tau0.8,rank_only,0.8497582957156155,-0.03955040382230535
0.5,policy::interval0.5__topm__h_tau0.9,rank_only,0.8576331276230855,-0.03167557191483528
0.5,policy::interval0.5__topm__h_tau1.1,rank_only,0.8599344802995283,-0.02937421923839245
0.5,policy::interval0.5__topm__h_tau1.25,rank_only,0.8625182324891445,-0.0267904670487763
0.5,policy::interval0.5__topm__original,rank_only,0.8580694570366617,-0.03123924250125909
0.5,policy::interval0.5__topm__power0.5,rank_only,0.8605776788923264,-0.028731020645594407
0.5,policy::interval0.5__topm__power0.75,rank_only,0.8605591028215706,-0.028749596716350245
0.5,policy::interval0.5__topm__power1.25,rank_only,0.8534891097172669,-0.03581958982065392
0.5,policy::interval0.5__topm__power1.5,rank_only,0.8478269510784494,-0.04148174845947139
0.5,policy::interval0.5__topm__uniform0.02,rank_only,0.868356166429666,-0.020952533108254845
0.5,policy::interval0.5__topm__uniform0.05,rank_only,0.8678614222881584,-0.021447277249762364
0.5,policy::interval0.5__topm__uniform0.1,rank_only,0.8679102458454974,-0.021398453692423436
0.5,policy::interval0.5__topm__uniform0.2,rank_only,0.8675637104095562,-0.021744989128364645
0.5,policy::interval0.75__full__accept_clip0.02,rank_only,0.8726850819087649,-0.016623617629155873
0.5,policy::interval0.75__full__accept_clip0.05,rank_only,0.8731157021290976,-0.016192997408823184
0.5,policy::interval0.75__full__accept_clip0.1,rank_only,0.871153794191224,-0.018154905346696837
0.5,policy::interval0.75__full__bonus1.25,rank_only,0.8615011947252667,-0.02780750481265415
0.5,policy::interval0.75__full__bonus1.5,rank_only,0.8624756892103549,-0.02683301032756591
0.5,policy::interval0.75__full__bonus2,rank_only,0.8629117429662575,-0.0263969565716633
0.5,policy::interval0.75__full__bonus3,rank_only,0.863019747711411,-0.02628895182650981
0.5,policy::interval0.75__full__expected_mix0.25,rank_only,0.8807314900233737,-0.008577209514547102
0.5,policy::interval0.75__full__expected_mix0.5,rank_only,0.8803076606775158,-0.009001038860405042
0.5,policy::interval0.75__full__expected_mix0.75,rank_only,0.8801472434582163,-0.009161456079704533
0.5,policy::interval0.75__full__expected_rejection,rank_only,0.8777839351143917,-0.011524764423529121
0.5,policy::interval0.75__full__h_tau0.8,rank_only,0.852122906669011,-0.03718579286890977
0.5,policy::interval0.75__full__h_tau0.9,rank_only,0.8608817136073218,-0.028426985930599002
0.5,policy::interval0.75__full__h_tau1.1,rank_only,0.8636860902339263,-0.025622609303994515
0.5,policy::interval0.75__full__h_tau1.25,rank_only,0.8663613913047643,-0.022947308233156494
0.5,policy::interval0.75__full__original,rank_only,0.8614725934672767,-0.02783610607064413
0.5,policy::interval0.75__full__power0.5,rank_only,0.8647485308316709,-0.024560168706249885
0.5,policy::interval0.75__full__power0.75,rank_only,0.864137395263085,-0.025171304274835826
0.5,policy::interval0.75__full__power1.25,rank_only,0.8568209008085279,-0.03248779872939289
0.5,policy::interval0.75__full__power1.5,rank_only,0.851013093990295,-0.03829560554762579
0.5,policy::interval0.75__full__uniform0.02,rank_only,0.8724998485091643,-0.01680885102875651
0.5,policy::interval0.75__full__uniform0.05,rank_only,0.8708201151515518,-0.018488584386369022
0.5,policy::interval0.75__full__uniform0.1,rank_only,0.8717757580158559,-0.01753294152206486
0.5,policy::interval0.75__full__uniform0.2,rank_only,0.8706320290674873,-0.018676670470433532
0.5,policy::interval0.75__topm__accept_clip0.02,rank_only,0.8725023130880242,-0.016806386449896626
0.5,policy::interval0.75__topm__accept_clip0.05,rank_only,0.8731122734767996,-0.01619642606112115
0.5,policy::interval0.75__topm__accept_clip0.1,rank_only,0.8714897299471949,-0.01781896959072593
0.5,policy::interval0.75__topm__bonus1.25,rank_only,0.8615152984670987,-0.027793401070822066
0.5,policy::interval0.75__topm__bonus1.5,rank_only,0.8613959756417406,-0.027912723896180158
0.5,policy::interval0.75__topm__bonus2,rank_only,0.8629031543228014,-0.026405545215119397
0.5,policy::interval0.75__topm__bonus3,rank_only,0.8630887626186659,-0.02621993691925495
0.5,policy::interval0.75__topm__expected_mix0.25,rank_only,0.8806482146155329,-0.008660484922387912
0.5,policy::interval0.75__topm__expected_mix0.5,rank_only,0.8801319494353679,-0.009176750102552922
0.5,policy::interval0.75__topm__expected_mix0.75,rank_only,0.8798456548489444,-0.009463044688976407
0.5,policy::interval0.75__topm__expected_rejection,rank_only,0.8790876711685714,-0.01022102836934935
0.5,policy::interval0.75__topm__h_tau0.8,rank_only,0.8521633093441401,-0.037145390193780714
0.5,policy::interval0.75__topm__h_tau0.9,rank_only,0.8608531968834061,-0.028455502654514686
0.5,policy::interval0.75__topm__h_tau1.1,rank_only,0.8636429499902076,-0.025665749547713168
0.5,policy::interval0.75__topm__h_tau1.25,rank_only,0.8662249961207535,-0.023083703417167256
0.5,policy::interval0.75__topm__original,rank_only,0.8614386910533827,-0.027870008484538134
0.5,policy::interval0.75__topm__power0.5,rank_only,0.863888487030777,-0.02542021250714377
0.5,policy::interval0.75__topm__power0.75,rank_only,0.8641217670026782,-0.025186932535242623
0.5,policy::interval0.75__topm__power1.25,rank_only,0.8568255538327628,-0.03248314570515798
0.5,policy::interval0.75__topm__power1.5,rank_only,0.8510131040444661,-0.03829559549345474
0.5,policy::interval0.75__topm__uniform0.02,rank_only,0.8723060782762523,-0.017002621261668516
0.5,policy::interval0.75__topm__uniform0.05,rank_only,0.8708035976197377,-0.01850510191818311
0.5,policy::interval0.75__topm__uniform0.1,rank_only,0.8719058030672319,-0.017402896470688933
0.5,policy::interval0.75__topm__uniform0.2,rank_only,0.8704937390413527,-0.018814960496568056
0.5,policy::interval0__full__accept_clip0.02,rank_only,0.8607425350450587,-0.02856616449286209
0.5,policy::interval0__full__accept_clip0.05,rank_only,0.8601413296508416,-0.029167369887079242
0.5,policy::interval0__full__accept_clip0.1,rank_only,0.857206333178352,-0.03210236635956876
0.5,policy::interval0__full__bonus1.25,rank_only,0.8514313145778416,-0.0378773849600792
0.5,policy::interval0__full__bonus1.5,rank_only,0.8522102604142021,-0.037098439123718685
0.5,policy::interval0__full__bonus2,rank_only,0.8526687108216436,-0.03663998871627716
0.5,policy::interval0__full__bonus3,rank_only,0.8528072841972939,-0.0365014153406269
0.5,policy::interval0__full__expected_mix0.25,rank_only,0.8657000660614593,-0.02360863347646147
0.5,policy::interval0__full__expected_mix0.5,rank_only,0.8652305502585295,-0.024078149279391337
0.5,policy::interval0__full__expected_mix0.75,rank_only,0.8651988401100033,-0.024109859427917546
0.5,policy::interval0__full__expected_rejection,rank_only,0.8631970121571898,-0.026111687380730997
0.5,policy::interval0__full__h_tau0.8,rank_only,0.8416734570642058,-0.04763524247371498
0.5,policy::interval0__full__h_tau0.9,rank_only,0.8500800863494437,-0.039228613188477146
0.5,policy::interval0__full__h_tau1.1,rank_only,0.8528340094565716,-0.03647469008134918
0.5,policy::interval0__full__h_tau1.25,rank_only,0.8532640260039186,-0.0360446735340022
0.5,policy::interval0__full__original,rank_only,0.8513106416923995,-0.03799805784552135
0.5,policy::interval0__full__power0.5,rank_only,0.8544248471742688,-0.03488385236365199
0.5,policy::interval0__full__power0.75,rank_only,0.8539167230271603,-0.03539197651076054
0.5,policy::interval0__full__power1.25,rank_only,0.8467773101764533,-0.0425313893614675
0.5,policy::interval0__full__power1.5,rank_only,0.8406586390076597,-0.04865006053026111
0.5,policy::interval0__full__uniform0.02,rank_only,0.8599336609966962,-0.029375038541224585
0.5,policy::interval0__full__uniform0.05,rank_only,0.8584415354668374,-0.030867164071083364
0.5,policy::interval0__full__uniform0.1,rank_only,0.8571048662646874,-0.032203833273233395
0.5,policy::interval0__full__uniform0.2,rank_only,0.8565237719638457,-0.03278492757407514
0.5,policy::interval0__topm__accept_clip0.02,rank_only,0.8605901431909352,-0.028718556346985613
0.5,policy::interval0__topm__accept_clip0.05,rank_only,0.8600351712871697,-0.029273528250751135
0.5,policy::interval0__topm__accept_clip0.1,rank_only,0.8575929599234718,-0.03171573961444896
0.5,policy::interval0__topm__bonus1.25,rank_only,0.8514136441718115,-0.037895055366109265
0.5,policy::interval0__topm__bonus1.5,rank_only,0.8515104561256546,-0.03779824341226623
0.5,policy::interval0__topm__bonus2,rank_only,0.8526713754777452,-0.03663732406017561
0.5,policy::interval0__topm__bonus3,rank_only,0.8529729915236424,-0.036335708014278434
0.5,policy::interval0__topm__expected_mix0.25,rank_only,0.8657423277024014,-0.02356637183551935
0.5,policy::interval0__topm__expected_mix0.5,rank_only,0.8650500270996258,-0.024258672438295048
0.5,policy::interval0__topm__expected_mix0.75,rank_only,0.8641247357071264,-0.025183963830794354
0.5,policy::interval0__topm__expected_rejection,rank_only,0.8635409829478332,-0.025767716590087586
0.5,policy::interval0__topm__h_tau0.8,rank_only,0.8418072187088365,-0.04750148082908434
0.5,policy::interval0__topm__h_tau0.9,rank_only,0.8500478937359884,-0.039260805801932364
0.5,policy::interval0__topm__h_tau1.1,rank_only,0.8527422572883983,-0.036566442249522546
0.5,policy::interval0__topm__h_tau1.25,rank_only,0.853094326336463,-0.03621437320145782
0.5,policy::interval0__topm__original,rank_only,0.851293250658488,-0.038015448879432756
0.5,policy::interval0__topm__power0.5,rank_only,0.8536008252142822,-0.035707874323638644
0.5,policy::interval0__topm__power0.75,rank_only,0.8539278062976242,-0.035380893240296585
0.5,policy::interval0__topm__power1.25,rank_only,0.8467805452845493,-0.04252815425337153
0.5,policy::interval0__topm__power1.5,rank_only,0.8406586489549013,-0.04865005058301952
0.5,policy::interval0__topm__uniform0.02,rank_only,0.8597122847181949,-0.029596414819725858
0.5,policy::interval0__topm__uniform0.05,rank_only,0.8584165832767404,-0.03089211626118038
0.5,policy::interval0__topm__uniform0.1,rank_only,0.8577409836051977,-0.03156771593272312
0.5,policy::interval0__topm__uniform0.2,rank_only,0.8562213796996715,-0.03308731983824931
0.5,policy::interval1__full__accept_clip0.02,rank_only,0.9045585584204021,0.015249858882481315
0.5,policy::interval1__full__accept_clip0.05,rank_only,0.9038425315714801,0.01453383203355929
0.5,policy::interval1__full__accept_clip0.1,rank_only,0.8994712214436071,0.01016252190568634
0.5,policy::interval1__full__bonus1.25,rank_only,0.8893262391348187,1.753959689787532e-05
0.5,policy::interval1__full__bonus1.5,rank_only,0.8902980629092387,0.0009893633713179417
0.5,policy::interval1__full__bonus2,rank_only,0.8906082137791619,0.0012995142412410843
0.5,policy::interval1__full__bonus3,rank_only,0.890599713472982,0.0012910139350611471
0.5,policy::interval1__full__expected_mix0.25,rank_only,0.9126951903248186,0.023386490786897807
0.5,policy::interval1__full__expected_mix0.5,rank_only,0.9101434900204147,0.020834790482493926
0.5,policy::interval1__full__expected_mix0.75,rank_only,0.9078513110001891,0.01854261146226832
0.5,policy::interval1__full__expected_rejection,rank_only,0.9073403820266351,0.01803168248871434
0.5,policy::interval1__full__h_tau0.8,rank_only,0.878365640122929,-0.010943059414991851
0.5,policy::interval1__full__h_tau0.9,rank_only,0.8882510202912094,-0.0010576792467114071
0.5,policy::interval1__full__h_tau1.1,rank_only,0.8913979367108005,0.0020892371728796766
0.5,policy::interval1__full__h_tau1.25,rank_only,0.8942483526057493,0.004939653067828509
0.5,policy::interval1__full__original,rank_only,0.889344969460033,3.6269922112253106e-05
0.5,policy::interval1__full__power0.5,rank_only,0.8899785585011366,0.0006698589632158081
0.5,policy::interval1__full__power0.75,rank_only,0.8904967708288624,0.0011880712909415614
0.5,policy::interval1__full__power1.25,rank_only,0.883736523850492,-0.005572175687428849
0.5,policy::interval1__full__power1.5,rank_only,0.8783093056331178,-0.010999393904802979
0.5,policy::interval1__full__uniform0.02,rank_only,0.9020626362685653,0.01275393673064451
0.5,policy::interval1__full__uniform0.05,rank_only,0.8988874914310733,0.009578791893152472
0.5,policy::interval1__full__uniform0.1,rank_only,0.8995515051148307,0.01024280557690993
0.5,policy::interval1__full__uniform0.2,rank_only,0.8965994886865282,0.007290789148607368
0.5,policy::interval1__topm__accept_clip0.02,rank_only,0.9035771966808729,0.014268497142952086
0.5,policy::interval1__topm__accept_clip0.05,rank_only,0.9035608842996258,0.014252184761704978
0.5,policy::interval1__topm__accept_clip0.1,rank_only,0.8998461125563965,0.010537413018475661
0.5,policy::interval1__topm__bonus1.25,rank_only,0.8893790379585121,7.033842059134265e-05
0.5,policy::interval1__topm__bonus1.5,rank_only,0.8892205833903177,-8.811614760306785e-05
0.5,policy::interval1__topm__bonus2,rank_only,0.8905989279215996,0.0012902283836787598
0.5,policy::interval1__topm__bonus3,rank_only,0.8906673254781649,0.0013586259402440515
0.5,policy::interval1__topm__expected_mix0.25,rank_only,0.9126486504917339,0.023339950953813138
0.5,policy::interval1__topm__expected_mix0.5,rank_only,0.908984315595336,0.01967561605741519
0.5,policy::interval1__topm__expected_mix0.75,rank_only,0.9075454243977797,0.018236724859858944
0.5,policy::interval1__topm__expected_rejection,rank_only,0.9084015582454892,0.019092858707568383
0.5,policy::interval1__topm__h_tau0.8,rank_only,0.8783926968765767,-0.01091600266134407
0.5,policy::interval1__topm__h_tau0.9,rank_only,0.8882315740075927,-0.0010771255303281269
0.5,policy::interval1__topm__h_tau1.1,rank_only,0.890200895067941,0.0008921955300201789
0.5,policy::interval1__topm__h_tau1.25,rank_only,0.8939336105620171,0.004624911024096345
0.5,policy::interval1__topm__original,rank_only,0.8893086995379208,0.0
0.5,policy::interval1__topm__power0.5,rank_only,0.8889376504065427,-0.00037104913137808726
0.5,policy::interval1__topm__power0.75,rank_only,0.8903348491192871,0.0010261495813662647
0.5,policy::interval1__topm__power1.25,rank_only,0.8837411159974202,-0.005567583540500576
0.5,policy::interval1__topm__power1.5,rank_only,0.8783093160322232,-0.010999383505697624
0.5,policy::interval1__topm__uniform0.02,rank_only,0.901974196573173,0.012665497035252216
0.5,policy::interval1__topm__uniform0.05,rank_only,0.8987867550065902,0.009478055468669422
0.5,policy::interval1__topm__uniform0.1,rank_only,0.8996587316967666,0.010350032158845779
0.5,policy::interval1__topm__uniform0.2,rank_only,0.8966067168500643,0.007298017312143523
0.5,policy::keep12__full__accept_clip0.02,rank_only,0.9050597025315402,0.015751002993619423
0.5,policy::keep12__full__accept_clip0.05,rank_only,0.9044733168304898,0.015164617292569016
0.5,policy::keep12__full__accept_clip0.1,rank_only,0.9000844518798693,0.010775752341948497
0.5,policy::keep12__full__bonus1.25,rank_only,0.8889817520175464,-0.0003269475203744321
0.5,policy::keep12__full__bonus1.5,rank_only,0.8899535757944302,0.0006448762565094412
0.5,policy::keep12__full__bonus2,rank_only,0.8902625702488736,0.0009538707109527644
0.5,policy::keep12__full__bonus3,rank_only,0.8902497336122399,0.0009410340743191137
0.5,policy::keep12__full__expected_mix0.25,rank_only,0.9127442381452131,0.023435538607292306
0.5,policy::keep12__full__expected_mix0.5,rank_only,0.9102813279008035,0.020972628362882717
0.5,policy::keep12__full__expected_mix0.75,rank_only,0.9080050272682012,0.018696327730280404
0.5,policy::keep12__full__expected_rejection,rank_only,0.9075629420663852,0.018254242528464415
0.5,policy::keep12__full__h_tau0.8,rank_only,0.8778156729394339,-0.011493026598486944
0.5,policy::keep12__full__h_tau0.9,rank_only,0.8877770136209864,-0.0015316859169344221
0.5,policy::keep12__full__h_tau1.1,rank_only,0.8911127775919937,0.0018040780540728996
0.5,policy::keep12__full__h_tau1.25,rank_only,0.8939859157208183,0.0046772161828975145
0.5,policy::keep12__full__original,rank_only,0.8890006663100133,-0.00030803322790751153
0.5,policy::keep12__full__power0.5,rank_only,0.88959194147891,0.0002832419409891651
0.5,policy::keep12__full__power0.75,rank_only,0.890250955813015,0.0009422562750942554
0.5,policy::keep12__full__power1.25,rank_only,0.8832971690201494,-0.0060115305177713685
0.5,policy::keep12__full__power1.5,rank_only,0.877603112378455,-0.011705587159465791
0.5,policy::keep12__full__uniform0.02,rank_only,0.9022496221290458,0.012940922591125004
0.5,policy::keep12__full__uniform0.05,rank_only,0.898883997898118,0.009575298360197215
0.5,policy::keep12__full__uniform0.1,rank_only,0.8995515051148307,0.01024280557690993
0.5,policy::keep12__full__uniform0.2,rank_only,0.8965994886865282,0.007290789148607368
0.5,policy::keep12__topm__accept_clip0.02,rank_only,0.9040643799077653,0.014755680369844537
0.5,policy::keep12__topm__accept_clip0.05,rank_only,0.9041916695586355,0.014882970020714703
0.5,policy::keep12__topm__accept_clip0.1,rank_only,0.9004589762903649,0.011150276752444066
0.5,policy::keep12__topm__bonus1.25,rank_only,0.8890345508412398,-0.00027414869668096475
0.5,policy::keep12__topm__bonus1.5,rank_only,0.8888760962755091,-0.00043260326241167935
0.5,policy::keep12__topm__bonus2,rank_only,0.8902532843913112,0.00094458485339044
0.5,policy::keep12__topm__bonus3,rank_only,0.8903173456174228,0.001008646079502018
0.5,policy::keep12__topm__expected_mix0.25,rank_only,0.9127334067787424,0.023424707240821574
0.5,policy::keep12__topm__expected_mix0.5,rank_only,0.9091012902381489,0.019792590700228097
0.5,policy::keep12__topm__expected_mix0.75,rank_only,0.9076991406657918,0.018390441127871027
0.5,policy::keep12__topm__expected_rejection,rank_only,0.9086241182852393,0.019315418747318458
0.5,policy::keep12__topm__h_tau0.8,rank_only,0.8778434440174966,-0.011465255520424211
0.5,policy::keep12__topm__h_tau0.9,rank_only,0.8877407638325395,-0.0015679357053812737
0.5,policy::keep12__topm__h_tau1.1,rank_only,0.8899250183565697,0.0006163188186488755
0.5,policy::keep12__topm__h_tau1.25,rank_only,0.8936522153046162,0.004343515766695449
0.5,policy::keep12__topm__original,rank_only,0.8889651107123158,-0.00034358882560503456
0.5,policy::keep12__topm__power0.5,rank_only,0.888551033384316,-0.0007576661536048412
0.5,policy::keep12__topm__power0.75,rank_only,0.8900890342000214,0.0007803346621005902
0.5,policy::keep12__topm__power1.25,rank_only,0.8833017611670777,-0.006006938370843096
0.5,policy::keep12__topm__power1.5,rank_only,0.8776031227775605,-0.011705576760360326
0.5,policy::keep12__topm__uniform0.02,rank_only,0.9021503159279279,0.012841616390007138
0.5,policy::keep12__topm__uniform0.05,rank_only,0.8987980151961174,0.009489315658196551
0.5,policy::keep12__topm__uniform0.1,rank_only,0.8996587316967666,0.010350032158845779
0.5,policy::keep12__topm__uniform0.2,rank_only,0.8966067168500643,0.007298017312143523
0.5,policy::keep1__full__accept_clip0.02,rank_only,0.8708110372074075,-0.01849766233051331
0.5,policy::keep1__full__accept_clip0.05,rank_only,0.8722906955156695,-0.017018004022251287
0.5,policy::keep1__full__accept_clip0.1,rank_only,0.8695747920095662,-0.019733907528354577
0.5,policy::keep1__full__bonus1.25,rank_only,0.8522527484388602,-0.03705595109906057
0.5,policy::keep1__full__bonus1.5,rank_only,0.8530312777355018,-0.036277421802418996
0.5,policy::keep1__full__bonus2,rank_only,0.8534902188619274,-0.03581848067599336
0.5,policy::keep1__full__bonus3,rank_only,0.8535542630577766,-0.0357544364801442
0.5,policy::keep1__full__expected_mix0.25,rank_only,0.8765663330667615,-0.012742366471159339
0.5,policy::keep1__full__expected_mix0.5,rank_only,0.8760299781350881,-0.013278721402832705
0.5,policy::keep1__full__expected_mix0.75,rank_only,0.8761563192566165,-0.013152380281304277
0.5,policy::keep1__full__expected_rejection,rank_only,0.8749304994287336,-0.014378200109187222
0.5,policy::keep1__full__h_tau0.8,rank_only,0.8420546311304404,-0.047254068407480365
0.5,policy::keep1__full__h_tau0.9,rank_only,0.8499279485213052,-0.039380751016615645
0.5,policy::keep1__full__h_tau1.1,rank_only,0.8543069576046192,-0.03500174193330163
0.5,policy::keep1__full__h_tau1.25,rank_only,0.8570004296178044,-0.03230826992011637
0.5,policy::keep1__full__original,rank_only,0.8521326583919066,-0.03717604114601425
0.5,policy::keep1__full__power0.5,rank_only,0.856201144666315,-0.03310755487160577
0.5,policy::keep1__full__power0.75,rank_only,0.8545953125040103,-0.03471338703391047
0.5,policy::keep1__full__power1.25,rank_only,0.8471280006346681,-0.04218069890325271
0.5,policy::keep1__full__power1.5,rank_only,0.8408525718880528,-0.04845612764986795
0.5,policy::keep1__full__uniform0.02,rank_only,0.8693596418800342,-0.01994905765788657
0.5,policy::keep1__full__uniform0.05,rank_only,0.8668122562017139,-0.022496443336206928
0.5,policy::keep1__full__uniform0.1,rank_only,0.8676263091437204,-0.02168239039420039
0.5,policy::keep1__full__uniform0.2,rank_only,0.8675258763645034,-0.0217828231734174
0.5,policy::keep1__topm__accept_clip0.02,rank_only,0.8700243118632939,-0.019284387674626924
0.5,policy::keep1__topm__accept_clip0.05,rank_only,0.8722325246987379,-0.01707617483918289
0.5,policy::keep1__topm__accept_clip0.1,rank_only,0.8696514378135612,-0.019657261724359554
0.5,policy::keep1__topm__bonus1.25,rank_only,0.8522350779638433,-0.03707362157407745
0.5,policy::keep1__topm__bonus1.5,rank_only,0.8523314733779672,-0.03697722615995358
0.5,policy::keep1__topm__bonus2,rank_only,0.8534939424755403,-0.035814757062380465
0.5,policy::keep1__topm__bonus3,rank_only,0.8536348248599096,-0.0356738746780112
0.5,policy::keep1__topm__expected_mix0.25,rank_only,0.8765820359661918,-0.012726663571729024
0.5,policy::keep1__topm__expected_mix0.5,rank_only,0.875848989616184,-0.01345970992173684
0.5,policy::keep1__topm__expected_mix0.75,rank_only,0.8750815815285974,-0.014227118009323414
0.5,policy::keep1__topm__expected_rejection,rank_only,0.874832862096054,-0.014475837441866757
0.5,policy::keep1__topm__h_tau0.8,rank_only,0.842111319693916,-0.04719737984400485
0.5,policy::keep1__topm__h_tau0.9,rank_only,0.8498957559078497,-0.039412943630071084
0.5,policy::keep1__topm__h_tau1.1,rank_only,0.8542171093771952,-0.035091590160725605
0.5,policy::keep1__topm__h_tau1.25,rank_only,0.8568348103022735,-0.03247388923564731
0.5,policy::keep1__topm__original,rank_only,0.8521152673235016,-0.037193432214419175
0.5,policy::keep1__topm__power0.5,rank_only,0.8553759872481933,-0.033932712289727496
0.5,policy::keep1__topm__power0.75,rank_only,0.8546063956568829,-0.0347023038810379
0.5,policy::keep1__topm__power1.25,rank_only,0.8471309919639062,-0.04217770757401462
0.5,policy::keep1__topm__power1.5,rank_only,0.8408525817783802,-0.04845611775954062
0.5,policy::keep1__topm__uniform0.02,rank_only,0.8691457599017662,-0.020162939636154564
0.5,policy::keep1__topm__uniform0.05,rank_only,0.8666650695120551,-0.02264363002586567
0.5,policy::keep1__topm__uniform0.1,rank_only,0.8677016029611221,-0.021607096576798712
0.5,policy::keep1__topm__uniform0.2,rank_only,0.8671080776368588,-0.02220062190106198
0.5,policy::keep2__full__accept_clip0.02,rank_only,0.8861681905477905,-0.0031405089901302974
0.5,policy::keep2__full__accept_clip0.05,rank_only,0.8859525156102654,-0.003356183927655354
0.5,policy::keep2__full__accept_clip0.1,rank_only,0.883195141232456,-0.0061135583054647835
0.5,policy::keep2__full__bonus1.25,rank_only,0.8654580860646319,-0.023850613473288873
0.5,policy::keep2__full__bonus1.5,rank_only,0.86626711407717,-0.023041585460750746
0.5,policy::keep2__full__bonus2,rank_only,0.8667292290199011,-0.022579470518019673
0.5,policy::keep2__full__bonus3,rank_only,0.8667758566033488,-0.022532842934572028
0.5,policy::keep2__full__expected_mix0.25,rank_only,0.8915722349763109,0.002263535438390085
0.5,policy::keep2__full__expected_mix0.5,rank_only,0.8905020502323346,0.0011933506944138417
0.5,policy::keep2__full__expected_mix0.75,rank_only,0.8914645284291105,0.002155828891189704
0.5,policy::keep2__full__expected_rejection,rank_only,0.8898269907839034,0.0005182912459825717
0.5,policy::keep2__full__h_tau0.8,rank_only,0.8538986290921418,-0.03541007044577904
0.5,policy::keep2__full__h_tau0.9,rank_only,0.8631400634158999,-0.026168636122020916
0.5,policy::keep2__full__h_tau1.1,rank_only,0.868036756638889,-0.02127194289903178
0.5,policy::keep2__full__h_tau1.25,rank_only,0.8713099075431807,-0.017998791994740082
0.5,policy::keep2__full__original,rank_only,0.8653311749903541,-0.023977524547566742
0.5,policy::keep2__full__power0.5,rank_only,0.8700085413409598,-0.01930015819696096
0.5,policy::keep2__full__power0.75,rank_only,0.8679477033584803,-0.02136099617944054
0.5,policy::keep2__full__power1.25,rank_only,0.8604877891918358,-0.028820910346085027
0.5,policy::keep2__full__power1.5,rank_only,0.8540979274810301,-0.035210772056890716
0.5,policy::keep2__full__uniform0.02,rank_only,0.8845067872642774,-0.0048019122736433495
0.5,policy::keep2__full__uniform0.05,rank_only,0.8819546198584876,-0.007354079679433245
0.5,policy::keep2__full__uniform0.1,rank_only,0.8826165928253348,-0.006692106712586021
0.5,policy::keep2__full__uniform0.2,rank_only,0.8810836652460843,-0.00822503429183652
0.5,policy::keep2__topm__accept_clip0.02,rank_only,0.8853786334417203,-0.003930066096200502
0.5,policy::keep2__topm__accept_clip0.05,rank_only,0.8856504150883484,-0.003658284449572391
0.5,policy::keep2__topm__accept_clip0.1,rank_only,0.883272541767252,-0.006036157770668793
0.5,policy::keep2__topm__bonus1.25,rank_only,0.8654390938014277,-0.023869605736493105
0.5,policy::keep2__topm__bonus1.5,rank_only,0.8655659879314481,-0.023742711606472677
0.5,policy::keep2__topm__bonus2,rank_only,0.8667316311170323,-0.02257706842088847
0.5,policy::keep2__topm__bonus3,rank_only,0.8668550967552682,-0.022453602782652626
0.5,policy::keep2__topm__expected_mix0.25,rank_only,0.8915864909864623,0.002277791448541455
0.5,policy::keep2__topm__expected_mix0.5,rank_only,0.8903217682425474,0.0010130687046265852
0.5,policy::keep2__topm__expected_mix0.75,rank_only,0.8911403247688269,0.0018316252309060754
0.5,policy::keep2__topm__expected_rejection,rank_only,0.8904324071155608,0.0011237075776400207
0.5,policy::keep2__topm__h_tau0.8,rank_only,0.8539554160988015,-0.035353283439119254
0.5,policy::keep2__topm__h_tau0.9,rank_only,0.8631113869604778,-0.026197312577442955
0.5,policy::keep2__topm__h_tau1.1,rank_only,0.8679376565402327,-0.021371042997688106
0.5,policy::keep2__topm__h_tau1.25,rank_only,0.8711422909003876,-0.01816640863753316
0.5,policy::keep2__topm__original,rank_only,0.8653124622027487,-0.023996237335172088
0.5,policy::keep2__topm__power0.5,rank_only,0.8691541129886526,-0.02015458654926816
0.5,policy::keep2__topm__power0.75,rank_only,0.8679344347756202,-0.021374264762300643
0.5,policy::keep2__topm__power1.25,rank_only,0.86049153730345,-0.02881716223447084
0.5,policy::keep2__topm__power1.5,rank_only,0.8540979372144122,-0.035210762323508615
0.5,policy::keep2__topm__uniform0.02,rank_only,0.884290866113704,-0.0050178334242168
0.5,policy::keep2__topm__uniform0.05,rank_only,0.8818133790916262,-0.00749532044629464
0.5,policy::keep2__topm__uniform0.1,rank_only,0.882644723631294,-0.006663975906626818
0.5,policy::keep2__topm__uniform0.2,rank_only,0.8806542246905991,-0.008654474847321736
0.5,policy::keep3__full__accept_clip0.02,rank_only,0.8926814876537452,0.003372788115824421
0.5,policy::keep3__full__accept_clip0.05,rank_only,0.8932715349598048,0.003962835421884026
0.5,policy::keep3__full__accept_clip0.1,rank_only,0.8897521208315344,0.0004434212936136328
0.5,policy::keep3__full__bonus1.25,rank_only,0.8701826908269029,-0.019126008711017883
0.5,policy::keep3__full__bonus1.5,rank_only,0.8710470994599748,-0.018261600077945972
0.5,policy::keep3__full__bonus2,rank_only,0.8715271180913313,-0.01778158144658948
0.5,policy::keep3__full__bonus3,rank_only,0.8715742263373051,-0.01773447320061572
0.5,policy::keep3__full__expected_mix0.25,rank_only,0.8998517694479053,0.010543069909984548
0.5,policy::keep3__full__expected_mix0.5,rank_only,0.8988062240361175,0.009497524498196741
0.5,policy::keep3__full__expected_mix0.75,rank_only,0.898675464582605,0.009366765044684255
0.5,policy::keep3__full__expected_rejection,rank_only,0.896845110549536,0.007536411011615174
0.5,policy::keep3__full__h_tau0.8,rank_only,0.8594478518788311,-0.029860847659089695
0.5,policy::keep3__full__h_tau0.9,rank_only,0.8686732168614059,-0.020635482676514938
0.5,policy::keep3__full__h_tau1.1,rank_only,0.8733696777389802,-0.015939021798940578
0.5,policy::keep3__full__h_tau1.25,rank_only,0.8767509395602737,-0.012557759977647076
0.5,policy::keep3__full__original,rank_only,0.8701663223482791,-0.019142377189641735
0.5,policy::keep3__full__power0.5,rank_only,0.8753609932408596,-0.013947706297061213
0.5,policy::keep3__full__power0.75,rank_only,0.8732490039321309,-0.016059695605789903
0.5,policy::keep3__full__power1.25,rank_only,0.8652200805632184,-0.02408861897470238
0.5,policy::keep3__full__power1.5,rank_only,0.8588475318817829,-0.030461167656137933
0.5,policy::keep3__full__uniform0.02,rank_only,0.8891830523208716,-0.00012564721704921844
0.5,policy::keep3__full__uniform0.05,rank_only,0.8863871178606649,-0.002921581677255869
0.5,policy::keep3__full__uniform0.1,rank_only,0.8887263527226339,-0.0005823468152869049
0.5,policy::keep3__full__uniform0.2,rank_only,0.8874629742108042,-0.0018457253271165763
0.5,policy::keep3__topm__accept_clip0.02,rank_only,0.8918927102083843,0.0025840106704635435
0.5,policy::keep3__topm__accept_clip0.05,rank_only,0.8930015040878869,0.003692804549966122
0.5,policy::keep3__topm__accept_clip0.1,rank_only,0.8898339136234649,0.0005252140855440679
0.5,policy::keep3__topm__bonus1.25,rank_only,0.8702198639847228,-0.019088835553197958
0.5,policy::keep3__topm__bonus1.5,rank_only,0.8703003709185928,-0.019008328619327997
0.5,policy::keep3__topm__bonus2,rank_only,0.8715296629543515,-0.017779036583569274
0.5,policy::keep3__topm__bonus3,rank_only,0.8716536689652591,-0.017655030572661712
0.5,policy::keep3__topm__expected_mix0.25,rank_only,0.899811621143719,0.010502921605798243
0.5,policy::keep3__topm__expected_mix0.5,rank_only,0.8975869133177167,0.008278213779795873
0.5,policy::keep3__topm__expected_mix0.75,rank_only,0.898356794770622,0.009048095232701225
0.5,policy::keep3__topm__expected_rejection,rank_only,0.8974604738017956,0.008151774263874811
0.5,policy::keep3__topm__h_tau0.8,rank_only,0.8595022464464837,-0.029806453091437146
0.5,policy::keep3__topm__h_tau0.9,rank_only,0.8686435863177464,-0.02066511322017439
0.5,policy::keep3__topm__h_tau1.1,rank_only,0.8732782788114352,-0.01603042072648564
0.5,policy::keep3__topm__h_tau1.25,rank_only,0.8765852872333376,-0.012723412304583182
0.5,policy::keep3__topm__original,rank_only,0.8701477522725312,-0.01916094726538964
0.5,policy::keep3__topm__power0.5,rank_only,0.8742498801566332,-0.015058819381287614
0.5,policy::keep3__topm__power0.75,rank_only,0.8732482699757812,-0.0160604295621396
0.5,policy::keep3__topm__power1.25,rank_only,0.8652262237310285,-0.024082475806892267
0.5,policy::keep3__topm__power1.5,rank_only,0.8588475421946549,-0.030461157343265932
0.5,policy::keep3__topm__uniform0.02,rank_only,0.8889630455975964,-0.00034565394032437524
0.5,policy::keep3__topm__uniform0.05,rank_only,0.8862344302092934,-0.0030742693286274214
0.5,policy::keep3__topm__uniform0.1,rank_only,0.8887496794268447,-0.0005590201110761139
0.5,policy::keep3__topm__uniform0.2,rank_only,0.8869810045920495,-0.0023276949458712615
0.5,policy::keep5__full__accept_clip0.02,rank_only,0.8993321073733462,0.010023407835425435
0.5,policy::keep5__full__accept_clip0.05,rank_only,0.8983567536948961,0.009048054156975294
0.5,policy::keep5__full__accept_clip0.1,rank_only,0.8938903718676271,0.004581672329706299
0.5,policy::keep5__full__bonus1.25,rank_only,0.8809209204835775,-0.008387779054343292
0.5,policy::keep5__full__bonus1.5,rank_only,0.881725180957598,-0.007583518580322801
0.5,policy::keep5__full__bonus2,rank_only,0.8821150219069765,-0.007193677630944251
0.5,policy::keep5__full__bonus3,rank_only,0.8822040515223644,-0.007104648015556436
0.5,policy::keep5__full__expected_mix0.25,rank_only,0.9086070996403295,0.019298400102408686
0.5,policy::keep5__full__expected_mix0.5,rank_only,0.9070391201337016,0.017730420595780783
0.5,policy::keep5__full__expected_mix0.75,rank_only,0.906194771664601,0.01688607212668025
0.5,policy::keep5__full__expected_rejection,rank_only,0.90644728785553,0.01713858831760917
0.5,policy::keep5__full__h_tau0.8,rank_only,0.8694208162401557,-0.01988788329776514
0.5,policy::keep5__full__h_tau0.9,rank_only,0.879322330851349,-0.009986368686571767
0.5,policy::keep5__full__h_tau1.1,rank_only,0.8835439142817125,-0.005764785256208271
0.5,policy::keep5__full__h_tau1.25,rank_only,0.887143791665905,-0.002164907872015842
0.5,policy::keep5__full__original,rank_only,0.8808633480105085,-0.008445351527412326
0.5,policy::keep5__full__power0.5,rank_only,0.8850125789610898,-0.004296120576831042
0.5,policy::keep5__full__power0.75,rank_only,0.8836182613370556,-0.005690438200865233
0.5,policy::keep5__full__power1.25,rank_only,0.8751519315447268,-0.014156767993193986
0.5,policy::keep5__full__power1.5,rank_only,0.8687924879894615,-0.020516211548459284
0.5,policy::keep5__full__uniform0.02,rank_only,0.8967338003976426,0.0074251008597218116
0.5,policy::keep5__full__uniform0.05,rank_only,0.8924333740972824,0.0031246745593616065
0.5,policy::keep5__full__uniform0.1,rank_only,0.894489807753591,0.005181108215670194
0.5,policy::keep5__full__uniform0.2,rank_only,0.8926839551012499,0.0033752555633290715
0.5,policy::keep5__topm__accept_clip0.02,rank_only,0.8983617800152126,0.009053080477291808
0.5,policy::keep5__topm__accept_clip0.05,rank_only,0.8980487425475883,0.008740043009667464
0.5,policy::keep5__topm__accept_clip0.1,rank_only,0.8939397075253954,0.004631007987474622
0.5,policy::keep5__topm__bonus1.25,rank_only,0.8809141750212923,-0.008394524516628477
0.5,policy::keep5__topm__bonus1.5,rank_only,0.880968775453815,-0.008339924084105776
0.5,policy::keep5__topm__bonus2,rank_only,0.8821172735062389,-0.00719142603168188
0.5,policy::keep5__topm__bonus3,rank_only,0.8822832008952799,-0.007025498642640904
0.5,policy::keep5__topm__expected_mix0.25,rank_only,0.9085396153664996,0.019230915828578832
0.5,policy::keep5__topm__expected_mix0.5,rank_only,0.9058028159288185,0.016494116390897706
0.5,policy::keep5__topm__expected_mix0.75,rank_only,0.9059102909140938,0.01660159137617301
0.5,policy::keep5__topm__expected_rejection,rank_only,0.9070308709804099,0.01772217144248911
0.5,policy::keep5__topm__h_tau0.8,rank_only,0.8694804855648135,-0.0198282139731073
0.5,policy::keep5__topm__h_tau0.9,rank_only,0.8792856699381136,-0.010023029599807165
0.5,policy::keep5__topm__h_tau1.1,rank_only,0.8834473373615397,-0.005861362176381113
0.5,policy::keep5__topm__h_tau1.25,rank_only,0.8868433566680926,-0.0024653428698282465
0.5,policy::keep5__topm__original,rank_only,0.8808492571651766,-0.008459442372744208
0.5,policy::keep5__topm__power0.5,rank_only,0.8839013193432821,-0.005407380194638711
0.5,policy::keep5__topm__power0.75,rank_only,0.8834438062631521,-0.00586489327476869
0.5,policy::keep5__topm__power1.25,rank_only,0.8751556801403043,-0.014153019397616484
0.5,policy::keep5__topm__power1.5,rank_only,0.868792498388567,-0.02051620114935382
0.5,policy::keep5__topm__uniform0.02,rank_only,0.8965344290249626,0.00722572948704181
0.5,policy::keep5__topm__uniform0.05,rank_only,0.8921359012376354,0.002827201699714621
0.5,policy::keep5__topm__uniform0.1,rank_only,0.894511388354674,0.0052026888167532315
0.5,policy::keep5__topm__uniform0.2,rank_only,0.892514093344341,0.0032053938064201537
0.5,policy::keep8__full__accept_clip0.02,rank_only,0.9042338630018403,0.014925163463919477
0.5,policy::keep8__full__accept_clip0.05,rank_only,0.9037382483541032,0.014429548816182414
0.5,policy::keep8__full__accept_clip0.1,rank_only,0.8997045643036599,0.01039586476573906
0.5,policy::keep8__full__bonus1.25,rank_only,0.8866214706372717,-0.002687228900649097
0.5,policy::keep8__full__bonus1.5,rank_only,0.8875873480472796,-0.001721351490641232
0.5,policy::keep8__full__bonus2,rank_only,0.8878932667998193,-0.0014154327381015186
0.5,policy::keep8__full__bonus3,rank_only,0.8879572766763519,-0.0013514228615688628
0.5,policy::keep8__full__expected_mix0.25,rank_only,0.9122366625268077,0.022927962988886885
0.5,policy::keep8__full__expected_mix0.5,rank_only,0.9099700488202909,0.020661349282370067
0.5,policy::keep8__full__expected_mix0.75,rank_only,0.9079464995626344,0.018637800024713602
0.5,policy::keep8__full__expected_rejection,rank_only,0.9079767616859596,0.018668062148038844
0.5,policy::keep8__full__h_tau0.8,rank_only,0.875507762608549,-0.013800936929371788
0.5,policy::keep8__full__h_tau0.9,rank_only,0.885455059797511,-0.0038536397404097533
0.5,policy::keep8__full__h_tau1.1,rank_only,0.8890536913060926,-0.0002550082318282243
0.5,policy::keep8__full__h_tau1.25,rank_only,0.8913655131633491,0.002056813625428311
0.5,policy::keep8__full__original,rank_only,0.886559988151716,-0.002748711386204805
0.5,policy::keep8__full__power0.5,rank_only,0.888963541370129,-0.00034515816779179254
0.5,policy::keep8__full__power0.75,rank_only,0.8894202332834771,0.00011153374555628037
0.5,policy::keep8__full__power1.25,rank_only,0.8807286526690393,-0.008580046868881475
0.5,policy::keep8__full__power1.5,rank_only,0.8751423598554361,-0.014166339682484708
0.5,policy::keep8__full__uniform0.02,rank_only,0.9018042878140556,0.01249558827613484
0.5,policy::keep8__full__uniform0.05,rank_only,0.8984363672840654,0.009127667746144597
0.5,policy::keep8__full__uniform0.1,rank_only,0.8996959431168265,0.010387243578905747
0.5,policy::keep8__full__uniform0.2,rank_only,0.8967127556903016,0.007404056152380822
0.5,policy::keep8__topm__accept_clip0.02,rank_only,0.9032291391070584,0.013920439569137577
0.5,policy::keep8__topm__accept_clip0.05,rank_only,0.9034694146518932,0.014160715113972433
0.5,policy::keep8__topm__accept_clip0.1,rank_only,0.9000661338672589,0.010757434329338067
0.5,policy::keep8__topm__bonus1.25,rank_only,0.886607103563427,-0.00270159597449382
0.5,policy::keep8__topm__bonus1.5,rank_only,0.8865232823949954,-0.0027854171429253505
0.5,policy::keep8__topm__bonus2,rank_only,0.8878962599819887,-0.0014124395559320657
0.5,policy::keep8__topm__bonus3,rank_only,0.8880371676643525,-0.0012715318735683212
0.5,policy::keep8__topm__expected_mix0.25,rank_only,0.9121769033303204,0.022868203792399622
0.5,policy::keep8__topm__expected_mix0.5,rank_only,0.9087300212265597,0.01942132168863886
0.5,policy::keep8__topm__expected_mix0.75,rank_only,0.9076766572186425,0.018367957680721747
0.5,policy::keep8__topm__expected_rejection,rank_only,0.9089013898724504,0.019592690334529594
0.5,policy::keep8__topm__h_tau0.8,rank_only,0.8755599295434799,-0.013748769994440857
0.5,policy::keep8__topm__h_tau0.9,rank_only,0.8854107624477783,-0.0038979370901425225
0.5,policy::keep8__topm__h_tau1.1,rank_only,0.8878617053672039,-0.0014469941707169198
0.5,policy::keep8__topm__h_tau1.25,rank_only,0.8910283247383163,0.0017196252003954804
0.5,policy::keep8__topm__original,rank_only,0.8865376677171,-0.002771031820820835
0.5,policy::keep8__topm__power0.5,rank_only,0.8878532749820373,-0.0014554245558835444
0.5,policy::keep8__topm__power0.75,rank_only,0.8892712387923518,-3.74607455689846e-05
0.5,policy::keep8__topm__power1.25,rank_only,0.8807329279158411,-0.008575771622079675
0.5,policy::keep8__topm__power1.5,rank_only,0.8751423701769312,-0.014166329360989605
0.5,policy::keep8__topm__uniform0.02,rank_only,0.9016577033412662,0.01234900380334536
0.5,policy::keep8__topm__uniform0.05,rank_only,0.8983627359937135,0.009054036455792724
0.5,policy::keep8__topm__uniform0.1,rank_only,0.8997315032398366,0.01042280370191584
0.5,policy::keep8__topm__uniform0.2,rank_only,0.8966217850664188,0.0073130855284979646
0.5,policy::lambda0.1__full__accept_clip0.02,bounded_subtraction,0.8957312954446628,0.00642259590674199
0.5,policy::lambda0.1__full__accept_clip0.05,bounded_subtraction,0.8938227109385273,0.004514011400606477
0.5,policy::lambda0.1__full__accept_clip0.1,bounded_subtraction,0.8920003827551078,0.0026916832171870464
0.5,policy::lambda0.1__full__bonus1.25,bounded_subtraction,0.8803260916962903,-0.008982607841630519
0.5,policy::lambda0.1__full__bonus1.5,bounded_subtraction,0.8812512656228678,-0.00805743391505298
0.5,policy::lambda0.1__full__bonus2,bounded_subtraction,0.8816973128584972,-0.007611386679423626
0.5,policy::lambda0.1__full__bonus3,bounded_subtraction,0.881800102273156,-0.007508597264764827
0.5,policy::lambda0.1__full__expected_mix0.25,bounded_subtraction,0.9024015421155679,0.01309284257764709
0.5,policy::lambda0.1__full__expected_mix0.5,bounded_subtraction,0.8997568393240482,0.010448139786127353
0.5,policy::lambda0.1__full__expected_mix0.75,bounded_subtraction,0.8980971307725301,0.008788431234609262
0.5,policy::lambda0.1__full__expected_rejection,bounded_subtraction,0.8960580230983021,0.006749323560381271
0.5,policy::lambda0.1__full__h_tau0.8,bounded_subtraction,0.8725697880399197,-0.016738911498001108
0.5,policy::lambda0.1__full__h_tau0.9,bounded_subtraction,0.8798903975438966,-0.009418301994024159
0.5,policy::lambda0.1__full__h_tau1.1,bounded_subtraction,0.8819083100316728,-0.007400389506247995
0.5,policy::lambda0.1__full__h_tau1.25,bounded_subtraction,0.8846156629052547,-0.00469303663266607
0.5,policy::lambda0.1__full__original,bounded_subtraction,0.8803857079692177,-0.008922991568703131
0.5,policy::lambda0.1__full__power0.5,bounded_subtraction,0.8818558612375903,-0.0074528383003305
0.5,policy::lambda0.1__full__power0.75,bounded_subtraction,0.8819785718211076,-0.007330127716813184
0.5,policy::lambda0.1__full__power1.25,bounded_subtraction,0.877112227662353,-0.012196471875567827
0.5,policy::lambda0.1__full__power1.5,bounded_subtraction,0.8738608345693162,-0.015447864968604619
0.5,policy::lambda0.1__full__uniform0.02,bounded_subtraction,0.894912926332489,0.005604226794568179
0.5,policy::lambda0.1__full__uniform0.05,bounded_subtraction,0.8915619849846936,0.0022532854467728347
0.5,policy::lambda0.1__full__uniform0.1,bounded_subtraction,0.8912004672898897,0.0018917677519688647
0.5,policy::lambda0.1__full__uniform0.2,bounded_subtraction,0.8888134025184605,-0.0004952970194602724
0.5,policy::lambda0.1__topm__accept_clip0.02,bounded_subtraction,0.8944096193960105,0.005100919858089692
0.5,policy::lambda0.1__topm__accept_clip0.05,bounded_subtraction,0.8938273735337824,0.0045186739958615885
0.5,policy::lambda0.1__topm__accept_clip0.1,bounded_subtraction,0.8908630697711929,0.0015543702332720954
0.5,policy::lambda0.1__topm__bonus1.25,bounded_subtraction,0.8791573529581731,-0.0101513465797477
0.5,policy::lambda0.1__topm__bonus1.5,bounded_subtraction,0.8790879169393324,-0.010220782598588385
0.5,policy::lambda0.1__topm__bonus2,bounded_subtraction,0.880529287982209,-0.008779411555711825
0.5,policy::lambda0.1__topm__bonus3,bounded_subtraction,0.8806304023334112,-0.008678297204509633
0.5,policy::lambda0.1__topm__expected_mix0.25,bounded_subtraction,0.9025141484952497,0.013205448957328891
0.5,policy::lambda0.1__topm__expected_mix0.5,bounded_subtraction,0.8993316302234752,0.010022930685554376
0.5,policy::lambda0.1__topm__expected_mix0.75,bounded_subtraction,0.8970701388710256,0.007761439333104803
0.5,policy::lambda0.1__topm__expected_rejection,bounded_subtraction,0.895057887301791,0.005749187763870234
0.5,policy::lambda0.1__topm__h_tau0.8,bounded_subtraction,0.8726071999259394,-0.01670149961198142
0.5,policy::lambda0.1__topm__h_tau0.9,bounded_subtraction,0.8799001034816625,-0.009408596056258323
0.5,policy::lambda0.1__topm__h_tau1.1,bounded_subtraction,0.881914489071265,-0.007394210466655782
0.5,policy::lambda0.1__topm__h_tau1.25,bounded_subtraction,0.8843286536114989,-0.004980045926421872
0.5,policy::lambda0.1__topm__original,bounded_subtraction,0.8792095074561161,-0.010099192081804653
0.5,policy::lambda0.1__topm__power0.5,bounded_subtraction,0.8808751312708467,-0.008433568267074087
0.5,policy::lambda0.1__topm__power0.75,bounded_subtraction,0.8819318820975615,-0.00737681744035934
0.5,policy::lambda0.1__topm__power1.25,bounded_subtraction,0.8770663011009475,-0.012242398436973279
0.5,policy::lambda0.1__topm__power1.5,bounded_subtraction,0.8737822537007447,-0.015526445837176106
0.5,policy::lambda0.1__topm__uniform0.02,bounded_subtraction,0.8937377633433976,0.004429063805476807
0.5,policy::lambda0.1__topm__uniform0.05,bounded_subtraction,0.8915480996731014,0.002239400135180647
0.5,policy::lambda0.1__topm__uniform0.1,bounded_subtraction,0.8911398321552365,0.0018311326173157116
0.5,policy::lambda0.1__topm__uniform0.2,bounded_subtraction,0.8886594667192473,-0.0006492328186734619
0.5,policy::lambda0.25__full__accept_clip0.02,bounded_subtraction,0.8887879751772743,-0.0005207243606465406
0.5,policy::lambda0.25__full__accept_clip0.05,bounded_subtraction,0.8875395894576465,-0.0017691100802742499
0.5,policy::lambda0.25__full__accept_clip0.1,bounded_subtraction,0.8848463723141635,-0.004462327223757279
0.5,policy::lambda0.25__full__bonus1.25,bounded_subtraction,0.873710942278654,-0.01559775725926682
0.5,policy::lambda0.25__full__bonus1.5,bounded_subtraction,0.8748035764682774,-0.014505123069643355
0.5,policy::lambda0.25__full__bonus2,bounded_subtraction,0.8748690400931936,-0.014439659444727249
0.5,policy::lambda0.25__full__bonus3,bounded_subtraction,0.8748921278338605,-0.0144165717040603
0.5,policy::lambda0.25__full__expected_mix0.25,bounded_subtraction,0.8949823202362739,0.005673620698353088
0.5,policy::lambda0.25__full__expected_mix0.5,bounded_subtraction,0.891418015302118,0.0021093157641971505
0.5,policy::lambda0.25__full__expected_mix0.75,bounded_subtraction,0.8893350438620016,2.6344324080773696e-05
0.5,policy::lambda0.25__full__expected_rejection,bounded_subtraction,0.8886077432783002,-0.0007009562596206331
0.5,policy::lambda0.25__full__h_tau0.8,bounded_subtraction,0.8676530003307161,-0.02165569920720467
0.5,policy::lambda0.25__full__h_tau0.9,bounded_subtraction,0.8729773716751067,-0.016331327862814105
0.5,policy::lambda0.25__full__h_tau1.1,bounded_subtraction,0.8764060732059723,-0.012902626331948497
0.5,policy::lambda0.25__full__h_tau1.25,bounded_subtraction,0.8788278160649416,-0.010480883472979152
0.5,policy::lambda0.25__full__original,bounded_subtraction,0.8736350320223292,-0.015673667515591627
0.5,policy::lambda0.25__full__power0.5,bounded_subtraction,0.8750155769607866,-0.01429312257713422
0.5,policy::lambda0.25__full__power0.75,bounded_subtraction,0.8752255439142467,-0.014083155623674126
0.5,policy::lambda0.25__full__power1.25,bounded_subtraction,0.8714180517615965,-0.01789064777632432
0.5,policy::lambda0.25__full__power1.5,bounded_subtraction,0.866319355924943,-0.022989343612977775
0.5,policy::lambda0.25__full__uniform0.02,bounded_subtraction,0.8867089982420281,-0.002599701295892709
0.5,policy::lambda0.25__full__uniform0.05,bounded_subtraction,0.8855455649828513,-0.0037631345550694917
0.5,policy::lambda0.25__full__uniform0.1,bounded_subtraction,0.8852705815504804,-0.0040381179874403594
0.5,policy::lambda0.25__full__uniform0.2,bounded_subtraction,0.8819898777388654,-0.007318821799055408
0.5,policy::lambda0.25__topm__accept_clip0.02,bounded_subtraction,0.8885661582659684,-0.0007425412719523905
0.5,policy::lambda0.25__topm__accept_clip0.05,bounded_subtraction,0.8874134485173545,-0.0018952510205663131
0.5,policy::lambda0.25__topm__accept_clip0.1,bounded_subtraction,0.8848539558902146,-0.00445474364770615
0.5,policy::lambda0.25__topm__bonus1.25,bounded_subtraction,0.8736745555378054,-0.015634144000115424
0.5,policy::lambda0.25__topm__bonus1.5,bounded_subtraction,0.8737498608163701,-0.015558838721550727
0.5,policy::lambda0.25__topm__bonus2,bounded_subtraction,0.874848339138697,-0.014460360399223826
0.5,policy::lambda0.25__topm__bonus3,bounded_subtraction,0.8748832655336521,-0.014425434004268656
0.5,policy::lambda0.25__topm__expected_mix0.25,bounded_subtraction,0.8947149113630642,0.005406211825143448
0.5,policy::lambda0.25__topm__expected_mix0.5,bounded_subtraction,0.8914756237815715,0.0021669242436507252
0.5,policy::lambda0.25__topm__expected_mix0.75,bounded_subtraction,0.8893919249206088,8.32253826880125e-05
0.5,policy::lambda0.25__topm__expected_rejection,bounded_subtraction,0.8876826891421871,-0.0016260103957337346
0.5,policy::lambda0.25__topm__h_tau0.8,bounded_subtraction,0.8676115396806681,-0.021697159857252735
0.5,policy::lambda0.25__topm__h_tau0.9,bounded_subtraction,0.8729914100915814,-0.016317289446339367
0.5,policy::lambda0.25__topm__h_tau1.1,bounded_subtraction,0.8764014525842111,-0.012907246953709706
0.5,policy::lambda0.25__topm__h_tau1.25,bounded_subtraction,0.8786153288392388,-0.010693370698682036
0.5,policy::lambda0.25__topm__original,bounded_subtraction,0.873572435171078,-0.015736264366842834
0.5,policy::lambda0.25__topm__power0.5,bounded_subtraction,0.873825856788943,-0.015482842748977821
0.5,policy::lambda0.25__topm__power0.75,bounded_subtraction,0.8753269088703561,-0.013981790667564664
0.5,policy::lambda0.25__topm__power1.25,bounded_subtraction,0.8714003210322824,-0.017908378505638423
0.5,policy::lambda0.25__topm__power1.5,bounded_subtraction,0.8663701905716941,-0.022938508966226734
0.5,policy::lambda0.25__topm__uniform0.02,bounded_subtraction,0.8866145786307654,-0.002694120907155373
0.5,policy::lambda0.25__topm__uniform0.05,bounded_subtraction,0.885519838427194,-0.003788861110726849
0.5,policy::lambda0.25__topm__uniform0.1,bounded_subtraction,0.8855400161337666,-0.0037686834041541495
0.5,policy::lambda0.25__topm__uniform0.2,bounded_subtraction,0.8818454713098424,-0.0074632282280784334
0.5,policy::lambda0.5__full__accept_clip0.02,bounded_subtraction,0.8801605770627232,-0.009148122475197584
0.5,policy::lambda0.5__full__accept_clip0.05,bounded_subtraction,0.8785629859210856,-0.010745713616835184
0.5,policy::lambda0.5__full__accept_clip0.1,bounded_subtraction,0.8756398278949672,-0.013668871642953606
0.5,policy::lambda0.5__full__bonus1.25,bounded_subtraction,0.8662948175193862,-0.023013882018534604
0.5,policy::lambda0.5__full__bonus1.5,bounded_subtraction,0.8674213833438604,-0.02188731619406037
0.5,policy::lambda0.5__full__bonus2,bounded_subtraction,0.86751700500791,-0.02179169453001084
0.5,policy::lambda0.5__full__bonus3,bounded_subtraction,0.8677914943194883,-0.021517205218432478
0.5,policy::lambda0.5__full__expected_mix0.25,bounded_subtraction,0.8840267171485046,-0.00528198238941624
0.5,policy::lambda0.5__full__expected_mix0.5,bounded_subtraction,0.8842158082325233,-0.005092891305397473
0.5,policy::lambda0.5__full__expected_mix0.75,bounded_subtraction,0.8833652961543006,-0.005943403383620205
0.5,policy::lambda0.5__full__expected_rejection,bounded_subtraction,0.8804736843505726,-0.008835015187348194
0.5,policy::lambda0.5__full__h_tau0.8,bounded_subtraction,0.8596091004497175,-0.0296995990882033
0.5,policy::lambda0.5__full__h_tau0.9,bounded_subtraction,0.8664972638521028,-0.022811435685818005
0.5,policy::lambda0.5__full__h_tau1.1,bounded_subtraction,0.867874489021883,-0.021434210516037777
0.5,policy::lambda0.5__full__h_tau1.25,bounded_subtraction,0.8701102888693097,-0.019198410668611054
0.5,policy::lambda0.5__full__original,bounded_subtraction,0.8662868981231435,-0.023021801414777276
0.5,policy::lambda0.5__full__power0.5,bounded_subtraction,0.8688139359806796,-0.020494763557241225
0.5,policy::lambda0.5__full__power0.75,bounded_subtraction,0.867452379644251,-0.021856319893669762
0.5,policy::lambda0.5__full__power1.25,bounded_subtraction,0.8655305207226908,-0.023778178815230033
0.5,policy::lambda0.5__full__power1.5,bounded_subtraction,0.8593938952842398,-0.029914804253680982
0.5,policy::lambda0.5__full__uniform0.02,bounded_subtraction,0.876837401069164,-0.01247129846875683
0.5,policy::lambda0.5__full__uniform0.05,bounded_subtraction,0.8776178404288689,-0.011690859109051877
0.5,policy::lambda0.5__full__uniform0.1,bounded_subtraction,0.8769044515982751,-0.012404247939645674
0.5,policy::lambda0.5__full__uniform0.2,bounded_subtraction,0.8735915045308614,-0.01571719500705937
0.5,policy::lambda0.5__topm__accept_clip0.02,bounded_subtraction,0.8800566699455488,-0.009252029592372035
0.5,policy::lambda0.5__topm__accept_clip0.05,bounded_subtraction,0.8782452086538897,-0.011063490884031135
0.5,policy::lambda0.5__topm__accept_clip0.1,bounded_subtraction,0.875591499337931,-0.013717200199989787
0.5,policy::lambda0.5__topm__bonus1.25,bounded_subtraction,0.8662800150066726,-0.023028684531248178
0.5,policy::lambda0.5__topm__bonus1.5,bounded_subtraction,0.8663803225458218,-0.022928376992099042
0.5,policy::lambda0.5__topm__bonus2,bounded_subtraction,0.8675110962697782,-0.021797603268142618
0.5,policy::lambda0.5__topm__bonus3,bounded_subtraction,0.8678072427255243,-0.021501456812396458
0.5,policy::lambda0.5__topm__expected_mix0.25,bounded_subtraction,0.8840058411216336,-0.005302858416287193
0.5,policy::lambda0.5__topm__expected_mix0.5,bounded_subtraction,0.8840035035542032,-0.005305195983717592
0.5,policy::lambda0.5__topm__expected_mix0.75,bounded_subtraction,0.882276053513318,-0.007032646024602851
0.5,policy::lambda0.5__topm__expected_rejection,bounded_subtraction,0.8805093255458102,-0.008799373992110615
0.5,policy::lambda0.5__topm__h_tau0.8,bounded_subtraction,0.8596279115997902,-0.02968078793813056
0.5,policy::lambda0.5__topm__h_tau0.9,bounded_subtraction,0.8665216014806142,-0.02278709805730661
0.5,policy::lambda0.5__topm__h_tau1.1,bounded_subtraction,0.8679285987592039,-0.021380100778716882
0.5,policy::lambda0.5__topm__h_tau1.25,bounded_subtraction,0.8699244556689871,-0.01938424386893367
0.5,policy::lambda0.5__topm__original,bounded_subtraction,0.8662607783848161,-0.023047921153104722
0.5,policy::lambda0.5__topm__power0.5,bounded_subtraction,0.867770317567212,-0.021538381970708786
0.5,policy::lambda0.5__topm__power0.75,bounded_subtraction,0.8674744582088232,-0.021834241329097615
0.5,policy::lambda0.5__topm__power1.25,bounded_subtraction,0.8655276514738304,-0.023781048064090426
0.5,policy::lambda0.5__topm__power1.5,bounded_subtraction,0.8595016532940404,-0.02980704624388042
0.5,policy::lambda0.5__topm__uniform0.02,bounded_subtraction,0.8768322856603448,-0.012476413877576031
0.5,policy::lambda0.5__topm__uniform0.05,bounded_subtraction,0.8778054890161249,-0.011503210521795926
0.5,policy::lambda0.5__topm__uniform0.1,bounded_subtraction,0.8768244211447143,-0.012484278393206538
0.5,policy::lambda0.5__topm__uniform0.2,bounded_subtraction,0.8738893555438066,-0.015419343994114154
0.5,policy::lambda0.75__full__accept_clip0.02,bounded_subtraction,0.871570605941342,-0.017738093596578852
0.5,policy::lambda0.75__full__accept_clip0.05,bounded_subtraction,0.8692275057888519,-0.020081193749068915
0.5,policy::lambda0.75__full__accept_clip0.1,bounded_subtraction,0.866262302322035,-0.02304639721588575
0.5,policy::lambda0.75__full__bonus1.25,bounded_subtraction,0.8582653523898874,-0.031043347148033362
0.5,policy::lambda0.75__full__bonus1.5,bounded_subtraction,0.8593472627481771,-0.029961436789743723
0.5,policy::lambda0.75__full__bonus2,bounded_subtraction,0.8594376493623248,-0.029871050175595992
0.5,policy::lambda0.75__full__bonus3,bounded_subtraction,0.8596948057681417,-0.029613893769779076
0.5,policy::lambda0.75__full__expected_mix0.25,bounded_subtraction,0.8754263093877171,-0.01388239015020365
0.5,policy::lambda0.75__full__expected_mix0.5,bounded_subtraction,0.8743935907576977,-0.014915108780223063
0.5,policy::lambda0.75__full__expected_mix0.75,bounded_subtraction,0.8728076489351265,-0.016501050602794276
0.5,policy::lambda0.75__full__expected_rejection,bounded_subtraction,0.8717257290484464,-0.017582970489474437
0.5,policy::lambda0.75__full__h_tau0.8,bounded_subtraction,0.8529734727802798,-0.036335226757641004
0.5,policy::lambda0.75__full__h_tau0.9,bounded_subtraction,0.857980254173488,-0.0313284453644328
0.5,policy::lambda0.75__full__h_tau1.1,bounded_subtraction,0.8587855362293839,-0.030523163308536883
0.5,policy::lambda0.75__full__h_tau1.25,bounded_subtraction,0.8611313681189565,-0.02817733141896428
0.5,policy::lambda0.75__full__original,bounded_subtraction,0.8580652194337317,-0.031243480104189092
0.5,policy::lambda0.75__full__power0.5,bounded_subtraction,0.8605204244108091,-0.028788275127111684
0.5,policy::lambda0.75__full__power0.75,bounded_subtraction,0.8595635637324384,-0.029745135805482437
0.5,policy::lambda0.75__full__power1.25,bounded_subtraction,0.8557883072472304,-0.03352039229069037
0.5,policy::lambda0.75__full__power1.5,bounded_subtraction,0.8511423532892798,-0.038166346248641014
0.5,policy::lambda0.75__full__uniform0.02,bounded_subtraction,0.8693156740583061,-0.01999302547961468
0.5,policy::lambda0.75__full__uniform0.05,bounded_subtraction,0.867915397557991,-0.021393301979929835
0.5,policy::lambda0.75__full__uniform0.1,bounded_subtraction,0.8682177135297191,-0.021090986008201695
0.5,policy::lambda0.75__full__uniform0.2,bounded_subtraction,0.8630778401670437,-0.026230859370877102
0.5,policy::lambda0.75__topm__accept_clip0.02,bounded_subtraction,0.8713327307185189,-0.01797596881940189
0.5,policy::lambda0.75__topm__accept_clip0.05,bounded_subtraction,0.8692062404798788,-0.020102459058041977
0.5,policy::lambda0.75__topm__accept_clip0.1,bounded_subtraction,0.8658471924192227,-0.0234615071186981
0.5,policy::lambda0.75__topm__bonus1.25,bounded_subtraction,0.8582345595651767,-0.031074139972744108
0.5,policy::lambda0.75__topm__bonus1.5,bounded_subtraction,0.858309156454983,-0.03099954308293784
0.5,policy::lambda0.75__topm__bonus2,bounded_subtraction,0.8593434287075432,-0.02996527083037759
0.5,policy::lambda0.75__topm__bonus3,bounded_subtraction,0.859605710362403,-0.029702989175517835
0.5,policy::lambda0.75__topm__expected_mix0.25,bounded_subtraction,0.8749818936093462,-0.014326805928574604
0.5,policy::lambda0.75__topm__expected_mix0.5,bounded_subtraction,0.8744141576053295,-0.01489454193259132
0.5,policy::lambda0.75__topm__expected_mix0.75,bounded_subtraction,0.872689716840648,-0.0166189826972728
0.5,policy::lambda0.75__topm__expected_rejection,bounded_subtraction,0.8706850110066697,-0.01862368853125107
0.5,policy::lambda0.75__topm__h_tau0.8,bounded_subtraction,0.8528376450223151,-0.03647105451560573
0.5,policy::lambda0.75__topm__h_tau0.9,bounded_subtraction,0.857988190606571,-0.031320508931349744
0.5,policy::lambda0.75__topm__h_tau1.1,bounded_subtraction,0.8587700561629021,-0.03053864337501866
0.5,policy::lambda0.75__topm__h_tau1.25,bounded_subtraction,0.860935693479046,-0.028373006058874828
0.5,policy::lambda0.75__topm__original,bounded_subtraction,0.858078333467473,-0.031230366070447824
0.5,policy::lambda0.75__topm__power0.5,bounded_subtraction,0.8594914305545204,-0.029817268983400425
0.5,policy::lambda0.75__topm__power0.75,bounded_subtraction,0.8595533806449399,-0.029755318892980887
0.5,policy::lambda0.75__topm__power1.25,bounded_subtraction,0.855710191800844,-0.033598507737076844
0.5,policy::lambda0.75__topm__power1.5,bounded_subtraction,0.8512521650656545,-0.03805653447226631
0.5,policy::lambda0.75__topm__uniform0.02,bounded_subtraction,0.8691538925703386,-0.020154806967582206
0.5,policy::lambda0.75__topm__uniform0.05,bounded_subtraction,0.867754140767717,-0.021554558770203847
0.5,policy::lambda0.75__topm__uniform0.1,bounded_subtraction,0.8682220523929506,-0.021086647144970216
0.5,policy::lambda0.75__topm__uniform0.2,bounded_subtraction,0.8625779048827925,-0.026730794655128287
0.5,policy::proxy__full__accept_clip0.02,proxy_allocation,0.9045585584204021,0.015249858882481315
0.5,policy::proxy__full__accept_clip0.05,proxy_allocation,0.9038425315714801,0.01453383203355929
0.5,policy::proxy__full__accept_clip0.1,proxy_allocation,0.8994712214436071,0.01016252190568634
0.5,policy::proxy__full__bonus1.25,proxy_allocation,0.8893262391348187,1.753959689787532e-05
0.5,policy::proxy__full__bonus1.5,proxy_allocation,0.8902980629092387,0.0009893633713179417
0.5,policy::proxy__full__bonus2,proxy_allocation,0.8906082137791619,0.0012995142412410843
0.5,policy::proxy__full__bonus3,proxy_allocation,0.890599713472982,0.0012910139350611471
0.5,policy::proxy__full__expected_mix0.25,proxy_allocation,0.9126951903248186,0.023386490786897807
0.5,policy::proxy__full__expected_mix0.5,proxy_allocation,0.9101434900204147,0.020834790482493926
0.5,policy::proxy__full__expected_mix0.75,proxy_allocation,0.9078513110001891,0.01854261146226832
0.5,policy::proxy__full__expected_rejection,proxy_allocation,0.9073403820266351,0.01803168248871434
0.5,policy::proxy__full__h_tau0.8,proxy_allocation,0.878365640122929,-0.010943059414991851
0.5,policy::proxy__full__h_tau0.9,proxy_allocation,0.8882510202912094,-0.0010576792467114071
0.5,policy::proxy__full__h_tau1.1,proxy_allocation,0.8913979367108005,0.0020892371728796766
0.5,policy::proxy__full__h_tau1.25,proxy_allocation,0.8942483526057493,0.004939653067828509
0.5,policy::proxy__full__original,proxy_allocation,0.889344969460033,3.6269922112253106e-05
0.5,policy::proxy__full__power0.5,proxy_allocation,0.8899785585011366,0.0006698589632158081
0.5,policy::proxy__full__power0.75,proxy_allocation,0.8904967708288624,0.0011880712909415614
0.5,policy::proxy__full__power1.25,proxy_allocation,0.883736523850492,-0.005572175687428849
0.5,policy::proxy__full__power1.5,proxy_allocation,0.8783093056331178,-0.010999393904802979
0.5,policy::proxy__full__uniform0.02,proxy_allocation,0.9020626362685653,0.01275393673064451
0.5,policy::proxy__full__uniform0.05,proxy_allocation,0.8988874914310733,0.009578791893152472
0.5,policy::proxy__full__uniform0.1,proxy_allocation,0.8995515051148307,0.01024280557690993
0.5,policy::proxy__full__uniform0.2,proxy_allocation,0.8965994886865282,0.007290789148607368
0.5,policy::proxy__topm__accept_clip0.02,proxy_allocation,0.9035771966808729,0.014268497142952086
0.5,policy::proxy__topm__accept_clip0.05,proxy_allocation,0.9035608842996258,0.014252184761704978
0.5,policy::proxy__topm__accept_clip0.1,proxy_allocation,0.8998461125563965,0.010537413018475661
0.5,policy::proxy__topm__bonus1.25,proxy_allocation,0.8893790379585121,7.033842059134265e-05
0.5,policy::proxy__topm__bonus1.5,proxy_allocation,0.8892205833903177,-8.811614760306785e-05
0.5,policy::proxy__topm__bonus2,proxy_allocation,0.8905989279215996,0.0012902283836787598
0.5,policy::proxy__topm__bonus3,proxy_allocation,0.8906673254781649,0.0013586259402440515
0.5,policy::proxy__topm__expected_mix0.25,proxy_allocation,0.9126486504917339,0.023339950953813138
0.5,policy::proxy__topm__expected_mix0.5,proxy_allocation,0.908984315595336,0.01967561605741519
0.5,policy::proxy__topm__expected_mix0.75,proxy_allocation,0.9075454243977797,0.018236724859858944
0.5,policy::proxy__topm__expected_rejection,proxy_allocation,0.9084015582454892,0.019092858707568383
0.5,policy::proxy__topm__h_tau0.8,proxy_allocation,0.8783926968765767,-0.01091600266134407
0.5,policy::proxy__topm__h_tau0.9,proxy_allocation,0.8882315740075927,-0.0010771255303281269
0.5,policy::proxy__topm__h_tau1.1,proxy_allocation,0.890200895067941,0.0008921955300201789
0.5,policy::proxy__topm__h_tau1.25,proxy_allocation,0.8939336105620171,0.004624911024096345
0.5,policy::proxy__topm__original,proxy_allocation,0.8893086995379208,0.0
0.5,policy::proxy__topm__power0.5,proxy_allocation,0.8889376504065427,-0.00037104913137808726
0.5,policy::proxy__topm__power0.75,proxy_allocation,0.8903348491192871,0.0010261495813662647
0.5,policy::proxy__topm__power1.25,proxy_allocation,0.8837411159974202,-0.005567583540500576
0.5,policy::proxy__topm__power1.5,proxy_allocation,0.8783093160322232,-0.010999383505697624
0.5,policy::proxy__topm__uniform0.02,proxy_allocation,0.901974196573173,0.012665497035252216
0.5,policy::proxy__topm__uniform0.05,proxy_allocation,0.8987867550065902,0.009478055468669422
0.5,policy::proxy__topm__uniform0.1,proxy_allocation,0.8996587316967666,0.010350032158845779
0.5,policy::proxy__topm__uniform0.2,proxy_allocation,0.8966067168500643,0.007298017312143523
0.5,policy::qpeak0.5__full__accept_clip0.02,local_gate,0.8803224122303251,-0.008986287307595653
0.5,policy::qpeak0.5__full__accept_clip0.05,local_gate,0.8780976465350692,-0.011211053002851634
0.5,policy::qpeak0.5__full__accept_clip0.1,local_gate,0.8725448868884184,-0.01676381264950244
0.5,policy::qpeak0.5__full__bonus1.25,local_gate,0.8718824612825646,-0.017426238255356163
0.5,policy::qpeak0.5__full__bonus1.5,local_gate,0.8728272357317204,-0.016481463806200414
0.5,policy::qpeak0.5__full__bonus2,local_gate,0.8731130567045113,-0.016195642833409463
0.5,policy::qpeak0.5__full__bonus3,local_gate,0.8722970813423906,-0.01701161819553021
0.5,policy::qpeak0.5__full__expected_mix0.25,local_gate,0.8853420040946495,-0.003966695443271329
0.5,policy::qpeak0.5__full__expected_mix0.5,local_gate,0.8827723554095588,-0.006536344128362015
0.5,policy::qpeak0.5__full__expected_mix0.75,local_gate,0.8828192775048839,-0.006489422033036929
0.5,policy::qpeak0.5__full__expected_rejection,local_gate,0.8802362928171406,-0.009072406720780246
0.5,policy::qpeak0.5__full__h_tau0.8,local_gate,0.8657324938469018,-0.023576205691019037
0.5,policy::qpeak0.5__full__h_tau0.9,local_gate,0.8711759450262104,-0.01813275451171037
0.5,policy::qpeak0.5__full__h_tau1.1,local_gate,0.8725582407123854,-0.016750458825535386
0.5,policy::qpeak0.5__full__h_tau1.25,local_gate,0.8736096666408021,-0.015699032897118714
0.5,policy::qpeak0.5__full__original,local_gate,0.8718681744306997,-0.01744052510722105
0.5,policy::qpeak0.5__full__power0.5,local_gate,0.8744343169505554,-0.014874382587365398
0.5,policy::qpeak0.5__full__power0.75,local_gate,0.8729411888621821,-0.016367510675738717
0.5,policy::qpeak0.5__full__power1.25,local_gate,0.8698564473913204,-0.0194522521466004
0.5,policy::qpeak0.5__full__power1.5,local_gate,0.8637010248623584,-0.025607674675562353
0.5,policy::qpeak0.5__full__uniform0.02,local_gate,0.8797003512331809,-0.009608348304739889
0.5,policy::qpeak0.5__full__uniform0.05,local_gate,0.8766384942166294,-0.012670205321291372
0.5,policy::qpeak0.5__full__uniform0.1,local_gate,0.8747462381212233,-0.01456246141669748
0.5,policy::qpeak0.5__full__uniform0.2,local_gate,0.8683076107788351,-0.021001088759085684
0.5,policy::qpeak0.5__topm__accept_clip0.02,local_gate,0.879147440471149,-0.010161259066771788
0.5,policy::qpeak0.5__topm__accept_clip0.05,local_gate,0.8768768892788785,-0.012431810259042275
0.5,policy::qpeak0.5__topm__accept_clip0.1,local_gate,0.8720724445329422,-0.017236255004978607
0.5,policy::qpeak0.5__topm__bonus1.25,local_gate,0.8719722329404996,-0.017336466597421163
0.5,policy::qpeak0.5__topm__bonus1.5,local_gate,0.8718039817798982,-0.017504717758022648
0.5,policy::qpeak0.5__topm__bonus2,local_gate,0.8728578052424057,-0.01645089429551505
0.5,policy::qpeak0.5__topm__bonus3,local_gate,0.8723900917763592,-0.01691860776156162
0.5,policy::qpeak0.5__topm__expected_mix0.25,local_gate,0.8852429728793715,-0.004065726658549318
0.5,policy::qpeak0.5__topm__expected_mix0.5,local_gate,0.882542866368493,-0.006765833169427804
0.5,policy::qpeak0.5__topm__expected_mix0.75,local_gate,0.8815980220230675,-0.007710677514853326
0.5,policy::qpeak0.5__topm__expected_rejection,local_gate,0.8802595539466039,-0.009049145591316865
0.5,policy::qpeak0.5__topm__h_tau0.8,local_gate,0.865782880366509,-0.023525819171411833
0.5,policy::qpeak0.5__topm__h_tau0.9,local_gate,0.8711861670903033,-0.018122532447617523
0.5,policy::qpeak0.5__topm__h_tau1.1,local_gate,0.8723509612463503,-0.016957738291570545
0.5,policy::qpeak0.5__topm__h_tau1.25,local_gate,0.8734415315329553,-0.01586716800496546
0.5,policy::qpeak0.5__topm__original,local_gate,0.8718683516683838,-0.017440347869536965
0.5,policy::qpeak0.5__topm__power0.5,local_gate,0.8733802817121707,-0.015928417825750052
0.5,policy::qpeak0.5__topm__power0.75,local_gate,0.872910333360246,-0.01639836617767476
0.5,policy::qpeak0.5__topm__power1.25,local_gate,0.8697787973361354,-0.01952990220178541
0.5,policy::qpeak0.5__topm__power1.5,local_gate,0.8636647570727258,-0.02564394246519497
0.5,policy::qpeak0.5__topm__uniform0.02,local_gate,0.8794200588463347,-0.009888640691586126
0.5,policy::qpeak0.5__topm__uniform0.05,local_gate,0.8767947121821158,-0.012513987355805
0.5,policy::qpeak0.5__topm__uniform0.1,local_gate,0.8734483033565267,-0.01586039618139412
0.5,policy::qpeak0.5__topm__uniform0.2,local_gate,0.8683336001765067,-0.020975099361414062
0.5,policy::qpeak0.7__full__accept_clip0.02,local_gate,0.8909367357557667,0.0016280362178459074
0.5,policy::qpeak0.7__full__accept_clip0.05,local_gate,0.8897499646373169,0.00044126509939612646
0.5,policy::qpeak0.7__full__accept_clip0.1,local_gate,0.8849045856237227,-0.004404113914198149
0.5,policy::qpeak0.7__full__bonus1.25,local_gate,0.8813349616332448,-0.007973737904676037
0.5,policy::qpeak0.7__full__bonus1.5,local_gate,0.8821404346966915,-0.007168264841229344
0.5,policy::qpeak0.7__full__bonus2,local_gate,0.8824728051172799,-0.00683589442064092
0.5,policy::qpeak0.7__full__bonus3,local_gate,0.8822856761121574,-0.007023023425763442
0.5,policy::qpeak0.7__full__expected_mix0.25,local_gate,0.8963764518597014,0.007067752321780585
0.5,policy::qpeak0.7__full__expected_mix0.5,local_gate,0.8947971078517014,0.005488408313780613
0.5,policy::qpeak0.7__full__expected_mix0.75,local_gate,0.8939372615393643,0.004628562001443459
0.5,policy::qpeak0.7__full__expected_rejection,local_gate,0.8928129235399899,0.0035042240020690674
0.5,policy::qpeak0.7__full__h_tau0.8,local_gate,0.8733250948659812,-0.0159836046719396
0.5,policy::qpeak0.7__full__h_tau0.9,local_gate,0.879820922692773,-0.009487776845147788
0.5,policy::qpeak0.7__full__h_tau1.1,local_gate,0.8817438491827317,-0.007564850355189057
0.5,policy::qpeak0.7__full__h_tau1.25,local_gate,0.8828367244397168,-0.006471975098203964
0.5,policy::qpeak0.7__full__original,local_gate,0.8813151285853227,-0.007993570952598117
0.5,policy::qpeak0.7__full__power0.5,local_gate,0.8829015015132184,-0.006407198024702354
0.5,policy::qpeak0.7__full__power0.75,local_gate,0.8814559854879893,-0.007852714049931486
0.5,policy::qpeak0.7__full__power1.25,local_gate,0.8775644980124251,-0.011744201525495712
0.5,policy::qpeak0.7__full__power1.5,local_gate,0.8719531699185646,-0.017355529619356158
0.5,policy::qpeak0.7__full__uniform0.02,local_gate,0.8896057509384382,0.00029705140051738965
0.5,policy::qpeak0.7__full__uniform0.05,local_gate,0.886571919067651,-0.0027367804702698173
0.5,policy::qpeak0.7__full__uniform0.1,local_gate,0.8843720944178227,-0.004936605120098081
0.5,policy::qpeak0.7__full__uniform0.2,local_gate,0.8815216248374186,-0.007787074700502217
0.5,policy::qpeak0.7__topm__accept_clip0.02,local_gate,0.8898858638959434,0.0005771643580225749
0.5,policy::qpeak0.7__topm__accept_clip0.05,local_gate,0.8892661795941202,-4.251994380055635e-05
0.5,policy::qpeak0.7__topm__accept_clip0.1,local_gate,0.8851907015928717,-0.004117997945049079
0.5,policy::qpeak0.7__topm__bonus1.25,local_gate,0.8814199893875114,-0.007888710150409373
0.5,policy::qpeak0.7__topm__bonus1.5,local_gate,0.8811120140678669,-0.008196685470053922
0.5,policy::qpeak0.7__topm__bonus2,local_gate,0.8823019573268792,-0.007006742211041583
0.5,policy::qpeak0.7__topm__bonus3,local_gate,0.8823581441062593,-0.006950555431661454
0.5,policy::qpeak0.7__topm__expected_mix0.25,local_gate,0.8963676593914393,0.007058959853518454
0.5,policy::qpeak0.7__topm__expected_mix0.5,local_gate,0.8947645488699397,0.005455849332018925
0.5,policy::qpeak0.7__topm__expected_mix0.75,local_gate,0.892895937903202,0.0035872383652811868
0.5,policy::qpeak0.7__topm__expected_rejection,local_gate,0.8931395594376587,0.0038308598997378596
0.5,policy::qpeak0.7__topm__h_tau0.8,local_gate,0.8733510812333475,-0.015957618304573318
0.5,policy::qpeak0.7__topm__h_tau0.9,local_gate,0.8798282528553992,-0.00948044668252157
0.5,policy::qpeak0.7__topm__h_tau1.1,local_gate,0.8815365695912659,-0.007772129946654882
0.5,policy::qpeak0.7__topm__h_tau1.25,local_gate,0.8826894899122851,-0.006619209625635669
0.5,policy::qpeak0.7__topm__original,local_gate,0.8813082228717247,-0.008000476666196077
0.5,policy::qpeak0.7__topm__power0.5,local_gate,0.8818450942603626,-0.007463605277558183
0.5,policy::qpeak0.7__topm__power0.75,local_gate,0.8814363914282466,-0.007872308109674209
0.5,policy::qpeak0.7__topm__power1.25,local_gate,0.8775586882247901,-0.011750011313130693
0.5,policy::qpeak0.7__topm__power1.5,local_gate,0.8719867426336642,-0.01732195690425664
0.5,policy::qpeak0.7__topm__uniform0.02,local_gate,0.889396837080606,8.813754268521823e-05
0.5,policy::qpeak0.7__topm__uniform0.05,local_gate,0.8867233897480327,-0.002585309789888135
0.5,policy::qpeak0.7__topm__uniform0.1,local_gate,0.8831447744459632,-0.006163925091957623
0.5,policy::qpeak0.7__topm__uniform0.2,local_gate,0.8817579198438855,-0.007550779694035281
0.5,policy::qpeak0.9__full__accept_clip0.02,local_gate,0.8994520966538552,0.010143397115934372
0.5,policy::qpeak0.9__full__accept_clip0.05,local_gate,0.8976162736157606,0.008307574077839774
0.5,policy::qpeak0.9__full__accept_clip0.1,local_gate,0.8928806770587078,0.003571977520786973
0.5,policy::qpeak0.9__full__bonus1.25,local_gate,0.8865547121626239,-0.0027539873752968624
0.5,policy::qpeak0.9__full__bonus1.5,local_gate,0.8875702569477198,-0.0017384425902009504
0.5,policy::qpeak0.9__full__bonus2,local_gate,0.8878578543951365,-0.0014508451427842628
0.5,policy::qpeak0.9__full__bonus3,local_gate,0.8877928267598163,-0.001515872778104499
0.5,policy::qpeak0.9__full__expected_mix0.25,local_gate,0.906222078528383,0.01691337899046219
0.5,policy::qpeak0.9__full__expected_mix0.5,local_gate,0.9036646810052182,0.01435598146729744
0.5,policy::qpeak0.9__full__expected_mix0.75,local_gate,0.9013528738547002,0.012044174316779399
0.5,policy::qpeak0.9__full__expected_rejection,local_gate,0.9002593324227994,0.01095063288487863
0.5,policy::qpeak0.9__full__h_tau0.8,local_gate,0.8774220507448947,-0.011886648793026144
0.5,policy::qpeak0.9__full__h_tau0.9,local_gate,0.8859487086747058,-0.0033599908632150344
0.5,policy::qpeak0.9__full__h_tau1.1,local_gate,0.888495930343149,-0.0008127691947718008
0.5,policy::qpeak0.9__full__h_tau1.25,local_gate,0.8895255150667339,0.00021681552881314126
0.5,policy::qpeak0.9__full__original,local_gate,0.8865786149851512,-0.002730084552769574
0.5,policy::qpeak0.9__full__power0.5,local_gate,0.8875270256584354,-0.001781673879485357
0.5,policy::qpeak0.9__full__power0.75,local_gate,0.8879405288928345,-0.0013681706450863196
0.5,policy::qpeak0.9__full__power1.25,local_gate,0.8825041553390468,-0.006804544198873996
0.5,policy::qpeak0.9__full__power1.5,local_gate,0.8761126322129829,-0.013196067324937943
0.5,policy::qpeak0.9__full__uniform0.02,local_gate,0.8972680484558272,0.007959348917906395
0.5,policy::qpeak0.9__full__uniform0.05,local_gate,0.8944640798388933,0.005155380300972512
0.5,policy::qpeak0.9__full__uniform0.1,local_gate,0.8941708989460531,0.004862199408132262
0.5,policy::qpeak0.9__full__uniform0.2,local_gate,0.8895926732815,0.00028397374357924665
0.5,policy::qpeak0.9__topm__accept_clip0.02,local_gate,0.8986227150579342,0.00931401552001343
0.5,policy::qpeak0.9__topm__accept_clip0.05,local_gate,0.8972357122706929,0.007927012732772076
0.5,policy::qpeak0.9__topm__accept_clip0.1,local_gate,0.8929129973960617,0.0036042978581408702
0.5,policy::qpeak0.9__topm__bonus1.25,local_gate,0.8866496159692594,-0.0026590835686614023
0.5,policy::qpeak0.9__topm__bonus1.5,local_gate,0.8864876057496162,-0.0028210937883046405
0.5,policy::qpeak0.9__topm__bonus2,local_gate,0.8878576694340753,-0.0014510301038455076
0.5,policy::qpeak0.9__topm__bonus3,local_gate,0.8878653097343477,-0.0014433898035730586
0.5,policy::qpeak0.9__topm__expected_mix0.25,local_gate,0.9061953153949904,0.01688661585706963
0.5,policy::qpeak0.9__topm__expected_mix0.5,local_gate,0.9035484467614548,0.01423974722353405
0.5,policy::qpeak0.9__topm__expected_mix0.75,local_gate,0.9003201934619679,0.0110114939240471
0.5,policy::qpeak0.9__topm__expected_rejection,local_gate,0.9006492042588022,0.011340504720881439
0.5,policy::qpeak0.9__topm__h_tau0.8,local_gate,0.8774491074985427,-0.011859592039378142
0.5,policy::qpeak0.9__topm__h_tau0.9,local_gate,0.885900783204641,-0.003407916333279748
0.5,policy::qpeak0.9__topm__h_tau1.1,local_gate,0.8871366697261392,-0.0021720298117815506
0.5,policy::qpeak0.9__topm__h_tau1.25,local_gate,0.8891954700346011,-0.00011322950331971171
0.5,policy::qpeak0.9__topm__original,local_gate,0.8865740945705926,-0.002734604967328247
0.5,policy::qpeak0.9__topm__power0.5,local_gate,0.8864805999669064,-0.0028280995710143753
0.5,policy::qpeak0.9__topm__power0.75,local_gate,0.8879315710939626,-0.0013771284439582088
0.5,policy::qpeak0.9__topm__power1.25,local_gate,0.8825032586154978,-0.006805440922422967
0.5,policy::qpeak0.9__topm__power1.5,local_gate,0.8761126407972032,-0.013196058740717609
0.5,policy::qpeak0.9__topm__uniform0.02,local_gate,0.8970331021060098,0.007724402568089039
0.5,policy::qpeak0.9__topm__uniform0.05,local_gate,0.8945654693882397,0.005256769850318865
0.5,policy::qpeak0.9__topm__uniform0.1,local_gate,0.8941867714465609,0.0048780719086400914
0.5,policy::qpeak0.9__topm__uniform0.2,local_gate,0.889650172249359,0.000341472711438251
0.5,policy::residual__full__accept_clip0.02,residual_allocation,0.8617153871196005,-0.027593312418320304
0.5,policy::residual__full__accept_clip0.05,residual_allocation,0.8593802024952555,-0.029928497042665314
0.5,policy::residual__full__accept_clip0.1,residual_allocation,0.8551323951478513,-0.03417630439006947
0.5,policy::residual__full__bonus1.25,residual_allocation,0.8512794793549596,-0.038029220182961176
0.5,policy::residual__full__bonus1.5,residual_allocation,0.8512857306788764,-0.03802296885904444
0.5,policy::residual__full__bonus2,residual_allocation,0.8523926439539615,-0.03691605558395927
0.5,policy::residual__full__bonus3,residual_allocation,0.8516572348663859,-0.03765146467153491
0.5,policy::residual__full__expected_mix0.25,residual_allocation,0.8655576173299835,-0.023751082207937313
0.5,policy::residual__full__expected_mix0.5,residual_allocation,0.8640199763317957,-0.025288723206125074
0.5,policy::residual__full__expected_mix0.75,residual_allocation,0.8625671750304963,-0.026741524507424508
0.5,policy::residual__full__expected_rejection,residual_allocation,0.8614723112876852,-0.0278363882502356
0.5,policy::residual__full__h_tau0.8,residual_allocation,0.8453773712884105,-0.04393132824951029
0.5,policy::residual__full__h_tau0.9,residual_allocation,0.8501999081515058,-0.03910879138641499
0.5,policy::residual__full__h_tau1.1,residual_allocation,0.8524966565656116,-0.03681204297230922
0.5,policy::residual__full__h_tau1.25,residual_allocation,0.8534048293404264,-0.035903870197494414
0.5,policy::residual__full__original,residual_allocation,0.8509952429249955,-0.03831345661292529
0.5,policy::residual__full__power0.5,residual_allocation,0.8545824402388211,-0.03472625929909967
0.5,policy::residual__full__power0.75,residual_allocation,0.8533189081322478,-0.035989791405673044
0.5,policy::residual__full__power1.25,residual_allocation,0.8499768192583823,-0.03933188027953849
0.5,policy::residual__full__power1.5,residual_allocation,0.8448233069211536,-0.044485392616767205
0.5,policy::residual__full__uniform0.02,residual_allocation,0.8605567645848325,-0.028751934953088254
0.5,policy::residual__full__uniform0.05,residual_allocation,0.8587933634330277,-0.030515336104893098
0.5,policy::residual__full__uniform0.1,residual_allocation,0.8576010989469993,-0.03170760059092148
0.5,policy::residual__full__uniform0.2,residual_allocation,0.8534091358474734,-0.035899563690447445
0.5,policy::residual__topm__accept_clip0.02,residual_allocation,0.860552693193577,-0.028756006344343832
0.5,policy::residual__topm__accept_clip0.05,residual_allocation,0.8583189696045213,-0.030989729933399546
0.5,policy::residual__topm__accept_clip0.1,residual_allocation,0.8546126207913843,-0.03469607874653646
0.5,policy::residual__topm__bonus1.25,residual_allocation,0.8512846734911133,-0.038024026046807546
0.5,policy::residual__topm__bonus1.5,residual_allocation,0.851294464585341,-0.03801423495257983
0.5,policy::residual__topm__bonus2,residual_allocation,0.8521362461409978,-0.03717245339692299
0.5,policy::residual__topm__bonus3,residual_allocation,0.851592021145659,-0.03771667839226178
0.5,policy::residual__topm__expected_mix0.25,residual_allocation,0.8653147706686056,-0.023993928869315173
0.5,policy::residual__topm__expected_mix0.5,residual_allocation,0.863699564348631,-0.025609135189289756
0.5,policy::residual__topm__expected_mix0.75,residual_allocation,0.8623740886508137,-0.026934610887107135
0.5,policy::residual__topm__expected_rejection,residual_allocation,0.8604534849153122,-0.02885521462260865
0.5,policy::residual__topm__h_tau0.8,residual_allocation,0.8454391902582823,-0.04386950927963851
0.5,policy::residual__topm__h_tau0.9,residual_allocation,0.8502075327088403,-0.03910116682908049
0.5,policy::residual__topm__h_tau1.1,residual_allocation,0.8524715376446793,-0.03683716189324149
0.5,policy::residual__topm__h_tau1.25,residual_allocation,0.8532047533501287,-0.03610394618779211
0.5,policy::residual__topm__original,residual_allocation,0.8509982782557137,-0.038310421282207074
0.5,policy::residual__topm__power0.5,residual_allocation,0.8535932597757627,-0.035715439762158074
0.5,policy::residual__topm__power0.75,residual_allocation,0.8532932610678509,-0.03601543847006994
0.5,policy::residual__topm__power1.25,residual_allocation,0.8499011429218905,-0.03940755661603035
0.5,policy::residual__topm__power1.5,residual_allocation,0.8449890459429951,-0.044319653594925734
0.5,policy::residual__topm__uniform0.02,residual_allocation,0.8604158308084456,-0.028892868729475163
0.5,policy::residual__topm__uniform0.05,residual_allocation,0.8587299827247034,-0.030578716813217444
0.5,policy::residual__topm__uniform0.1,residual_allocation,0.8574222969990798,-0.03188640253884101
0.5,policy::residual__topm__uniform0.2,residual_allocation,0.8527668085593693,-0.03654189097855154
0.5,policy::source_tau0.8__full__accept_clip0.02,source_temperature,0.8440262559024485,-0.04528244363547229
0.5,policy::source_tau0.8__full__accept_clip0.05,source_temperature,0.842903641963053,-0.04640505757486779
0.5,policy::source_tau0.8__full__accept_clip0.1,source_temperature,0.8397301180696607,-0.04957858146826011
0.5,policy::source_tau0.8__full__bonus1.25,source_temperature,0.8395594748596359,-0.04974922467828491
0.5,policy::source_tau0.8__full__bonus1.5,source_temperature,0.8395980284563528,-0.049710671081568014
0.5,policy::source_tau0.8__full__bonus2,source_temperature,0.8398821156782228,-0.049426583859698
0.5,policy::source_tau0.8__full__bonus3,source_temperature,0.8415419295371802,-0.04776677000074059
0.5,policy::source_tau0.8__full__expected_mix0.25,source_temperature,0.8494897591860311,-0.03981894035188971
0.5,policy::source_tau0.8__full__expected_mix0.5,source_temperature,0.8474241486505606,-0.041884550887360206
0.5,policy::source_tau0.8__full__expected_mix0.75,source_temperature,0.8462936417101526,-0.043015057827768155
0.5,policy::source_tau0.8__full__expected_rejection,source_temperature,0.8442744447568781,-0.045034254781042726
0.5,policy::source_tau0.8__full__h_tau0.8,source_temperature,0.837152113101952,-0.052156586435968766
0.5,policy::source_tau0.8__full__h_tau0.9,source_temperature,0.8394394468409331,-0.04986925269698772
0.5,policy::source_tau0.8__full__h_tau1.1,source_temperature,0.8394921992001538,-0.04981650033776697
0.5,policy::source_tau0.8__full__h_tau1.25,source_temperature,0.8399307129055544,-0.049377986632366366
0.5,policy::source_tau0.8__full__original,source_temperature,0.8393746013276981,-0.049934098210222655
0.5,policy::source_tau0.8__full__power0.5,source_temperature,0.8394840715425883,-0.04982462799533249
0.5,policy::source_tau0.8__full__power0.75,source_temperature,0.8406490654666677,-0.048659634071253066
0.5,policy::source_tau0.8__full__power1.25,source_temperature,0.8388275085539117,-0.05048119098400905
0.5,policy::source_tau0.8__full__power1.5,source_temperature,0.8390699833739385,-0.050238716163982344
0.5,policy::source_tau0.8__full__uniform0.02,source_temperature,0.8455075826827446,-0.04380111685517618
0.5,policy::source_tau0.8__full__uniform0.05,source_temperature,0.8440379845807344,-0.045270714957186375
0.5,policy::source_tau0.8__full__uniform0.1,source_temperature,0.8409231051806788,-0.04838559435724199
0.5,policy::source_tau0.8__full__uniform0.2,source_temperature,0.8379598689876374,-0.051348830550283386
0.5,policy::source_tau0.8__topm__accept_clip0.02,source_temperature,0.8440296344348189,-0.04527906510310187
0.5,policy::source_tau0.8__topm__accept_clip0.05,source_temperature,0.84291747902549,-0.04639122051243083
0.5,policy::source_tau0.8__topm__accept_clip0.1,source_temperature,0.8397613934121271,-0.04954730612579372
0.5,policy::source_tau0.8__topm__bonus1.25,source_temperature,0.8395602235533031,-0.049748475984617735
0.5,policy::source_tau0.8__topm__bonus1.5,source_temperature,0.8396001727416016,-0.04970852679631921
0.5,policy::source_tau0.8__topm__bonus2,source_temperature,0.8398828642597863,-0.04942583527813449
0.5,policy::source_tau0.8__topm__bonus3,source_temperature,0.8415426781963539,-0.04776602134156693
0.5,policy::source_tau0.8__topm__expected_mix0.25,source_temperature,0.8494897591342909,-0.03981894040362988
0.5,policy::source_tau0.8__topm__expected_mix0.5,source_temperature,0.8474078745900024,-0.04190082494791836
0.5,policy::source_tau0.8__topm__expected_mix0.75,source_temperature,0.8461108802802715,-0.04319781925764932
0.5,policy::source_tau0.8__topm__expected_rejection,source_temperature,0.8443242953355847,-0.04498440420233607
0.5,policy::source_tau0.8__topm__h_tau0.8,source_temperature,0.8371521132963695,-0.052156586241551284
0.5,policy::source_tau0.8__topm__h_tau0.9,source_temperature,0.8394394468409331,-0.04986925269698772
0.5,policy::source_tau0.8__topm__h_tau1.1,source_temperature,0.8394929331651269,-0.049815766372793946
0.5,policy::source_tau0.8__topm__h_tau1.25,source_temperature,0.8398913093308628,-0.04941739020705804
0.5,policy::source_tau0.8__topm__original,source_temperature,0.839375349917885,-0.049933349620035816
0.5,policy::source_tau0.8__topm__power0.5,source_temperature,0.8394785100463537,-0.049830189491567145
0.5,policy::source_tau0.8__topm__power0.75,source_temperature,0.8406482966294312,-0.04866040290848961
0.5,policy::source_tau0.8__topm__power1.25,source_temperature,0.8388215585359259,-0.05048714100199492
0.5,policy::source_tau0.8__topm__power1.5,source_temperature,0.8390729378740794,-0.05023576166384136
0.5,policy::source_tau0.8__topm__uniform0.02,source_temperature,0.8455248317235385,-0.04378386781438226
0.5,policy::source_tau0.8__topm__uniform0.05,source_temperature,0.8440335127703856,-0.04527518676753517
0.5,policy::source_tau0.8__topm__uniform0.1,source_temperature,0.8409232750520349,-0.0483854244858859
0.5,policy::source_tau0.8__topm__uniform0.2,source_temperature,0.8385065650181486,-0.050802134519772224
0.5,policy::source_tau0.9__full__accept_clip0.02,source_temperature,0.8519050480261631,-0.03740365151175773
0.5,policy::source_tau0.9__full__accept_clip0.05,source_temperature,0.8506893730092795,-0.03861932652864131
0.5,policy::source_tau0.9__full__accept_clip0.1,source_temperature,0.8478220310258842,-0.04148666851203664
0.5,policy::source_tau0.9__full__bonus1.25,source_temperature,0.8454150886206107,-0.043893610917310144
0.5,policy::source_tau0.9__full__bonus1.5,source_temperature,0.8455111077588191,-0.0437975917791017
0.5,policy::source_tau0.9__full__bonus2,source_temperature,0.8467000098527371,-0.04260868968518372
0.5,policy::source_tau0.9__full__bonus3,source_temperature,0.8470481602467304,-0.042260539291190446
0.5,policy::source_tau0.9__full__expected_mix0.25,source_temperature,0.8569680647655324,-0.032340634772388355
0.5,policy::source_tau0.9__full__expected_mix0.5,source_temperature,0.8557648481136614,-0.03354385142425942
0.5,policy::source_tau0.9__full__expected_mix0.75,source_temperature,0.8538686494957273,-0.03544005004219353
0.5,policy::source_tau0.9__full__expected_rejection,source_temperature,0.8514227739762411,-0.03788592556167969
0.5,policy::source_tau0.9__full__h_tau0.8,source_temperature,0.8414605162732779,-0.04784818326464291
0.5,policy::source_tau0.9__full__h_tau0.9,source_temperature,0.8438811108028935,-0.04542758873502728
0.5,policy::source_tau0.9__full__h_tau1.1,source_temperature,0.8466747272927506,-0.04263397224517018
0.5,policy::source_tau0.9__full__h_tau1.25,source_temperature,0.8468237635973792,-0.04248493594054159
0.5,policy::source_tau0.9__full__original,source_temperature,0.8449851979904294,-0.04432350154749143
0.5,policy::source_tau0.9__full__power0.5,source_temperature,0.846379601322279,-0.04292909821564184
0.5,policy::source_tau0.9__full__power0.75,source_temperature,0.846789965074815,-0.042518734463105834
0.5,policy::source_tau0.9__full__power1.25,source_temperature,0.8454643505153862,-0.043844349022534645
0.5,policy::source_tau0.9__full__power1.5,source_temperature,0.843043160412722,-0.04626553912519882
0.5,policy::source_tau0.9__full__uniform0.02,source_temperature,0.853191821447749,-0.03611687809017183
0.5,policy::source_tau0.9__full__uniform0.05,source_temperature,0.8511555799343324,-0.03815311960358836
0.5,policy::source_tau0.9__full__uniform0.1,source_temperature,0.8489944372935732,-0.04031426224434764
0.5,policy::source_tau0.9__full__uniform0.2,source_temperature,0.8463151524203357,-0.042993547117585074
0.5,policy::source_tau0.9__topm__accept_clip0.02,source_temperature,0.8518687787440351,-0.037439920793885695
0.5,policy::source_tau0.9__topm__accept_clip0.05,source_temperature,0.850691353248642,-0.03861734628927882
0.5,policy::source_tau0.9__topm__accept_clip0.1,source_temperature,0.8478229264032192,-0.04148577313470159
0.5,policy::source_tau0.9__topm__bonus1.25,source_temperature,0.8452858966519048,-0.04402280288601601
0.5,policy::source_tau0.9__topm__bonus1.5,source_temperature,0.8453832314126002,-0.04392546812532061
0.5,policy::source_tau0.9__topm__bonus2,source_temperature,0.8465709627133151,-0.04273773682460569
0.5,policy::source_tau0.9__topm__bonus3,source_temperature,0.8469173342832772,-0.0423913652546436
0.5,policy::source_tau0.9__topm__expected_mix0.25,source_temperature,0.856959500345043,-0.03234919919287782
0.5,policy::source_tau0.9__topm__expected_mix0.5,source_temperature,0.8557629377407145,-0.03354576179720625
0.5,policy::source_tau0.9__topm__expected_mix0.75,source_temperature,0.8537847116709351,-0.03552398786698574
0.5,policy::source_tau0.9__topm__expected_rejection,source_temperature,0.8511707743677724,-0.03813792517014836
0.5,policy::source_tau0.9__topm__h_tau0.8,source_temperature,0.8414605163250181,-0.04784818321290274
0.5,policy::source_tau0.9__topm__h_tau0.9,source_temperature,0.8438811108718128,-0.045427588666107965
0.5,policy::source_tau0.9__topm__h_tau1.1,source_temperature,0.8466546357521477,-0.04265406378577308
0.5,policy::source_tau0.9__topm__h_tau1.25,source_temperature,0.8467654605277867,-0.042543239010134126
0.5,policy::source_tau0.9__topm__original,source_temperature,0.8448558967148009,-0.04445280282311992
0.5,policy::source_tau0.9__topm__power0.5,source_temperature,0.8463731137654422,-0.04293558577247858
0.5,policy::source_tau0.9__topm__power0.75,source_temperature,0.846789833918256,-0.04251886561966478
0.5,policy::source_tau0.9__topm__power1.25,source_temperature,0.8454432388426935,-0.04386546069522734
0.5,policy::source_tau0.9__topm__power1.5,source_temperature,0.8430353918459506,-0.046273307691970245
0.5,policy::source_tau0.9__topm__uniform0.02,source_temperature,0.8532011259065923,-0.03610757363132855
0.5,policy::source_tau0.9__topm__uniform0.05,source_temperature,0.8512215943814088,-0.038087105156512036
0.5,policy::source_tau0.9__topm__uniform0.1,source_temperature,0.8492730552205142,-0.04003564431740658
0.5,policy::source_tau0.9__topm__uniform0.2,source_temperature,0.8463266794066439,-0.04298202013127694
0.5,policy::source_tau1.1__full__accept_clip0.02,source_temperature,0.8631925044086465,-0.026116195129274322
0.5,policy::source_tau1.1__full__accept_clip0.05,source_temperature,0.8610724052442009,-0.028236294293719877
0.5,policy::source_tau1.1__full__accept_clip0.1,source_temperature,0.8600763069959457,-0.029232392541975072
0.5,policy::source_tau1.1__full__bonus1.25,source_temperature,0.8529430560417677,-0.03636564349615312
0.5,policy::source_tau1.1__full__bonus1.5,source_temperature,0.8529546914898611,-0.03635400804805966
0.5,policy::source_tau1.1__full__bonus2,source_temperature,0.853197915577847,-0.03611078396007383
0.5,policy::source_tau1.1__full__bonus3,source_temperature,0.8532695116620923,-0.03603918787582849
0.5,policy::source_tau1.1__full__expected_mix0.25,source_temperature,0.8692803008861444,-0.020028398651776413
0.5,policy::source_tau1.1__full__expected_mix0.5,source_temperature,0.868104296790534,-0.021204402747386775
0.5,policy::source_tau1.1__full__expected_mix0.75,source_temperature,0.8669698853843696,-0.022338814153551212
0.5,policy::source_tau1.1__full__expected_rejection,source_temperature,0.8639573134340957,-0.025351386103825146
0.5,policy::source_tau1.1__full__h_tau0.8,source_temperature,0.8425885740323251,-0.04672012550559568
0.5,policy::source_tau1.1__full__h_tau0.9,source_temperature,0.8510606460221207,-0.03824805351580007
0.5,policy::source_tau1.1__full__h_tau1.1,source_temperature,0.8549809350117923,-0.03432776452612851
0.5,policy::source_tau1.1__full__h_tau1.25,source_temperature,0.8560811286685487,-0.033227570869372114
0.5,policy::source_tau1.1__full__original,source_temperature,0.852867599327797,-0.03644110021012381
0.5,policy::source_tau1.1__full__power0.5,source_temperature,0.8561167932275845,-0.033191906310336305
0.5,policy::source_tau1.1__full__power0.75,source_temperature,0.8546599039051989,-0.03464879563272194
0.5,policy::source_tau1.1__full__power1.25,source_temperature,0.8481163409083429,-0.04119235862957793
0.5,policy::source_tau1.1__full__power1.5,source_temperature,0.8427299677168761,-0.04657873182104466
0.5,policy::source_tau1.1__full__uniform0.02,source_temperature,0.8630354035173855,-0.026273296020535297
0.5,policy::source_tau1.1__full__uniform0.05,source_temperature,0.8622197188737678,-0.027088980664152995
0.5,policy::source_tau1.1__full__uniform0.1,source_temperature,0.8618257929603027,-0.027482906577618094
0.5,policy::source_tau1.1__full__uniform0.2,source_temperature,0.8583644215150676,-0.030944278022853156
0.5,policy::source_tau1.1__topm__accept_clip0.02,source_temperature,0.8631882699473983,-0.02612042959052252
0.5,policy::source_tau1.1__topm__accept_clip0.05,source_temperature,0.8610483411943772,-0.028260358343543568
0.5,policy::source_tau1.1__topm__accept_clip0.1,source_temperature,0.8600263238924987,-0.029282375645422132
0.5,policy::source_tau1.1__topm__bonus1.25,source_temperature,0.8529830616925151,-0.036325637845405656
0.5,policy::source_tau1.1__topm__bonus1.5,source_temperature,0.851912588152559,-0.03739611138536181
0.5,policy::source_tau1.1__topm__bonus2,source_temperature,0.85318735337131,-0.03612134616661078
0.5,policy::source_tau1.1__topm__bonus3,source_temperature,0.8532697356014199,-0.036038963936500856
0.5,policy::source_tau1.1__topm__expected_mix0.25,source_temperature,0.8690183372822835,-0.020290362255637295
0.5,policy::source_tau1.1__topm__expected_mix0.5,source_temperature,0.8680253428548472,-0.021283356683073573
0.5,policy::source_tau1.1__topm__expected_mix0.75,source_temperature,0.8660704290604306,-0.023238270477490164
0.5,policy::source_tau1.1__topm__expected_rejection,source_temperature,0.8636746956580313,-0.025634003879889455
0.5,policy::source_tau1.1__topm__h_tau0.8,source_temperature,0.8425980674834622,-0.04671063205445858
0.5,policy::source_tau1.1__topm__h_tau0.9,source_temperature,0.8509706183187167,-0.03833808121920412
0.5,policy::source_tau1.1__topm__h_tau1.1,source_temperature,0.8549239241239149,-0.034384775414005864
0.5,policy::source_tau1.1__topm__h_tau1.25,source_temperature,0.8559255127631743,-0.0333831867747465
0.5,policy::source_tau1.1__topm__original,source_temperature,0.8529179845355563,-0.03639071500236446
0.5,policy::source_tau1.1__topm__power0.5,source_temperature,0.8559784089732135,-0.033330290564707266
0.5,policy::source_tau1.1__topm__power0.75,source_temperature,0.8547045159162375,-0.03460418362168327
0.5,policy::source_tau1.1__topm__power1.25,source_temperature,0.8481235959521208,-0.041185103585799965
0.5,policy::source_tau1.1__topm__power1.5,source_temperature,0.8426557026630273,-0.04665299687489355
0.5,policy::source_tau1.1__topm__uniform0.02,source_temperature,0.8627741645706866,-0.026534534967234236
0.5,policy::source_tau1.1__topm__uniform0.05,source_temperature,0.8624357109747709,-0.026872988563149902
0.5,policy::source_tau1.1__topm__uniform0.1,source_temperature,0.8607846476645115,-0.02852405187340934
0.5,policy::source_tau1.1__topm__uniform0.2,source_temperature,0.8578882138182834,-0.0314204857196374
0.5,policy::twosided0.1__full__accept_clip0.02,bounded_subtraction,0.8982410687016795,0.008932369163758724
0.5,policy::twosided0.1__full__accept_clip0.05,bounded_subtraction,0.8954775111471404,0.00616881160921956
0.5,policy::twosided0.1__full__accept_clip0.1,bounded_subtraction,0.8886625916140232,-0.0006461079238976319
0.5,policy::twosided0.1__full__bonus1.25,bounded_subtraction,0.8764962302956364,-0.012812469242284408
0.5,policy::twosided0.1__full__bonus1.5,bounded_subtraction,0.8766965293163529,-0.012612170221567909
0.5,policy::twosided0.1__full__bonus2,bounded_subtraction,0.8778804349613124,-0.011428264576608393
0.5,policy::twosided0.1__full__bonus3,bounded_subtraction,0.8776629298877789,-0.011645769650141857
0.5,policy::twosided0.1__full__expected_mix0.25,bounded_subtraction,0.9055856141940613,0.01627691465614045
0.5,policy::twosided0.1__full__expected_mix0.5,bounded_subtraction,0.9034651782577345,0.014156478719813737
0.5,policy::twosided0.1__full__expected_mix0.75,bounded_subtraction,0.9001975344348069,0.01088883489688608
0.5,policy::twosided0.1__full__expected_rejection,bounded_subtraction,0.8961462581517246,0.006837558613803751
0.5,policy::twosided0.1__full__h_tau0.8,bounded_subtraction,0.86639664450882,-0.022912055029100764
0.5,policy::twosided0.1__full__h_tau0.9,bounded_subtraction,0.8724494595962722,-0.01685923994164862
0.5,policy::twosided0.1__full__h_tau1.1,bounded_subtraction,0.8805950497040176,-0.008713649833903214
0.5,policy::twosided0.1__full__h_tau1.25,bounded_subtraction,0.8846187156508339,-0.004689983887086857
0.5,policy::twosided0.1__full__original,bounded_subtraction,0.8762835983358677,-0.013025101202053135
0.5,policy::twosided0.1__full__power0.5,bounded_subtraction,0.8796560277344563,-0.009652671803464519
0.5,policy::twosided0.1__full__power0.75,bounded_subtraction,0.8788832560651575,-0.010425443472763307
0.5,policy::twosided0.1__full__power1.25,bounded_subtraction,0.8710049849238102,-0.018303714614110622
0.5,policy::twosided0.1__full__power1.5,bounded_subtraction,0.8671535819880762,-0.02215511754984456
0.5,policy::twosided0.1__full__uniform0.02,bounded_subtraction,0.891750935411283,0.0024422358733622307
0.5,policy::twosided0.1__full__uniform0.05,bounded_subtraction,0.8955261139441367,0.0062174144062159264
0.5,policy::twosided0.1__full__uniform0.1,bounded_subtraction,0.8927820672295828,0.003473367691661955
0.5,policy::twosided0.1__full__uniform0.2,bounded_subtraction,0.8868040748510125,-0.0025046246869082633
0.5,policy::twosided0.1__topm__accept_clip0.02,bounded_subtraction,0.8980178599191324,0.008709160381211611
0.5,policy::twosided0.1__topm__accept_clip0.05,bounded_subtraction,0.8945115926554318,0.005202893117510987
0.5,policy::twosided0.1__topm__accept_clip0.1,bounded_subtraction,0.8885609386974529,-0.0007477608404679037
0.5,policy::twosided0.1__topm__bonus1.25,bounded_subtraction,0.87642113482697,-0.01288756471095076
0.5,policy::twosided0.1__topm__bonus1.5,bounded_subtraction,0.8766237892158281,-0.012684910322092735
0.5,policy::twosided0.1__topm__bonus2,bounded_subtraction,0.8778118293021027,-0.011496870235818135
0.5,policy::twosided0.1__topm__bonus3,bounded_subtraction,0.8776981977176989,-0.011610501820221941
0.5,policy::twosided0.1__topm__expected_mix0.25,bounded_subtraction,0.905336397546042,0.016027698008121205
0.5,policy::twosided0.1__topm__expected_mix0.5,bounded_subtraction,0.9033314803226234,0.014022780784702649
0.5,policy::twosided0.1__topm__expected_mix0.75,bounded_subtraction,0.9001304402855149,0.010821740747594122
0.5,policy::twosided0.1__topm__expected_rejection,bounded_subtraction,0.8953335026696103,0.006024803131689516
0.5,policy::twosided0.1__topm__h_tau0.8,bounded_subtraction,0.8663643291446735,-0.02294437039324726
0.5,policy::twosided0.1__topm__h_tau0.9,bounded_subtraction,0.872550067691595,-0.016758631846325756
0.5,policy::twosided0.1__topm__h_tau1.1,bounded_subtraction,0.880417386970223,-0.008891312567697818
0.5,policy::twosided0.1__topm__h_tau1.25,bounded_subtraction,0.8845551660446129,-0.004753533493307871
0.5,policy::twosided0.1__topm__original,bounded_subtraction,0.8762554004823108,-0.013053299055610035
0.5,policy::twosided0.1__topm__power0.5,bounded_subtraction,0.8797512481977502,-0.009557451340170608
0.5,policy::twosided0.1__topm__power0.75,bounded_subtraction,0.8788658972796054,-0.010442802258315398
0.5,policy::twosided0.1__topm__power1.25,bounded_subtraction,0.8709952589730636,-0.018313440564857175
0.5,policy::twosided0.1__topm__power1.5,bounded_subtraction,0.8673176050485444,-0.021991094489376417
0.5,policy::twosided0.1__topm__uniform0.02,bounded_subtraction,0.891688999366893,0.0023802998289722543
0.5,policy::twosided0.1__topm__uniform0.05,bounded_subtraction,0.8953763910692045,0.006067691531283725
0.5,policy::twosided0.1__topm__uniform0.1,bounded_subtraction,0.8930031448413861,0.003694445303465299
0.5,policy::twosided0.1__topm__uniform0.2,bounded_subtraction,0.8866611218181262,-0.002647577719794625
0.5,policy::twosided0.25__full__accept_clip0.02,bounded_subtraction,0.8977714455811395,0.008462746043218727
0.5,policy::twosided0.25__full__accept_clip0.05,bounded_subtraction,0.8990191323488143,0.009710432810893455
0.5,policy::twosided0.25__full__accept_clip0.1,bounded_subtraction,0.8933955990428917,0.004086899504970876
0.5,policy::twosided0.25__full__bonus1.25,bounded_subtraction,0.8765232923429126,-0.012785407195008203
0.5,policy::twosided0.25__full__bonus1.5,bounded_subtraction,0.8788796246327931,-0.010429074905127678
0.5,policy::twosided0.25__full__bonus2,bounded_subtraction,0.8788683638467218,-0.010440335691198954
0.5,policy::twosided0.25__full__bonus3,bounded_subtraction,0.8780489030610065,-0.01125979647691433
0.5,policy::twosided0.25__full__expected_mix0.25,bounded_subtraction,0.9055581592101577,0.0162494596722369
0.5,policy::twosided0.25__full__expected_mix0.5,bounded_subtraction,0.9054371872387812,0.016128487700860394
0.5,policy::twosided0.25__full__expected_mix0.75,bounded_subtraction,0.9030665387940002,0.01375783925607943
0.5,policy::twosided0.25__full__expected_rejection,bounded_subtraction,0.8987931911294685,0.009484491591547739
0.5,policy::twosided0.25__full__h_tau0.8,bounded_subtraction,0.8641586272470914,-0.02515007229082944
0.5,policy::twosided0.25__full__h_tau0.9,bounded_subtraction,0.8705856759290692,-0.018723023608851586
0.5,policy::twosided0.25__full__h_tau1.1,bounded_subtraction,0.8813412580279636,-0.007967441509957207
0.5,policy::twosided0.25__full__h_tau1.25,bounded_subtraction,0.8865429877479866,-0.002765711789934233
0.5,policy::twosided0.25__full__original,bounded_subtraction,0.8754338775617612,-0.013874821976159635
0.5,policy::twosided0.25__full__power0.5,bounded_subtraction,0.8833421993377859,-0.005966500200134894
0.5,policy::twosided0.25__full__power0.75,bounded_subtraction,0.8806792660994227,-0.00862943343849809
0.5,policy::twosided0.25__full__power1.25,bounded_subtraction,0.8697575201671537,-0.019551179370767113
0.5,policy::twosided0.25__full__power1.5,bounded_subtraction,0.8659295445870832,-0.023379154950837644
0.5,policy::twosided0.25__full__uniform0.02,bounded_subtraction,0.8936748010595075,0.004366101521586674
0.5,policy::twosided0.25__full__uniform0.05,bounded_subtraction,0.8917541539950601,0.0024454544571392844
0.5,policy::twosided0.25__full__uniform0.1,bounded_subtraction,0.891650544074385,0.0023418445364642437
0.5,policy::twosided0.25__full__uniform0.2,bounded_subtraction,0.8904025550043309,0.0010938554664100542
0.5,policy::twosided0.25__topm__accept_clip0.02,bounded_subtraction,0.8972425522777354,0.007933852739814617
0.5,policy::twosided0.25__topm__accept_clip0.05,bounded_subtraction,0.8983812880540737,0.00907258851615289
0.5,policy::twosided0.25__topm__accept_clip0.1,bounded_subtraction,0.8936230395945826,0.0043143400566617585
0.5,policy::twosided0.25__topm__bonus1.25,bounded_subtraction,0.876542635540593,-0.012766063997327826
0.5,policy::twosided0.25__topm__bonus1.5,bounded_subtraction,0.8778896630573252,-0.011419036480595612
0.5,policy::twosided0.25__topm__bonus2,bounded_subtraction,0.878224725322337,-0.011083974215583825
0.5,policy::twosided0.25__topm__bonus3,bounded_subtraction,0.8782015291449743,-0.011107170392946508
0.5,policy::twosided0.25__topm__expected_mix0.25,bounded_subtraction,0.9052873359366663,0.015978636398745527
0.5,policy::twosided0.25__topm__expected_mix0.5,bounded_subtraction,0.9057799300486065,0.016471230510685664
0.5,policy::twosided0.25__topm__expected_mix0.75,bounded_subtraction,0.9038121153403285,0.01450341580240766
0.5,policy::twosided0.25__topm__expected_rejection,bounded_subtraction,0.897420254941303,0.008111555403382154
0.5,policy::twosided0.25__topm__h_tau0.8,bounded_subtraction,0.8640301547191346,-0.02527854481878622
0.5,policy::twosided0.25__topm__h_tau0.9,bounded_subtraction,0.8705389005206501,-0.018769799017270716
0.5,policy::twosided0.25__topm__h_tau1.1,bounded_subtraction,0.8816603918503013,-0.007648307687619482
0.5,policy::twosided0.25__topm__h_tau1.25,bounded_subtraction,0.8867798177410705,-0.002528881796850291
0.5,policy::twosided0.25__topm__original,bounded_subtraction,0.8754317091626085,-0.013876990375312315
0.5,policy::twosided0.25__topm__power0.5,bounded_subtraction,0.8822354243733534,-0.00707327516456735
0.5,policy::twosided0.25__topm__power0.75,bounded_subtraction,0.8809304667019637,-0.008378232835957067
0.5,policy::twosided0.25__topm__power1.25,bounded_subtraction,0.8698083904802063,-0.019500309057714493
0.5,policy::twosided0.25__topm__power1.5,bounded_subtraction,0.8659148516003646,-0.023393847937556167
0.5,policy::twosided0.25__topm__uniform0.02,bounded_subtraction,0.8933495783625974,0.00404087882467663
0.5,policy::twosided0.25__topm__uniform0.05,bounded_subtraction,0.8919268623468156,0.0026181628088948194
0.5,policy::twosided0.25__topm__uniform0.1,bounded_subtraction,0.8913479983034062,0.0020392987654853645
0.5,policy::twosided0.25__topm__uniform0.2,bounded_subtraction,0.8903485924063428,0.0010398928684219877
0.5,policy::twosided0.5__full__accept_clip0.02,bounded_subtraction,0.8942087611512834,0.0049000616133626496
0.5,policy::twosided0.5__full__accept_clip0.05,bounded_subtraction,0.8948210017026592,0.005512302164738414
0.5,policy::twosided0.5__full__accept_clip0.1,bounded_subtraction,0.8945860864348536,0.005277386896932801
0.5,policy::twosided0.5__full__bonus1.25,bounded_subtraction,0.8739055867902211,-0.015403112747699677
0.5,policy::twosided0.5__full__bonus1.5,bounded_subtraction,0.875639030645144,-0.013669668892776765
0.5,policy::twosided0.5__full__bonus2,bounded_subtraction,0.8754077991734368,-0.013900900364483992
0.5,policy::twosided0.5__full__bonus3,bounded_subtraction,0.8766760435973211,-0.012632655940599702
0.5,policy::twosided0.5__full__expected_mix0.25,bounded_subtraction,0.9022234806812018,0.01291478114328104
0.5,policy::twosided0.5__full__expected_mix0.5,bounded_subtraction,0.904728145247531,0.01541944570961018
0.5,policy::twosided0.5__full__expected_mix0.75,bounded_subtraction,0.9060006336539652,0.016691934116044416
0.5,policy::twosided0.5__full__expected_rejection,bounded_subtraction,0.8998495402319071,0.010540840693986309
0.5,policy::twosided0.5__full__h_tau0.8,bounded_subtraction,0.8609644011367883,-0.028344298401132506
0.5,policy::twosided0.5__full__h_tau0.9,bounded_subtraction,0.8683211340855828,-0.02098756545233804
0.5,policy::twosided0.5__full__h_tau1.1,bounded_subtraction,0.875861386207268,-0.013447313330652855
0.5,policy::twosided0.5__full__h_tau1.25,bounded_subtraction,0.8850322352940505,-0.004276464243870293
0.5,policy::twosided0.5__full__original,bounded_subtraction,0.873685641109975,-0.015623058427945757
0.5,policy::twosided0.5__full__power0.5,bounded_subtraction,0.8815055736199748,-0.007803125917945963
0.5,policy::twosided0.5__full__power0.75,bounded_subtraction,0.8787542072421892,-0.010554492295731577
0.5,policy::twosided0.5__full__power1.25,bounded_subtraction,0.8653955418244204,-0.023913157713500444
0.5,policy::twosided0.5__full__power1.5,bounded_subtraction,0.8635186149643849,-0.025790084573535932
0.5,policy::twosided0.5__full__uniform0.02,bounded_subtraction,0.8878827690435765,-0.001425930494344252
0.5,policy::twosided0.5__full__uniform0.05,bounded_subtraction,0.891373297196562,0.0020645976586411985
0.5,policy::twosided0.5__full__uniform0.1,bounded_subtraction,0.8891630459549674,-0.0001456535829533756
0.5,policy::twosided0.5__full__uniform0.2,bounded_subtraction,0.8871222616025558,-0.002186437935364993
0.5,policy::twosided0.5__topm__accept_clip0.02,bounded_subtraction,0.8939521449402261,0.004643445402305324
0.5,policy::twosided0.5__topm__accept_clip0.05,bounded_subtraction,0.8953511613702186,0.006042461832297841
0.5,policy::twosided0.5__topm__accept_clip0.1,bounded_subtraction,0.8944966760056925,0.005187976467771693
0.5,policy::twosided0.5__topm__bonus1.25,bounded_subtraction,0.8736215978800803,-0.015687101657840485
0.5,policy::twosided0.5__topm__bonus1.5,bounded_subtraction,0.8739016779813794,-0.01540702155654139
0.5,policy::twosided0.5__topm__bonus2,bounded_subtraction,0.8751282466490984,-0.014180452888822415
0.5,policy::twosided0.5__topm__bonus3,bounded_subtraction,0.8764017400716463,-0.012906959466274515
0.5,policy::twosided0.5__topm__expected_mix0.25,bounded_subtraction,0.9021457604713942,0.012837060933473365
0.5,policy::twosided0.5__topm__expected_mix0.5,bounded_subtraction,0.9044115245202315,0.015102824982310747
0.5,policy::twosided0.5__topm__expected_mix0.75,bounded_subtraction,0.9052210736029355,0.015912374065014667
0.5,policy::twosided0.5__topm__expected_rejection,bounded_subtraction,0.8982322106155546,0.008923511077633783
0.5,policy::twosided0.5__topm__h_tau0.8,bounded_subtraction,0.8609069743661126,-0.028401725171808168
0.5,policy::twosided0.5__topm__h_tau0.9,bounded_subtraction,0.8680338076449035,-0.021274891893017345
0.5,policy::twosided0.5__topm__h_tau1.1,bounded_subtraction,0.875857943189927,-0.013450756347993753
0.5,policy::twosided0.5__topm__h_tau1.25,bounded_subtraction,0.8849269667510055,-0.004381732786915338
0.5,policy::twosided0.5__topm__original,bounded_subtraction,0.8734030611488067,-0.015905638389114074
0.5,policy::twosided0.5__topm__power0.5,bounded_subtraction,0.8803849439234835,-0.008923755614437257
0.5,policy::twosided0.5__topm__power0.75,bounded_subtraction,0.8784622227702745,-0.010846476767646274
0.5,policy::twosided0.5__topm__power1.25,bounded_subtraction,0.8653662115932207,-0.023942487944700108
0.5,policy::twosided0.5__topm__power1.5,bounded_subtraction,0.8633219349488983,-0.025986764589022493
0.5,policy::twosided0.5__topm__uniform0.02,bounded_subtraction,0.8876654672892722,-0.0016432322486485962
0.5,policy::twosided0.5__topm__uniform0.05,bounded_subtraction,0.8916374535656836,0.0023287540277627805
0.5,policy::twosided0.5__topm__uniform0.1,bounded_subtraction,0.8883484601151973,-0.0009602394227234967
0.5,policy::twosided0.5__topm__uniform0.2,bounded_subtraction,0.8871704490079518,-0.002138250529968966
0.5,policy::twosided1__full__accept_clip0.02,bounded_subtraction,0.8875643803814308,-0.0017443191564899818
0.5,policy::twosided1__full__accept_clip0.05,bounded_subtraction,0.8912443945458685,0.0019356950079476576
0.5,policy::twosided1__full__accept_clip0.1,bounded_subtraction,0.8904365819676028,0.0011278824296819812
0.5,policy::twosided1__full__bonus1.25,bounded_subtraction,0.8680860074769888,-0.02122269206093197
0.5,policy::twosided1__full__bonus1.5,bounded_subtraction,0.8700830672004458,-0.019225632337474985
0.5,policy::twosided1__full__bonus2,bounded_subtraction,0.8707054507369636,-0.018603248800957206
0.5,policy::twosided1__full__bonus3,bounded_subtraction,0.8713792869480592,-0.017929412589861582
0.5,policy::twosided1__full__expected_mix0.25,bounded_subtraction,0.9000092017512803,0.010700502213359497
0.5,policy::twosided1__full__expected_mix0.5,bounded_subtraction,0.9016517260966683,0.012343026558747527
0.5,policy::twosided1__full__expected_mix0.75,bounded_subtraction,0.9026077236254207,0.013299024087499944
0.5,policy::twosided1__full__expected_rejection,bounded_subtraction,0.8966899544856388,0.007381254947718019
0.5,policy::twosided1__full__h_tau0.8,bounded_subtraction,0.8568680872849874,-0.032440612252933376
0.5,policy::twosided1__full__h_tau0.9,bounded_subtraction,0.8633736945699316,-0.025935004967989173
0.5,policy::twosided1__full__h_tau1.1,bounded_subtraction,0.8705663425626985,-0.018742356975222307
0.5,policy::twosided1__full__h_tau1.25,bounded_subtraction,0.8793624460014674,-0.009946253536453398
0.5,policy::twosided1__full__original,bounded_subtraction,0.8675060382252862,-0.02180266131263464
0.5,policy::twosided1__full__power0.5,bounded_subtraction,0.8791651530910378,-0.010143546446882978
0.5,policy::twosided1__full__power0.75,bounded_subtraction,0.8754055554632582,-0.013903144074662643
0.5,policy::twosided1__full__power1.25,bounded_subtraction,0.8617651536579831,-0.02754354587993768
0.5,policy::twosided1__full__power1.5,bounded_subtraction,0.8595858324325806,-0.029722867105340223
0.5,policy::twosided1__full__uniform0.02,bounded_subtraction,0.8837519879061208,-0.005556711631800049
0.5,policy::twosided1__full__uniform0.05,bounded_subtraction,0.8839067263369057,-0.005401973201015098
0.5,policy::twosided1__full__uniform0.1,bounded_subtraction,0.8866821551134763,-0.0026265444244445435
0.5,policy::twosided1__full__uniform0.2,bounded_subtraction,0.8845222674657083,-0.004786432072212521
0.5,policy::twosided1__topm__accept_clip0.02,bounded_subtraction,0.8875070757668803,-0.0018016237710405392
0.5,policy::twosided1__topm__accept_clip0.05,bounded_subtraction,0.891123011982258,0.0018143124443371628
0.5,policy::twosided1__topm__accept_clip0.1,bounded_subtraction,0.8902810747392061,0.000972375201285347
0.5,policy::twosided1__topm__bonus1.25,bounded_subtraction,0.8682046870134715,-0.021104012524449267
0.5,policy::twosided1__topm__bonus1.5,bounded_subtraction,0.8691838651945692,-0.02012483434335155
0.5,policy::twosided1__topm__bonus2,bounded_subtraction,0.8710287497444206,-0.018279949793500228
0.5,policy::twosided1__topm__bonus3,bounded_subtraction,0.8715682470999753,-0.01774045243794553
0.5,policy::twosided1__topm__expected_mix0.25,bounded_subtraction,0.9000331208844268,0.010724421346505975
0.5,policy::twosided1__topm__expected_mix0.5,bounded_subtraction,0.9007794537913504,0.011470754253429583
0.5,policy::twosided1__topm__expected_mix0.75,bounded_subtraction,0.9015712191186871,0.012262519580766296
0.5,policy::twosided1__topm__expected_rejection,bounded_subtraction,0.8961284899852362,0.006819790447315399
0.5,policy::twosided1__topm__h_tau0.8,bounded_subtraction,0.8569034501596521,-0.03240524937826872
0.5,policy::twosided1__topm__h_tau0.9,bounded_subtraction,0.8636596310523245,-0.025649068485596338
0.5,policy::twosided1__topm__h_tau1.1,bounded_subtraction,0.8708969743947753,-0.018411725143145485
0.5,policy::twosided1__topm__h_tau1.25,bounded_subtraction,0.8793096973929515,-0.009999002144969293
0.5,policy::twosided1__topm__original,bounded_subtraction,0.8677634846188415,-0.021545214919079347
0.5,policy::twosided1__topm__power0.5,bounded_subtraction,0.8788771381275048,-0.010431561410416013
0.5,policy::twosided1__topm__power0.75,bounded_subtraction,0.8751931927179475,-0.014115506819973311
0.5,policy::twosided1__topm__power1.25,bounded_subtraction,0.8617518931585616,-0.0275568063793592
0.5,policy::twosided1__topm__power1.5,bounded_subtraction,0.8594163699273893,-0.029892329610531454
0.5,policy::twosided1__topm__uniform0.02,bounded_subtraction,0.8840115868827721,-0.00529711265514865
0.5,policy::twosided1__topm__uniform0.05,bounded_subtraction,0.8846148334600334,-0.004693866077887354
0.5,policy::twosided1__topm__uniform0.1,bounded_subtraction,0.8870158957994793,-0.00229280373844154
0.5,policy::twosided1__topm__uniform0.2,bounded_subtraction,0.8845903593470724,-0.00471834019084838
0.5,policy::uncertainty0.01__full__accept_clip0.02,bounded_subtraction,0.894353319143442,0.005044619605521161
0.5,policy::uncertainty0.01__full__accept_clip0.05,bounded_subtraction,0.8895583113824529,0.00024961184453209384
0.5,policy::uncertainty0.01__full__accept_clip0.1,bounded_subtraction,0.8826179206321136,-0.00669077890580716
0.5,policy::uncertainty0.01__full__bonus1.25,bounded_subtraction,0.8792658234837599,-0.010042876054160876
0.5,policy::uncertainty0.01__full__bonus1.5,bounded_subtraction,0.8794434139232225,-0.00986528561469835
0.5,policy::uncertainty0.01__full__bonus2,bounded_subtraction,0.8797018768979231,-0.00960682263999768
0.5,policy::uncertainty0.01__full__bonus3,bounded_subtraction,0.8797329620526085,-0.009575737485312263
0.5,policy::uncertainty0.01__full__expected_mix0.25,bounded_subtraction,0.8981478353450835,0.008839135807162668
0.5,policy::uncertainty0.01__full__expected_mix0.5,bounded_subtraction,0.8983938375950578,0.009085138057136954
0.5,policy::uncertainty0.01__full__expected_mix0.75,bounded_subtraction,0.8959792412727117,0.006670541734790869
0.5,policy::uncertainty0.01__full__expected_rejection,bounded_subtraction,0.8904911017300077,0.0011824021920868732
0.5,policy::uncertainty0.01__full__h_tau0.8,bounded_subtraction,0.8663720611189996,-0.02293663841892124
0.5,policy::uncertainty0.01__full__h_tau0.9,bounded_subtraction,0.8746098051597788,-0.01469889437814198
0.5,policy::uncertainty0.01__full__h_tau1.1,bounded_subtraction,0.8812609360087639,-0.008047763529156926
0.5,policy::uncertainty0.01__full__h_tau1.25,bounded_subtraction,0.8849966040515262,-0.0043120954863945515
0.5,policy::uncertainty0.01__full__original,bounded_subtraction,0.8788539051703241,-0.010454794367596665
0.5,policy::uncertainty0.01__full__power0.5,bounded_subtraction,0.8820047822540907,-0.007303917283830064
0.5,policy::uncertainty0.01__full__power0.75,bounded_subtraction,0.8811935418692922,-0.008115157668628581
0.5,policy::uncertainty0.01__full__power1.25,bounded_subtraction,0.8724245597706315,-0.016884139767289308
0.5,policy::uncertainty0.01__full__power1.5,bounded_subtraction,0.8672391750172335,-0.022069524520687334
0.5,policy::uncertainty0.01__full__uniform0.02,bounded_subtraction,0.8922772622023666,0.002968562664445784
0.5,policy::uncertainty0.01__full__uniform0.05,bounded_subtraction,0.8904946669601745,0.001185967422253742
0.5,policy::uncertainty0.01__full__uniform0.1,bounded_subtraction,0.8870098404244051,-0.0022988591135156833
0.5,policy::uncertainty0.01__full__uniform0.2,bounded_subtraction,0.8793086252653097,-0.01000007427261107
0.5,policy::uncertainty0.01__topm__accept_clip0.02,bounded_subtraction,0.8929180020902912,0.0036093025523703526
0.5,policy::uncertainty0.01__topm__accept_clip0.05,bounded_subtraction,0.889105678824851,-0.0002030207130697681
0.5,policy::uncertainty0.01__topm__accept_clip0.1,bounded_subtraction,0.880077128833872,-0.009231570704048786
0.5,policy::uncertainty0.01__topm__bonus1.25,bounded_subtraction,0.8790538644595293,-0.010254835078391533
0.5,policy::uncertainty0.01__topm__bonus1.5,bounded_subtraction,0.8781973829282149,-0.011111316609705879
0.5,policy::uncertainty0.01__topm__bonus2,bounded_subtraction,0.8793846469277393,-0.009924052610181477
0.5,policy::uncertainty0.01__topm__bonus3,bounded_subtraction,0.8796192589428221,-0.009689440595098686
0.5,policy::uncertainty0.01__topm__expected_mix0.25,bounded_subtraction,0.8978246606014764,0.008515961063555566
0.5,policy::uncertainty0.01__topm__expected_mix0.5,bounded_subtraction,0.897014164373756,0.0077054648358352296
0.5,policy::uncertainty0.01__topm__expected_mix0.75,bounded_subtraction,0.8951438385238125,0.005835138985891719
0.5,policy::uncertainty0.01__topm__expected_rejection,bounded_subtraction,0.8884446988979103,-0.000864000640010465
0.5,policy::uncertainty0.01__topm__h_tau0.8,bounded_subtraction,0.866521819370678,-0.02278688016724284
0.5,policy::uncertainty0.01__topm__h_tau0.9,bounded_subtraction,0.8744970015777752,-0.014811697960145587
0.5,policy::uncertainty0.01__topm__h_tau1.1,bounded_subtraction,0.8812084057322104,-0.008100293805710423
0.5,policy::uncertainty0.01__topm__h_tau1.25,bounded_subtraction,0.884770888566308,-0.004537810971612766
0.5,policy::uncertainty0.01__topm__original,bounded_subtraction,0.8786212161549869,-0.010687483382933904
0.5,policy::uncertainty0.01__topm__power0.5,bounded_subtraction,0.8805884191870227,-0.008720280350898113
0.5,policy::uncertainty0.01__topm__power0.75,bounded_subtraction,0.8809866109971893,-0.008322088540731465
0.5,policy::uncertainty0.01__topm__power1.25,bounded_subtraction,0.8723870548834088,-0.016921644654511958
0.5,policy::uncertainty0.01__topm__power1.5,bounded_subtraction,0.8674115054167554,-0.02189719412116542
0.5,policy::uncertainty0.01__topm__uniform0.02,bounded_subtraction,0.8913812017500684,0.002072502212147609
0.5,policy::uncertainty0.01__topm__uniform0.05,bounded_subtraction,0.8892149044771078,-9.37950608129734e-05
0.5,policy::uncertainty0.01__topm__uniform0.1,bounded_subtraction,0.8848703649904066,-0.004438334547514189
0.5,policy::uncertainty0.01__topm__uniform0.2,bounded_subtraction,0.8776449182488614,-0.011663781289059427
0.5,policy::uncertainty0.03__full__accept_clip0.02,bounded_subtraction,0.8969037070016225,0.007595007463701675
0.5,policy::uncertainty0.03__full__accept_clip0.05,bounded_subtraction,0.8965510405451456,0.007242341007224762
0.5,policy::uncertainty0.03__full__accept_clip0.1,bounded_subtraction,0.8905318148608833,0.001223115322962487
0.5,policy::uncertainty0.03__full__bonus1.25,bounded_subtraction,0.8785198565409709,-0.010788842996949932
0.5,policy::uncertainty0.03__full__bonus1.5,bounded_subtraction,0.8797185276534569,-0.009590171884463872
0.5,policy::uncertainty0.03__full__bonus2,bounded_subtraction,0.8804832509619244,-0.00882544857599643
0.5,policy::uncertainty0.03__full__bonus3,bounded_subtraction,0.8804556859152657,-0.008853013622655115
0.5,policy::uncertainty0.03__full__expected_mix0.25,bounded_subtraction,0.9074591846131302,0.018150485075209444
0.5,policy::uncertainty0.03__full__expected_mix0.5,bounded_subtraction,0.9043273410387689,0.015018641500848084
0.5,policy::uncertainty0.03__full__expected_mix0.75,bounded_subtraction,0.9035377098825844,0.014229010344663617
0.5,policy::uncertainty0.03__full__expected_rejection,bounded_subtraction,0.9004007774903855,0.011092077952464696
0.5,policy::uncertainty0.03__full__h_tau0.8,bounded_subtraction,0.8677564188396806,-0.021552280698240223
0.5,policy::uncertainty0.03__full__h_tau0.9,bounded_subtraction,0.875375339632373,-0.013933359905547782
0.5,policy::uncertainty0.03__full__h_tau1.1,bounded_subtraction,0.8835707098119335,-0.005737989725987269
0.5,policy::uncertainty0.03__full__h_tau1.25,bounded_subtraction,0.888194251095888,-0.0011144484420327894
0.5,policy::uncertainty0.03__full__original,bounded_subtraction,0.8784253750133769,-0.01088332452454388
0.5,policy::uncertainty0.03__full__power0.5,bounded_subtraction,0.8851513408334696,-0.0041573587044512195
0.5,policy::uncertainty0.03__full__power0.75,bounded_subtraction,0.883310995721622,-0.005997703816298827
0.5,policy::uncertainty0.03__full__power1.25,bounded_subtraction,0.8720594079511059,-0.017249291586814874
0.5,policy::uncertainty0.03__full__power1.5,bounded_subtraction,0.8662769937407864,-0.023031705797134427
0.5,policy::uncertainty0.03__full__uniform0.02,bounded_subtraction,0.8953668120776106,0.006058112539689797
0.5,policy::uncertainty0.03__full__uniform0.05,bounded_subtraction,0.8967382858189322,0.007429586281011424
0.5,policy::uncertainty0.03__full__uniform0.1,bounded_subtraction,0.8944898196096291,0.005181120071708345
0.5,policy::uncertainty0.03__full__uniform0.2,bounded_subtraction,0.887584475639494,-0.0017242238984267466
0.5,policy::uncertainty0.03__topm__accept_clip0.02,bounded_subtraction,0.8953041421452489,0.005995442607328094
0.5,policy::uncertainty0.03__topm__accept_clip0.05,bounded_subtraction,0.8937917728467798,0.004483073308858998
0.5,policy::uncertainty0.03__topm__accept_clip0.1,bounded_subtraction,0.8884999945427162,-0.0008087049952045788
0.5,policy::uncertainty0.03__topm__bonus1.25,bounded_subtraction,0.878744683562791,-0.010564015975129792
0.5,policy::uncertainty0.03__topm__bonus1.5,bounded_subtraction,0.8790085113818689,-0.010300188156051937
0.5,policy::uncertainty0.03__topm__bonus2,bounded_subtraction,0.8806441152540033,-0.008664584283917476
0.5,policy::uncertainty0.03__topm__bonus3,bounded_subtraction,0.880823702091244,-0.008484997446676745
0.5,policy::uncertainty0.03__topm__expected_mix0.25,bounded_subtraction,0.9048649315085476,0.015556231970626833
0.5,policy::uncertainty0.03__topm__expected_mix0.5,bounded_subtraction,0.9044545262035154,0.015145826665594608
0.5,policy::uncertainty0.03__topm__expected_mix0.75,bounded_subtraction,0.9019719116453033,0.012663212107382527
0.5,policy::uncertainty0.03__topm__expected_rejection,bounded_subtraction,0.8971844570318567,0.007875757493935875
0.5,policy::uncertainty0.03__topm__h_tau0.8,bounded_subtraction,0.8675987780261518,-0.02170992151176898
0.5,policy::uncertainty0.03__topm__h_tau0.9,bounded_subtraction,0.8755121416685298,-0.013796557869391046
0.5,policy::uncertainty0.03__topm__h_tau1.1,bounded_subtraction,0.8835507059958558,-0.005757993542064965
0.5,policy::uncertainty0.03__topm__h_tau1.25,bounded_subtraction,0.888778169039774,-0.0005305304981467751
0.5,policy::uncertainty0.03__topm__original,bounded_subtraction,0.8784286994621696,-0.010880000075751184
0.5,policy::uncertainty0.03__topm__power0.5,bounded_subtraction,0.8832391299825062,-0.0060695695554146
0.5,policy::uncertainty0.03__topm__power0.75,bounded_subtraction,0.8837474310937949,-0.005561268444125855
0.5,policy::uncertainty0.03__topm__power1.25,bounded_subtraction,0.871461655295304,-0.01784704424261685
0.5,policy::uncertainty0.03__topm__power1.5,bounded_subtraction,0.8656735693741533,-0.023635130163767504
0.5,policy::uncertainty0.03__topm__uniform0.02,bounded_subtraction,0.8935058963200431,0.00419719678212227
0.5,policy::uncertainty0.03__topm__uniform0.05,bounded_subtraction,0.894689437902352,0.0053807383644312035
0.5,policy::uncertainty0.03__topm__uniform0.1,bounded_subtraction,0.8917581999265798,0.0024495003886589872
0.5,policy::uncertainty0.03__topm__uniform0.2,bounded_subtraction,0.8852207115861922,-0.0040879879517286
0.5,policy::uncertainty0.1__full__accept_clip0.02,bounded_subtraction,0.902244757703783,0.012936058165862185
0.5,policy::uncertainty0.1__full__accept_clip0.05,bounded_subtraction,0.8997414805680751,0.010432781030154326
0.5,policy::uncertainty0.1__full__accept_clip0.1,bounded_subtraction,0.9010299379210125,0.011721238383091692
0.5,policy::uncertainty0.1__full__bonus1.25,bounded_subtraction,0.8802995368907715,-0.009009162647149349
0.5,policy::uncertainty0.1__full__bonus1.5,bounded_subtraction,0.8808775321788835,-0.008431167359037262
0.5,policy::uncertainty0.1__full__bonus2,bounded_subtraction,0.8820906409428336,-0.007218058595087173
0.5,policy::uncertainty0.1__full__bonus3,bounded_subtraction,0.882238433062421,-0.007070266475499798
0.5,policy::uncertainty0.1__full__expected_mix0.25,bounded_subtraction,0.911332214619289,0.02202351508136824
0.5,policy::uncertainty0.1__full__expected_mix0.5,bounded_subtraction,0.9114883036283041,0.02217960409038333
0.5,policy::uncertainty0.1__full__expected_mix0.75,bounded_subtraction,0.9106220484887985,0.021313348950877664
0.5,policy::uncertainty0.1__full__expected_rejection,bounded_subtraction,0.9050305286407874,0.01572182910286657
0.5,policy::uncertainty0.1__full__h_tau0.8,bounded_subtraction,0.8664611355720032,-0.022847563965917583
0.5,policy::uncertainty0.1__full__h_tau0.9,bounded_subtraction,0.8737201210323968,-0.015588578505523976
0.5,policy::uncertainty0.1__full__h_tau1.1,bounded_subtraction,0.8827876511992371,-0.0065210483386837215
0.5,policy::uncertainty0.1__full__h_tau1.25,bounded_subtraction,0.8876390211054078,-0.0016696784325129777
0.5,policy::uncertainty0.1__full__original,bounded_subtraction,0.8792029302973432,-0.0101057692405776
0.5,policy::uncertainty0.1__full__power0.5,bounded_subtraction,0.8895071006373035,0.00019840109938273898
0.5,policy::uncertainty0.1__full__power0.75,bounded_subtraction,0.8869715935869351,-0.002337105950985685
0.5,policy::uncertainty0.1__full__power1.25,bounded_subtraction,0.8726144754994609,-0.01669422403845988
0.5,policy::uncertainty0.1__full__power1.5,bounded_subtraction,0.8618466992412616,-0.02746200029665924
0.5,policy::uncertainty0.1__full__uniform0.02,bounded_subtraction,0.8978910684955709,0.008582368957650077
0.5,policy::uncertainty0.1__full__uniform0.05,bounded_subtraction,0.8996814668055829,0.01037276726766212
0.5,policy::uncertainty0.1__full__uniform0.1,bounded_subtraction,0.8998106380065642,0.010501938468643446
0.5,policy::uncertainty0.1__full__uniform0.2,bounded_subtraction,0.8962700955354831,0.006961395997562292
0.5,policy::uncertainty0.1__topm__accept_clip0.02,bounded_subtraction,0.9010896861580198,0.011780986620098965
0.5,policy::uncertainty0.1__topm__accept_clip0.05,bounded_subtraction,0.8991443378583336,0.009835638320412787
0.5,policy::uncertainty0.1__topm__accept_clip0.1,bounded_subtraction,0.8965749579840183,0.007266258446097518
0.5,policy::uncertainty0.1__topm__bonus1.25,bounded_subtraction,0.8789826728603677,-0.010326026677553113
0.5,policy::uncertainty0.1__topm__bonus1.5,bounded_subtraction,0.8784670640145825,-0.010841635523338278
0.5,policy::uncertainty0.1__topm__bonus2,bounded_subtraction,0.8796911397462112,-0.00961755979170964
0.5,policy::uncertainty0.1__topm__bonus3,bounded_subtraction,0.880937617165757,-0.008371082372163774
0.5,policy::uncertainty0.1__topm__expected_mix0.25,bounded_subtraction,0.909959620899759,0.020650921361838215
0.5,policy::uncertainty0.1__topm__expected_mix0.5,bounded_subtraction,0.9104392924607569,0.021130592922836144
0.5,policy::uncertainty0.1__topm__expected_mix0.75,bounded_subtraction,0.9075923912392178,0.018283691701296956
0.5,policy::uncertainty0.1__topm__expected_rejection,bounded_subtraction,0.9019805022310864,0.01267180269316559
0.5,policy::uncertainty0.1__topm__h_tau0.8,bounded_subtraction,0.8665740440363778,-0.022734655501542966
0.5,policy::uncertainty0.1__topm__h_tau0.9,bounded_subtraction,0.8735601758555617,-0.015748523682359128
0.5,policy::uncertainty0.1__topm__h_tau1.1,bounded_subtraction,0.8815440214928495,-0.007764678045071305
0.5,policy::uncertainty0.1__topm__h_tau1.25,bounded_subtraction,0.8874134057906091,-0.001895293747311677
0.5,policy::uncertainty0.1__topm__original,bounded_subtraction,0.8777142569981362,-0.011594442539784588
0.5,policy::uncertainty0.1__topm__power0.5,bounded_subtraction,0.8872350150329159,-0.0020736845050048913
0.5,policy::uncertainty0.1__topm__power0.75,bounded_subtraction,0.8855492529582598,-0.0037594465796609855
0.5,policy::uncertainty0.1__topm__power1.25,bounded_subtraction,0.8726360775892034,-0.016672621948717437
0.5,policy::uncertainty0.1__topm__power1.5,bounded_subtraction,0.8613838125931985,-0.027924886944722283
0.5,policy::uncertainty0.1__topm__uniform0.02,bounded_subtraction,0.8972143485423089,0.00790564900438806
0.5,policy::uncertainty0.1__topm__uniform0.05,bounded_subtraction,0.8988198373614259,0.0095111378235051
0.5,policy::uncertainty0.1__topm__uniform0.1,bounded_subtraction,0.8965702494335132,0.007261549895592356
0.5,policy::uncertainty0.1__topm__uniform0.2,bounded_subtraction,0.8930112763774484,0.0037025768395275716
0.5,policy::z_gate0.2__full__accept_clip0.02,local_gate,0.8716465213849077,-0.017662178153013075
0.5,policy::z_gate0.2__full__accept_clip0.05,local_gate,0.8699838955945449,-0.01932480394337588
0.5,policy::z_gate0.2__full__accept_clip0.1,local_gate,0.8663986699944946,-0.022910029543426247
0.5,policy::z_gate0.2__full__bonus1.25,local_gate,0.8535563403644993,-0.035752359173421455
0.5,policy::z_gate0.2__full__bonus1.5,local_gate,0.8535607243960581,-0.035747975141862676
0.5,policy::z_gate0.2__full__bonus2,local_gate,0.8546877041378085,-0.03462099540011232
0.5,policy::z_gate0.2__full__bonus3,local_gate,0.8540918374409299,-0.03521686209699093
0.5,policy::z_gate0.2__full__expected_mix0.25,local_gate,0.8754347467406027,-0.013873952797318068
0.5,policy::z_gate0.2__full__expected_mix0.5,local_gate,0.8744634396995036,-0.014845259838417224
0.5,policy::z_gate0.2__full__expected_mix0.75,local_gate,0.8727450654961038,-0.016563634041817044
0.5,policy::z_gate0.2__full__expected_rejection,local_gate,0.8722094938235306,-0.017099205714390164
0.5,policy::z_gate0.2__full__h_tau0.8,local_gate,0.8468012065255147,-0.04250749301240608
0.5,policy::z_gate0.2__full__h_tau0.9,local_gate,0.8521180557285566,-0.03719064380936421
0.5,policy::z_gate0.2__full__h_tau1.1,local_gate,0.8561531503246382,-0.033155549213282565
0.5,policy::z_gate0.2__full__h_tau1.25,local_gate,0.8596855451224116,-0.029623154415509223
0.5,policy::z_gate0.2__full__original,local_gate,0.8533563641267339,-0.03595233541118692
0.5,policy::z_gate0.2__full__power0.5,local_gate,0.8565060101647054,-0.0328026893732154
0.5,policy::z_gate0.2__full__power0.75,local_gate,0.8557470670236385,-0.03356163251428235
0.5,policy::z_gate0.2__full__power1.25,local_gate,0.8521092130170423,-0.037199486520878455
0.5,policy::z_gate0.2__full__power1.5,local_gate,0.8467073051774767,-0.04260139436044408
0.5,policy::z_gate0.2__full__uniform0.02,local_gate,0.8692485764306205,-0.02006012310730032
0.5,policy::z_gate0.2__full__uniform0.05,local_gate,0.8675036323273003,-0.021805067210620477
0.5,policy::z_gate0.2__full__uniform0.1,local_gate,0.8668248001345278,-0.022483899403393015
0.5,policy::z_gate0.2__full__uniform0.2,local_gate,0.8622485296004472,-0.02706016993747362
0.5,policy::z_gate0.2__topm__accept_clip0.02,local_gate,0.8714030457125669,-0.017905653825353918
0.5,policy::z_gate0.2__topm__accept_clip0.05,local_gate,0.869767709953858,-0.019540989584062807
0.5,policy::z_gate0.2__topm__accept_clip0.1,local_gate,0.8659003258254959,-0.02340837371242488
0.5,policy::z_gate0.2__topm__bonus1.25,local_gate,0.8535197356517148,-0.035788963886206004
0.5,policy::z_gate0.2__topm__bonus1.5,local_gate,0.8535105632475771,-0.035798136290343674
0.5,policy::z_gate0.2__topm__bonus2,local_gate,0.854385416970934,-0.034923282566986846
0.5,policy::z_gate0.2__topm__bonus3,local_gate,0.8539833252734927,-0.035325374264428056
0.5,policy::z_gate0.2__topm__expected_mix0.25,local_gate,0.875198291801554,-0.014110407736366848
0.5,policy::z_gate0.2__topm__expected_mix0.5,local_gate,0.8741433228405524,-0.015165376697368393
0.5,policy::z_gate0.2__topm__expected_mix0.75,local_gate,0.8725776124365133,-0.01673108710140747
0.5,policy::z_gate0.2__topm__expected_rejection,local_gate,0.871140160628168,-0.018168538909752785
0.5,policy::z_gate0.2__topm__h_tau0.8,local_gate,0.8468595679098424,-0.042449131628078396
0.5,policy::z_gate0.2__topm__h_tau0.9,local_gate,0.8521410207930219,-0.0371676787448989
0.5,policy::z_gate0.2__topm__h_tau1.1,local_gate,0.8561268434146571,-0.03318185612326374
0.5,policy::z_gate0.2__topm__h_tau1.25,local_gate,0.8594844960213008,-0.029824203516619963
0.5,policy::z_gate0.2__topm__original,local_gate,0.8533134882221645,-0.03599521131575634
0.5,policy::z_gate0.2__topm__power0.5,local_gate,0.8555137627767769,-0.03379493676114387
0.5,policy::z_gate0.2__topm__power0.75,local_gate,0.8556422524254339,-0.0336664471124869
0.5,policy::z_gate0.2__topm__power1.25,local_gate,0.8520394302850041,-0.03726926925291674
0.5,policy::z_gate0.2__topm__power1.5,local_gate,0.8468730441993182,-0.04243565533860261
0.5,policy::z_gate0.2__topm__uniform0.02,local_gate,0.8691440172944072,-0.020164682243513643
0.5,policy::z_gate0.2__topm__uniform0.05,local_gate,0.8674339744786205,-0.021874725059300326
0.5,policy::z_gate0.2__topm__uniform0.1,local_gate,0.8667089877852244,-0.022599711752696372
0.5,policy::z_gate0.2__topm__uniform0.2,local_gate,0.861592623136112,-0.027716076401808842
0.5,policy::z_gate0.4__full__accept_clip0.02,local_gate,0.8788409776430179,-0.01046772189490286
0.5,policy::z_gate0.4__full__accept_clip0.05,local_gate,0.8775334498959552,-0.011775249641965635
0.5,policy::z_gate0.4__full__accept_clip0.1,local_gate,0.8735865334805701,-0.01572216605735066
0.5,policy::z_gate0.4__full__bonus1.25,local_gate,0.8611502418313255,-0.028158457706595308
0.5,policy::z_gate0.4__full__bonus1.5,local_gate,0.8613033603403066,-0.028005339197614165
0.5,policy::z_gate0.4__full__bonus2,local_gate,0.8622341725468953,-0.027074526991025527
0.5,policy::z_gate0.4__full__bonus3,local_gate,0.8616562591953484,-0.027652440342572415
0.5,policy::z_gate0.4__full__expected_mix0.25,local_gate,0.8823545217004234,-0.006954177837497411
0.5,policy::z_gate0.4__full__expected_mix0.5,local_gate,0.8814590094676537,-0.007849690070267146
0.5,policy::z_gate0.4__full__expected_mix0.75,local_gate,0.8799959531210901,-0.009312746416830664
0.5,policy::z_gate0.4__full__expected_rejection,local_gate,0.8806077442959948,-0.008700955241926045
0.5,policy::z_gate0.4__full__h_tau0.8,local_gate,0.8544853725038271,-0.03482332703409374
0.5,policy::z_gate0.4__full__h_tau0.9,local_gate,0.8598081367652143,-0.029500562772706518
0.5,policy::z_gate0.4__full__h_tau1.1,local_gate,0.8624837200704941,-0.02682497946742668
0.5,policy::z_gate0.4__full__h_tau1.25,local_gate,0.8660616066861957,-0.023247092851725104
0.5,policy::z_gate0.4__full__original,local_gate,0.8610895303146738,-0.028219169223246965
0.5,policy::z_gate0.4__full__power0.5,local_gate,0.8628558821307989,-0.02645281740712191
0.5,policy::z_gate0.4__full__power0.75,local_gate,0.8616645303125829,-0.027644169225337856
0.5,policy::z_gate0.4__full__power1.25,local_gate,0.8599593553999878,-0.029349344137932998
0.5,policy::z_gate0.4__full__power1.5,local_gate,0.8541167593584521,-0.035191940179468695
0.5,policy::z_gate0.4__full__uniform0.02,local_gate,0.875663109187941,-0.013645590349979808
0.5,policy::z_gate0.4__full__uniform0.05,local_gate,0.8732469814587058,-0.01606171807921497
0.5,policy::z_gate0.4__full__uniform0.1,local_gate,0.872792360859508,-0.016516338678412845
0.5,policy::z_gate0.4__full__uniform0.2,local_gate,0.8689466161114736,-0.020362083426447186
0.5,policy::z_gate0.4__topm__accept_clip0.02,local_gate,0.87867857388377,-0.01063012565415078
0.5,policy::z_gate0.4__topm__accept_clip0.05,local_gate,0.8772732727453896,-0.012035426792531223
0.5,policy::z_gate0.4__topm__accept_clip0.1,local_gate,0.8736171685796719,-0.015691530958248934
0.5,policy::z_gate0.4__topm__bonus1.25,local_gate,0.8611391799509001,-0.02816951958702074
0.5,policy::z_gate0.4__topm__bonus1.5,local_gate,0.8612611019145592,-0.02804759762336162
0.5,policy::z_gate0.4__topm__bonus2,local_gate,0.8620399903822616,-0.027268709155659154
0.5,policy::z_gate0.4__topm__bonus3,local_gate,0.8615830184929654,-0.02772568104495543
0.5,policy::z_gate0.4__topm__expected_mix0.25,local_gate,0.8823010705405513,-0.007007628997369508
0.5,policy::z_gate0.4__topm__expected_mix0.5,local_gate,0.8812070645008843,-0.008101635037036536
0.5,policy::z_gate0.4__topm__expected_mix0.75,local_gate,0.8799941811547748,-0.009314518383146009
0.5,policy::z_gate0.4__topm__expected_rejection,local_gate,0.8794320577778669,-0.009876641760053873
0.5,policy::z_gate0.4__topm__h_tau0.8,local_gate,0.8544907610503237,-0.03481793848759707
0.5,policy::z_gate0.4__topm__h_tau0.9,local_gate,0.8598318977609636,-0.029476801776957218
0.5,policy::z_gate0.4__topm__h_tau1.1,local_gate,0.8624825357482065,-0.026826163789714252
0.5,policy::z_gate0.4__topm__h_tau1.25,local_gate,0.8658606018358422,-0.023448097702078563
0.5,policy::z_gate0.4__topm__original,local_gate,0.8610500717005016,-0.02825862783741917
0.5,policy::z_gate0.4__topm__power0.5,local_gate,0.8617033223252409,-0.02760537721267986
0.5,policy::z_gate0.4__topm__power0.75,local_gate,0.8616676592404449,-0.02764104029747594
0.5,policy::z_gate0.4__topm__power1.25,local_gate,0.8598063004390009,-0.02950239909891994
0.5,policy::z_gate0.4__topm__power1.5,local_gate,0.8542755458416902,-0.03503315369623061
0.5,policy::z_gate0.4__topm__uniform0.02,local_gate,0.875613428405553,-0.013695271132367792
0.5,policy::z_gate0.4__topm__uniform0.05,local_gate,0.8733196960262319,-0.01598900351168886
0.5,policy::z_gate0.4__topm__uniform0.1,local_gate,0.8716485625839648,-0.017660136953955963
0.5,policy::z_gate0.4__topm__uniform0.2,local_gate,0.8682672734912162,-0.02104142604670456
0.5,policy::z_gate0.6__full__accept_clip0.02,local_gate,0.892553645190751,0.003244945652830178
0.5,policy::z_gate0.6__full__accept_clip0.05,local_gate,0.8908504496885762,0.0015417501506553855
0.5,policy::z_gate0.6__full__accept_clip0.1,local_gate,0.8876228594270529,-0.00168584011086792
0.5,policy::z_gate0.6__full__bonus1.25,local_gate,0.873701279515459,-0.015607420022461849
0.5,policy::z_gate0.6__full__bonus1.5,local_gate,0.87357441438746,-0.015734285150460825
0.5,policy::z_gate0.6__full__bonus2,local_gate,0.8745624625039288,-0.014746237033992027
0.5,policy::z_gate0.6__full__bonus3,local_gate,0.8743921209420848,-0.01491657859583595
0.5,policy::z_gate0.6__full__expected_mix0.25,local_gate,0.8964532101133043,0.007144510575383456
0.5,policy::z_gate0.6__full__expected_mix0.5,local_gate,0.895553621707586,0.006244922169665212
0.5,policy::z_gate0.6__full__expected_mix0.75,local_gate,0.8931065917292826,0.00379789219136184
0.5,policy::z_gate0.6__full__expected_rejection,local_gate,0.8941537781745029,0.004845078636582123
0.5,policy::z_gate0.6__full__h_tau0.8,local_gate,0.8657237290781337,-0.023584970459787136
0.5,policy::z_gate0.6__full__h_tau0.9,local_gate,0.8716684948748835,-0.017640204663037284
0.5,policy::z_gate0.6__full__h_tau1.1,local_gate,0.8745894218801933,-0.014719277657727514
0.5,policy::z_gate0.6__full__h_tau1.25,local_gate,0.87883783724056,-0.010470862297360828
0.5,policy::z_gate0.6__full__original,local_gate,0.8736838934331549,-0.01562480610476591
0.5,policy::z_gate0.6__full__power0.5,local_gate,0.875083717755554,-0.014224981782366752
0.5,policy::z_gate0.6__full__power0.75,local_gate,0.8743819231444739,-0.014926776393446861
0.5,policy::z_gate0.6__full__power1.25,local_gate,0.8714777897966087,-0.017830909741312073
0.5,policy::z_gate0.6__full__power1.5,local_gate,0.8654322177736479,-0.023876481764272928
0.5,policy::z_gate0.6__full__uniform0.02,local_gate,0.8892254570764818,-8.324246143898151e-05
0.5,policy::z_gate0.6__full__uniform0.05,local_gate,0.8851311978578128,-0.004177501680107998
0.5,policy::z_gate0.6__full__uniform0.1,local_gate,0.8845954161390935,-0.0047132833988272615
0.5,policy::z_gate0.6__full__uniform0.2,local_gate,0.8801533570696378,-0.009155342468282979
0.5,policy::z_gate0.6__topm__accept_clip0.02,local_gate,0.8923619489002944,0.0030532493623736112
0.5,policy::z_gate0.6__topm__accept_clip0.05,local_gate,0.8908314810098884,0.0015227814719676047
0.5,policy::z_gate0.6__topm__accept_clip0.1,local_gate,0.887598017120525,-0.0017106824173958035
0.5,policy::z_gate0.6__topm__bonus1.25,local_gate,0.8737304852632877,-0.015578214274633129
0.5,policy::z_gate0.6__topm__bonus1.5,local_gate,0.8735254582084222,-0.0157832413294986
0.5,policy::z_gate0.6__topm__bonus2,local_gate,0.8743638512515783,-0.01494484828634246
0.5,policy::z_gate0.6__topm__bonus3,local_gate,0.8744808248768425,-0.014827874661078266
0.5,policy::z_gate0.6__topm__expected_mix0.25,local_gate,0.8963828326974143,0.0070741331594934564
0.5,policy::z_gate0.6__topm__expected_mix0.5,local_gate,0.8951125016117645,0.005803802073843678
0.5,policy::z_gate0.6__topm__expected_mix0.75,local_gate,0.8930635887344439,0.0037548891965231146
0.5,policy::z_gate0.6__topm__expected_rejection,local_gate,0.893014258548294,0.0037055590103731717
0.5,policy::z_gate0.6__topm__h_tau0.8,local_gate,0.8657242948776074,-0.02358440466031342
0.5,policy::z_gate0.6__topm__h_tau0.9,local_gate,0.8716852482585667,-0.017623451279354052
0.5,policy::z_gate0.6__topm__h_tau1.1,local_gate,0.874540793474206,-0.014767906063714809
0.5,policy::z_gate0.6__topm__h_tau1.25,local_gate,0.8786491916217016,-0.010659507916219169
0.5,policy::z_gate0.6__topm__original,local_gate,0.873643191118777,-0.015665508419143825
0.5,policy::z_gate0.6__topm__power0.5,local_gate,0.873864331385012,-0.015444368152908838
0.5,policy::z_gate0.6__topm__power0.75,local_gate,0.8743732778839141,-0.014935421654006742
0.5,policy::z_gate0.6__topm__power1.25,local_gate,0.87132473504409,-0.017983964493830773
0.5,policy::z_gate0.6__topm__power1.5,local_gate,0.8654323231579713,-0.02387637637994955
0.5,policy::z_gate0.6__topm__uniform0.02,local_gate,0.8891074874879686,-0.0002012120499521597
0.5,policy::z_gate0.6__topm__uniform0.05,local_gate,0.885250787224676,-0.004057912313244816
0.5,policy::z_gate0.6__topm__uniform0.1,local_gate,0.8831316412362984,-0.006177058301622407
0.5,policy::z_gate0.6__topm__uniform0.2,local_gate,0.8806952094349603,-0.00861349010296053
0.7,policy::anchor_peak__full__accept_clip0.02,bounded_subtraction,0.7935532711444693,-0.026870975937043018
0.7,policy::anchor_peak__full__accept_clip0.05,bounded_subtraction,0.7913475080225432,-0.029076739058969125
0.7,policy::anchor_peak__full__accept_clip0.1,bounded_subtraction,0.7879873977352592,-0.03243684934625313
0.7,policy::anchor_peak__full__bonus1.25,bounded_subtraction,0.78549934406266,-0.034924903018852316
0.7,policy::anchor_peak__full__bonus1.5,bounded_subtraction,0.7857859858270587,-0.03463826125445357
0.7,policy::anchor_peak__full__bonus2,bounded_subtraction,0.787150892568047,-0.03327335451346525
0.7,policy::anchor_peak__full__bonus3,bounded_subtraction,0.7872202885077089,-0.03320395857380343
0.7,policy::anchor_peak__full__expected_mix0.25,bounded_subtraction,0.7950466483914279,-0.02537759869008438
0.7,policy::anchor_peak__full__expected_mix0.5,bounded_subtraction,0.792718898756839,-0.027705348324673307
0.7,policy::anchor_peak__full__expected_mix0.75,bounded_subtraction,0.7890426802074945,-0.03138156687401783
0.7,policy::anchor_peak__full__expected_rejection,bounded_subtraction,0.783415886798781,-0.037008360282731245
0.7,policy::anchor_peak__full__h_tau0.8,bounded_subtraction,0.7667078439216645,-0.053716403159847825
0.7,policy::anchor_peak__full__h_tau0.9,bounded_subtraction,0.7785198014784739,-0.04190444560303841
0.7,policy::anchor_peak__full__h_tau1.1,bounded_subtraction,0.7839094995936121,-0.03651474748790018
0.7,policy::anchor_peak__full__h_tau1.25,bounded_subtraction,0.7817905961147757,-0.038633650966736544
0.7,policy::anchor_peak__full__original,bounded_subtraction,0.7843461867259957,-0.03607806035551664
0.7,policy::anchor_peak__full__power0.5,bounded_subtraction,0.790731618387813,-0.029692628693699263
0.7,policy::anchor_peak__full__power0.75,bounded_subtraction,0.7887633134629428,-0.031660933618569476
0.7,policy::anchor_peak__full__power1.25,bounded_subtraction,0.7757753402374192,-0.04464890684409306
0.7,policy::anchor_peak__full__power1.5,bounded_subtraction,0.7674558181838286,-0.05296842889768372
0.7,policy::anchor_peak__full__uniform0.02,bounded_subtraction,0.7931222673442219,-0.027301979737290427
0.7,policy::anchor_peak__full__uniform0.05,bounded_subtraction,0.7973820037159316,-0.023042243365580695
0.7,policy::anchor_peak__full__uniform0.1,bounded_subtraction,0.7947244113231152,-0.02569983575839707
0.7,policy::anchor_peak__full__uniform0.2,bounded_subtraction,0.7914075998041609,-0.029016647277351426
0.7,policy::anchor_peak__topm__accept_clip0.02,bounded_subtraction,0.7930656918753379,-0.027358555206174362
0.7,policy::anchor_peak__topm__accept_clip0.05,bounded_subtraction,0.7897252204312195,-0.030699026650292782
0.7,policy::anchor_peak__topm__accept_clip0.1,bounded_subtraction,0.787471417742691,-0.032952829338821266
0.7,policy::anchor_peak__topm__bonus1.25,bounded_subtraction,0.7846250702878182,-0.03579917679369404
0.7,policy::anchor_peak__topm__bonus1.5,bounded_subtraction,0.7848197973985728,-0.03560444968293952
0.7,policy::anchor_peak__topm__bonus2,bounded_subtraction,0.786573867181024,-0.03385037990048834
0.7,policy::anchor_peak__topm__bonus3,bounded_subtraction,0.7866247771351681,-0.033799469946344196
0.7,policy::anchor_peak__topm__expected_mix0.25,bounded_subtraction,0.7948663088381792,-0.025557938243333078
0.7,policy::anchor_peak__topm__expected_mix0.5,bounded_subtraction,0.7922598385874136,-0.028164408494098736
0.7,policy::anchor_peak__topm__expected_mix0.75,bounded_subtraction,0.7890189070688043,-0.031405340012708005
0.7,policy::anchor_peak__topm__expected_rejection,bounded_subtraction,0.7820575526232493,-0.03836669445826302
0.7,policy::anchor_peak__topm__h_tau0.8,bounded_subtraction,0.7662465378208306,-0.05417770926068166
0.7,policy::anchor_peak__topm__h_tau0.9,bounded_subtraction,0.77748275818396,-0.04294148889755234
0.7,policy::anchor_peak__topm__h_tau1.1,bounded_subtraction,0.7836111494584063,-0.03681309762310603
0.7,policy::anchor_peak__topm__h_tau1.25,bounded_subtraction,0.7813341915709178,-0.039090055510594524
0.7,policy::anchor_peak__topm__original,bounded_subtraction,0.7837738052254861,-0.03665044185602617
0.7,policy::anchor_peak__topm__power0.5,bounded_subtraction,0.789337507887353,-0.031086739194159274
0.7,policy::anchor_peak__topm__power0.75,bounded_subtraction,0.7883994827596382,-0.032024764321874066
0.7,policy::anchor_peak__topm__power1.25,bounded_subtraction,0.7750395921406312,-0.045384654940881064
0.7,policy::anchor_peak__topm__power1.5,bounded_subtraction,0.7673344718520521,-0.053089775229460234
0.7,policy::anchor_peak__topm__uniform0.02,bounded_subtraction,0.7924745532756183,-0.02794969380589396
0.7,policy::anchor_peak__topm__uniform0.05,bounded_subtraction,0.7958021272931848,-0.024622119788327512
0.7,policy::anchor_peak__topm__uniform0.1,bounded_subtraction,0.7941291760751987,-0.026295071006313564
0.7,policy::anchor_peak__topm__uniform0.2,bounded_subtraction,0.79080523971985,-0.02961900736166234
0.7,policy::anchor_y__full__accept_clip0.02,bounded_subtraction,0.8227390568797024,0.0023148097981900984
0.7,policy::anchor_y__full__accept_clip0.05,bounded_subtraction,0.8191620825964198,-0.0012621644850925318
0.7,policy::anchor_y__full__accept_clip0.1,bounded_subtraction,0.8149775553317645,-0.005446691749747767
0.7,policy::anchor_y__full__bonus1.25,bounded_subtraction,0.8178322545251582,-0.002591992556354117
0.7,policy::anchor_y__full__bonus1.5,bounded_subtraction,0.8177944050710447,-0.0026298420104675646
0.7,policy::anchor_y__full__bonus2,bounded_subtraction,0.8203770529832184,-4.71940982939012e-05
0.7,policy::anchor_y__full__bonus3,bounded_subtraction,0.8209050805420568,0.00048083346054450526
0.7,policy::anchor_y__full__expected_mix0.25,bounded_subtraction,0.8227266253593426,0.002302378277830308
0.7,policy::anchor_y__full__expected_mix0.5,bounded_subtraction,0.8195866738309291,-0.0008375732505832012
0.7,policy::anchor_y__full__expected_mix0.75,bounded_subtraction,0.8153244821688095,-0.005099764912702809
0.7,policy::anchor_y__full__expected_rejection,bounded_subtraction,0.8080192836661094,-0.01240496341540287
0.7,policy::anchor_y__full__h_tau0.8,bounded_subtraction,0.7995987231027206,-0.02082552397879167
0.7,policy::anchor_y__full__h_tau0.9,bounded_subtraction,0.8113194875900742,-0.009104759491438075
0.7,policy::anchor_y__full__h_tau1.1,bounded_subtraction,0.8155810254813662,-0.004843221600146053
0.7,policy::anchor_y__full__h_tau1.25,bounded_subtraction,0.8120091784994662,-0.008415068582046104
0.7,policy::anchor_y__full__original,bounded_subtraction,0.8174859390089176,-0.002938308072594653
0.7,policy::anchor_y__full__power0.5,bounded_subtraction,0.8206496578533096,0.0002254107717972742
0.7,policy::anchor_y__full__power0.75,bounded_subtraction,0.8207500674223825,0.00032582034087025313
0.7,policy::anchor_y__full__power1.25,bounded_subtraction,0.8086076626454444,-0.011816584436067923
0.7,policy::anchor_y__full__power1.5,bounded_subtraction,0.7979051328422164,-0.022519114239295868
0.7,policy::anchor_y__full__uniform0.02,bounded_subtraction,0.821378876776317,0.0009546296948047539
0.7,policy::anchor_y__full__uniform0.05,bounded_subtraction,0.8228652574849938,0.002441010403481547
0.7,policy::anchor_y__full__uniform0.1,bounded_subtraction,0.8215083898346807,0.0010841427531683712
0.7,policy::anchor_y__full__uniform0.2,bounded_subtraction,0.8163246580826281,-0.004099588998884185
0.7,policy::anchor_y__topm__accept_clip0.02,bounded_subtraction,0.8222514540452928,0.00182720696378047
0.7,policy::anchor_y__topm__accept_clip0.05,bounded_subtraction,0.8179326069795221,-0.0024916401019902112
0.7,policy::anchor_y__topm__accept_clip0.1,bounded_subtraction,0.8144510235444432,-0.005973223537069083
0.7,policy::anchor_y__topm__bonus1.25,bounded_subtraction,0.8169800558942102,-0.0034441911873021036
0.7,policy::anchor_y__topm__bonus1.5,bounded_subtraction,0.8168158113283347,-0.003608435753177597
0.7,policy::anchor_y__topm__bonus2,bounded_subtraction,0.8198842861357054,-0.0005399609458068833
0.7,policy::anchor_y__topm__bonus3,bounded_subtraction,0.8201740895526433,-0.00025015752886903275
0.7,policy::anchor_y__topm__expected_mix0.25,bounded_subtraction,0.822175757339292,0.0017515102577797537
0.7,policy::anchor_y__topm__expected_mix0.5,bounded_subtraction,0.8195065679813621,-0.0009176791001501705
0.7,policy::anchor_y__topm__expected_mix0.75,bounded_subtraction,0.8151878837491209,-0.005236363332391414
0.7,policy::anchor_y__topm__expected_rejection,bounded_subtraction,0.8064074719128744,-0.014016775168637863
0.7,policy::anchor_y__topm__h_tau0.8,bounded_subtraction,0.7992289690735064,-0.021195278008005913
0.7,policy::anchor_y__topm__h_tau0.9,bounded_subtraction,0.8107076076397803,-0.009716639441731956
0.7,policy::anchor_y__topm__h_tau1.1,bounded_subtraction,0.8153437113544653,-0.005080535727047031
0.7,policy::anchor_y__topm__h_tau1.25,bounded_subtraction,0.8116247402835692,-0.008799506797943057
0.7,policy::anchor_y__topm__original,bounded_subtraction,0.8170000710599439,-0.0034241760215684147
0.7,policy::anchor_y__topm__power0.5,bounded_subtraction,0.8192643762698337,-0.001159870811678565
0.7,policy::anchor_y__topm__power0.75,bounded_subtraction,0.8199031687170129,-0.0005210783644994388
0.7,policy::anchor_y__topm__power1.25,bounded_subtraction,0.8080700216446479,-0.012354225436864374
0.7,policy::anchor_y__topm__power1.5,bounded_subtraction,0.7968087821725073,-0.023615464909005013
0.7,policy::anchor_y__topm__uniform0.02,bounded_subtraction,0.8207580777801883,0.00033383069867598536
0.7,policy::anchor_y__topm__uniform0.05,bounded_subtraction,0.8225028583640577,0.002078611282545384
0.7,policy::anchor_y__topm__uniform0.1,bounded_subtraction,0.8203212385817877,-0.00010300849972455506
0.7,policy::anchor_y__topm__uniform0.2,bounded_subtraction,0.8160091791020486,-0.004415067979463672
0.7,policy::argmax_diff__full__accept_clip0.02,local_gate,0.8207259910793925,0.00030174399788018835
0.7,policy::argmax_diff__full__accept_clip0.05,local_gate,0.8179292907556415,-0.002494956325870823
0.7,policy::argmax_diff__full__accept_clip0.1,local_gate,0.8150905986166866,-0.005333648464825647
0.7,policy::argmax_diff__full__bonus1.25,local_gate,0.8016262486982136,-0.018797998383298653
0.7,policy::argmax_diff__full__bonus1.5,local_gate,0.8015414175520374,-0.018882829529474843
0.7,policy::argmax_diff__full__bonus2,local_gate,0.8026949946284633,-0.017729252453049016
0.7,policy::argmax_diff__full__bonus3,local_gate,0.8024793589948412,-0.01794488808667105
0.7,policy::argmax_diff__full__expected_mix0.25,local_gate,0.8222515307117924,0.0018272836302800632
0.7,policy::argmax_diff__full__expected_mix0.5,local_gate,0.8202628735781906,-0.00016137350332168232
0.7,policy::argmax_diff__full__expected_mix0.75,local_gate,0.8176951849309478,-0.002729062150564454
0.7,policy::argmax_diff__full__expected_rejection,local_gate,0.8089699621107396,-0.011454284970772721
0.7,policy::argmax_diff__full__h_tau0.8,local_gate,0.7818879560632385,-0.03853629101827383
0.7,policy::argmax_diff__full__h_tau0.9,local_gate,0.7934184092452345,-0.027005837836277746
0.7,policy::argmax_diff__full__h_tau1.1,local_gate,0.8015100818209058,-0.01891416526060652
0.7,policy::argmax_diff__full__h_tau1.25,local_gate,0.7987683989297877,-0.02165584815172461
0.7,policy::argmax_diff__full__original,local_gate,0.8007196191528082,-0.019704627928704088
0.7,policy::argmax_diff__full__power0.5,local_gate,0.8073486098948576,-0.01307563718665472
0.7,policy::argmax_diff__full__power0.75,local_gate,0.8038574629546067,-0.016566784126905598
0.7,policy::argmax_diff__full__power1.25,local_gate,0.7918790640351905,-0.02854518304632181
0.7,policy::argmax_diff__full__power1.5,local_gate,0.7823022531773479,-0.038121993904164375
0.7,policy::argmax_diff__full__uniform0.02,local_gate,0.8148026709931206,-0.005621576088391644
0.7,policy::argmax_diff__full__uniform0.05,local_gate,0.8213131327451848,0.0008888856636725118
0.7,policy::argmax_diff__full__uniform0.1,local_gate,0.8191890795439449,-0.001235167537567361
0.7,policy::argmax_diff__full__uniform0.2,local_gate,0.8171977801356295,-0.0032264669458828
0.7,policy::argmax_diff__topm__accept_clip0.02,local_gate,0.8193347701978028,-0.0010894768837095281
0.7,policy::argmax_diff__topm__accept_clip0.05,local_gate,0.8167442668342576,-0.0036799802472546883
0.7,policy::argmax_diff__topm__accept_clip0.1,local_gate,0.8140649485028618,-0.006359298578650474
0.7,policy::argmax_diff__topm__bonus1.25,local_gate,0.8007427855491672,-0.019681461532345068
0.7,policy::argmax_diff__topm__bonus1.5,local_gate,0.8008806807465801,-0.01954356633493215
0.7,policy::argmax_diff__topm__bonus2,local_gate,0.8023953492466359,-0.01802889783487638
0.7,policy::argmax_diff__topm__bonus3,local_gate,0.8019573184038018,-0.018466928677710492
0.7,policy::argmax_diff__topm__expected_mix0.25,local_gate,0.8221387229712792,0.00171447588976692
0.7,policy::argmax_diff__topm__expected_mix0.5,local_gate,0.8200642456881262,-0.00036000139338610015
0.7,policy::argmax_diff__topm__expected_mix0.75,local_gate,0.8174797960923319,-0.0029444509891803916
0.7,policy::argmax_diff__topm__expected_rejection,local_gate,0.8084734749435954,-0.011950772137916843
0.7,policy::argmax_diff__topm__h_tau0.8,local_gate,0.7814072835864094,-0.03901696349510286
0.7,policy::argmax_diff__topm__h_tau0.9,local_gate,0.792881171566106,-0.027543075515406246
0.7,policy::argmax_diff__topm__h_tau1.1,local_gate,0.8006873559217521,-0.019736891159760184
0.7,policy::argmax_diff__topm__h_tau1.25,local_gate,0.797928608447191,-0.022495638634321247
0.7,policy::argmax_diff__topm__original,local_gate,0.8000519869759852,-0.020372260105527062
0.7,policy::argmax_diff__topm__power0.5,local_gate,0.805472909607339,-0.01495133747417332
0.7,policy::argmax_diff__topm__power0.75,local_gate,0.8032988473962732,-0.017125399685239073
0.7,policy::argmax_diff__topm__power1.25,local_gate,0.7907171339068244,-0.029707113174687882
0.7,policy::argmax_diff__topm__power1.5,local_gate,0.781952153356347,-0.038472093725165246
0.7,policy::argmax_diff__topm__uniform0.02,local_gate,0.8137964719394407,-0.006627775142071579
0.7,policy::argmax_diff__topm__uniform0.05,local_gate,0.8200176111847122,-0.0004066358968001227
0.7,policy::argmax_diff__topm__uniform0.1,local_gate,0.8180555610155388,-0.002368686065973513
0.7,policy::argmax_diff__topm__uniform0.2,local_gate,0.817156201737075,-0.0032680453444372537
0.7,policy::argmax_same__full__accept_clip0.02,local_gate,0.8153259801444892,-0.005098266937023088
0.7,policy::argmax_same__full__accept_clip0.05,local_gate,0.8126774609515094,-0.007746786130002903
0.7,policy::argmax_same__full__accept_clip0.1,local_gate,0.8073716667967277,-0.01305258028478462
0.7,policy::argmax_same__full__bonus1.25,local_gate,0.8075671637292537,-0.012857083352258547
0.7,policy::argmax_same__full__bonus1.5,local_gate,0.8080500995247988,-0.01237414755671351
0.7,policy::argmax_same__full__bonus2,local_gate,0.8090261995149245,-0.011398047566587799
0.7,policy::argmax_same__full__bonus3,local_gate,0.8100649053868926,-0.010359341694619717
0.7,policy::argmax_same__full__expected_mix0.25,local_gate,0.8172060836486412,-0.0032181634328710684
0.7,policy::argmax_same__full__expected_mix0.5,local_gate,0.8155290499996537,-0.004895197081858593
0.7,policy::argmax_same__full__expected_mix0.75,local_gate,0.811390351355918,-0.00903389572559432
0.7,policy::argmax_same__full__expected_rejection,local_gate,0.8040043838548799,-0.01641986322663236
0.7,policy::argmax_same__full__h_tau0.8,local_gate,0.7862883648004072,-0.03413588228110509
0.7,policy::argmax_same__full__h_tau0.9,local_gate,0.800358562115844,-0.020065684965668296
0.7,policy::argmax_same__full__h_tau1.1,local_gate,0.8067103315071894,-0.013713915574322888
0.7,policy::argmax_same__full__h_tau1.25,local_gate,0.8036843115765632,-0.01673993550494912
0.7,policy::argmax_same__full__original,local_gate,0.8060480081959728,-0.014376238885539516
0.7,policy::argmax_same__full__power0.5,local_gate,0.8119371911862594,-0.008487055895252893
0.7,policy::argmax_same__full__power0.75,local_gate,0.8112979364431863,-0.00912631063832603
0.7,policy::argmax_same__full__power1.25,local_gate,0.7964513114252002,-0.02397293565631209
0.7,policy::argmax_same__full__power1.5,local_gate,0.7869138931957069,-0.033510353885805366
0.7,policy::argmax_same__full__uniform0.02,local_gate,0.8150298744972213,-0.005394372584290985
0.7,policy::argmax_same__full__uniform0.05,local_gate,0.8167916764431475,-0.0036325706383647516
0.7,policy::argmax_same__full__uniform0.1,local_gate,0.8156957143365273,-0.00472853274498497
0.7,policy::argmax_same__full__uniform0.2,local_gate,0.8106827740553406,-0.009741473026171676
0.7,policy::argmax_same__topm__accept_clip0.02,local_gate,0.8142230491872077,-0.006201197894304622
0.7,policy::argmax_same__topm__accept_clip0.05,local_gate,0.8118585532301003,-0.008565693851412037
0.7,policy::argmax_same__topm__accept_clip0.1,local_gate,0.8072032722571042,-0.013220974824408094
0.7,policy::argmax_same__topm__bonus1.25,local_gate,0.8068654656618601,-0.013558781419652166
0.7,policy::argmax_same__topm__bonus1.5,local_gate,0.8070888252920285,-0.01333542178948377
0.7,policy::argmax_same__topm__bonus2,local_gate,0.8087208938361231,-0.011703353245389181
0.7,policy::argmax_same__topm__bonus3,local_gate,0.8096672638273685,-0.01075698325414376
0.7,policy::argmax_same__topm__expected_mix0.25,local_gate,0.8165823453699824,-0.0038419017115298715
0.7,policy::argmax_same__topm__expected_mix0.5,local_gate,0.8148970160083552,-0.005527231073157113
0.7,policy::argmax_same__topm__expected_mix0.75,local_gate,0.8104107627504024,-0.010013484331109934
0.7,policy::argmax_same__topm__expected_rejection,local_gate,0.8032350652124967,-0.017189181869015635
0.7,policy::argmax_same__topm__h_tau0.8,local_gate,0.7862023621510871,-0.03422188493042522
0.7,policy::argmax_same__topm__h_tau0.9,local_gate,0.799585391723978,-0.02083885535753427
0.7,policy::argmax_same__topm__h_tau1.1,local_gate,0.8066867680390606,-0.013737479042451706
0.7,policy::argmax_same__topm__h_tau1.25,local_gate,0.8035501603590784,-0.016874086722433845
0.7,policy::argmax_same__topm__original,local_gate,0.8050104901940192,-0.015413756887493135
0.7,policy::argmax_same__topm__power0.5,local_gate,0.8107181833755818,-0.009706063705930523
0.7,policy::argmax_same__topm__power0.75,local_gate,0.8105274130190714,-0.009896834062440907
0.7,policy::argmax_same__topm__power1.25,local_gate,0.7960000648163221,-0.024424182265190164
0.7,policy::argmax_same__topm__power1.5,local_gate,0.7854080600527902,-0.03501618702872211
0.7,policy::argmax_same__topm__uniform0.02,local_gate,0.8139274100521874,-0.006496837029324909
0.7,policy::argmax_same__topm__uniform0.05,local_gate,0.8163888119372694,-0.0040354351442428715
0.7,policy::argmax_same__topm__uniform0.1,local_gate,0.8153055860298555,-0.005118661051656814
0.7,policy::argmax_same__topm__uniform0.2,local_gate,0.810562584525322,-0.009861662556190254
0.7,policy::capped_negative0.1__full__accept_clip0.02,bounded_subtraction,0.8207337657012829,0.0003095186197705768
0.7,policy::capped_negative0.1__full__accept_clip0.05,bounded_subtraction,0.8195200786270197,-0.0009041684544925932
0.7,policy::capped_negative0.1__full__accept_clip0.1,bounded_subtraction,0.8135739194928602,-0.0068503275886521164
0.7,policy::capped_negative0.1__full__bonus1.25,bounded_subtraction,0.806573646984062,-0.013850600097450316
0.7,policy::capped_negative0.1__full__bonus1.5,bounded_subtraction,0.8066805589432351,-0.0137436881382772
0.7,policy::capped_negative0.1__full__bonus2,bounded_subtraction,0.8076789118058062,-0.012745335275706093
0.7,policy::capped_negative0.1__full__bonus3,bounded_subtraction,0.8075750221013377,-0.0128492249801746
0.7,policy::capped_negative0.1__full__expected_mix0.25,bounded_subtraction,0.8224785089239771,0.002054261842464822
0.7,policy::capped_negative0.1__full__expected_mix0.5,bounded_subtraction,0.8206036773063617,0.0001794302248494528
0.7,policy::capped_negative0.1__full__expected_mix0.75,bounded_subtraction,0.8150632911648122,-0.00536095591670005
0.7,policy::capped_negative0.1__full__expected_rejection,bounded_subtraction,0.8083870861557396,-0.012037160925772672
0.7,policy::capped_negative0.1__full__h_tau0.8,bounded_subtraction,0.790457402977607,-0.029966844103905266
0.7,policy::capped_negative0.1__full__h_tau0.9,bounded_subtraction,0.8019775705870757,-0.018446676494436542
0.7,policy::capped_negative0.1__full__h_tau1.1,bounded_subtraction,0.806286680055649,-0.014137567025863329
0.7,policy::capped_negative0.1__full__h_tau1.25,bounded_subtraction,0.802478098085858,-0.017946148995654276
0.7,policy::capped_negative0.1__full__original,bounded_subtraction,0.8062414070673091,-0.014182840014203224
0.7,policy::capped_negative0.1__full__power0.5,bounded_subtraction,0.8108668691028893,-0.009557377978622994
0.7,policy::capped_negative0.1__full__power0.75,bounded_subtraction,0.8096809540033193,-0.010743293078192995
0.7,policy::capped_negative0.1__full__power1.25,bounded_subtraction,0.8008187843682197,-0.019605462713292554
0.7,policy::capped_negative0.1__full__power1.5,bounded_subtraction,0.7921279998564189,-0.028296247225093385
0.7,policy::capped_negative0.1__full__uniform0.02,bounded_subtraction,0.8178694818768226,-0.0025547652046896685
0.7,policy::capped_negative0.1__full__uniform0.05,bounded_subtraction,0.8203480879193057,-7.615916220660157e-05
0.7,policy::capped_negative0.1__full__uniform0.1,bounded_subtraction,0.8162266608393819,-0.004197586242130402
0.7,policy::capped_negative0.1__full__uniform0.2,bounded_subtraction,0.8121591214220251,-0.008265125659487227
0.7,policy::capped_negative0.1__topm__accept_clip0.02,bounded_subtraction,0.8197619141803475,-0.0006623329011647971
0.7,policy::capped_negative0.1__topm__accept_clip0.05,bounded_subtraction,0.8182308798654406,-0.002193367216071662
0.7,policy::capped_negative0.1__topm__accept_clip0.1,bounded_subtraction,0.8126868457571221,-0.0077374013243901585
0.7,policy::capped_negative0.1__topm__bonus1.25,bounded_subtraction,0.8058474259905082,-0.01457682109100411
0.7,policy::capped_negative0.1__topm__bonus1.5,bounded_subtraction,0.8062544506276107,-0.014169796453901595
0.7,policy::capped_negative0.1__topm__bonus2,bounded_subtraction,0.8071918594664488,-0.013232387615063512
0.7,policy::capped_negative0.1__topm__bonus3,bounded_subtraction,0.8074669454648916,-0.012957301616620676
0.7,policy::capped_negative0.1__topm__expected_mix0.25,bounded_subtraction,0.8223866210908355,0.001962374009323198
0.7,policy::capped_negative0.1__topm__expected_mix0.5,bounded_subtraction,0.8204674955757019,4.324849418957388e-05
0.7,policy::capped_negative0.1__topm__expected_mix0.75,bounded_subtraction,0.8152354763133006,-0.00518877076821167
0.7,policy::capped_negative0.1__topm__expected_rejection,bounded_subtraction,0.8055870219750776,-0.014837225106434704
0.7,policy::capped_negative0.1__topm__h_tau0.8,bounded_subtraction,0.7896284426933533,-0.030795804388158987
0.7,policy::capped_negative0.1__topm__h_tau0.9,bounded_subtraction,0.8008713720207624,-0.019552875060749875
0.7,policy::capped_negative0.1__topm__h_tau1.1,bounded_subtraction,0.805944192702696,-0.014480054378816276
0.7,policy::capped_negative0.1__topm__h_tau1.25,bounded_subtraction,0.8019450246692713,-0.01847922241224098
0.7,policy::capped_negative0.1__topm__original,bounded_subtraction,0.8060095789389462,-0.01441466814256609
0.7,policy::capped_negative0.1__topm__power0.5,bounded_subtraction,0.809622910575149,-0.01080133650636328
0.7,policy::capped_negative0.1__topm__power0.75,bounded_subtraction,0.809589408370701,-0.010834838710811256
0.7,policy::capped_negative0.1__topm__power1.25,bounded_subtraction,0.7996524264328765,-0.020771820648635808
0.7,policy::capped_negative0.1__topm__power1.5,bounded_subtraction,0.7919839825108211,-0.028440264570691154
0.7,policy::capped_negative0.1__topm__uniform0.02,bounded_subtraction,0.8176141332745295,-0.002810113806982817
0.7,policy::capped_negative0.1__topm__uniform0.05,bounded_subtraction,0.8193807148634952,-0.001043532218017118
0.7,policy::capped_negative0.1__topm__uniform0.1,bounded_subtraction,0.8159952739239128,-0.004428973157599492
0.7,policy::capped_negative0.1__topm__uniform0.2,bounded_subtraction,0.8116431705930764,-0.008781076488435846
0.7,policy::capped_negative0.25__full__accept_clip0.02,bounded_subtraction,0.8283822921206572,0.007958045039144879
0.7,policy::capped_negative0.25__full__accept_clip0.05,bounded_subtraction,0.8255926154630402,0.005168368381527899
0.7,policy::capped_negative0.25__full__accept_clip0.1,bounded_subtraction,0.8203627088368567,-6.15382446556012e-05
0.7,policy::capped_negative0.25__full__bonus1.25,bounded_subtraction,0.8124797948823508,-0.007944452199161511
0.7,policy::capped_negative0.25__full__bonus1.5,bounded_subtraction,0.8135166522483924,-0.006907594833119868
0.7,policy::capped_negative0.25__full__bonus2,bounded_subtraction,0.8150066242831392,-0.005417622798373101
0.7,policy::capped_negative0.25__full__bonus3,bounded_subtraction,0.8154819368425348,-0.00494231023897751
0.7,policy::capped_negative0.25__full__expected_mix0.25,bounded_subtraction,0.8333058949809978,0.012881647899485538
0.7,policy::capped_negative0.25__full__expected_mix0.5,bounded_subtraction,0.8307156876957228,0.0102914406142105
0.7,policy::capped_negative0.25__full__expected_mix0.75,bounded_subtraction,0.8262395145603963,0.005815267478884056
0.7,policy::capped_negative0.25__full__expected_rejection,bounded_subtraction,0.8181026786738419,-0.0023215684076703935
0.7,policy::capped_negative0.25__full__h_tau0.8,bounded_subtraction,0.7928471634409123,-0.027577083640599964
0.7,policy::capped_negative0.25__full__h_tau0.9,bounded_subtraction,0.8046077030659972,-0.015816544015515133
0.7,policy::capped_negative0.25__full__h_tau1.1,bounded_subtraction,0.8133206790377068,-0.007103568043805519
0.7,policy::capped_negative0.25__full__h_tau1.25,bounded_subtraction,0.8090708567674955,-0.011353390314016831
0.7,policy::capped_negative0.25__full__original,bounded_subtraction,0.8121582157539998,-0.008266031327512469
0.7,policy::capped_negative0.25__full__power0.5,bounded_subtraction,0.8177018299348897,-0.00272241714662258
0.7,policy::capped_negative0.25__full__power0.75,bounded_subtraction,0.8150452617018008,-0.005378985379711487
0.7,policy::capped_negative0.25__full__power1.25,bounded_subtraction,0.8024433785544135,-0.017980868527098792
0.7,policy::capped_negative0.25__full__power1.5,bounded_subtraction,0.7944304288292129,-0.025993818252299405
0.7,policy::capped_negative0.25__full__uniform0.02,bounded_subtraction,0.8250374797514487,0.004613232669936407
0.7,policy::capped_negative0.25__full__uniform0.05,bounded_subtraction,0.8269425524913918,0.006518305409879521
0.7,policy::capped_negative0.25__full__uniform0.1,bounded_subtraction,0.8241361847417985,0.003711937660286213
0.7,policy::capped_negative0.25__full__uniform0.2,bounded_subtraction,0.8227587467389598,0.0023344996574474752
0.7,policy::capped_negative0.25__topm__accept_clip0.02,bounded_subtraction,0.8287415100871007,0.008317263005588438
0.7,policy::capped_negative0.25__topm__accept_clip0.05,bounded_subtraction,0.8246957632415939,0.00427151616008159
0.7,policy::capped_negative0.25__topm__accept_clip0.1,bounded_subtraction,0.8201424243973452,-0.000281822684167099
0.7,policy::capped_negative0.25__topm__bonus1.25,bounded_subtraction,0.8129209077523487,-0.007503339329163583
0.7,policy::capped_negative0.25__topm__bonus1.5,bounded_subtraction,0.8133258889794833,-0.007098358102028968
0.7,policy::capped_negative0.25__topm__bonus2,bounded_subtraction,0.815265057840724,-0.005159189240788287
0.7,policy::capped_negative0.25__topm__bonus3,bounded_subtraction,0.8154944674779071,-0.004929779603605189
0.7,policy::capped_negative0.25__topm__expected_mix0.25,bounded_subtraction,0.8326854083932878,0.01226116131177546
0.7,policy::capped_negative0.25__topm__expected_mix0.5,bounded_subtraction,0.8301924207182887,0.0097681736367764
0.7,policy::capped_negative0.25__topm__expected_mix0.75,bounded_subtraction,0.8259959306644531,0.005571683582940801
0.7,policy::capped_negative0.25__topm__expected_rejection,bounded_subtraction,0.8161183981880925,-0.004305848893419784
0.7,policy::capped_negative0.25__topm__h_tau0.8,bounded_subtraction,0.7912603926378879,-0.02916385444362435
0.7,policy::capped_negative0.25__topm__h_tau0.9,bounded_subtraction,0.8037460491527226,-0.016678197928789662
0.7,policy::capped_negative0.25__topm__h_tau1.1,bounded_subtraction,0.812997578637283,-0.007426668444229345
0.7,policy::capped_negative0.25__topm__h_tau1.25,bounded_subtraction,0.8086732664401366,-0.011750980641375697
0.7,policy::capped_negative0.25__topm__original,bounded_subtraction,0.8124363648261068,-0.007987882255405476
0.7,policy::capped_negative0.25__topm__power0.5,bounded_subtraction,0.81600940791994,-0.004414839161572259
0.7,policy::capped_negative0.25__topm__power0.75,bounded_subtraction,0.8145246935180009,-0.0058995535635113505
0.7,policy::capped_negative0.25__topm__power1.25,bounded_subtraction,0.8018219642134463,-0.018602282868065978
0.7,policy::capped_negative0.25__topm__power1.5,bounded_subtraction,0.7940049948687689,-0.026419252212743438
0.7,policy::capped_negative0.25__topm__uniform0.02,bounded_subtraction,0.8247844351773078,0.004360188095795525
0.7,policy::capped_negative0.25__topm__uniform0.05,bounded_subtraction,0.8261296913791067,0.005705444297594453
0.7,policy::capped_negative0.25__topm__uniform0.1,bounded_subtraction,0.8240961314844837,0.0036718844029713926
0.7,policy::capped_negative0.25__topm__uniform0.2,bounded_subtraction,0.8226881537626192,0.0022639066811068753
0.7,policy::capped_negative0.5__full__accept_clip0.02,bounded_subtraction,0.8340732142877825,0.01364896720627018
0.7,policy::capped_negative0.5__full__accept_clip0.05,bounded_subtraction,0.8306680718304353,0.010243824748923047
0.7,policy::capped_negative0.5__full__accept_clip0.1,bounded_subtraction,0.8234180437191041,0.0029937966375918057
0.7,policy::capped_negative0.5__full__bonus1.25,bounded_subtraction,0.8153534333536442,-0.0050708137278681065
0.7,policy::capped_negative0.5__full__bonus1.5,bounded_subtraction,0.8159534761999953,-0.004470770881517039
0.7,policy::capped_negative0.5__full__bonus2,bounded_subtraction,0.8176305490656844,-0.00279369801582785
0.7,policy::capped_negative0.5__full__bonus3,bounded_subtraction,0.8178557748477956,-0.002568472233716701
0.7,policy::capped_negative0.5__full__expected_mix0.25,bounded_subtraction,0.8374484279901281,0.017024180908615794
0.7,policy::capped_negative0.5__full__expected_mix0.5,bounded_subtraction,0.8329838917957152,0.0125596447142029
0.7,policy::capped_negative0.5__full__expected_mix0.75,bounded_subtraction,0.8301529037046248,0.009728656623112508
0.7,policy::capped_negative0.5__full__expected_rejection,bounded_subtraction,0.8221796305345218,0.001755383453009518
0.7,policy::capped_negative0.5__full__h_tau0.8,bounded_subtraction,0.7941536553635699,-0.026270591717942438
0.7,policy::capped_negative0.5__full__h_tau0.9,bounded_subtraction,0.8077891457380856,-0.012635101343426713
0.7,policy::capped_negative0.5__full__h_tau1.1,bounded_subtraction,0.8170139545386059,-0.003410292542906368
0.7,policy::capped_negative0.5__full__h_tau1.25,bounded_subtraction,0.8125907356960866,-0.007833511385425651
0.7,policy::capped_negative0.5__full__original,bounded_subtraction,0.8150795846162476,-0.00534466246526466
0.7,policy::capped_negative0.5__full__power0.5,bounded_subtraction,0.8221335901666558,0.0017093430851434777
0.7,policy::capped_negative0.5__full__power0.75,bounded_subtraction,0.8199752689206786,-0.0004489781608336685
0.7,policy::capped_negative0.5__full__power1.25,bounded_subtraction,0.8052908254592203,-0.015133421622292031
0.7,policy::capped_negative0.5__full__power1.5,bounded_subtraction,0.7960096072315154,-0.024414639849996922
0.7,policy::capped_negative0.5__full__uniform0.02,bounded_subtraction,0.8278047842320528,0.007380537150540545
0.7,policy::capped_negative0.5__full__uniform0.05,bounded_subtraction,0.8305123346988998,0.010088087617387553
0.7,policy::capped_negative0.5__full__uniform0.1,bounded_subtraction,0.8292870431264867,0.00886279604497442
0.7,policy::capped_negative0.5__full__uniform0.2,bounded_subtraction,0.8259782186360023,0.00555397155449
0.7,policy::capped_negative0.5__topm__accept_clip0.02,bounded_subtraction,0.8327240688034925,0.012299821721980186
0.7,policy::capped_negative0.5__topm__accept_clip0.05,bounded_subtraction,0.8290958226538938,0.008671575572381518
0.7,policy::capped_negative0.5__topm__accept_clip0.1,bounded_subtraction,0.8234535918107119,0.003029344729199579
0.7,policy::capped_negative0.5__topm__bonus1.25,bounded_subtraction,0.8147761305410852,-0.005648116540427073
0.7,policy::capped_negative0.5__topm__bonus1.5,bounded_subtraction,0.8149206892129164,-0.00550355786859591
0.7,policy::capped_negative0.5__topm__bonus2,bounded_subtraction,0.8172350365923594,-0.0031892104891528827
0.7,policy::capped_negative0.5__topm__bonus3,bounded_subtraction,0.8169769959034636,-0.0034472511780486714
0.7,policy::capped_negative0.5__topm__expected_mix0.25,bounded_subtraction,0.836812393454815,0.01638814637330266
0.7,policy::capped_negative0.5__topm__expected_mix0.5,bounded_subtraction,0.8332227923488524,0.012798545267340145
0.7,policy::capped_negative0.5__topm__expected_mix0.75,bounded_subtraction,0.8299076745990531,0.009483427517540832
0.7,policy::capped_negative0.5__topm__expected_rejection,bounded_subtraction,0.8205572257868746,0.00013297870536232992
0.7,policy::capped_negative0.5__topm__h_tau0.8,bounded_subtraction,0.7939141988063648,-0.02651004827514747
0.7,policy::capped_negative0.5__topm__h_tau0.9,bounded_subtraction,0.8069297262059578,-0.013494520875554472
0.7,policy::capped_negative0.5__topm__h_tau1.1,bounded_subtraction,0.8163135405586621,-0.004110706522850172
0.7,policy::capped_negative0.5__topm__h_tau1.25,bounded_subtraction,0.8129481351795877,-0.0074761119019245426
0.7,policy::capped_negative0.5__topm__original,bounded_subtraction,0.8145947844152754,-0.005829462666236851
0.7,policy::capped_negative0.5__topm__power0.5,bounded_subtraction,0.8204620029300139,3.7755848501630496e-05
0.7,policy::capped_negative0.5__topm__power0.75,bounded_subtraction,0.8195049697506791,-0.0009192773308331903
0.7,policy::capped_negative0.5__topm__power1.25,bounded_subtraction,0.8053707196721037,-0.015053527409408574
0.7,policy::capped_negative0.5__topm__power1.5,bounded_subtraction,0.7954668885162706,-0.024957358565241727
0.7,policy::capped_negative0.5__topm__uniform0.02,bounded_subtraction,0.8270951818927234,0.00667093481121106
0.7,policy::capped_negative0.5__topm__uniform0.05,bounded_subtraction,0.829975954655048,0.00955170757353574
0.7,policy::capped_negative0.5__topm__uniform0.1,bounded_subtraction,0.8291341876811887,0.008709940599676447
0.7,policy::capped_negative0.5__topm__uniform0.2,bounded_subtraction,0.8255854230358466,0.005161175954334296
0.7,policy::capped_negative1__full__accept_clip0.02,bounded_subtraction,0.8358185164367783,0.015394269355266
0.7,policy::capped_negative1__full__accept_clip0.05,bounded_subtraction,0.8333622403443494,0.012937993262837066
0.7,policy::capped_negative1__full__accept_clip0.1,bounded_subtraction,0.8272099276011544,0.006785680519642123
0.7,policy::capped_negative1__full__bonus1.25,bounded_subtraction,0.8178320360718648,-0.0025922110096474604
0.7,policy::capped_negative1__full__bonus1.5,bounded_subtraction,0.8182402272742059,-0.0021840198073064254
0.7,policy::capped_negative1__full__bonus2,bounded_subtraction,0.8199979507727093,-0.00042629630880297587
0.7,policy::capped_negative1__full__bonus3,bounded_subtraction,0.8200459079283431,-0.00037833915316920486
0.7,policy::capped_negative1__full__expected_mix0.25,bounded_subtraction,0.8365745336387348,0.016150286557222504
0.7,policy::capped_negative1__full__expected_mix0.5,bounded_subtraction,0.8344227089432353,0.013998461861723044
0.7,policy::capped_negative1__full__expected_mix0.75,bounded_subtraction,0.8309611349719545,0.01053688789044216
0.7,policy::capped_negative1__full__expected_rejection,bounded_subtraction,0.8231181318301612,0.002693884748648956
0.7,policy::capped_negative1__full__h_tau0.8,bounded_subtraction,0.7940899495779975,-0.026334297503514792
0.7,policy::capped_negative1__full__h_tau0.9,bounded_subtraction,0.807333591764233,-0.013090655317279265
0.7,policy::capped_negative1__full__h_tau1.1,bounded_subtraction,0.8195622013238238,-0.0008620457576884455
0.7,policy::capped_negative1__full__h_tau1.25,bounded_subtraction,0.8143507654934387,-0.006073481588073637
0.7,policy::capped_negative1__full__original,bounded_subtraction,0.8160858496163989,-0.004338397465113442
0.7,policy::capped_negative1__full__power0.5,bounded_subtraction,0.8224947073652239,0.002070460283711606
0.7,policy::capped_negative1__full__power0.75,bounded_subtraction,0.8208885186695762,0.00046427158806394697
0.7,policy::capped_negative1__full__power1.25,bounded_subtraction,0.8047769895333674,-0.01564725754814489
0.7,policy::capped_negative1__full__power1.5,bounded_subtraction,0.7945391435923106,-0.0258851034892017
0.7,policy::capped_negative1__full__uniform0.02,bounded_subtraction,0.8302249015280017,0.009800654446489365
0.7,policy::capped_negative1__full__uniform0.05,bounded_subtraction,0.8326709128911831,0.01224666580967082
0.7,policy::capped_negative1__full__uniform0.1,bounded_subtraction,0.8320245928092649,0.011600345727752592
0.7,policy::capped_negative1__full__uniform0.2,bounded_subtraction,0.8278592289441827,0.007434981862670442
0.7,policy::capped_negative1__topm__accept_clip0.02,bounded_subtraction,0.83546319698241,0.015038949900897713
0.7,policy::capped_negative1__topm__accept_clip0.05,bounded_subtraction,0.8328896478318396,0.012465400750327316
0.7,policy::capped_negative1__topm__accept_clip0.1,bounded_subtraction,0.8267707336888361,0.006346486607323842
0.7,policy::capped_negative1__topm__bonus1.25,bounded_subtraction,0.8168686964493639,-0.0035555506321484076
0.7,policy::capped_negative1__topm__bonus1.5,bounded_subtraction,0.8172583021965085,-0.0031659448850037686
0.7,policy::capped_negative1__topm__bonus2,bounded_subtraction,0.8196191311648714,-0.0008051159166408972
0.7,policy::capped_negative1__topm__bonus3,bounded_subtraction,0.819624007960002,-0.0008002391215102822
0.7,policy::capped_negative1__topm__expected_mix0.25,bounded_subtraction,0.8359088002771894,0.015484553195677098
0.7,policy::capped_negative1__topm__expected_mix0.5,bounded_subtraction,0.8344123152684836,0.013988068186971292
0.7,policy::capped_negative1__topm__expected_mix0.75,bounded_subtraction,0.8308167124424194,0.0103924653609071
0.7,policy::capped_negative1__topm__expected_rejection,bounded_subtraction,0.8227886561071817,0.0023644090256693673
0.7,policy::capped_negative1__topm__h_tau0.8,bounded_subtraction,0.7937387455964322,-0.026685501485080088
0.7,policy::capped_negative1__topm__h_tau0.9,bounded_subtraction,0.8070028838644981,-0.013421363217014148
0.7,policy::capped_negative1__topm__h_tau1.1,bounded_subtraction,0.818531688313639,-0.0018925587678733091
0.7,policy::capped_negative1__topm__h_tau1.25,bounded_subtraction,0.8135796823609028,-0.006844564720609458
0.7,policy::capped_negative1__topm__original,bounded_subtraction,0.8157469121089006,-0.004677334972611691
0.7,policy::capped_negative1__topm__power0.5,bounded_subtraction,0.8208686803399811,0.00044443325846876824
0.7,policy::capped_negative1__topm__power0.75,bounded_subtraction,0.8204474004524219,2.315337090963432e-05
0.7,policy::capped_negative1__topm__power1.25,bounded_subtraction,0.8041233001407418,-0.016300946940770444
0.7,policy::capped_negative1__topm__power1.5,bounded_subtraction,0.7936741771444396,-0.02675006993707274
0.7,policy::capped_negative1__topm__uniform0.02,bounded_subtraction,0.8291290255524869,0.008704778470974617
0.7,policy::capped_negative1__topm__uniform0.05,bounded_subtraction,0.8321745343819777,0.011750287300465456
0.7,policy::capped_negative1__topm__uniform0.1,bounded_subtraction,0.8319441067798413,0.011519859698329027
0.7,policy::capped_negative1__topm__uniform0.2,bounded_subtraction,0.826927977817503,0.006503730735990754
0.7,policy::complement__full__accept_clip0.02,bounded_subtraction,0.8018281051883912,-0.018596141893121088
0.7,policy::complement__full__accept_clip0.05,bounded_subtraction,0.8000240456353446,-0.02040020144616772
0.7,policy::complement__full__accept_clip0.1,bounded_subtraction,0.796582424850846,-0.023841822230666332
0.7,policy::complement__full__bonus1.25,bounded_subtraction,0.7940624101043791,-0.026361836977133235
0.7,policy::complement__full__bonus1.5,bounded_subtraction,0.7942302937035163,-0.026193953377996015
0.7,policy::complement__full__bonus2,bounded_subtraction,0.7958750283774577,-0.024549218704054576
0.7,policy::complement__full__bonus3,bounded_subtraction,0.7958779735747911,-0.024546273506721228
0.7,policy::complement__full__expected_mix0.25,bounded_subtraction,0.803161552061932,-0.017262695019580332
0.7,policy::complement__full__expected_mix0.5,bounded_subtraction,0.8002837766123346,-0.020140470469177663
0.7,policy::complement__full__expected_mix0.75,bounded_subtraction,0.7974904138105534,-0.02293383327095888
0.7,policy::complement__full__expected_rejection,bounded_subtraction,0.7909396840626223,-0.02948456301889002
0.7,policy::complement__full__h_tau0.8,bounded_subtraction,0.775411917818772,-0.04501232926274035
0.7,policy::complement__full__h_tau0.9,bounded_subtraction,0.7873252938971824,-0.03309895318432987
0.7,policy::complement__full__h_tau1.1,bounded_subtraction,0.7919401430807813,-0.02848410400073098
0.7,policy::complement__full__h_tau1.25,bounded_subtraction,0.7898402157313035,-0.030584031350208818
0.7,policy::complement__full__original,bounded_subtraction,0.7930064791683952,-0.02741776791311712
0.7,policy::complement__full__power0.5,bounded_subtraction,0.7995872724365674,-0.02083697464494494
0.7,policy::complement__full__power0.75,bounded_subtraction,0.7979390449906288,-0.02248520209088345
0.7,policy::complement__full__power1.25,bounded_subtraction,0.7842754492200843,-0.036148797861427995
0.7,policy::complement__full__power1.5,bounded_subtraction,0.7760595259087415,-0.044364721172770794
0.7,policy::complement__full__uniform0.02,bounded_subtraction,0.8017733691180693,-0.018650877963443002
0.7,policy::complement__full__uniform0.05,bounded_subtraction,0.8062433439910293,-0.014180903090483032
0.7,policy::complement__full__uniform0.1,bounded_subtraction,0.8048643641646682,-0.01555988291684407
0.7,policy::complement__full__uniform0.2,bounded_subtraction,0.7988651020192505,-0.021559145062261753
0.7,policy::complement__topm__accept_clip0.02,bounded_subtraction,0.8010837065980506,-0.019340540483461677
0.7,policy::complement__topm__accept_clip0.05,bounded_subtraction,0.799235895928654,-0.02118835115285833
0.7,policy::complement__topm__accept_clip0.1,bounded_subtraction,0.7957661225104132,-0.02465812457109906
0.7,policy::complement__topm__bonus1.25,bounded_subtraction,0.7933083946717777,-0.027115852409734575
0.7,policy::complement__topm__bonus1.5,bounded_subtraction,0.7934716889078313,-0.02695255817368103
0.7,policy::complement__topm__bonus2,bounded_subtraction,0.795719152014656,-0.024705095066856253
0.7,policy::complement__topm__bonus3,bounded_subtraction,0.7955911704648672,-0.024833076616645133
0.7,policy::complement__topm__expected_mix0.25,bounded_subtraction,0.8021976084369319,-0.018226638644580406
0.7,policy::complement__topm__expected_mix0.5,bounded_subtraction,0.8000974814221443,-0.020326765659367974
0.7,policy::complement__topm__expected_mix0.75,bounded_subtraction,0.7974506050148381,-0.022973642066674183
0.7,policy::complement__topm__expected_rejection,bounded_subtraction,0.7902367845629968,-0.03018746251851545
0.7,policy::complement__topm__h_tau0.8,bounded_subtraction,0.7747165255142949,-0.04570772156721736
0.7,policy::complement__topm__h_tau0.9,bounded_subtraction,0.7865869002194699,-0.03383734686204243
0.7,policy::complement__topm__h_tau1.1,bounded_subtraction,0.7909444289067159,-0.02947981817479639
0.7,policy::complement__topm__h_tau1.25,bounded_subtraction,0.7892548324503429,-0.0311694146311694
0.7,policy::complement__topm__original,bounded_subtraction,0.7927012607227409,-0.02772298635877135
0.7,policy::complement__topm__power0.5,bounded_subtraction,0.7981663163380719,-0.0222579307434404
0.7,policy::complement__topm__power0.75,bounded_subtraction,0.79752101814739,-0.022903228934122333
0.7,policy::complement__topm__power1.25,bounded_subtraction,0.7842496827113994,-0.036174564370112905
0.7,policy::complement__topm__power1.5,bounded_subtraction,0.7768471874608713,-0.04357705962064096
0.7,policy::complement__topm__uniform0.02,bounded_subtraction,0.8009941429481954,-0.019430104133316917
0.7,policy::complement__topm__uniform0.05,bounded_subtraction,0.8050181726523185,-0.015406074429193839
0.7,policy::complement__topm__uniform0.1,bounded_subtraction,0.8039105592397364,-0.01651368784177587
0.7,policy::complement__topm__uniform0.2,bounded_subtraction,0.7982747384791441,-0.022149508602368195
0.7,policy::complement_power0.5__full__accept_clip0.02,bounded_subtraction,0.8409276073693971,0.020503360287884798
0.7,policy::complement_power0.5__full__accept_clip0.05,bounded_subtraction,0.8401835207355787,0.019759273654066378
0.7,policy::complement_power0.5__full__accept_clip0.1,bounded_subtraction,0.8355574465262113,0.015133199444699041
0.7,policy::complement_power0.5__full__bonus1.25,bounded_subtraction,0.823605850212186,0.003181603130673727
0.7,policy::complement_power0.5__full__bonus1.5,bounded_subtraction,0.8234649984685732,0.003040751387060947
0.7,policy::complement_power0.5__full__bonus2,bounded_subtraction,0.8246671435061065,0.004242896424594189
0.7,policy::complement_power0.5__full__bonus3,bounded_subtraction,0.8253059118598365,0.004881664778324191
0.7,policy::complement_power0.5__full__expected_mix0.25,bounded_subtraction,0.8442651933037636,0.023840946222251302
0.7,policy::complement_power0.5__full__expected_mix0.5,bounded_subtraction,0.8427016030917124,0.02227735601020009
0.7,policy::complement_power0.5__full__expected_mix0.75,bounded_subtraction,0.8403540441021206,0.019929797020608264
0.7,policy::complement_power0.5__full__expected_rejection,bounded_subtraction,0.8310715467488271,0.010647299667314813
0.7,policy::complement_power0.5__full__h_tau0.8,bounded_subtraction,0.8019564356571615,-0.018467811424350833
0.7,policy::complement_power0.5__full__h_tau0.9,bounded_subtraction,0.8156763019338393,-0.004747945147672961
0.7,policy::complement_power0.5__full__h_tau1.1,bounded_subtraction,0.8234698561003334,0.003045609018821116
0.7,policy::complement_power0.5__full__h_tau1.25,bounded_subtraction,0.8218222247297627,0.001397977648250448
0.7,policy::complement_power0.5__full__original,bounded_subtraction,0.821059164391079,0.0006349173095666627
0.7,policy::complement_power0.5__full__power0.5,bounded_subtraction,0.8284087244011581,0.0079844773196458
0.7,policy::complement_power0.5__full__power0.75,bounded_subtraction,0.8264224191969655,0.005998172115453171
0.7,policy::complement_power0.5__full__power1.25,bounded_subtraction,0.8116524242901284,-0.008771822791383888
0.7,policy::complement_power0.5__full__power1.5,bounded_subtraction,0.8008492717440518,-0.019574975337460443
0.7,policy::complement_power0.5__full__uniform0.02,bounded_subtraction,0.8335885781093569,0.013164331027844645
0.7,policy::complement_power0.5__full__uniform0.05,bounded_subtraction,0.8402997190775966,0.019875471996084304
0.7,policy::complement_power0.5__full__uniform0.1,bounded_subtraction,0.8419340295819185,0.02150978250040625
0.7,policy::complement_power0.5__full__uniform0.2,bounded_subtraction,0.8364834305245209,0.016059183443008607
0.7,policy::complement_power0.5__topm__accept_clip0.02,bounded_subtraction,0.8402752772543121,0.019851030172799766
0.7,policy::complement_power0.5__topm__accept_clip0.05,bounded_subtraction,0.8396054800816116,0.01918123300009933
0.7,policy::complement_power0.5__topm__accept_clip0.1,bounded_subtraction,0.8350939957704089,0.014669748688896589
0.7,policy::complement_power0.5__topm__bonus1.25,bounded_subtraction,0.8231358872386471,0.002711640157134765
0.7,policy::complement_power0.5__topm__bonus1.5,bounded_subtraction,0.8227417729244206,0.002317525842908341
0.7,policy::complement_power0.5__topm__bonus2,bounded_subtraction,0.8247281615664951,0.004303914484982796
0.7,policy::complement_power0.5__topm__bonus3,bounded_subtraction,0.8249425133225923,0.004518266241079982
0.7,policy::complement_power0.5__topm__expected_mix0.25,bounded_subtraction,0.8439052818392223,0.023481034757710018
0.7,policy::complement_power0.5__topm__expected_mix0.5,bounded_subtraction,0.8419556856248431,0.02153143854333084
0.7,policy::complement_power0.5__topm__expected_mix0.75,bounded_subtraction,0.8396704111400951,0.019246164058582815
0.7,policy::complement_power0.5__topm__expected_rejection,bounded_subtraction,0.8304721431372197,0.01004789605570744
0.7,policy::complement_power0.5__topm__h_tau0.8,bounded_subtraction,0.8016836555287529,-0.018740591552759422
0.7,policy::complement_power0.5__topm__h_tau0.9,bounded_subtraction,0.8150816616659625,-0.005342585415549772
0.7,policy::complement_power0.5__topm__h_tau1.1,bounded_subtraction,0.8232039365661599,0.002779689484647574
0.7,policy::complement_power0.5__topm__h_tau1.25,bounded_subtraction,0.8202775321136101,-0.00014671496790219507
0.7,policy::complement_power0.5__topm__original,bounded_subtraction,0.8209679590562227,0.0005437119747103702
0.7,policy::complement_power0.5__topm__power0.5,bounded_subtraction,0.8269825978395802,0.006558350758067877
0.7,policy::complement_power0.5__topm__power0.75,bounded_subtraction,0.8263096669065689,0.005885419825056637
0.7,policy::complement_power0.5__topm__power1.25,bounded_subtraction,0.8111625249313431,-0.009261722150169183
0.7,policy::complement_power0.5__topm__power1.5,bounded_subtraction,0.8001792510280284,-0.020244996053483844
0.7,policy::complement_power0.5__topm__uniform0.02,bounded_subtraction,0.8326844802197109,0.012260233138198573
0.7,policy::complement_power0.5__topm__uniform0.05,bounded_subtraction,0.8403425273262092,0.019918280244696884
0.7,policy::complement_power0.5__topm__uniform0.1,bounded_subtraction,0.8404409816379876,0.020016734556475346
0.7,policy::complement_power0.5__topm__uniform0.2,bounded_subtraction,0.8366276374825714,0.016203390401059115
0.7,policy::complement_power1__full__accept_clip0.02,bounded_subtraction,0.840979873548265,0.020555626466752686
0.7,policy::complement_power1__full__accept_clip0.05,bounded_subtraction,0.8405234896606931,0.02009924257918083
0.7,policy::complement_power1__full__accept_clip0.1,bounded_subtraction,0.8353888835302611,0.014964636448748792
0.7,policy::complement_power1__full__bonus1.25,bounded_subtraction,0.8229055946351249,0.002481347553612623
0.7,policy::complement_power1__full__bonus1.5,bounded_subtraction,0.8232876789841678,0.0028634319026554778
0.7,policy::complement_power1__full__bonus2,bounded_subtraction,0.825053109434131,0.004628862352618723
0.7,policy::complement_power1__full__bonus3,bounded_subtraction,0.8250633930204156,0.004639145938903355
0.7,policy::complement_power1__full__expected_mix0.25,bounded_subtraction,0.8443047116286679,0.023880464547155644
0.7,policy::complement_power1__full__expected_mix0.5,bounded_subtraction,0.842313315212912,0.02188906813139968
0.7,policy::complement_power1__full__expected_mix0.75,bounded_subtraction,0.8393830760646261,0.01895882898311385
0.7,policy::complement_power1__full__expected_rejection,bounded_subtraction,0.8321653506503468,0.01174110356883451
0.7,policy::complement_power1__full__h_tau0.8,bounded_subtraction,0.7993957692919665,-0.021028477789545752
0.7,policy::complement_power1__full__h_tau0.9,bounded_subtraction,0.8150204220395594,-0.005403825041952914
0.7,policy::complement_power1__full__h_tau1.1,bounded_subtraction,0.8235641067108651,0.0031398596293528147
0.7,policy::complement_power1__full__h_tau1.25,bounded_subtraction,0.8209793039365945,0.00055505685508217
0.7,policy::complement_power1__full__original,bounded_subtraction,0.8207846661313455,0.00036041904983319384
0.7,policy::complement_power1__full__power0.5,bounded_subtraction,0.828974620123484,0.008550373041971704
0.7,policy::complement_power1__full__power0.75,bounded_subtraction,0.8262545951871483,0.005830348105635985
0.7,policy::complement_power1__full__power1.25,bounded_subtraction,0.8109377652345945,-0.009486481846917805
0.7,policy::complement_power1__full__power1.5,bounded_subtraction,0.7997374869433038,-0.02068676013820847
0.7,policy::complement_power1__full__uniform0.02,bounded_subtraction,0.8332771290081178,0.012852881926605497
0.7,policy::complement_power1__full__uniform0.05,bounded_subtraction,0.8406487232445063,0.020224476162994054
0.7,policy::complement_power1__full__uniform0.1,bounded_subtraction,0.8413067329867776,0.020882485905265313
0.7,policy::complement_power1__full__uniform0.2,bounded_subtraction,0.837731807083967,0.017307560002454703
0.7,policy::complement_power1__topm__accept_clip0.02,bounded_subtraction,0.8399229581534379,0.01949871107192558
0.7,policy::complement_power1__topm__accept_clip0.05,bounded_subtraction,0.8398709945595253,0.019446747478013005
0.7,policy::complement_power1__topm__accept_clip0.1,bounded_subtraction,0.8350942570720574,0.01467000999054513
0.7,policy::complement_power1__topm__bonus1.25,bounded_subtraction,0.8226177223408825,0.0021934752593701923
0.7,policy::complement_power1__topm__bonus1.5,bounded_subtraction,0.8227328711953953,0.0023086241138829955
0.7,policy::complement_power1__topm__bonus2,bounded_subtraction,0.8246459741290266,0.004221727047514334
0.7,policy::complement_power1__topm__bonus3,bounded_subtraction,0.8248341932761073,0.004409946194595005
0.7,policy::complement_power1__topm__expected_mix0.25,bounded_subtraction,0.844228354716673,0.02380410763516072
0.7,policy::complement_power1__topm__expected_mix0.5,bounded_subtraction,0.8422736301169669,0.021849383035454584
0.7,policy::complement_power1__topm__expected_mix0.75,bounded_subtraction,0.838865856040522,0.018441608959009703
0.7,policy::complement_power1__topm__expected_rejection,bounded_subtraction,0.8315341391554032,0.011109892073890903
0.7,policy::complement_power1__topm__h_tau0.8,bounded_subtraction,0.7986804271445826,-0.021743819936929643
0.7,policy::complement_power1__topm__h_tau0.9,bounded_subtraction,0.8144874785058944,-0.005936768575617868
0.7,policy::complement_power1__topm__h_tau1.1,bounded_subtraction,0.8236037071058461,0.00317946002433378
0.7,policy::complement_power1__topm__h_tau1.25,bounded_subtraction,0.8199204770104143,-0.0005037700710980308
0.7,policy::complement_power1__topm__original,bounded_subtraction,0.8204101909774209,-1.4056104091442201e-05
0.7,policy::complement_power1__topm__power0.5,bounded_subtraction,0.8273448332644731,0.006920586182960764
0.7,policy::complement_power1__topm__power0.75,bounded_subtraction,0.8259814617420237,0.0055572146605114
0.7,policy::complement_power1__topm__power1.25,bounded_subtraction,0.8104440780017038,-0.009980169079808476
0.7,policy::complement_power1__topm__power1.5,bounded_subtraction,0.7990792784715933,-0.02134496860991897
0.7,policy::complement_power1__topm__uniform0.02,bounded_subtraction,0.8327768877611801,0.012352640679667792
0.7,policy::complement_power1__topm__uniform0.05,bounded_subtraction,0.8403932334845894,0.019968986403077094
0.7,policy::complement_power1__topm__uniform0.1,bounded_subtraction,0.8402422134650842,0.019817966383571917
0.7,policy::complement_power1__topm__uniform0.2,bounded_subtraction,0.8375197141183619,0.01709546703684961
0.7,policy::complement_power2__full__accept_clip0.02,bounded_subtraction,0.8390841193156624,0.01865987223415011
0.7,policy::complement_power2__full__accept_clip0.05,bounded_subtraction,0.8390275936685835,0.01860334658707119
0.7,policy::complement_power2__full__accept_clip0.1,bounded_subtraction,0.8358858139053122,0.015461566823799955
0.7,policy::complement_power2__full__bonus1.25,bounded_subtraction,0.8213255703705642,0.000901323289051903
0.7,policy::complement_power2__full__bonus1.5,bounded_subtraction,0.822271264115772,0.0018470170342597125
0.7,policy::complement_power2__full__bonus2,bounded_subtraction,0.8221313443251871,0.0017070972436747933
0.7,policy::complement_power2__full__bonus3,bounded_subtraction,0.8231241799772716,0.002699932895759316
0.7,policy::complement_power2__full__expected_mix0.25,bounded_subtraction,0.8446414863215443,0.02421723924003205
0.7,policy::complement_power2__full__expected_mix0.5,bounded_subtraction,0.8431279825752128,0.022703735493700528
0.7,policy::complement_power2__full__expected_mix0.75,bounded_subtraction,0.8406945215002067,0.020270274418694445
0.7,policy::complement_power2__full__expected_rejection,bounded_subtraction,0.8333512652242402,0.012927018142727897
0.7,policy::complement_power2__full__h_tau0.8,bounded_subtraction,0.7960561484360005,-0.024368098645511815
0.7,policy::complement_power2__full__h_tau0.9,bounded_subtraction,0.8116204425777538,-0.008803804503758506
0.7,policy::complement_power2__full__h_tau1.1,bounded_subtraction,0.8235483303342661,0.0031240832527538176
0.7,policy::complement_power2__full__h_tau1.25,bounded_subtraction,0.8205780113075969,0.00015376422608459617
0.7,policy::complement_power2__full__original,bounded_subtraction,0.8191346666601482,-0.0012895804213640671
0.7,policy::complement_power2__full__power0.5,bounded_subtraction,0.8282139234352205,0.007789676353708197
0.7,policy::complement_power2__full__power0.75,bounded_subtraction,0.8250602548808951,0.00463600779938278
0.7,policy::complement_power2__full__power1.25,bounded_subtraction,0.8075941433784373,-0.012830103703075024
0.7,policy::complement_power2__full__power1.5,bounded_subtraction,0.7969159181876206,-0.02350832889389165
0.7,policy::complement_power2__full__uniform0.02,bounded_subtraction,0.8314222644421954,0.010998017360683066
0.7,policy::complement_power2__full__uniform0.05,bounded_subtraction,0.8388345309740826,0.018410283892570267
0.7,policy::complement_power2__full__uniform0.1,bounded_subtraction,0.8418843277842195,0.021460080702707218
0.7,policy::complement_power2__full__uniform0.2,bounded_subtraction,0.8383990075700719,0.017974760488559616
0.7,policy::complement_power2__topm__accept_clip0.02,bounded_subtraction,0.8375039652090199,0.017079718127507637
0.7,policy::complement_power2__topm__accept_clip0.05,bounded_subtraction,0.8382306301166864,0.017806383035174123
0.7,policy::complement_power2__topm__accept_clip0.1,bounded_subtraction,0.8347565992107098,0.014332352129197479
0.7,policy::complement_power2__topm__bonus1.25,bounded_subtraction,0.8205497707342035,0.00012552365269125065
0.7,policy::complement_power2__topm__bonus1.5,bounded_subtraction,0.8210781352139617,0.0006538881324493762
0.7,policy::complement_power2__topm__bonus2,bounded_subtraction,0.8213845216218911,0.000960274540378836
0.7,policy::complement_power2__topm__bonus3,bounded_subtraction,0.8224909118209037,0.002066664739391433
0.7,policy::complement_power2__topm__expected_mix0.25,bounded_subtraction,0.8440435279310871,0.023619280849574764
0.7,policy::complement_power2__topm__expected_mix0.5,bounded_subtraction,0.8439818534907687,0.023557606409256415
0.7,policy::complement_power2__topm__expected_mix0.75,bounded_subtraction,0.8407577368363286,0.020333489754816303
0.7,policy::complement_power2__topm__expected_rejection,bounded_subtraction,0.8305317114323547,0.010107464350842421
0.7,policy::complement_power2__topm__h_tau0.8,bounded_subtraction,0.7950190919939051,-0.025405155087607212
0.7,policy::complement_power2__topm__h_tau0.9,bounded_subtraction,0.8106791081379925,-0.009745138943519804
0.7,policy::complement_power2__topm__h_tau1.1,bounded_subtraction,0.8231141123363599,0.002689865254847601
0.7,policy::complement_power2__topm__h_tau1.25,bounded_subtraction,0.8199618944818684,-0.0004623525996438893
0.7,policy::complement_power2__topm__original,bounded_subtraction,0.8179222063222112,-0.0025020407593010496
0.7,policy::complement_power2__topm__power0.5,bounded_subtraction,0.8266123932521728,0.006188146170660547
0.7,policy::complement_power2__topm__power0.75,bounded_subtraction,0.824031075523969,0.0036068284424567443
0.7,policy::complement_power2__topm__power1.25,bounded_subtraction,0.8060522670926026,-0.014371979988909711
0.7,policy::complement_power2__topm__power1.5,bounded_subtraction,0.7965691507627718,-0.0238550963187405
0.7,policy::complement_power2__topm__uniform0.02,bounded_subtraction,0.8310521691077651,0.010627922026252845
0.7,policy::complement_power2__topm__uniform0.05,bounded_subtraction,0.8386350403548509,0.018210793273338632
0.7,policy::complement_power2__topm__uniform0.1,bounded_subtraction,0.8411146090399124,0.020690361958400127
0.7,policy::complement_power2__topm__uniform0.2,bounded_subtraction,0.838084074510269,0.017659827428756714
0.7,policy::complement_power4__full__accept_clip0.02,bounded_subtraction,0.8277776755797711,0.007353428498258818
0.7,policy::complement_power4__full__accept_clip0.05,bounded_subtraction,0.8299993104062394,0.009575063324727129
0.7,policy::complement_power4__full__accept_clip0.1,bounded_subtraction,0.8268252130461267,0.006400965964614369
0.7,policy::complement_power4__full__bonus1.25,bounded_subtraction,0.811799074038695,-0.008625173042817291
0.7,policy::complement_power4__full__bonus1.5,bounded_subtraction,0.8132779726575967,-0.007146274423915577
0.7,policy::complement_power4__full__bonus2,bounded_subtraction,0.8147146223447672,-0.005709624736745078
0.7,policy::complement_power4__full__bonus3,bounded_subtraction,0.8144990577119995,-0.005925189369512807
0.7,policy::complement_power4__full__expected_mix0.25,bounded_subtraction,0.8357200970011475,0.015295849919635174
0.7,policy::complement_power4__full__expected_mix0.5,bounded_subtraction,0.8360627968337535,0.015638549752241215
0.7,policy::complement_power4__full__expected_mix0.75,bounded_subtraction,0.8315894278288074,0.011165180747295111
0.7,policy::complement_power4__full__expected_rejection,bounded_subtraction,0.821505610071905,0.0010813629903927424
0.7,policy::complement_power4__full__h_tau0.8,bounded_subtraction,0.78830190501256,-0.03212234206895226
0.7,policy::complement_power4__full__h_tau0.9,bounded_subtraction,0.8024587711816107,-0.017965475899901606
0.7,policy::complement_power4__full__h_tau1.1,bounded_subtraction,0.8159396008778066,-0.0044846462037057
0.7,policy::complement_power4__full__h_tau1.25,bounded_subtraction,0.8131860584376093,-0.007238188643903021
0.7,policy::complement_power4__full__original,bounded_subtraction,0.8087187243629943,-0.011705522718517991
0.7,policy::complement_power4__full__power0.5,bounded_subtraction,0.8199478151388497,-0.0004764319426625585
0.7,policy::complement_power4__full__power0.75,bounded_subtraction,0.8177286573648709,-0.002695589716641411
0.7,policy::complement_power4__full__power1.25,bounded_subtraction,0.7987985657916047,-0.021625681289907606
0.7,policy::complement_power4__full__power1.5,bounded_subtraction,0.7898542553354928,-0.030569991746019487
0.7,policy::complement_power4__full__uniform0.02,bounded_subtraction,0.8244054505601458,0.00398120347863351
0.7,policy::complement_power4__full__uniform0.05,bounded_subtraction,0.827832335474222,0.0074080883927096774
0.7,policy::complement_power4__full__uniform0.1,bounded_subtraction,0.8294938796753697,0.009069632593857402
0.7,policy::complement_power4__full__uniform0.2,bounded_subtraction,0.8270050835836422,0.0065808365021299275
0.7,policy::complement_power4__topm__accept_clip0.02,bounded_subtraction,0.8273982828714955,0.006974035789983235
0.7,policy::complement_power4__topm__accept_clip0.05,bounded_subtraction,0.8283005305905923,0.007876283509079984
0.7,policy::complement_power4__topm__accept_clip0.1,bounded_subtraction,0.8236993657846867,0.003275118703174429
0.7,policy::complement_power4__topm__bonus1.25,bounded_subtraction,0.8102961442635003,-0.01012810281801202
0.7,policy::complement_power4__topm__bonus1.5,bounded_subtraction,0.8113986047803701,-0.009025642301142223
0.7,policy::complement_power4__topm__bonus2,bounded_subtraction,0.8132320192175538,-0.007192227863958456
0.7,policy::complement_power4__topm__bonus3,bounded_subtraction,0.8140595734192639,-0.006364673662248355
0.7,policy::complement_power4__topm__expected_mix0.25,bounded_subtraction,0.8354841053424115,0.015059858260899173
0.7,policy::complement_power4__topm__expected_mix0.5,bounded_subtraction,0.8353579278115822,0.014933680730069954
0.7,policy::complement_power4__topm__expected_mix0.75,bounded_subtraction,0.8302701410599599,0.009845893978447595
0.7,policy::complement_power4__topm__expected_rejection,bounded_subtraction,0.8200621698081345,-0.00036207727337778106
0.7,policy::complement_power4__topm__h_tau0.8,bounded_subtraction,0.7877061918677672,-0.032718055213745045
0.7,policy::complement_power4__topm__h_tau0.9,bounded_subtraction,0.8015578425183526,-0.01886640456315969
0.7,policy::complement_power4__topm__h_tau1.1,bounded_subtraction,0.8145999883056126,-0.005824258775899649
0.7,policy::complement_power4__topm__h_tau1.25,bounded_subtraction,0.8118260213575675,-0.008598225723944752
0.7,policy::complement_power4__topm__original,bounded_subtraction,0.807988286429344,-0.012435960652168343
0.7,policy::complement_power4__topm__power0.5,bounded_subtraction,0.8175419028471187,-0.0028823442343935968
0.7,policy::complement_power4__topm__power0.75,bounded_subtraction,0.8165983076227061,-0.00382593945880616
0.7,policy::complement_power4__topm__power1.25,bounded_subtraction,0.7981937958744966,-0.022230451207015722
0.7,policy::complement_power4__topm__power1.5,bounded_subtraction,0.7889751249452822,-0.03144912213623008
0.7,policy::complement_power4__topm__uniform0.02,bounded_subtraction,0.8234586349106207,0.003034387829108365
0.7,policy::complement_power4__topm__uniform0.05,bounded_subtraction,0.8272738006395867,0.006849553558074373
0.7,policy::complement_power4__topm__uniform0.1,bounded_subtraction,0.8284366389983713,0.008012391916858985
0.7,policy::complement_power4__topm__uniform0.2,bounded_subtraction,0.8261442949557012,0.005720047874188894
0.7,policy::epeak0.5__full__accept_clip0.02,local_gate,0.801619019042193,-0.018805228039319277
0.7,policy::epeak0.5__full__accept_clip0.05,local_gate,0.801141704412023,-0.019282542669489255
0.7,policy::epeak0.5__full__accept_clip0.1,local_gate,0.7977181780168581,-0.022706069064654222
0.7,policy::epeak0.5__full__bonus1.25,local_gate,0.7945393307100429,-0.02588491637146939
0.7,policy::epeak0.5__full__bonus1.5,local_gate,0.7947782194676825,-0.025646027613829836
0.7,policy::epeak0.5__full__bonus2,local_gate,0.7958500141161882,-0.024574232965324128
0.7,policy::epeak0.5__full__bonus3,local_gate,0.7958654676653696,-0.024558779416142706
0.7,policy::epeak0.5__full__expected_mix0.25,local_gate,0.8058841612965025,-0.01454008578500976
0.7,policy::epeak0.5__full__expected_mix0.5,local_gate,0.8021764764656858,-0.018247770615826497
0.7,policy::epeak0.5__full__expected_mix0.75,local_gate,0.7989579116621505,-0.021466335419361826
0.7,policy::epeak0.5__full__expected_rejection,local_gate,0.7929683640350531,-0.027455883046459184
0.7,policy::epeak0.5__full__h_tau0.8,local_gate,0.7754195697670793,-0.04500467731443303
0.7,policy::epeak0.5__full__h_tau0.9,local_gate,0.7882766021679283,-0.03214764491358402
0.7,policy::epeak0.5__full__h_tau1.1,local_gate,0.7927981712905672,-0.027626075790945115
0.7,policy::epeak0.5__full__h_tau1.25,local_gate,0.7924839810102271,-0.02794026607128519
0.7,policy::epeak0.5__full__original,local_gate,0.7932251359138817,-0.02719911116763063
0.7,policy::epeak0.5__full__power0.5,local_gate,0.8018281648613207,-0.0185960822201916
0.7,policy::epeak0.5__full__power0.75,local_gate,0.7996478574122556,-0.020776389669256656
0.7,policy::epeak0.5__full__power1.25,local_gate,0.7846291229750043,-0.03579512410650798
0.7,policy::epeak0.5__full__power1.5,local_gate,0.7763290930149188,-0.04409515406659348
0.7,policy::epeak0.5__full__uniform0.02,local_gate,0.8026754009932017,-0.01774884608831062
0.7,policy::epeak0.5__full__uniform0.05,local_gate,0.8065022116642744,-0.01392203541723791
0.7,policy::epeak0.5__full__uniform0.1,local_gate,0.8037706715467026,-0.016653575534809728
0.7,policy::epeak0.5__full__uniform0.2,local_gate,0.801076830356226,-0.01934741672528628
0.7,policy::epeak0.5__topm__accept_clip0.02,local_gate,0.8016409255834849,-0.018783321498027417
0.7,policy::epeak0.5__topm__accept_clip0.05,local_gate,0.7995635563862816,-0.020860690695230666
0.7,policy::epeak0.5__topm__accept_clip0.1,local_gate,0.7971611757320785,-0.02326307134943384
0.7,policy::epeak0.5__topm__bonus1.25,local_gate,0.7939244331089212,-0.026499813972591046
0.7,policy::epeak0.5__topm__bonus1.5,local_gate,0.7939050621199628,-0.02651918496154948
0.7,policy::epeak0.5__topm__bonus2,local_gate,0.7956773397998251,-0.024746907281687158
0.7,policy::epeak0.5__topm__bonus3,local_gate,0.795781265746212,-0.024642981335300296
0.7,policy::epeak0.5__topm__expected_mix0.25,local_gate,0.8055963506182566,-0.014827896463255663
0.7,policy::epeak0.5__topm__expected_mix0.5,local_gate,0.8011076026674084,-0.019316644414103856
0.7,policy::epeak0.5__topm__expected_mix0.75,local_gate,0.7979855450387625,-0.02243870204274978
0.7,policy::epeak0.5__topm__expected_rejection,local_gate,0.7921768603297071,-0.02824738675180516
0.7,policy::epeak0.5__topm__h_tau0.8,local_gate,0.7753392957755758,-0.04508495130593648
0.7,policy::epeak0.5__topm__h_tau0.9,local_gate,0.7877554607682643,-0.03266878631324799
0.7,policy::epeak0.5__topm__h_tau1.1,local_gate,0.792988928231734,-0.027435318849778345
0.7,policy::epeak0.5__topm__h_tau1.25,local_gate,0.7915047157248795,-0.028919531356632833
0.7,policy::epeak0.5__topm__original,local_gate,0.7931275929524484,-0.027296654129063902
0.7,policy::epeak0.5__topm__power0.5,local_gate,0.8004826842639308,-0.019941562817581526
0.7,policy::epeak0.5__topm__power0.75,local_gate,0.7986738610849851,-0.021750385996527233
0.7,policy::epeak0.5__topm__power1.25,local_gate,0.7847093214887257,-0.03571492559278655
0.7,policy::epeak0.5__topm__power1.5,local_gate,0.7756464680902122,-0.04477777899130009
0.7,policy::epeak0.5__topm__uniform0.02,local_gate,0.8010530387074594,-0.01937120837405293
0.7,policy::epeak0.5__topm__uniform0.05,local_gate,0.8062435406570514,-0.014180706424460898
0.7,policy::epeak0.5__topm__uniform0.1,local_gate,0.8035100850883148,-0.016914161993197507
0.7,policy::epeak0.5__topm__uniform0.2,local_gate,0.800939276200627,-0.0194849708808853
0.7,policy::epeak0.7__full__accept_clip0.02,local_gate,0.8135159027859664,-0.006908344295545876
0.7,policy::epeak0.7__full__accept_clip0.05,local_gate,0.8126071053409801,-0.007817141740532163
0.7,policy::epeak0.7__full__accept_clip0.1,local_gate,0.8091314783381012,-0.011292768743411119
0.7,policy::epeak0.7__full__bonus1.25,local_gate,0.8045467469049217,-0.01587750017659062
0.7,policy::epeak0.7__full__bonus1.5,local_gate,0.8047121980605441,-0.015712049020968233
0.7,policy::epeak0.7__full__bonus2,local_gate,0.805676563706791,-0.014747683374721321
0.7,policy::epeak0.7__full__bonus3,local_gate,0.80559283698884,-0.014831410092672304
0.7,policy::epeak0.7__full__expected_mix0.25,local_gate,0.8176403140920305,-0.0027839329894817633
0.7,policy::epeak0.7__full__expected_mix0.5,local_gate,0.815173072077759,-0.005251175003753272
0.7,policy::epeak0.7__full__expected_mix0.75,local_gate,0.8119194882617334,-0.008504758819778857
0.7,policy::epeak0.7__full__expected_rejection,local_gate,0.8054063632317346,-0.015017883849777647
0.7,policy::epeak0.7__full__h_tau0.8,local_gate,0.7845761009235019,-0.03584814615801035
0.7,policy::epeak0.7__full__h_tau0.9,local_gate,0.7966589628329522,-0.02376528424856006
0.7,policy::epeak0.7__full__h_tau1.1,local_gate,0.803961030710479,-0.016463216371033318
0.7,policy::epeak0.7__full__h_tau1.25,local_gate,0.8019192258637685,-0.018505021217743778
0.7,policy::epeak0.7__full__original,local_gate,0.803239101879814,-0.017185145201698337
0.7,policy::epeak0.7__full__power0.5,local_gate,0.8121846943172112,-0.008239552764301106
0.7,policy::epeak0.7__full__power0.75,local_gate,0.8094399983759679,-0.010984248705544375
0.7,policy::epeak0.7__full__power1.25,local_gate,0.7946748030820516,-0.025749443999460664
0.7,policy::epeak0.7__full__power1.5,local_gate,0.7849928914688998,-0.03543135561261246
0.7,policy::epeak0.7__full__uniform0.02,local_gate,0.8142798232635254,-0.006144423817986855
0.7,policy::epeak0.7__full__uniform0.05,local_gate,0.8175129134117975,-0.002911333669714744
0.7,policy::epeak0.7__full__uniform0.1,local_gate,0.8159418425590538,-0.004482404522458516
0.7,policy::epeak0.7__full__uniform0.2,local_gate,0.8119161657872622,-0.00850808129425007
0.7,policy::epeak0.7__topm__accept_clip0.02,local_gate,0.8134196106200438,-0.007004636461468539
0.7,policy::epeak0.7__topm__accept_clip0.05,local_gate,0.8119204564417712,-0.008503790639741049
0.7,policy::epeak0.7__topm__accept_clip0.1,local_gate,0.8088280531051658,-0.01159619397634648
0.7,policy::epeak0.7__topm__bonus1.25,local_gate,0.8038557236672039,-0.016568523414308367
0.7,policy::epeak0.7__topm__bonus1.5,local_gate,0.8038734253036727,-0.01655082177783962
0.7,policy::epeak0.7__topm__bonus2,local_gate,0.8055166023709154,-0.014907644710596912
0.7,policy::epeak0.7__topm__bonus3,local_gate,0.805388314341444,-0.015035932740068314
0.7,policy::epeak0.7__topm__expected_mix0.25,local_gate,0.8172928614938815,-0.0031313855876308194
0.7,policy::epeak0.7__topm__expected_mix0.5,local_gate,0.8142113238296519,-0.006212923251860403
0.7,policy::epeak0.7__topm__expected_mix0.75,local_gate,0.8113078964236065,-0.009116350657905836
0.7,policy::epeak0.7__topm__expected_rejection,local_gate,0.8047843094636532,-0.01563993761785909
0.7,policy::epeak0.7__topm__h_tau0.8,local_gate,0.7846982574047575,-0.03572598967675478
0.7,policy::epeak0.7__topm__h_tau0.9,local_gate,0.796047396361988,-0.024376850719524334
0.7,policy::epeak0.7__topm__h_tau1.1,local_gate,0.8041242233332616,-0.01630002374825068
0.7,policy::epeak0.7__topm__h_tau1.25,local_gate,0.8006320278177607,-0.01979221926375163
0.7,policy::epeak0.7__topm__original,local_gate,0.8031545319042981,-0.017269715177214207
0.7,policy::epeak0.7__topm__power0.5,local_gate,0.8109980652117282,-0.009426181869784056
0.7,policy::epeak0.7__topm__power0.75,local_gate,0.8088321664516658,-0.011592080629846513
0.7,policy::epeak0.7__topm__power1.25,local_gate,0.7944379206863852,-0.025986326395127102
0.7,policy::epeak0.7__topm__power1.5,local_gate,0.7840043663359787,-0.036419880745533595
0.7,policy::epeak0.7__topm__uniform0.02,local_gate,0.8124322143730653,-0.00799203270844695
0.7,policy::epeak0.7__topm__uniform0.05,local_gate,0.8172266965559783,-0.003197550525533943
0.7,policy::epeak0.7__topm__uniform0.1,local_gate,0.8153730823249528,-0.005051164756559534
0.7,policy::epeak0.7__topm__uniform0.2,local_gate,0.8115212685084044,-0.008902978573107845
0.7,policy::epeak0.9__full__accept_clip0.02,local_gate,0.828875305069449,0.008451057987936661
0.7,policy::epeak0.9__full__accept_clip0.05,local_gate,0.8269270418236216,0.006502794742109352
0.7,policy::epeak0.9__full__accept_clip0.1,local_gate,0.823228347990001,0.0028041009084887047
0.7,policy::epeak0.9__full__bonus1.25,local_gate,0.8165454770030868,-0.0038787700784255197
0.7,policy::epeak0.9__full__bonus1.5,local_gate,0.8166841132759494,-0.0037401338055629285
0.7,policy::epeak0.9__full__bonus2,local_gate,0.8173734379252439,-0.0030508091562684303
0.7,policy::epeak0.9__full__bonus3,local_gate,0.8180807462596709,-0.0023435008218414266
0.7,policy::epeak0.9__full__expected_mix0.25,local_gate,0.8331355862037257,0.01271133912221345
0.7,policy::epeak0.9__full__expected_mix0.5,local_gate,0.830861872849165,0.010437625767652725
0.7,policy::epeak0.9__full__expected_mix0.75,local_gate,0.82732779541318,0.00690354833166773
0.7,policy::epeak0.9__full__expected_rejection,local_gate,0.8202053372059959,-0.0002189098755164265
0.7,policy::epeak0.9__full__h_tau0.8,local_gate,0.7956687950085063,-0.024755452073006
0.7,policy::epeak0.9__full__h_tau0.9,local_gate,0.8093661858994617,-0.01105806118205055
0.7,policy::epeak0.9__full__h_tau1.1,local_gate,0.8177073776549448,-0.0027168694265674587
0.7,policy::epeak0.9__full__h_tau1.25,local_gate,0.8152749350782138,-0.00514931200329849
0.7,policy::epeak0.9__full__original,local_gate,0.8151055681923046,-0.005318678889207673
0.7,policy::epeak0.9__full__power0.5,local_gate,0.8232162066012575,0.002791959519745202
0.7,policy::epeak0.9__full__power0.75,local_gate,0.8219964778753857,0.0015722307938733637
0.7,policy::epeak0.9__full__power1.25,local_gate,0.8068815206095099,-0.013542726472002387
0.7,policy::epeak0.9__full__power1.5,local_gate,0.7958310756622448,-0.024593171419267534
0.7,policy::epeak0.9__full__uniform0.02,local_gate,0.8269587703134705,0.006534523231958245
0.7,policy::epeak0.9__full__uniform0.05,local_gate,0.8321277392054479,0.011703492123935622
0.7,policy::epeak0.9__full__uniform0.1,local_gate,0.8311177262516228,0.010693479170110542
0.7,policy::epeak0.9__full__uniform0.2,local_gate,0.824805317143199,0.004381070061686754
0.7,policy::epeak0.9__topm__accept_clip0.02,local_gate,0.8291487273706343,0.008724480289121983
0.7,policy::epeak0.9__topm__accept_clip0.05,local_gate,0.8264429205285307,0.006018673447018452
0.7,policy::epeak0.9__topm__accept_clip0.1,local_gate,0.822348445613751,0.0019241985322386856
0.7,policy::epeak0.9__topm__bonus1.25,local_gate,0.8158060931626363,-0.004618153918875989
0.7,policy::epeak0.9__topm__bonus1.5,local_gate,0.8158991924348608,-0.0045250546466515384
0.7,policy::epeak0.9__topm__bonus2,local_gate,0.8173297024224978,-0.0030945446590144865
0.7,policy::epeak0.9__topm__bonus3,local_gate,0.817875555044947,-0.00254869203656527
0.7,policy::epeak0.9__topm__expected_mix0.25,local_gate,0.8328465798644327,0.012422332782920376
0.7,policy::epeak0.9__topm__expected_mix0.5,local_gate,0.8297680926016496,0.00934384552013734
0.7,policy::epeak0.9__topm__expected_mix0.75,local_gate,0.826664674775033,0.006240427693520734
0.7,policy::epeak0.9__topm__expected_rejection,local_gate,0.8204201058565034,-4.141225008913452e-06
0.7,policy::epeak0.9__topm__h_tau0.8,local_gate,0.7958032948661529,-0.024620952215359426
0.7,policy::epeak0.9__topm__h_tau0.9,local_gate,0.8086594120413794,-0.011764835040132926
0.7,policy::epeak0.9__topm__h_tau1.1,local_gate,0.8172068705130094,-0.00321737656850285
0.7,policy::epeak0.9__topm__h_tau1.25,local_gate,0.813971591089906,-0.006452655991606271
0.7,policy::epeak0.9__topm__original,local_gate,0.8147084063788511,-0.005715840702661179
0.7,policy::epeak0.9__topm__power0.5,local_gate,0.8220053136288317,0.0015810665473193763
0.7,policy::epeak0.9__topm__power0.75,local_gate,0.8214033353052319,0.0009790882237196152
0.7,policy::epeak0.9__topm__power1.25,local_gate,0.8057000116243538,-0.014724235457158508
0.7,policy::epeak0.9__topm__power1.5,local_gate,0.7946815128412332,-0.025742734240279064
0.7,policy::epeak0.9__topm__uniform0.02,local_gate,0.8260874870479094,0.00566323996639706
0.7,policy::epeak0.9__topm__uniform0.05,local_gate,0.8318244478873972,0.011400200805884886
0.7,policy::epeak0.9__topm__uniform0.1,local_gate,0.8306940656934025,0.010269818611890247
0.7,policy::epeak0.9__topm__uniform0.2,local_gate,0.8240197718755039,0.0035955247939916113
0.7,policy::floor0.25__full__accept_clip0.02,bounded_subtraction,0.8356308592870269,0.015206612205514558
0.7,policy::floor0.25__full__accept_clip0.05,bounded_subtraction,0.8341180300270056,0.013693782945493282
0.7,policy::floor0.25__full__accept_clip0.1,bounded_subtraction,0.8281971221156309,0.007772875034118609
0.7,policy::floor0.25__full__bonus1.25,bounded_subtraction,0.8179117651597736,-0.0025124819217386962
0.7,policy::floor0.25__full__bonus1.5,bounded_subtraction,0.8178136966395534,-0.002610550441958903
0.7,policy::floor0.25__full__bonus2,bounded_subtraction,0.8195202781962297,-0.0009039688852825467
0.7,policy::floor0.25__full__bonus3,bounded_subtraction,0.8196546150254403,-0.000769632056071945
0.7,policy::floor0.25__full__expected_mix0.25,bounded_subtraction,0.8382321210595771,0.017807873978064825
0.7,policy::floor0.25__full__expected_mix0.5,bounded_subtraction,0.8378865568033462,0.017462309721833935
0.7,policy::floor0.25__full__expected_mix0.75,bounded_subtraction,0.8332752376957611,0.01285099061424877
0.7,policy::floor0.25__full__expected_rejection,bounded_subtraction,0.8250242106122905,0.004599963530778184
0.7,policy::floor0.25__full__h_tau0.8,bounded_subtraction,0.7995747539250287,-0.020849493156483545
0.7,policy::floor0.25__full__h_tau0.9,bounded_subtraction,0.8109936125519346,-0.009430634529577708
0.7,policy::floor0.25__full__h_tau1.1,bounded_subtraction,0.8190370631580607,-0.001387183923451607
0.7,policy::floor0.25__full__h_tau1.25,bounded_subtraction,0.8148072732111769,-0.00561697387033544
0.7,policy::floor0.25__full__original,bounded_subtraction,0.8179917568438856,-0.0024324902376267055
0.7,policy::floor0.25__full__power0.5,bounded_subtraction,0.8227751232146441,0.002350876133131785
0.7,policy::floor0.25__full__power0.75,bounded_subtraction,0.8207111136086412,0.00028686652712894833
0.7,policy::floor0.25__full__power1.25,bounded_subtraction,0.8088062194339231,-0.011618027647589235
0.7,policy::floor0.25__full__power1.5,bounded_subtraction,0.7983505210991939,-0.022073725982318382
0.7,policy::floor0.25__full__uniform0.02,bounded_subtraction,0.832467227737381,0.012042980655868729
0.7,policy::floor0.25__full__uniform0.05,bounded_subtraction,0.8355221013894514,0.015097854307939085
0.7,policy::floor0.25__full__uniform0.1,bounded_subtraction,0.8315598256571248,0.011135578575612537
0.7,policy::floor0.25__full__uniform0.2,bounded_subtraction,0.8298891107996663,0.009464863718154026
0.7,policy::floor0.25__topm__accept_clip0.02,bounded_subtraction,0.8342405289761873,0.013816281894674987
0.7,policy::floor0.25__topm__accept_clip0.05,bounded_subtraction,0.8332064776468749,0.012782230565362651
0.7,policy::floor0.25__topm__accept_clip0.1,bounded_subtraction,0.8284210371317038,0.007996790050191493
0.7,policy::floor0.25__topm__bonus1.25,bounded_subtraction,0.8184702887319344,-0.0019539583495779
0.7,policy::floor0.25__topm__bonus1.5,bounded_subtraction,0.8173814057267844,-0.0030428413547278765
0.7,policy::floor0.25__topm__bonus2,bounded_subtraction,0.8197750273319616,-0.000649219749550678
0.7,policy::floor0.25__topm__bonus3,bounded_subtraction,0.820048337656966,-0.0003759094245462391
0.7,policy::floor0.25__topm__expected_mix0.25,bounded_subtraction,0.8388360821278826,0.01841183504637034
0.7,policy::floor0.25__topm__expected_mix0.5,bounded_subtraction,0.837129586120399,0.016705339038886713
0.7,policy::floor0.25__topm__expected_mix0.75,bounded_subtraction,0.8328585283765054,0.012434281294993133
0.7,policy::floor0.25__topm__expected_rejection,bounded_subtraction,0.8231384000564234,0.002714152974911066
0.7,policy::floor0.25__topm__h_tau0.8,bounded_subtraction,0.7985432070772358,-0.021881040004276486
0.7,policy::floor0.25__topm__h_tau0.9,bounded_subtraction,0.8106771946837269,-0.009747052397785394
0.7,policy::floor0.25__topm__h_tau1.1,bounded_subtraction,0.8186377158141187,-0.0017865312673935874
0.7,policy::floor0.25__topm__h_tau1.25,bounded_subtraction,0.8141312276808057,-0.00629301940070659
0.7,policy::floor0.25__topm__original,bounded_subtraction,0.8171898216399321,-0.0032344254415801466
0.7,policy::floor0.25__topm__power0.5,bounded_subtraction,0.8208776709834711,0.0004534239019587938
0.7,policy::floor0.25__topm__power0.75,bounded_subtraction,0.8200479416332598,-0.0003763054482525119
0.7,policy::floor0.25__topm__power1.25,bounded_subtraction,0.808329757039441,-0.012094490042071304
0.7,policy::floor0.25__topm__power1.5,bounded_subtraction,0.7980230761733689,-0.02240117090814342
0.7,policy::floor0.25__topm__uniform0.02,bounded_subtraction,0.8313634907748911,0.010939243693378842
0.7,policy::floor0.25__topm__uniform0.05,bounded_subtraction,0.8345935563212639,0.01416930923975157
0.7,policy::floor0.25__topm__uniform0.1,bounded_subtraction,0.8311516300015347,0.010727382920022399
0.7,policy::floor0.25__topm__uniform0.2,bounded_subtraction,0.8296937408579973,0.009269493776485005
0.7,policy::floor0.5__full__accept_clip0.02,bounded_subtraction,0.8389735429257821,0.018549295844269786
0.7,policy::floor0.5__full__accept_clip0.05,bounded_subtraction,0.8369223741078703,0.016498127026358
0.7,policy::floor0.5__full__accept_clip0.1,bounded_subtraction,0.8322016894714821,0.011777442389969806
0.7,policy::floor0.5__full__bonus1.25,bounded_subtraction,0.8210089130545923,0.0005846659730800452
0.7,policy::floor0.5__full__bonus1.5,bounded_subtraction,0.8219322185099187,0.0015079714284064183
0.7,policy::floor0.5__full__bonus2,bounded_subtraction,0.8223280058091288,0.0019037587276165002
0.7,policy::floor0.5__full__bonus3,bounded_subtraction,0.8226494817891585,0.0022252347076462398
0.7,policy::floor0.5__full__expected_mix0.25,bounded_subtraction,0.8423858945896026,0.021961647508090265
0.7,policy::floor0.5__full__expected_mix0.5,bounded_subtraction,0.8409160866098315,0.020491839528319233
0.7,policy::floor0.5__full__expected_mix0.75,bounded_subtraction,0.8365255518605885,0.01610130477907623
0.7,policy::floor0.5__full__expected_rejection,bounded_subtraction,0.8274307211857951,0.007006474104282789
0.7,policy::floor0.5__full__h_tau0.8,bounded_subtraction,0.8008539339412324,-0.019570313140279905
0.7,policy::floor0.5__full__h_tau0.9,bounded_subtraction,0.8130932943132222,-0.0073309527682901
0.7,policy::floor0.5__full__h_tau1.1,bounded_subtraction,0.8215211347953696,0.0010968877138572974
0.7,policy::floor0.5__full__h_tau1.25,bounded_subtraction,0.8183840492229482,-0.00204019785856413
0.7,policy::floor0.5__full__original,bounded_subtraction,0.820377448029105,-4.67990524073425e-05
0.7,policy::floor0.5__full__power0.5,bounded_subtraction,0.8262097574193822,0.0057855103378698924
0.7,policy::floor0.5__full__power0.75,bounded_subtraction,0.8238762668184603,0.0034520197369479755
0.7,policy::floor0.5__full__power1.25,bounded_subtraction,0.8114123474622555,-0.009011899619256747
0.7,policy::floor0.5__full__power1.5,bounded_subtraction,0.7997798918019348,-0.02064435527957753
0.7,policy::floor0.5__full__uniform0.02,bounded_subtraction,0.8339570075175524,0.013532760436040125
0.7,policy::floor0.5__full__uniform0.05,bounded_subtraction,0.8374270029547897,0.017002755873277375
0.7,policy::floor0.5__full__uniform0.1,bounded_subtraction,0.8357077484859775,0.015283501404465216
0.7,policy::floor0.5__full__uniform0.2,bounded_subtraction,0.8327185936685949,0.012294346587082616
0.7,policy::floor0.5__topm__accept_clip0.02,bounded_subtraction,0.8378456142662458,0.017421367184733527
0.7,policy::floor0.5__topm__accept_clip0.05,bounded_subtraction,0.836898496564542,0.016474249483029668
0.7,policy::floor0.5__topm__accept_clip0.1,bounded_subtraction,0.8318163604409393,0.011392113359427025
0.7,policy::floor0.5__topm__bonus1.25,bounded_subtraction,0.8199932520999059,-0.0004309949816063696
0.7,policy::floor0.5__topm__bonus1.5,bounded_subtraction,0.8201295368634822,-0.0002947102180300698
0.7,policy::floor0.5__topm__bonus2,bounded_subtraction,0.8218140749220881,0.0013898278405758413
0.7,policy::floor0.5__topm__bonus3,bounded_subtraction,0.8220965797939999,0.0016723327124875675
0.7,policy::floor0.5__topm__expected_mix0.25,bounded_subtraction,0.8417859781352298,0.021361731053717525
0.7,policy::floor0.5__topm__expected_mix0.5,bounded_subtraction,0.8398976122379858,0.019473365156473466
0.7,policy::floor0.5__topm__expected_mix0.75,bounded_subtraction,0.8357972509994867,0.01537300391797436
0.7,policy::floor0.5__topm__expected_rejection,bounded_subtraction,0.825927085021116,0.005502837939603711
0.7,policy::floor0.5__topm__h_tau0.8,bounded_subtraction,0.8007635582371073,-0.019660688844404972
0.7,policy::floor0.5__topm__h_tau0.9,bounded_subtraction,0.8127039454081614,-0.0077203016733509156
0.7,policy::floor0.5__topm__h_tau1.1,bounded_subtraction,0.8202712328486129,-0.00015301423289937333
0.7,policy::floor0.5__topm__h_tau1.25,bounded_subtraction,0.8178120716520497,-0.002612175429462571
0.7,policy::floor0.5__topm__original,bounded_subtraction,0.8197732745281213,-0.0006509725533909716
0.7,policy::floor0.5__topm__power0.5,bounded_subtraction,0.8245011842086257,0.004076937127113434
0.7,policy::floor0.5__topm__power0.75,bounded_subtraction,0.823658744409231,0.003234497327718744
0.7,policy::floor0.5__topm__power1.25,bounded_subtraction,0.8102547699422562,-0.010169477139256089
0.7,policy::floor0.5__topm__power1.5,bounded_subtraction,0.7990559299906069,-0.021368317090905364
0.7,policy::floor0.5__topm__uniform0.02,bounded_subtraction,0.833251865695058,0.012827618613545755
0.7,policy::floor0.5__topm__uniform0.05,bounded_subtraction,0.8369443008044156,0.016520053722903327
0.7,policy::floor0.5__topm__uniform0.1,bounded_subtraction,0.8345058989913203,0.014081651909808035
0.7,policy::floor0.5__topm__uniform0.2,bounded_subtraction,0.8315958031969831,0.011171556115470826
0.7,policy::floor0.75__full__accept_clip0.02,bounded_subtraction,0.8406159426364458,0.020191695554933498
0.7,policy::floor0.75__full__accept_clip0.05,bounded_subtraction,0.8391291843832479,0.018704937301735614
0.7,policy::floor0.75__full__accept_clip0.1,bounded_subtraction,0.8341189585068203,0.013694711425307982
0.7,policy::floor0.75__full__bonus1.25,bounded_subtraction,0.8219392040051235,0.0015149569236112548
0.7,policy::floor0.75__full__bonus1.5,bounded_subtraction,0.8228346425512872,0.0024103954697749508
0.7,policy::floor0.75__full__bonus2,bounded_subtraction,0.8243843057489005,0.003960058667388244
0.7,policy::floor0.75__full__bonus3,bounded_subtraction,0.8243828428733481,0.003958595791835773
0.7,policy::floor0.75__full__expected_mix0.25,bounded_subtraction,0.8433595300063825,0.022935282924870237
0.7,policy::floor0.75__full__expected_mix0.5,bounded_subtraction,0.8402187862137087,0.01979453913219642
0.7,policy::floor0.75__full__expected_mix0.75,bounded_subtraction,0.8370018750348337,0.016577627953321405
0.7,policy::floor0.75__full__expected_rejection,bounded_subtraction,0.8295057606065491,0.009081513525036833
0.7,policy::floor0.75__full__h_tau0.8,bounded_subtraction,0.8017902910912996,-0.01863395599021267
0.7,policy::floor0.75__full__h_tau0.9,bounded_subtraction,0.8153620567979033,-0.005062190283608992
0.7,policy::floor0.75__full__h_tau1.1,bounded_subtraction,0.8230923630018574,0.0026681159203451044
0.7,policy::floor0.75__full__h_tau1.25,bounded_subtraction,0.8196658864563444,-0.0007583606251678754
0.7,policy::floor0.75__full__original,bounded_subtraction,0.8217601053970964,0.0013358583155841375
0.7,policy::floor0.75__full__power0.5,bounded_subtraction,0.8278098264024121,0.007385579320899782
0.7,policy::floor0.75__full__power0.75,bounded_subtraction,0.8258260046430339,0.005401757561521614
0.7,policy::floor0.75__full__power1.25,bounded_subtraction,0.8131231658802085,-0.007301081201303794
0.7,policy::floor0.75__full__power1.5,bounded_subtraction,0.8013890828895834,-0.019035164191928855
0.7,policy::floor0.75__full__uniform0.02,bounded_subtraction,0.8343666312821186,0.01394238420060634
0.7,policy::floor0.75__full__uniform0.05,bounded_subtraction,0.8386661688203672,0.01824192173885486
0.7,policy::floor0.75__full__uniform0.1,bounded_subtraction,0.8396313493023008,0.019207102220788475
0.7,policy::floor0.75__full__uniform0.2,bounded_subtraction,0.8355485810442584,0.01512433396274615
0.7,policy::floor0.75__topm__accept_clip0.02,bounded_subtraction,0.8396095270823485,0.01918528000083619
0.7,policy::floor0.75__topm__accept_clip0.05,bounded_subtraction,0.8386368333159379,0.018212586234425565
0.7,policy::floor0.75__topm__accept_clip0.1,bounded_subtraction,0.8341109148532893,0.013686667771776961
0.7,policy::floor0.75__topm__bonus1.25,bounded_subtraction,0.8217318586530987,0.0013076115715864312
0.7,policy::floor0.75__topm__bonus1.5,bounded_subtraction,0.8217937907356493,0.0013695436541369954
0.7,policy::floor0.75__topm__bonus2,bounded_subtraction,0.8238083912635901,0.003384144182077775
0.7,policy::floor0.75__topm__bonus3,bounded_subtraction,0.8236043701896922,0.003180123108179944
0.7,policy::floor0.75__topm__expected_mix0.25,bounded_subtraction,0.8427978141026317,0.022373567021119367
0.7,policy::floor0.75__topm__expected_mix0.5,bounded_subtraction,0.8399379519841282,0.019513704902615947
0.7,policy::floor0.75__topm__expected_mix0.75,bounded_subtraction,0.8372636410929782,0.016839394011465947
0.7,policy::floor0.75__topm__expected_rejection,bounded_subtraction,0.8291031547597156,0.00867890767820334
0.7,policy::floor0.75__topm__h_tau0.8,bounded_subtraction,0.8018074029672649,-0.018616844114247355
0.7,policy::floor0.75__topm__h_tau0.9,bounded_subtraction,0.8144039247889838,-0.006020322292528468
0.7,policy::floor0.75__topm__h_tau1.1,bounded_subtraction,0.8221956216413625,0.001771374559850214
0.7,policy::floor0.75__topm__h_tau1.25,bounded_subtraction,0.818288479254869,-0.0021357678266432645
0.7,policy::floor0.75__topm__original,bounded_subtraction,0.8214643325770614,0.0010400854955491257
0.7,policy::floor0.75__topm__power0.5,bounded_subtraction,0.8263860131607157,0.005961766079203401
0.7,policy::floor0.75__topm__power0.75,bounded_subtraction,0.8250687498144758,0.0046445027329634625
0.7,policy::floor0.75__topm__power1.25,bounded_subtraction,0.8121464417803257,-0.008277805301186603
0.7,policy::floor0.75__topm__power1.5,bounded_subtraction,0.7998395534371326,-0.020584693644379648
0.7,policy::floor0.75__topm__uniform0.02,bounded_subtraction,0.8330477562034552,0.012623509121942877
0.7,policy::floor0.75__topm__uniform0.05,bounded_subtraction,0.8390009102720871,0.018576663190574827
0.7,policy::floor0.75__topm__uniform0.1,bounded_subtraction,0.8382299385543385,0.01780569147282618
0.7,policy::floor0.75__topm__uniform0.2,bounded_subtraction,0.8355859864828485,0.01516173940133625
0.7,policy::floor0.9__full__accept_clip0.02,bounded_subtraction,0.8408006125992105,0.02037636551769817
0.7,policy::floor0.9__full__accept_clip0.05,bounded_subtraction,0.8394094760074049,0.018985228925892605
0.7,policy::floor0.9__full__accept_clip0.1,bounded_subtraction,0.8347564134148372,0.014332166333324903
0.7,policy::floor0.9__full__bonus1.25,bounded_subtraction,0.821894274845335,0.0014700277638226567
0.7,policy::floor0.9__full__bonus1.5,bounded_subtraction,0.8226945263701267,0.002270279288614452
0.7,policy::floor0.9__full__bonus2,bounded_subtraction,0.8238110534643108,0.003386806382798535
0.7,policy::floor0.9__full__bonus3,bounded_subtraction,0.8243787273048692,0.003954480223356871
0.7,policy::floor0.9__full__expected_mix0.25,bounded_subtraction,0.8437020141287332,0.023277767047220954
0.7,policy::floor0.9__full__expected_mix0.5,bounded_subtraction,0.8408113274310879,0.020387080349575593
0.7,policy::floor0.9__full__expected_mix0.75,bounded_subtraction,0.8384886707144916,0.018064423632979332
0.7,policy::floor0.9__full__expected_rejection,bounded_subtraction,0.8288836645195807,0.00845941743806844
0.7,policy::floor0.9__full__h_tau0.8,bounded_subtraction,0.8027228151716402,-0.017701431909872056
0.7,policy::floor0.9__full__h_tau0.9,bounded_subtraction,0.8157255223974602,-0.00469872468405208
0.7,policy::floor0.9__full__h_tau1.1,bounded_subtraction,0.8233880408629645,0.002963793781452173
0.7,policy::floor0.9__full__h_tau1.25,bounded_subtraction,0.8196514541620725,-0.0007727929194397687
0.7,policy::floor0.9__full__original,bounded_subtraction,0.821792887057338,0.0013686399758257028
0.7,policy::floor0.9__full__power0.5,bounded_subtraction,0.8279518365461035,0.0075275894645912
0.7,policy::floor0.9__full__power0.75,bounded_subtraction,0.8267268363415695,0.006302589260057223
0.7,policy::floor0.9__full__power1.25,bounded_subtraction,0.8125308777476471,-0.007893369333865197
0.7,policy::floor0.9__full__power1.5,bounded_subtraction,0.8016614369800426,-0.01876281010146974
0.7,policy::floor0.9__full__uniform0.02,bounded_subtraction,0.8338382923853727,0.013414045303860367
0.7,policy::floor0.9__full__uniform0.05,bounded_subtraction,0.8407017095299975,0.020277462448485162
0.7,policy::floor0.9__full__uniform0.1,bounded_subtraction,0.8417124873286789,0.02128824024716658
0.7,policy::floor0.9__full__uniform0.2,bounded_subtraction,0.836016849266627,0.015592602185114712
0.7,policy::floor0.9__topm__accept_clip0.02,bounded_subtraction,0.8397988376754021,0.019374590593889796
0.7,policy::floor0.9__topm__accept_clip0.05,bounded_subtraction,0.8388228354892822,0.018398588407769867
0.7,policy::floor0.9__topm__accept_clip0.1,bounded_subtraction,0.8339830214522727,0.013558774370760363
0.7,policy::floor0.9__topm__bonus1.25,bounded_subtraction,0.8215909516757702,0.001166704594257939
0.7,policy::floor0.9__topm__bonus1.5,bounded_subtraction,0.8217338212154939,0.0013095741339815836
0.7,policy::floor0.9__topm__bonus2,bounded_subtraction,0.8235848137254792,0.003160566643966911
0.7,policy::floor0.9__topm__bonus3,bounded_subtraction,0.8238022702128499,0.0033780231313376152
0.7,policy::floor0.9__topm__expected_mix0.25,bounded_subtraction,0.8432280990672041,0.022803851985691792
0.7,policy::floor0.9__topm__expected_mix0.5,bounded_subtraction,0.8407185816412709,0.020294334559758598
0.7,policy::floor0.9__topm__expected_mix0.75,bounded_subtraction,0.8375799651633717,0.01715571808185945
0.7,policy::floor0.9__topm__expected_rejection,bounded_subtraction,0.8285861167297932,0.008161869648280917
0.7,policy::floor0.9__topm__h_tau0.8,bounded_subtraction,0.8025938238661727,-0.017830423215339564
0.7,policy::floor0.9__topm__h_tau0.9,bounded_subtraction,0.8150283136106744,-0.005395933470837888
0.7,policy::floor0.9__topm__h_tau1.1,bounded_subtraction,0.8226822977969341,0.0022580507154218443
0.7,policy::floor0.9__topm__h_tau1.25,bounded_subtraction,0.8181160318913857,-0.0023082151901265835
0.7,policy::floor0.9__topm__original,bounded_subtraction,0.8211251036063782,0.000700856524865956
0.7,policy::floor0.9__topm__power0.5,bounded_subtraction,0.8265315662442109,0.006107319162698577
0.7,policy::floor0.9__topm__power0.75,bounded_subtraction,0.8258375790487561,0.005413331967243806
0.7,policy::floor0.9__topm__power1.25,bounded_subtraction,0.8113046091593624,-0.00911963792214987
0.7,policy::floor0.9__topm__power1.5,bounded_subtraction,0.8005789826522749,-0.019845264429237397
0.7,policy::floor0.9__topm__uniform0.02,bounded_subtraction,0.8333435714821325,0.012919324400620158
0.7,policy::floor0.9__topm__uniform0.05,bounded_subtraction,0.8409121535308033,0.020487906449290993
0.7,policy::floor0.9__topm__uniform0.1,bounded_subtraction,0.8400970816789181,0.019672834597405764
0.7,policy::floor0.9__topm__uniform0.2,bounded_subtraction,0.8352702009344575,0.014845953852945182
0.7,policy::interval0.05__full__accept_clip0.02,rank_only,0.7912146088476057,-0.029209638233906543
0.7,policy::interval0.05__full__accept_clip0.05,rank_only,0.7892690082525186,-0.031155238828993737
0.7,policy::interval0.05__full__accept_clip0.1,rank_only,0.7874108227997235,-0.03301342428178877
0.7,policy::interval0.05__full__bonus1.25,rank_only,0.7824295894918019,-0.037994657589710434
0.7,policy::interval0.05__full__bonus1.5,rank_only,0.7827390372120839,-0.03768520986942836
0.7,policy::interval0.05__full__bonus2,rank_only,0.785205375132869,-0.03521887194864326
0.7,policy::interval0.05__full__bonus3,rank_only,0.78634433036608,-0.03407991671543231
0.7,policy::interval0.05__full__expected_mix0.25,rank_only,0.7938857522390873,-0.026538494842424987
0.7,policy::interval0.05__full__expected_mix0.5,rank_only,0.7932452090468597,-0.027179038034652603
0.7,policy::interval0.05__full__expected_mix0.75,rank_only,0.791490562043712,-0.02893368503780025
0.7,policy::interval0.05__full__expected_rejection,rank_only,0.7848152827552018,-0.035608964326310444
0.7,policy::interval0.05__full__h_tau0.8,rank_only,0.7627951752732646,-0.05762907180824772
0.7,policy::interval0.05__full__h_tau0.9,rank_only,0.7749935895442782,-0.045430657537234076
0.7,policy::interval0.05__full__h_tau1.1,rank_only,0.7811605777115888,-0.03926366936992354
0.7,policy::interval0.05__full__h_tau1.25,rank_only,0.778968755906291,-0.04145549117522129
0.7,policy::interval0.05__full__original,rank_only,0.7796185679220274,-0.04080567915948485
0.7,policy::interval0.05__full__power0.5,rank_only,0.791605999169161,-0.028818247912351325
0.7,policy::interval0.05__full__power0.75,rank_only,0.787481836224098,-0.03294241085741434
0.7,policy::interval0.05__full__power1.25,rank_only,0.7725461138219404,-0.04787813325957191
0.7,policy::interval0.05__full__power1.5,rank_only,0.7616600376913045,-0.05876420939020777
0.7,policy::interval0.05__full__uniform0.02,rank_only,0.7906378514566031,-0.029786395624909145
0.7,policy::interval0.05__full__uniform0.05,rank_only,0.7943714416196029,-0.026052805461909356
0.7,policy::interval0.05__full__uniform0.1,rank_only,0.7948971543756354,-0.02552709270587694
0.7,policy::interval0.05__full__uniform0.2,rank_only,0.7915040413342027,-0.02892020574730958
0.7,policy::interval0.05__topm__accept_clip0.02,rank_only,0.7911913184873993,-0.029232928594112972
0.7,policy::interval0.05__topm__accept_clip0.05,rank_only,0.7885941298572301,-0.031830117224282195
0.7,policy::interval0.05__topm__accept_clip0.1,rank_only,0.7869208663715529,-0.033503380709959396
0.7,policy::interval0.05__topm__bonus1.25,rank_only,0.7815735967111794,-0.03885065037033286
0.7,policy::interval0.05__topm__bonus1.5,rank_only,0.7818001992234352,-0.03862404785807705
0.7,policy::interval0.05__topm__bonus2,rank_only,0.7848778526740205,-0.035546394407491744
0.7,policy::interval0.05__topm__bonus3,rank_only,0.7860467833135626,-0.0343774637679497
0.7,policy::interval0.05__topm__expected_mix0.25,rank_only,0.7935198415813565,-0.026904405500155826
0.7,policy::interval0.05__topm__expected_mix0.5,rank_only,0.7928800056570279,-0.027544241424484417
0.7,policy::interval0.05__topm__expected_mix0.75,rank_only,0.791094158153364,-0.029330088928148257
0.7,policy::interval0.05__topm__expected_rejection,rank_only,0.7846267559866065,-0.03579749109490582
0.7,policy::interval0.05__topm__h_tau0.8,rank_only,0.7628446618794956,-0.05757958520201667
0.7,policy::interval0.05__topm__h_tau0.9,rank_only,0.7743644489920948,-0.046059798089417514
0.7,policy::interval0.05__topm__h_tau1.1,rank_only,0.7803616813364554,-0.040062565745056844
0.7,policy::interval0.05__topm__h_tau1.25,rank_only,0.7779645639689747,-0.04245968311253756
0.7,policy::interval0.05__topm__original,rank_only,0.7793337174972548,-0.04109052958425752
0.7,policy::interval0.05__topm__power0.5,rank_only,0.7905566613365932,-0.0298675857449191
0.7,policy::interval0.05__topm__power0.75,rank_only,0.786885597848895,-0.03353864923261729
0.7,policy::interval0.05__topm__power1.25,rank_only,0.7712815451835825,-0.0491427018979298
0.7,policy::interval0.05__topm__power1.5,rank_only,0.7608034820498587,-0.05962076503165359
0.7,policy::interval0.05__topm__uniform0.02,rank_only,0.7890708548058397,-0.031353392275672576
0.7,policy::interval0.05__topm__uniform0.05,rank_only,0.7942302078465724,-0.026194039234939903
0.7,policy::interval0.05__topm__uniform0.1,rank_only,0.7938688366977498,-0.026555410383762523
0.7,policy::interval0.05__topm__uniform0.2,rank_only,0.7909356193632553,-0.029488627718257
0.7,policy::interval0.1__full__accept_clip0.02,rank_only,0.7951910084046134,-0.02523323867689886
0.7,policy::interval0.1__full__accept_clip0.05,rank_only,0.7925522502046735,-0.027871996876838834
0.7,policy::interval0.1__full__accept_clip0.1,rank_only,0.7906608702967752,-0.02976337678473706
0.7,policy::interval0.1__full__bonus1.25,rank_only,0.7854121498307718,-0.035012097250740504
0.7,policy::interval0.1__full__bonus1.5,rank_only,0.7857747205587146,-0.034649526522797736
0.7,policy::interval0.1__full__bonus2,rank_only,0.7882417080265456,-0.03218253905496671
0.7,policy::interval0.1__full__bonus3,rank_only,0.789267411508914,-0.031156835572598296
0.7,policy::interval0.1__full__expected_mix0.25,rank_only,0.7971469282165123,-0.023277318864999952
0.7,policy::interval0.1__full__expected_mix0.5,rank_only,0.7955261624399231,-0.024898084641589158
0.7,policy::interval0.1__full__expected_mix0.75,rank_only,0.7945720130842077,-0.02585223399730463
0.7,policy::interval0.1__full__expected_rejection,rank_only,0.7881376586049834,-0.03228658847652888
0.7,policy::interval0.1__full__h_tau0.8,rank_only,0.7647055831760758,-0.05571866390543645
0.7,policy::interval0.1__full__h_tau0.9,rank_only,0.7778479318749235,-0.04257631520658878
0.7,policy::interval0.1__full__h_tau1.1,rank_only,0.7842848611832391,-0.036139385898273146
0.7,policy::interval0.1__full__h_tau1.25,rank_only,0.7821310877395197,-0.03829315934199262
0.7,policy::interval0.1__full__original,rank_only,0.7826591350470921,-0.037765112034420234
0.7,policy::interval0.1__full__power0.5,rank_only,0.7942342579482073,-0.026189989133304947
0.7,policy::interval0.1__full__power0.75,rank_only,0.7899098656456713,-0.030514381435840954
0.7,policy::interval0.1__full__power1.25,rank_only,0.7750858025453635,-0.04533844453614877
0.7,policy::interval0.1__full__power1.5,rank_only,0.764083458928006,-0.056340788153506294
0.7,policy::interval0.1__full__uniform0.02,rank_only,0.7943555806157632,-0.026068666465749124
0.7,policy::interval0.1__full__uniform0.05,rank_only,0.797731118481579,-0.022693128599933332
0.7,policy::interval0.1__full__uniform0.1,rank_only,0.7983350486978705,-0.02208919838364176
0.7,policy::interval0.1__full__uniform0.2,rank_only,0.7948566110010338,-0.025567636080478517
0.7,policy::interval0.1__topm__accept_clip0.02,rank_only,0.7948757646497308,-0.02554848243178154
0.7,policy::interval0.1__topm__accept_clip0.05,rank_only,0.7919027000369933,-0.028521547044519036
0.7,policy::interval0.1__topm__accept_clip0.1,rank_only,0.7901269876952857,-0.030297259386226627
0.7,policy::interval0.1__topm__bonus1.25,rank_only,0.7846235224854368,-0.03580072459607553
0.7,policy::interval0.1__topm__bonus1.5,rank_only,0.7848904033095226,-0.03553384377198965
0.7,policy::interval0.1__topm__bonus2,rank_only,0.7878568925412093,-0.03256735454030302
0.7,policy::interval0.1__topm__bonus3,rank_only,0.7889704918206608,-0.03145375526085148
0.7,policy::interval0.1__topm__expected_mix0.25,rank_only,0.796743115061167,-0.023681132020345275
0.7,policy::interval0.1__topm__expected_mix0.5,rank_only,0.7951838130435583,-0.02524043403795395
0.7,policy::interval0.1__topm__expected_mix0.75,rank_only,0.7941391875810181,-0.0262850595004942
0.7,policy::interval0.1__topm__expected_rejection,rank_only,0.78788149206273,-0.03254275501878234
0.7,policy::interval0.1__topm__h_tau0.8,rank_only,0.7647913696528095,-0.05563287742870282
0.7,policy::interval0.1__topm__h_tau0.9,rank_only,0.7773775080737777,-0.04304673900773459
0.7,policy::interval0.1__topm__h_tau1.1,rank_only,0.7836382415759134,-0.03678600550559885
0.7,policy::interval0.1__topm__h_tau1.25,rank_only,0.7810191199693902,-0.039405127112122074
0.7,policy::interval0.1__topm__original,rank_only,0.7823951319439562,-0.038029115137556135
0.7,policy::interval0.1__topm__power0.5,rank_only,0.7932205245042467,-0.027203722577265554
0.7,policy::interval0.1__topm__power0.75,rank_only,0.7893590147470558,-0.03106523233445646
0.7,policy::interval0.1__topm__power1.25,rank_only,0.7740058953470952,-0.04641835173441711
0.7,policy::interval0.1__topm__power1.5,rank_only,0.7631125623780012,-0.05731168470351111
0.7,policy::interval0.1__topm__uniform0.02,rank_only,0.7928256322295487,-0.027598614851963577
0.7,policy::interval0.1__topm__uniform0.05,rank_only,0.7976000099923126,-0.022824237089199673
0.7,policy::interval0.1__topm__uniform0.1,rank_only,0.7971241371737345,-0.023300109907777755
0.7,policy::interval0.1__topm__uniform0.2,rank_only,0.7942347046714735,-0.02618954241003879
0.7,policy::interval0.25__full__accept_clip0.02,rank_only,0.8004162506214462,-0.020007996460066124
0.7,policy::interval0.25__full__accept_clip0.05,rank_only,0.7986364762911919,-0.02178777079032035
0.7,policy::interval0.25__full__accept_clip0.1,rank_only,0.7969212723693049,-0.023502974712207414
0.7,policy::interval0.25__full__bonus1.25,rank_only,0.7880493710999281,-0.03237487598158417
0.7,policy::interval0.25__full__bonus1.5,rank_only,0.7883282301752315,-0.03209601690628083
0.7,policy::interval0.25__full__bonus2,rank_only,0.790892056470726,-0.02953219061078627
0.7,policy::interval0.25__full__bonus3,rank_only,0.792012647667811,-0.028411599413701305
0.7,policy::interval0.25__full__expected_mix0.25,rank_only,0.8031533979148509,-0.01727084916666144
0.7,policy::interval0.25__full__expected_mix0.5,rank_only,0.8022403080986442,-0.018183938982868075
0.7,policy::interval0.25__full__expected_mix0.75,rank_only,0.7998771172117295,-0.0205471298697828
0.7,policy::interval0.25__full__expected_rejection,rank_only,0.7923005120107397,-0.028123735070772593
0.7,policy::interval0.25__full__h_tau0.8,rank_only,0.7676032490658959,-0.05282099801561635
0.7,policy::interval0.25__full__h_tau0.9,rank_only,0.7809499268197402,-0.03947432026177211
0.7,policy::interval0.25__full__h_tau1.1,rank_only,0.7869503677533544,-0.03347387932815793
0.7,policy::interval0.25__full__h_tau1.25,rank_only,0.7857972164883129,-0.03462703059319938
0.7,policy::interval0.25__full__original,rank_only,0.785241110327277,-0.035183136754235345
0.7,policy::interval0.25__full__power0.5,rank_only,0.7973324284032027,-0.02309181867830956
0.7,policy::interval0.25__full__power0.75,rank_only,0.7928962326787649,-0.027528014402747436
0.7,policy::interval0.25__full__power1.25,rank_only,0.7778437799191066,-0.04258046716240571
0.7,policy::interval0.25__full__power1.5,rank_only,0.7673909354174259,-0.053033311664086424
0.7,policy::interval0.25__full__uniform0.02,rank_only,0.797976946043493,-0.022447301038019285
0.7,policy::interval0.25__full__uniform0.05,rank_only,0.8030414332766503,-0.017382813804861952
0.7,policy::interval0.25__full__uniform0.1,rank_only,0.8039463644194879,-0.016477882662024435
0.7,policy::interval0.25__full__uniform0.2,rank_only,0.8005548210397356,-0.01986942604177666
0.7,policy::interval0.25__topm__accept_clip0.02,rank_only,0.8001946944060229,-0.020229552675489426
0.7,policy::interval0.25__topm__accept_clip0.05,rank_only,0.7981376292318916,-0.022286617849620716
0.7,policy::interval0.25__topm__accept_clip0.1,rank_only,0.79636580157493,-0.024058445506582316
0.7,policy::interval0.25__topm__bonus1.25,rank_only,0.7872186927987131,-0.03320555428279914
0.7,policy::interval0.25__topm__bonus1.5,rank_only,0.7874628638975332,-0.03296138318397912
0.7,policy::interval0.25__topm__bonus2,rank_only,0.790667375606189,-0.029756871475323243
0.7,policy::interval0.25__topm__bonus3,rank_only,0.7916477751426618,-0.028776471938850468
0.7,policy::interval0.25__topm__expected_mix0.25,rank_only,0.8027019528609831,-0.017722294220529178
0.7,policy::interval0.25__topm__expected_mix0.5,rank_only,0.8014046284703347,-0.019019618611177624
0.7,policy::interval0.25__topm__expected_mix0.75,rank_only,0.7993618239741742,-0.02106242310733808
0.7,policy::interval0.25__topm__expected_rejection,rank_only,0.7919608349634982,-0.028463412118014064
0.7,policy::interval0.25__topm__h_tau0.8,rank_only,0.7677558736261465,-0.05266837345536579
0.7,policy::interval0.25__topm__h_tau0.9,rank_only,0.7805467265353042,-0.03987752054620808
0.7,policy::interval0.25__topm__h_tau1.1,rank_only,0.7861781583323247,-0.03424608874918755
0.7,policy::interval0.25__topm__h_tau1.25,rank_only,0.7845802393779596,-0.03584400770355267
0.7,policy::interval0.25__topm__original,rank_only,0.7850464540127188,-0.03537779306879352
0.7,policy::interval0.25__topm__power0.5,rank_only,0.796439210396434,-0.023985036685078343
0.7,policy::interval0.25__topm__power0.75,rank_only,0.7922399228134938,-0.028184324268018535
0.7,policy::interval0.25__topm__power1.25,rank_only,0.7767041404494535,-0.04372010663205883
0.7,policy::interval0.25__topm__power1.5,rank_only,0.7664283917459205,-0.053995855335591814
0.7,policy::interval0.25__topm__uniform0.02,rank_only,0.7964562351608219,-0.023968011920690424
0.7,policy::interval0.25__topm__uniform0.05,rank_only,0.802908807489899,-0.01751543959161328
0.7,policy::interval0.25__topm__uniform0.1,rank_only,0.8033332911005918,-0.017090955980920475
0.7,policy::interval0.25__topm__uniform0.2,rank_only,0.7999603080050625,-0.020463939076449833
0.7,policy::interval0.5__full__accept_clip0.02,rank_only,0.8083404342043552,-0.012083812877157096
0.7,policy::interval0.5__full__accept_clip0.05,rank_only,0.8064041023552047,-0.014020144726307637
0.7,policy::interval0.5__full__accept_clip0.1,rank_only,0.8049889236747916,-0.015435323406720713
0.7,policy::interval0.5__full__bonus1.25,rank_only,0.7940104726619184,-0.026413774419593916
0.7,policy::interval0.5__full__bonus1.5,rank_only,0.7943598081132117,-0.026064438968300574
0.7,policy::interval0.5__full__bonus2,rank_only,0.7966504183700327,-0.023773828711479594
0.7,policy::interval0.5__full__bonus3,rank_only,0.797721568226849,-0.02270267885466326
0.7,policy::interval0.5__full__expected_mix0.25,rank_only,0.810811639585264,-0.00961260749624826
0.7,policy::interval0.5__full__expected_mix0.5,rank_only,0.810643016919035,-0.009781230162477339
0.7,policy::interval0.5__full__expected_mix0.75,rank_only,0.8080364453695922,-0.01238780171192011
0.7,policy::interval0.5__full__expected_rejection,rank_only,0.8000083548108473,-0.02041589227066498
0.7,policy::interval0.5__full__h_tau0.8,rank_only,0.7734139912538346,-0.047010255827677705
0.7,policy::interval0.5__full__h_tau0.9,rank_only,0.7872377216039752,-0.03318652547753709
0.7,policy::interval0.5__full__h_tau1.1,rank_only,0.7950211950458819,-0.025403052035630425
0.7,policy::interval0.5__full__h_tau1.25,rank_only,0.7930521837150465,-0.027372063366465804
0.7,policy::interval0.5__full__original,rank_only,0.7912996445177443,-0.02912460256376803
0.7,policy::interval0.5__full__power0.5,rank_only,0.8035930152803757,-0.016831231801136548
0.7,policy::interval0.5__full__power0.75,rank_only,0.7991500816029266,-0.021274165478585738
0.7,policy::interval0.5__full__power1.25,rank_only,0.7840610755198276,-0.03636317156168467
0.7,policy::interval0.5__full__power1.5,rank_only,0.7733513175385215,-0.047072929542990805
0.7,policy::interval0.5__full__uniform0.02,rank_only,0.8054239158938535,-0.015000331187658755
0.7,policy::interval0.5__full__uniform0.05,rank_only,0.8108911593528803,-0.00953308772863204
0.7,policy::interval0.5__full__uniform0.1,rank_only,0.8115339860333981,-0.00889026104811419
0.7,policy::interval0.5__full__uniform0.2,rank_only,0.8087341952076044,-0.011690051873907925
0.7,policy::interval0.5__topm__accept_clip0.02,rank_only,0.8076589819276243,-0.012765265153887984
0.7,policy::interval0.5__topm__accept_clip0.05,rank_only,0.8059016523500873,-0.014522594731425031
0.7,policy::interval0.5__topm__accept_clip0.1,rank_only,0.8040832029192702,-0.016341044162242135
0.7,policy::interval0.5__topm__bonus1.25,rank_only,0.7933253819376705,-0.027098865143841744
0.7,policy::interval0.5__topm__bonus1.5,rank_only,0.7935517634908298,-0.026872483590682505
0.7,policy::interval0.5__topm__bonus2,rank_only,0.7964767395366267,-0.023947507544885616
0.7,policy::interval0.5__topm__bonus3,rank_only,0.7968533221380744,-0.023570924943437932
0.7,policy::interval0.5__topm__expected_mix0.25,rank_only,0.8098022639493013,-0.010621983132210966
0.7,policy::interval0.5__topm__expected_mix0.5,rank_only,0.8091194567562339,-0.011304790325278424
0.7,policy::interval0.5__topm__expected_mix0.75,rank_only,0.8070534114244564,-0.01337083565705588
0.7,policy::interval0.5__topm__expected_rejection,rank_only,0.7994922891106846,-0.020931957970827697
0.7,policy::interval0.5__topm__h_tau0.8,rank_only,0.7735535269875803,-0.046870720093932006
0.7,policy::interval0.5__topm__h_tau0.9,rank_only,0.7868157362619302,-0.03360851081958205
0.7,policy::interval0.5__topm__h_tau1.1,rank_only,0.7935329966123387,-0.026891250469173622
0.7,policy::interval0.5__topm__h_tau1.25,rank_only,0.7909905491579426,-0.029433697923569646
0.7,policy::interval0.5__topm__original,rank_only,0.7911086281766402,-0.02931561890487211
0.7,policy::interval0.5__topm__power0.5,rank_only,0.8027510501036647,-0.01767319697784764
0.7,policy::interval0.5__topm__power0.75,rank_only,0.7978549770208694,-0.02256927006064291
0.7,policy::interval0.5__topm__power1.25,rank_only,0.7829211394601483,-0.037503107621363996
0.7,policy::interval0.5__topm__power1.5,rank_only,0.7723883307991029,-0.04803591628240944
0.7,policy::interval0.5__topm__uniform0.02,rank_only,0.8037190076835107,-0.016705239398001615
0.7,policy::interval0.5__topm__uniform0.05,rank_only,0.8101340059050086,-0.010290241176503678
0.7,policy::interval0.5__topm__uniform0.1,rank_only,0.8102593529379738,-0.010164894143538494
0.7,policy::interval0.5__topm__uniform0.2,rank_only,0.8073146573063072,-0.013109589775205044
0.7,policy::interval0.75__full__accept_clip0.02,rank_only,0.8133488493992527,-0.007075397682259621
0.7,policy::interval0.75__full__accept_clip0.05,rank_only,0.8111983496130364,-0.009225897468475908
0.7,policy::interval0.75__full__accept_clip0.1,rank_only,0.8099628048129379,-0.010461442268574372
0.7,policy::interval0.75__full__bonus1.25,rank_only,0.7994203583339923,-0.021003888747520016
0.7,policy::interval0.75__full__bonus1.5,rank_only,0.7997644262976892,-0.020659820783823113
0.7,policy::interval0.75__full__bonus2,rank_only,0.8019391122183496,-0.018485134863162722
0.7,policy::interval0.75__full__bonus3,rank_only,0.8028630319252719,-0.01756121515624043
0.7,policy::interval0.75__full__expected_mix0.25,rank_only,0.8153899006551818,-0.005034346426330494
0.7,policy::interval0.75__full__expected_mix0.5,rank_only,0.8153790211046598,-0.00504522597685253
0.7,policy::interval0.75__full__expected_mix0.75,rank_only,0.8135039438629326,-0.006920303218579726
0.7,policy::interval0.75__full__expected_rejection,rank_only,0.8050229183125313,-0.015401328768981037
0.7,policy::interval0.75__full__h_tau0.8,rank_only,0.7787595874024479,-0.04166465967906441
0.7,policy::interval0.75__full__h_tau0.9,rank_only,0.7921415294971873,-0.02828271758432499
0.7,policy::interval0.75__full__h_tau1.1,rank_only,0.8001340032398835,-0.020290243841628808
0.7,policy::interval0.75__full__h_tau1.25,rank_only,0.7985679987905814,-0.021856248290930913
0.7,policy::interval0.75__full__original,rank_only,0.7967388999403089,-0.023685347141203406
0.7,policy::interval0.75__full__power0.5,rank_only,0.8086788482613266,-0.01174539882018566
0.7,policy::interval0.75__full__power0.75,rank_only,0.8045700719649729,-0.015854175116539415
0.7,policy::interval0.75__full__power1.25,rank_only,0.789165107469242,-0.03125913961227034
0.7,policy::interval0.75__full__power1.5,rank_only,0.7786110354204598,-0.04181321166105245
0.7,policy::interval0.75__full__uniform0.02,rank_only,0.8109399558373059,-0.009484291244206355
0.7,policy::interval0.75__full__uniform0.05,rank_only,0.8154659067120288,-0.004958340369483505
0.7,policy::interval0.75__full__uniform0.1,rank_only,0.8160436207117899,-0.004380626369722362
0.7,policy::interval0.75__full__uniform0.2,rank_only,0.8129587308801415,-0.007465516201370814
0.7,policy::interval0.75__topm__accept_clip0.02,rank_only,0.8124368172105054,-0.007987429871006868
0.7,policy::interval0.75__topm__accept_clip0.05,rank_only,0.8106720631788642,-0.009752183902648093
0.7,policy::interval0.75__topm__accept_clip0.1,rank_only,0.8089976395838808,-0.011426607497631469
0.7,policy::interval0.75__topm__bonus1.25,rank_only,0.7984505707809504,-0.021973676300561906
0.7,policy::interval0.75__topm__bonus1.5,rank_only,0.798673603440409,-0.02175064364110324
0.7,policy::interval0.75__topm__bonus2,rank_only,0.8015240302139285,-0.018900216867583808
0.7,policy::interval0.75__topm__bonus3,rank_only,0.802324317094398,-0.018099929987114294
0.7,policy::interval0.75__topm__expected_mix0.25,rank_only,0.8150074756342308,-0.0054167714472814765
0.7,policy::interval0.75__topm__expected_mix0.5,rank_only,0.8146844315532873,-0.005739815528225001
0.7,policy::interval0.75__topm__expected_mix0.75,rank_only,0.812366014235262,-0.00805823284625029
0.7,policy::interval0.75__topm__expected_rejection,rank_only,0.8039984075579928,-0.016425839523519503
0.7,policy::interval0.75__topm__h_tau0.8,rank_only,0.7789113751599565,-0.04151287192155584
0.7,policy::interval0.75__topm__h_tau0.9,rank_only,0.7916755756961659,-0.028748671385346425
0.7,policy::interval0.75__topm__h_tau1.1,rank_only,0.7994479292085562,-0.020976317872956063
0.7,policy::interval0.75__topm__h_tau1.25,rank_only,0.7972532337429642,-0.023171013338548097
0.7,policy::interval0.75__topm__original,rank_only,0.7963177771070646,-0.024106469974447653
0.7,policy::interval0.75__topm__power0.5,rank_only,0.8077341449515263,-0.012690102129986003
0.7,policy::interval0.75__topm__power0.75,rank_only,0.803926601091156,-0.016497645990356302
0.7,policy::interval0.75__topm__power1.25,rank_only,0.7880180799969349,-0.03240616708457744
0.7,policy::interval0.75__topm__power1.5,rank_only,0.7777475206278532,-0.04267672645365905
0.7,policy::interval0.75__topm__uniform0.02,rank_only,0.8092564510792615,-0.011167796002250818
0.7,policy::interval0.75__topm__uniform0.05,rank_only,0.8154525367805638,-0.004971710300948451
0.7,policy::interval0.75__topm__uniform0.1,rank_only,0.8154569086956932,-0.004967338385819087
0.7,policy::interval0.75__topm__uniform0.2,rank_only,0.8122215895884046,-0.008202657493107668
0.7,policy::interval0__full__accept_clip0.02,rank_only,0.7870145714821695,-0.033409675599342825
0.7,policy::interval0__full__accept_clip0.05,rank_only,0.7855109539466243,-0.034913293134888
0.7,policy::interval0__full__accept_clip0.1,rank_only,0.7838034526555113,-0.03662079442600097
0.7,policy::interval0__full__bonus1.25,rank_only,0.7795187839520059,-0.04090546312950638
0.7,policy::interval0__full__bonus1.5,rank_only,0.7798485796603893,-0.04057566742112295
0.7,policy::interval0__full__bonus2,rank_only,0.7824780980788354,-0.0379461490026769
0.7,policy::interval0__full__bonus3,rank_only,0.7835757501252519,-0.03684849695626036
0.7,policy::interval0__full__expected_mix0.25,rank_only,0.790700722287018,-0.02972352479449425
0.7,policy::interval0__full__expected_mix0.5,rank_only,0.7895796055383846,-0.030844641543127715
0.7,policy::interval0__full__expected_mix0.75,rank_only,0.7871788693490306,-0.03324537773248171
0.7,policy::interval0__full__expected_rejection,rank_only,0.7808491190558794,-0.0395751280256329
0.7,policy::interval0__full__h_tau0.8,rank_only,0.7601253946675652,-0.06029885241394706
0.7,policy::interval0__full__h_tau0.9,rank_only,0.7722833341221805,-0.04814091295933176
0.7,policy::interval0__full__h_tau1.1,rank_only,0.7786110738665939,-0.0418131732149184
0.7,policy::interval0__full__h_tau1.25,rank_only,0.7758073113162582,-0.04461693576525405
0.7,policy::interval0__full__original,rank_only,0.7767723769368539,-0.04365187014465843
0.7,policy::interval0__full__power0.5,rank_only,0.7885334524821997,-0.031890794599312544
0.7,policy::interval0__full__power0.75,rank_only,0.7845733627550524,-0.035850884326459886
0.7,policy::interval0__full__power1.25,rank_only,0.7693768766708168,-0.051047370410695514
0.7,policy::interval0__full__power1.5,rank_only,0.7593161400325431,-0.061108107048969185
0.7,policy::interval0__full__uniform0.02,rank_only,0.7880414587702744,-0.032382788311237864
0.7,policy::interval0__full__uniform0.05,rank_only,0.7903770930768921,-0.030047154004620213
0.7,policy::interval0__full__uniform0.1,rank_only,0.7910771837211492,-0.02934706336036308
0.7,policy::interval0__full__uniform0.2,rank_only,0.7875355521950522,-0.03288869488646007
0.7,policy::interval0__topm__accept_clip0.02,rank_only,0.7868799152897494,-0.03354433179176286
0.7,policy::interval0__topm__accept_clip0.05,rank_only,0.7847663664122468,-0.03565788066926545
0.7,policy::interval0__topm__accept_clip0.1,rank_only,0.7832329115218389,-0.037191335559673355
0.7,policy::interval0__topm__bonus1.25,rank_only,0.7785961604183043,-0.04182808666320803
0.7,policy::interval0__topm__bonus1.5,rank_only,0.7788919755181362,-0.04153227156337613
0.7,policy::interval0__topm__bonus2,rank_only,0.7820937891853399,-0.0383304578961724
0.7,policy::interval0__topm__bonus3,rank_only,0.7831774667514775,-0.03724678033003481
0.7,policy::interval0__topm__expected_mix0.25,rank_only,0.7902155269181669,-0.030208720163345415
0.7,policy::interval0__topm__expected_mix0.5,rank_only,0.789125652699887,-0.0312985943816253
0.7,policy::interval0__topm__expected_mix0.75,rank_only,0.7866192934393444,-0.033804953642167845
0.7,policy::interval0__topm__expected_rejection,rank_only,0.7807963120458282,-0.03962793503568407
0.7,policy::interval0__topm__h_tau0.8,rank_only,0.7602580633746421,-0.06016618370687021
0.7,policy::interval0__topm__h_tau0.9,rank_only,0.7716492406300337,-0.048775006451478586
0.7,policy::interval0__topm__h_tau1.1,rank_only,0.7781693815480651,-0.04225486553344715
0.7,policy::interval0__topm__h_tau1.25,rank_only,0.7747443536731703,-0.045679893408342
0.7,policy::interval0__topm__original,rank_only,0.7763667638196717,-0.04405748326184056
0.7,policy::interval0__topm__power0.5,rank_only,0.7874892773711246,-0.032934969710387674
0.7,policy::interval0__topm__power0.75,rank_only,0.7839573408323557,-0.036466906249156605
0.7,policy::interval0__topm__power1.25,rank_only,0.7686668778458539,-0.051757369235658435
0.7,policy::interval0__topm__power1.5,rank_only,0.7583891870969988,-0.06203505998451353
0.7,policy::interval0__topm__uniform0.02,rank_only,0.7863710449065858,-0.03405320217492647
0.7,policy::interval0__topm__uniform0.05,rank_only,0.7903649742225014,-0.030059272859010888
0.7,policy::interval0__topm__uniform0.1,rank_only,0.7900236865387781,-0.030400560542734212
0.7,policy::interval0__topm__uniform0.2,rank_only,0.787120120349889,-0.03330412673162331
0.7,policy::interval1__full__accept_clip0.02,rank_only,0.8405770125202411,0.020152765438728792
0.7,policy::interval1__full__accept_clip0.05,rank_only,0.8387508191383101,0.018326572056797774
0.7,policy::interval1__full__accept_clip0.1,rank_only,0.8350428374345313,0.014618590353019045
0.7,policy::interval1__full__bonus1.25,rank_only,0.8232654729570525,0.002841225875540254
0.7,policy::interval1__full__bonus1.5,rank_only,0.8234385193495327,0.0030142722680204237
0.7,policy::interval1__full__bonus2,rank_only,0.8244556602692897,0.004031413187777444
0.7,policy::interval1__full__bonus3,rank_only,0.825125203671682,0.004700956590169669
0.7,policy::interval1__full__expected_mix0.25,rank_only,0.8443924417357033,0.023968194654190977
0.7,policy::interval1__full__expected_mix0.5,rank_only,0.8429294902798797,0.02250524319836744
0.7,policy::interval1__full__expected_mix0.75,rank_only,0.8399953294098023,0.019571082328289968
0.7,policy::interval1__full__expected_rejection,rank_only,0.8306575637315635,0.010233316650051227
0.7,policy::interval1__full__h_tau0.8,rank_only,0.8027384834093351,-0.017685763672177224
0.7,policy::interval1__full__h_tau0.9,rank_only,0.8163036519215519,-0.0041205951599604385
0.7,policy::interval1__full__h_tau1.1,rank_only,0.8241594025936773,0.003735155512164967
0.7,policy::interval1__full__h_tau1.25,rank_only,0.821620008605984,0.0011957615244717612
0.7,policy::interval1__full__original,rank_only,0.8210375147054336,0.0006132676239213319
0.7,policy::interval1__full__power0.5,rank_only,0.8285027630375049,0.008078515955992627
0.7,policy::interval1__full__power0.75,rank_only,0.8273565766899308,0.006932329608418497
0.7,policy::interval1__full__power1.25,rank_only,0.8132315549177285,-0.00719269216378382
0.7,policy::interval1__full__power1.5,rank_only,0.8027381891134465,-0.01768605796806577
0.7,policy::interval1__full__uniform0.02,rank_only,0.8348890527691464,0.014464805687634086
0.7,policy::interval1__full__uniform0.05,rank_only,0.8413457970766748,0.02092154999516249
0.7,policy::interval1__full__uniform0.1,rank_only,0.8420530385687366,0.021628791487224297
0.7,policy::interval1__full__uniform0.2,rank_only,0.8362680493196858,0.0158438022381735
0.7,policy::interval1__topm__accept_clip0.02,rank_only,0.8403777569743225,0.019953509892810195
0.7,policy::interval1__topm__accept_clip0.05,rank_only,0.8384833978590793,0.018059150777567035
0.7,policy::interval1__topm__accept_clip0.1,rank_only,0.8342479332702273,0.01382368618871499
0.7,policy::interval1__topm__bonus1.25,rank_only,0.82226097955619,0.0018367324746777491
0.7,policy::interval1__topm__bonus1.5,rank_only,0.8224283878345641,0.002004140753051775
0.7,policy::interval1__topm__bonus2,rank_only,0.8242123331486269,0.00378808606711456
0.7,policy::interval1__topm__bonus3,rank_only,0.824721092231677,0.004296845150164708
0.7,policy::interval1__topm__expected_mix0.25,rank_only,0.8438724708723536,0.023448223790841327
0.7,policy::interval1__topm__expected_mix0.5,rank_only,0.8420608665963563,0.02163661951484397
0.7,policy::interval1__topm__expected_mix0.75,rank_only,0.838705402993123,0.018281155911610725
0.7,policy::interval1__topm__expected_rejection,rank_only,0.8295539097283428,0.009129662646830461
0.7,policy::interval1__topm__h_tau0.8,rank_only,0.8028920042722059,-0.01753224280930643
0.7,policy::interval1__topm__h_tau0.9,rank_only,0.8155906702511249,-0.004833576830387432
0.7,policy::interval1__topm__h_tau1.1,rank_only,0.8236056749087414,0.0031814278272290775
0.7,policy::interval1__topm__h_tau1.25,rank_only,0.8193783072947561,-0.001045939786756156
0.7,policy::interval1__topm__original,rank_only,0.8204242470815123,0.0
0.7,policy::interval1__topm__power0.5,rank_only,0.8272437234544822,0.006819476372969868
0.7,policy::interval1__topm__power0.75,rank_only,0.826635540217267,0.006211293135754747
0.7,policy::interval1__topm__power1.25,rank_only,0.8121202780672188,-0.008303969014293533
0.7,policy::interval1__topm__power1.5,rank_only,0.8017107345635768,-0.018713512517935516
0.7,policy::interval1__topm__uniform0.02,rank_only,0.8340758086546172,0.013651561573104876
0.7,policy::interval1__topm__uniform0.05,rank_only,0.8412213722528952,0.02079712517138288
0.7,policy::interval1__topm__uniform0.1,rank_only,0.8411298166658107,0.020705569584298367
0.7,policy::interval1__topm__uniform0.2,rank_only,0.8356337315760879,0.015209484494575598
0.7,policy::keep12__full__accept_clip0.02,rank_only,0.8405876070443743,0.020163359962862004
0.7,policy::keep12__full__accept_clip0.05,rank_only,0.8386730139643429,0.018248766882830614
0.7,policy::keep12__full__accept_clip0.1,rank_only,0.8351065004686057,0.014682253387093391
0.7,policy::keep12__full__bonus1.25,rank_only,0.8226626596572375,0.0022384125757252127
0.7,policy::keep12__full__bonus1.5,rank_only,0.8228361722283702,0.0024119251468579517
0.7,policy::keep12__full__bonus2,rank_only,0.8238783689690987,0.0034541218875864255
0.7,policy::keep12__full__bonus3,rank_only,0.8244831460225497,0.004058898941037392
0.7,policy::keep12__full__expected_mix0.25,rank_only,0.8443151386081222,0.023890891526609948
0.7,policy::keep12__full__expected_mix0.5,rank_only,0.8420599814591156,0.021635734377603355
0.7,policy::keep12__full__expected_mix0.75,rank_only,0.8391658520914458,0.018741605009933493
0.7,policy::keep12__full__expected_rejection,rank_only,0.8298602366653428,0.009435989583830517
0.7,policy::keep12__full__h_tau0.8,rank_only,0.8021748394768182,-0.018249407604694068
0.7,policy::keep12__full__h_tau0.9,rank_only,0.8157167076729513,-0.004707539408560946
0.7,policy::keep12__full__h_tau1.1,rank_only,0.8235189581058775,0.0030947110243652043
0.7,policy::keep12__full__h_tau1.25,rank_only,0.8208388372073644,0.000414590125852099
0.7,policy::keep12__full__original,rank_only,0.8203997070078548,-2.454007365748634e-05
0.7,policy::keep12__full__power0.5,rank_only,0.8284692361824526,0.008044989100940314
0.7,policy::keep12__full__power0.75,rank_only,0.8266351459786654,0.006210898897153094
0.7,policy::keep12__full__power1.25,rank_only,0.8126343597951272,-0.007789887286385078
0.7,policy::keep12__full__power1.5,rank_only,0.8019830213897214,-0.018441225691790852
0.7,policy::keep12__full__uniform0.02,rank_only,0.834870785561521,0.014446538480008653
0.7,policy::keep12__full__uniform0.05,rank_only,0.8413903490001073,0.020966101918595048
0.7,policy::keep12__full__uniform0.1,rank_only,0.8420727196497297,0.021648472568217447
0.7,policy::keep12__full__uniform0.2,rank_only,0.8362494408146316,0.015825193733119303
0.7,policy::keep12__topm__accept_clip0.02,rank_only,0.8403669991438941,0.01994275206238183
0.7,policy::keep12__topm__accept_clip0.05,rank_only,0.8383943540271088,0.01797010694559653
0.7,policy::keep12__topm__accept_clip0.1,rank_only,0.8342790585982152,0.01385481151670287
0.7,policy::keep12__topm__bonus1.25,rank_only,0.8216787221430545,0.001254475061542193
0.7,policy::keep12__topm__bonus1.5,rank_only,0.8218533714478609,0.0014291243663485664
0.7,policy::keep12__topm__bonus2,rank_only,0.8236743219321631,0.0032500748506507637
0.7,policy::keep12__topm__bonus3,rank_only,0.8240910106823178,0.0036667636008055338
0.7,policy::keep12__topm__expected_mix0.25,rank_only,0.8437869415039455,0.023362694422433217
0.7,policy::keep12__topm__expected_mix0.5,rank_only,0.8412320535163951,0.02080780643488278
0.7,policy::keep12__topm__expected_mix0.75,rank_only,0.8378912836374848,0.01746703655597248
0.7,policy::keep12__topm__expected_rejection,rank_only,0.8287346543967824,0.008310407315270107
0.7,policy::keep12__topm__h_tau0.8,rank_only,0.8023019416502487,-0.018122305431263586
0.7,policy::keep12__topm__h_tau0.9,rank_only,0.8150380760211537,-0.005386171060358547
0.7,policy::keep12__topm__h_tau1.1,rank_only,0.8229113586490556,0.002487111567543332
0.7,policy::keep12__topm__h_tau1.25,rank_only,0.8187018734770877,-0.0017223736044246207
0.7,policy::keep12__topm__original,rank_only,0.8198037079276995,-0.0006205391538127714
0.7,policy::keep12__topm__power0.5,rank_only,0.827139094741201,0.006714847659688661
0.7,policy::keep12__topm__power0.75,rank_only,0.8259059240941641,0.005481677012651787
0.7,policy::keep12__topm__power1.25,rank_only,0.811515456279278,-0.008908790802234279
0.7,policy::keep12__topm__power1.5,rank_only,0.8009616286290412,-0.019462618452471103
0.7,policy::keep12__topm__uniform0.02,rank_only,0.8340359725858119,0.013611725504299566
0.7,policy::keep12__topm__uniform0.05,rank_only,0.8413104887920533,0.020886241710540987
0.7,policy::keep12__topm__uniform0.1,rank_only,0.8411810520132293,0.020756804931717054
0.7,policy::keep12__topm__uniform0.2,rank_only,0.8356105807134221,0.015186333631909799
0.7,policy::keep1__full__accept_clip0.02,rank_only,0.804971044114993,-0.015453202966519308
0.7,policy::keep1__full__accept_clip0.05,rank_only,0.804724854813296,-0.01569939226821626
0.7,policy::keep1__full__accept_clip0.1,rank_only,0.8032376804402381,-0.01718656664127416
0.7,policy::keep1__full__bonus1.25,rank_only,0.7862914190154255,-0.03413282806608675
0.7,policy::keep1__full__bonus1.5,rank_only,0.7867177798145291,-0.03370646726698323
0.7,policy::keep1__full__bonus2,rank_only,0.7891136814264932,-0.03131056565501911
0.7,policy::keep1__full__bonus3,rank_only,0.7902924756391148,-0.030131771442397537
0.7,policy::keep1__full__expected_mix0.25,rank_only,0.8089674908995753,-0.011456756181936978
0.7,policy::keep1__full__expected_mix0.5,rank_only,0.8073343479599633,-0.013089899121549009
0.7,policy::keep1__full__expected_mix0.75,rank_only,0.805695979914069,-0.014728267167443243
0.7,policy::keep1__full__expected_rejection,rank_only,0.7982464756368797,-0.02217777144463262
0.7,policy::keep1__full__h_tau0.8,rank_only,0.7664168106771977,-0.0540074364043146
0.7,policy::keep1__full__h_tau0.9,rank_only,0.7789032714111385,-0.04152097567037383
0.7,policy::keep1__full__h_tau1.1,rank_only,0.7864882140806287,-0.03393603300088355
0.7,policy::keep1__full__h_tau1.25,rank_only,0.7841520655391921,-0.03627218154232015
0.7,policy::keep1__full__original,rank_only,0.7836163971321596,-0.03680784994935271
0.7,policy::keep1__full__power0.5,rank_only,0.7959721104118295,-0.024452136669682822
0.7,policy::keep1__full__power0.75,rank_only,0.7914353565233524,-0.028988890558159897
0.7,policy::keep1__full__power1.25,rank_only,0.7764267413354037,-0.04399750574610861
0.7,policy::keep1__full__power1.5,rank_only,0.7654763646059348,-0.05494788247557747
0.7,policy::keep1__full__uniform0.02,rank_only,0.801565166868009,-0.018859080213503243
0.7,policy::keep1__full__uniform0.05,rank_only,0.8082887980104606,-0.012135449071051685
0.7,policy::keep1__full__uniform0.1,rank_only,0.809844190310495,-0.010580056771017254
0.7,policy::keep1__full__uniform0.2,rank_only,0.8077375206704396,-0.012686726411072713
0.7,policy::keep1__topm__accept_clip0.02,rank_only,0.8046883844249508,-0.01573586265656146
0.7,policy::keep1__topm__accept_clip0.05,rank_only,0.8041710641575054,-0.016253182924006904
0.7,policy::keep1__topm__accept_clip0.1,rank_only,0.8028647689505254,-0.017559478130986905
0.7,policy::keep1__topm__bonus1.25,rank_only,0.7855153272961649,-0.03490891978534738
0.7,policy::keep1__topm__bonus1.5,rank_only,0.7858952315439043,-0.03452901553760801
0.7,policy::keep1__topm__bonus2,rank_only,0.7888865398457187,-0.03153770723579363
0.7,policy::keep1__topm__bonus3,rank_only,0.7900375937023739,-0.030386653379138373
0.7,policy::keep1__topm__expected_mix0.25,rank_only,0.8083047166277711,-0.012119530453741145
0.7,policy::keep1__topm__expected_mix0.5,rank_only,0.8062698377692242,-0.014154409312288063
0.7,policy::keep1__topm__expected_mix0.75,rank_only,0.8050469980684865,-0.01537724901302584
0.7,policy::keep1__topm__expected_rejection,rank_only,0.7979301019202917,-0.022494145161220613
0.7,policy::keep1__topm__h_tau0.8,rank_only,0.766539906515685,-0.05388434056582725
0.7,policy::keep1__topm__h_tau0.9,rank_only,0.7784358214849186,-0.04198842559659366
0.7,policy::keep1__topm__h_tau1.1,rank_only,0.785506546026656,-0.034917701054856254
0.7,policy::keep1__topm__h_tau1.25,rank_only,0.7830144057634177,-0.03740984131809455
0.7,policy::keep1__topm__original,rank_only,0.7833380040259719,-0.037086243055540424
0.7,policy::keep1__topm__power0.5,rank_only,0.7951282352767092,-0.02529601180480312
0.7,policy::keep1__topm__power0.75,rank_only,0.7907172412808812,-0.029707005800631126
0.7,policy::keep1__topm__power1.25,rank_only,0.7752614221950195,-0.045162824886492814
0.7,policy::keep1__topm__power1.5,rank_only,0.7645675492960673,-0.055856697785445
0.7,policy::keep1__topm__uniform0.02,rank_only,0.7999515267603138,-0.020472720321198512
0.7,policy::keep1__topm__uniform0.05,rank_only,0.8080442270516413,-0.012380020029871042
0.7,policy::keep1__topm__uniform0.1,rank_only,0.8092249620508231,-0.011199285030689232
0.7,policy::keep1__topm__uniform0.2,rank_only,0.8071168854688836,-0.013307361612628688
0.7,policy::keep2__full__accept_clip0.02,rank_only,0.8182563411544685,-0.002167905927043745
0.7,policy::keep2__full__accept_clip0.05,rank_only,0.8184228654266691,-0.002001381654843204
0.7,policy::keep2__full__accept_clip0.1,rank_only,0.8172797320906138,-0.003144514990898517
0.7,policy::keep2__full__bonus1.25,rank_only,0.7973486039441865,-0.023075643137325796
0.7,policy::keep2__full__bonus1.5,rank_only,0.7977284200290412,-0.022695827052471085
0.7,policy::keep2__full__bonus2,rank_only,0.7999965820640076,-0.020427665017504704
0.7,policy::keep2__full__bonus3,rank_only,0.8011408935734408,-0.019283353508071532
0.7,policy::keep2__full__expected_mix0.25,rank_only,0.8229315183469892,0.002507271265476896
0.7,policy::keep2__full__expected_mix0.5,rank_only,0.8216639377069612,0.0012396906254489304
0.7,policy::keep2__full__expected_mix0.75,rank_only,0.8196082011344338,-0.0008160459470785142
0.7,policy::keep2__full__expected_rejection,rank_only,0.810855848849584,-0.009568398231928343
0.7,policy::keep2__full__h_tau0.8,rank_only,0.777662359385143,-0.04276188769636924
0.7,policy::keep2__full__h_tau0.9,rank_only,0.7901591305813971,-0.030265116500115208
0.7,policy::keep2__full__h_tau1.1,rank_only,0.7981092440577723,-0.02231500302374001
0.7,policy::keep2__full__h_tau1.25,rank_only,0.7971528883331787,-0.023271358748333637
0.7,policy::keep2__full__original,rank_only,0.7946915513113232,-0.025732695770189107
0.7,policy::keep2__full__power0.5,rank_only,0.8075908459720841,-0.01283340110942821
0.7,policy::keep2__full__power0.75,rank_only,0.803085511662576,-0.01733873541893627
0.7,policy::keep2__full__power1.25,rank_only,0.7870913944568059,-0.03333285262470642
0.7,policy::keep2__full__power1.5,rank_only,0.7766144630584164,-0.04380978402309588
0.7,policy::keep2__full__uniform0.02,rank_only,0.8133142567983247,-0.007109990283187595
0.7,policy::keep2__full__uniform0.05,rank_only,0.8209636083364207,0.0005393612549083882
0.7,policy::keep2__full__uniform0.1,rank_only,0.8229108126092188,0.0024865655277065413
0.7,policy::keep2__full__uniform0.2,rank_only,0.821031904928883,0.0006076578473707128
0.7,policy::keep2__topm__accept_clip0.02,rank_only,0.8173653619983812,-0.0030588850831311243
0.7,policy::keep2__topm__accept_clip0.05,rank_only,0.8179108154631359,-0.0025134316183763605
0.7,policy::keep2__topm__accept_clip0.1,rank_only,0.8168705030308129,-0.0035537440506994145
0.7,policy::keep2__topm__bonus1.25,rank_only,0.7963324257950527,-0.02409182128645959
0.7,policy::keep2__topm__bonus1.5,rank_only,0.7967116696663409,-0.02371257741517141
0.7,policy::keep2__topm__bonus2,rank_only,0.7995569582940648,-0.02086728878744748
0.7,policy::keep2__topm__bonus3,rank_only,0.8006428154819535,-0.019781431599558807
0.7,policy::keep2__topm__expected_mix0.25,rank_only,0.8224114896093137,0.0019872425278013583
0.7,policy::keep2__topm__expected_mix0.5,rank_only,0.8204804555794849,5.620849797260963e-05
0.7,policy::keep2__topm__expected_mix0.75,rank_only,0.8189013155133622,-0.0015229315681500877
0.7,policy::keep2__topm__expected_rejection,rank_only,0.8102929269401762,-0.010131320141336109
0.7,policy::keep2__topm__h_tau0.8,rank_only,0.7776479827562596,-0.04277626432525272
0.7,policy::keep2__topm__h_tau0.9,rank_only,0.7896478845934514,-0.030776362488060927
0.7,policy::keep2__topm__h_tau1.1,rank_only,0.797311595817388,-0.023112651264124318
0.7,policy::keep2__topm__h_tau1.25,rank_only,0.7958361604722648,-0.024588086609247495
0.7,policy::keep2__topm__original,rank_only,0.7941639749787519,-0.026260272102760385
0.7,policy::keep2__topm__power0.5,rank_only,0.8067008119199136,-0.013723435161598685
0.7,policy::keep2__topm__power0.75,rank_only,0.8023137294157086,-0.018110517665803738
0.7,policy::keep2__topm__power1.25,rank_only,0.7859306876742593,-0.03449355940725296
0.7,policy::keep2__topm__power1.5,rank_only,0.7758153440563915,-0.04460890302512077
0.7,policy::keep2__topm__uniform0.02,rank_only,0.8116935093770765,-0.008730737704435776
0.7,policy::keep2__topm__uniform0.05,rank_only,0.8206260402724564,0.00020179319094415504
0.7,policy::keep2__topm__uniform0.1,rank_only,0.822255651743309,0.001831404661796654
0.7,policy::keep2__topm__uniform0.2,rank_only,0.8203463836070856,-7.786347442673147e-05
0.7,policy::keep3__full__accept_clip0.02,rank_only,0.8250553669203857,0.004631119838873432
0.7,policy::keep3__full__accept_clip0.05,rank_only,0.8248557114600155,0.004431464378503169
0.7,policy::keep3__full__accept_clip0.1,rank_only,0.824077232140519,0.003652985059006686
0.7,policy::keep3__full__bonus1.25,rank_only,0.8043231833374098,-0.016101063744102473
0.7,policy::keep3__full__bonus1.5,rank_only,0.8046118303362718,-0.015812416745240476
0.7,policy::keep3__full__bonus2,rank_only,0.8068098459589851,-0.013614401122527209
0.7,policy::keep3__full__bonus3,rank_only,0.807616950871783,-0.012807296209729313
0.7,policy::keep3__full__expected_mix0.25,rank_only,0.8304019196329059,0.00997767255139359
0.7,policy::keep3__full__expected_mix0.5,rank_only,0.8294848871984594,0.009060640116947072
0.7,policy::keep3__full__expected_mix0.75,rank_only,0.8275893866080551,0.007165139526542852
0.7,policy::keep3__full__expected_rejection,rank_only,0.8177298965072041,-0.002694350574308224
0.7,policy::keep3__full__h_tau0.8,rank_only,0.7831158442206417,-0.03730840286087056
0.7,policy::keep3__full__h_tau0.9,rank_only,0.7969301447338741,-0.023494102347638157
0.7,policy::keep3__full__h_tau1.1,rank_only,0.8060610825160465,-0.014363164565465825
0.7,policy::keep3__full__h_tau1.25,rank_only,0.8042246344674979,-0.01619961261401437
0.7,policy::keep3__full__original,rank_only,0.8018186595171218,-0.018605587564390458
0.7,policy::keep3__full__power0.5,rank_only,0.8149260967987759,-0.005498150282736369
0.7,policy::keep3__full__power0.75,rank_only,0.8100284754056254,-0.0103957716758869
0.7,policy::keep3__full__power1.25,rank_only,0.7935309481334937,-0.026893298948018618
0.7,policy::keep3__full__power1.5,rank_only,0.7826648098127633,-0.037759437268748974
0.7,policy::keep3__full__uniform0.02,rank_only,0.820613751140654,0.00018950405914175406
0.7,policy::keep3__full__uniform0.05,rank_only,0.8280606485581846,0.007636401476672328
0.7,policy::keep3__full__uniform0.1,rank_only,0.8298908708800887,0.009466623798576435
0.7,policy::keep3__full__uniform0.2,rank_only,0.827571708769877,0.007147461688364665
0.7,policy::keep3__topm__accept_clip0.02,rank_only,0.824240862130112,0.0038166150485997585
0.7,policy::keep3__topm__accept_clip0.05,rank_only,0.8245015183218133,0.004077271240300995
0.7,policy::keep3__topm__accept_clip0.1,rank_only,0.8234148537123642,0.002990606630851933
0.7,policy::keep3__topm__bonus1.25,rank_only,0.803307365296976,-0.017116881784536297
0.7,policy::keep3__topm__bonus1.5,rank_only,0.8036498460866934,-0.01677440099481886
0.7,policy::keep3__topm__bonus2,rank_only,0.8064580906528894,-0.013966156428622867
0.7,policy::keep3__topm__bonus3,rank_only,0.8071246509706527,-0.013299596110859624
0.7,policy::keep3__topm__expected_mix0.25,rank_only,0.8298690906166133,0.009444843535101
0.7,policy::keep3__topm__expected_mix0.5,rank_only,0.8285223724302591,0.008098125348746765
0.7,policy::keep3__topm__expected_mix0.75,rank_only,0.8265700759747726,0.006145828893260319
0.7,policy::keep3__topm__expected_rejection,rank_only,0.8172697337717459,-0.003154513309766349
0.7,policy::keep3__topm__h_tau0.8,rank_only,0.7831125469533832,-0.03731170012812912
0.7,policy::keep3__topm__h_tau0.9,rank_only,0.7963504668400311,-0.024073780241481213
0.7,policy::keep3__topm__h_tau1.1,rank_only,0.8052065918232358,-0.015217655258276452
0.7,policy::keep3__topm__h_tau1.25,rank_only,0.8028963174732452,-0.0175279296082671
0.7,policy::keep3__topm__original,rank_only,0.8013725996723184,-0.01905164740919385
0.7,policy::keep3__topm__power0.5,rank_only,0.8139941118154177,-0.006430135266094594
0.7,policy::keep3__topm__power0.75,rank_only,0.8093407583536224,-0.01108348872788989
0.7,policy::keep3__topm__power1.25,rank_only,0.7923451545985726,-0.028079092482939716
0.7,policy::keep3__topm__power1.5,rank_only,0.7816406913933286,-0.0387835556881837
0.7,policy::keep3__topm__uniform0.02,rank_only,0.8187443144856456,-0.00167993259586674
0.7,policy::keep3__topm__uniform0.05,rank_only,0.8276605818249672,0.007236334743454864
0.7,policy::keep3__topm__uniform0.1,rank_only,0.8292593869768856,0.008835139895373323
0.7,policy::keep3__topm__uniform0.2,rank_only,0.8268699020656982,0.006445654984185922
0.7,policy::keep5__full__accept_clip0.02,rank_only,0.8334424725666569,0.013018225485144641
0.7,policy::keep5__full__accept_clip0.05,rank_only,0.8324853018417823,0.012061054760269974
0.7,policy::keep5__full__accept_clip0.1,rank_only,0.8306352468356929,0.010210999754180605
0.7,policy::keep5__full__bonus1.25,rank_only,0.813106694448372,-0.007317552633140267
0.7,policy::keep5__full__bonus1.5,rank_only,0.8133363593947972,-0.007087887686715089
0.7,policy::keep5__full__bonus2,rank_only,0.8152364770931845,-0.005187769988327817
0.7,policy::keep5__full__bonus3,rank_only,0.8159227946010176,-0.0045014524804947165
0.7,policy::keep5__full__expected_mix0.25,rank_only,0.8376296933051826,0.017205446223670262
0.7,policy::keep5__full__expected_mix0.5,rank_only,0.8369188704134558,0.016494623331943514
0.7,policy::keep5__full__expected_mix0.75,rank_only,0.8344011580462075,0.013976910964695222
0.7,policy::keep5__full__expected_rejection,rank_only,0.824818902042873,0.004394654961360711
0.7,policy::keep5__full__h_tau0.8,rank_only,0.7920940756393917,-0.028330171442120577
0.7,policy::keep5__full__h_tau0.9,rank_only,0.804854070217089,-0.015570176864423302
0.7,policy::keep5__full__h_tau1.1,rank_only,0.8144178113513444,-0.006006435730167903
0.7,policy::keep5__full__h_tau1.25,rank_only,0.8122186270916895,-0.008205619989822832
0.7,policy::keep5__full__original,rank_only,0.8105346961817267,-0.009889550899785604
0.7,policy::keep5__full__power0.5,rank_only,0.8228954989838955,0.002471251902383176
0.7,policy::keep5__full__power0.75,rank_only,0.8189176856921636,-0.0015065613893486818
0.7,policy::keep5__full__power1.25,rank_only,0.8023386846523837,-0.01808556242912862
0.7,policy::keep5__full__power1.5,rank_only,0.790797857231332,-0.02962638985018029
0.7,policy::keep5__full__uniform0.02,rank_only,0.8293681437171132,0.008943896635600912
0.7,policy::keep5__full__uniform0.05,rank_only,0.8360661923021302,0.015641945220617903
0.7,policy::keep5__full__uniform0.1,rank_only,0.8370457907759459,0.016621543694433583
0.7,policy::keep5__full__uniform0.2,rank_only,0.8322139350923032,0.011789688010790944
0.7,policy::keep5__topm__accept_clip0.02,rank_only,0.8324167000665627,0.011992452985050361
0.7,policy::keep5__topm__accept_clip0.05,rank_only,0.8322334890694028,0.011809241987890462
0.7,policy::keep5__topm__accept_clip0.1,rank_only,0.8301756516592457,0.00975140457773338
0.7,policy::keep5__topm__bonus1.25,rank_only,0.8121872352644065,-0.008237011817105788
0.7,policy::keep5__topm__bonus1.5,rank_only,0.8124700223899683,-0.007954224691543943
0.7,policy::keep5__topm__bonus2,rank_only,0.8150242294287606,-0.005400017652751665
0.7,policy::keep5__topm__bonus3,rank_only,0.8155676501309265,-0.004856596950585823
0.7,policy::keep5__topm__expected_mix0.25,rank_only,0.8370702574232789,0.016646010341766604
0.7,policy::keep5__topm__expected_mix0.5,rank_only,0.8358020022830032,0.015377755201490872
0.7,policy::keep5__topm__expected_mix0.75,rank_only,0.8331463922012835,0.012722145119771211
0.7,policy::keep5__topm__expected_rejection,rank_only,0.8239277369980866,0.0035034899165743427
0.7,policy::keep5__topm__h_tau0.8,rank_only,0.7921763380535963,-0.028247909027915963
0.7,policy::keep5__topm__h_tau0.9,rank_only,0.8043594127460859,-0.01606483433542638
0.7,policy::keep5__topm__h_tau1.1,rank_only,0.813708986204883,-0.006715260876629325
0.7,policy::keep5__topm__h_tau1.25,rank_only,0.8108181255447687,-0.009606121536743562
0.7,policy::keep5__topm__original,rank_only,0.8102228617805776,-0.010201385300934729
0.7,policy::keep5__topm__power0.5,rank_only,0.8219461647709281,0.001521917689415786
0.7,policy::keep5__topm__power0.75,rank_only,0.8182174748274276,-0.0022067722540847212
0.7,policy::keep5__topm__power1.25,rank_only,0.8012931606922481,-0.019131086389264196
0.7,policy::keep5__topm__power1.5,rank_only,0.7897384955714177,-0.03068575151009456
0.7,policy::keep5__topm__uniform0.02,rank_only,0.8276097989859197,0.0071855519044073946
0.7,policy::keep5__topm__uniform0.05,rank_only,0.8358243971659264,0.015400150084414088
0.7,policy::keep5__topm__uniform0.1,rank_only,0.8363453930874707,0.015921146005958398
0.7,policy::keep5__topm__uniform0.2,rank_only,0.8314293527005518,0.011005105619039557
0.7,policy::keep8__full__accept_clip0.02,rank_only,0.8383607402164389,0.017936493134926623
0.7,policy::keep8__full__accept_clip0.05,rank_only,0.8367822987860197,0.016358051704507437
0.7,policy::keep8__full__accept_clip0.1,rank_only,0.833976645128938,0.013552398047425696
0.7,policy::keep8__full__bonus1.25,rank_only,0.8181331190315749,-0.002291128049937363
0.7,policy::keep8__full__bonus1.5,rank_only,0.8183622822262983,-0.002061964855214038
0.7,policy::keep8__full__bonus2,rank_only,0.8194030773399169,-0.0010211697415953847
0.7,policy::keep8__full__bonus3,rank_only,0.8201199439797802,-0.0003043031017321285
0.7,policy::keep8__full__expected_mix0.25,rank_only,0.8417061684716084,0.021281921390096104
0.7,policy::keep8__full__expected_mix0.5,rank_only,0.8395730343576765,0.019148787276164203
0.7,policy::keep8__full__expected_mix0.75,rank_only,0.837200167153034,0.016775920071521733
0.7,policy::keep8__full__expected_rejection,rank_only,0.8277350787990355,0.007310831717523225
0.7,policy::keep8__full__h_tau0.8,rank_only,0.79744721185695,-0.022977035224562292
0.7,policy::keep8__full__h_tau0.9,rank_only,0.8102101274943189,-0.010214119587193426
0.7,policy::keep8__full__h_tau1.1,rank_only,0.8192331140847012,-0.0011911329968110618
0.7,policy::keep8__full__h_tau1.25,rank_only,0.8167637215873867,-0.003660525494125544
0.7,policy::keep8__full__original,rank_only,0.8158175005511191,-0.004606746530393169
0.7,policy::keep8__full__power0.5,rank_only,0.8265792413695994,0.006154994288087079
0.7,policy::keep8__full__power0.75,rank_only,0.8234343694535113,0.0030101223719990466
0.7,policy::keep8__full__power1.25,rank_only,0.8078147971236416,-0.012609449957870722
0.7,policy::keep8__full__power1.5,rank_only,0.7964254344084857,-0.023998812673026615
0.7,policy::keep8__full__uniform0.02,rank_only,0.8330277657661453,0.012603518684633053
0.7,policy::keep8__full__uniform0.05,rank_only,0.8393584219018069,0.01893417482029458
0.7,policy::keep8__full__uniform0.1,rank_only,0.840601573038377,0.020177325956864722
0.7,policy::keep8__full__uniform0.2,rank_only,0.8351658478594738,0.014741600777961494
0.7,policy::keep8__topm__accept_clip0.02,rank_only,0.8372968218284039,0.016872574746891633
0.7,policy::keep8__topm__accept_clip0.05,rank_only,0.8364807709038857,0.016056523822373436
0.7,policy::keep8__topm__accept_clip0.1,rank_only,0.8333535291021206,0.01292928202060828
0.7,policy::keep8__topm__bonus1.25,rank_only,0.8171888636498073,-0.003235383431705041
0.7,policy::keep8__topm__bonus1.5,rank_only,0.817385338580058,-0.003038908501454274
0.7,policy::keep8__topm__bonus2,rank_only,0.819136710862794,-0.0012875362187182438
0.7,policy::keep8__topm__bonus3,rank_only,0.8196964650593006,-0.0007277820222116871
0.7,policy::keep8__topm__expected_mix0.25,rank_only,0.841140088114624,0.020715841033111748
0.7,policy::keep8__topm__expected_mix0.5,rank_only,0.8387440553394999,0.018319808257987624
0.7,policy::keep8__topm__expected_mix0.75,rank_only,0.8358088779960572,0.015384630914544895
0.7,policy::keep8__topm__expected_rejection,rank_only,0.826681208092572,0.0062569610110596585
0.7,policy::keep8__topm__h_tau0.8,rank_only,0.7975348993507555,-0.022889347730756793
0.7,policy::keep8__topm__h_tau0.9,rank_only,0.8096741978296575,-0.010750049251854743
0.7,policy::keep8__topm__h_tau1.1,rank_only,0.8187313880876047,-0.0016928589939075867
0.7,policy::keep8__topm__h_tau1.25,rank_only,0.8154322787336552,-0.00499196834785709
0.7,policy::keep8__topm__original,rank_only,0.8152238786071492,-0.005200368474363115
0.7,policy::keep8__topm__power0.5,rank_only,0.825374639504618,0.004950392423105687
0.7,policy::keep8__topm__power0.75,rank_only,0.8226292775491111,0.0022050304675987897
0.7,policy::keep8__topm__power1.25,rank_only,0.8066939791966353,-0.013730267884876968
0.7,policy::keep8__topm__power1.5,rank_only,0.7953795911425052,-0.025044655939007066
0.7,policy::keep8__topm__uniform0.02,rank_only,0.8312508080974729,0.010826561015960579
0.7,policy::keep8__topm__uniform0.05,rank_only,0.8393924587625149,0.0189682116810026
0.7,policy::keep8__topm__uniform0.1,rank_only,0.83957328765885,0.019149040577337684
0.7,policy::keep8__topm__uniform0.2,rank_only,0.8344747295411158,0.014050482459603497
0.7,policy::lambda0.1__full__accept_clip0.02,bounded_subtraction,0.8366589087470563,0.016234661665543992
0.7,policy::lambda0.1__full__accept_clip0.05,bounded_subtraction,0.8361597926720059,0.015735545590493616
0.7,policy::lambda0.1__full__accept_clip0.1,bounded_subtraction,0.8333906889826433,0.012966441901131054
0.7,policy::lambda0.1__full__bonus1.25,bounded_subtraction,0.8168453078840009,-0.0035789391975113993
0.7,policy::lambda0.1__full__bonus1.5,bounded_subtraction,0.8178334056667681,-0.002590841414744194
0.7,policy::lambda0.1__full__bonus2,bounded_subtraction,0.8188457396118353,-0.0015785074696770263
0.7,policy::lambda0.1__full__bonus3,bounded_subtraction,0.819219155528531,-0.0012050915529813189
0.7,policy::lambda0.1__full__expected_mix0.25,bounded_subtraction,0.8402939965718613,0.01986974949034903
0.7,policy::lambda0.1__full__expected_mix0.5,bounded_subtraction,0.8379946328083229,0.017570385726810578
0.7,policy::lambda0.1__full__expected_mix0.75,bounded_subtraction,0.834816339044388,0.01439209196287572
0.7,policy::lambda0.1__full__expected_rejection,bounded_subtraction,0.8265307407096043,0.0061064936280920135
0.7,policy::lambda0.1__full__h_tau0.8,bounded_subtraction,0.7986754635099158,-0.021748783571596486
0.7,policy::lambda0.1__full__h_tau0.9,bounded_subtraction,0.8116783860927543,-0.008745860988757959
0.7,policy::lambda0.1__full__h_tau1.1,bounded_subtraction,0.8187108022069948,-0.0017134448745175224
0.7,policy::lambda0.1__full__h_tau1.25,bounded_subtraction,0.8142957274759276,-0.0061285196055846924
0.7,policy::lambda0.1__full__original,bounded_subtraction,0.8166146079199924,-0.0038096391615198844
0.7,policy::lambda0.1__full__power0.5,bounded_subtraction,0.8252561554582065,0.004831908376694227
0.7,policy::lambda0.1__full__power0.75,bounded_subtraction,0.8219726483480133,0.0015484012665010205
0.7,policy::lambda0.1__full__power1.25,bounded_subtraction,0.8088689704050402,-0.011555276676472048
0.7,policy::lambda0.1__full__power1.5,bounded_subtraction,0.7998397317347817,-0.02058451534673056
0.7,policy::lambda0.1__full__uniform0.02,bounded_subtraction,0.832473141006261,0.012048893924748727
0.7,policy::lambda0.1__full__uniform0.05,bounded_subtraction,0.8373850252881083,0.016960778206596028
0.7,policy::lambda0.1__full__uniform0.1,bounded_subtraction,0.8397880116245885,0.0193637645430762
0.7,policy::lambda0.1__full__uniform0.2,bounded_subtraction,0.8345864849868971,0.014162237905384845
0.7,policy::lambda0.1__topm__accept_clip0.02,bounded_subtraction,0.8357556847282906,0.015331437646778356
0.7,policy::lambda0.1__topm__accept_clip0.05,bounded_subtraction,0.8355901832742317,0.015165936192719442
0.7,policy::lambda0.1__topm__accept_clip0.1,bounded_subtraction,0.8327722838572229,0.012348036775710614
0.7,policy::lambda0.1__topm__bonus1.25,bounded_subtraction,0.8165685091265669,-0.0038557379549454263
0.7,policy::lambda0.1__topm__bonus1.5,bounded_subtraction,0.816798265252394,-0.00362598182911833
0.7,policy::lambda0.1__topm__bonus2,bounded_subtraction,0.8185830923172696,-0.0018411547642427362
0.7,policy::lambda0.1__topm__bonus3,bounded_subtraction,0.818872925034132,-0.001551322047380288
0.7,policy::lambda0.1__topm__expected_mix0.25,bounded_subtraction,0.8398710497236496,0.019446802642137273
0.7,policy::lambda0.1__topm__expected_mix0.5,bounded_subtraction,0.8372278858749205,0.016803638793408182
0.7,policy::lambda0.1__topm__expected_mix0.75,bounded_subtraction,0.8342163934932147,0.013792146411702455
0.7,policy::lambda0.1__topm__expected_rejection,bounded_subtraction,0.8254968101481919,0.005072563066679581
0.7,policy::lambda0.1__topm__h_tau0.8,bounded_subtraction,0.7986079172586653,-0.02181632982284698
0.7,policy::lambda0.1__topm__h_tau0.9,bounded_subtraction,0.8111103178540792,-0.009313929227433126
0.7,policy::lambda0.1__topm__h_tau1.1,bounded_subtraction,0.817970970243277,-0.002453276838235263
0.7,policy::lambda0.1__topm__h_tau1.25,bounded_subtraction,0.8135857099138899,-0.006838537167622394
0.7,policy::lambda0.1__topm__original,bounded_subtraction,0.8161443179908238,-0.004279929090688528
0.7,policy::lambda0.1__topm__power0.5,bounded_subtraction,0.8239800737315395,0.003555826650027183
0.7,policy::lambda0.1__topm__power0.75,bounded_subtraction,0.8211316590724304,0.000707411990918061
0.7,policy::lambda0.1__topm__power1.25,bounded_subtraction,0.8075786583364079,-0.012845588745104441
0.7,policy::lambda0.1__topm__power1.5,bounded_subtraction,0.7988437365959778,-0.021580510485534443
0.7,policy::lambda0.1__topm__uniform0.02,bounded_subtraction,0.8319649839085278,0.011540736827015508
0.7,policy::lambda0.1__topm__uniform0.05,bounded_subtraction,0.8375084141005195,0.017084167019007168
0.7,policy::lambda0.1__topm__uniform0.1,bounded_subtraction,0.8388899306846317,0.0184656836031194
0.7,policy::lambda0.1__topm__uniform0.2,bounded_subtraction,0.8343742402675053,0.013949993185992993
0.7,policy::lambda0.25__full__accept_clip0.02,bounded_subtraction,0.8300753977763492,0.009651150694836907
0.7,policy::lambda0.25__full__accept_clip0.05,bounded_subtraction,0.8296082820934337,0.009184035011921443
0.7,policy::lambda0.25__full__accept_clip0.1,bounded_subtraction,0.8266232264478952,0.006198979366382917
0.7,policy::lambda0.25__full__bonus1.25,bounded_subtraction,0.8147794651699624,-0.005644781911549934
0.7,policy::lambda0.25__full__bonus1.5,bounded_subtraction,0.8156373402555492,-0.004786906825963055
0.7,policy::lambda0.25__full__bonus2,bounded_subtraction,0.8165084465072303,-0.00391580057428198
0.7,policy::lambda0.25__full__bonus3,bounded_subtraction,0.8158580048318989,-0.004566242249613439
0.7,policy::lambda0.25__full__expected_mix0.25,bounded_subtraction,0.8329553708161659,0.012531123734653593
0.7,policy::lambda0.25__full__expected_mix0.5,bounded_subtraction,0.8309024864073402,0.01047823932582792
0.7,policy::lambda0.25__full__expected_mix0.75,bounded_subtraction,0.8298044908698872,0.009380243788374876
0.7,policy::lambda0.25__full__expected_rejection,bounded_subtraction,0.8200012613982129,-0.0004229856832993484
0.7,policy::lambda0.25__full__h_tau0.8,bounded_subtraction,0.7954572474464895,-0.024966999635022802
0.7,policy::lambda0.25__full__h_tau0.9,bounded_subtraction,0.8078330374529556,-0.012591209628556643
0.7,policy::lambda0.25__full__h_tau1.1,bounded_subtraction,0.8153260784915625,-0.005098168589949825
0.7,policy::lambda0.25__full__h_tau1.25,bounded_subtraction,0.8117515078550734,-0.008672739226438853
0.7,policy::lambda0.25__full__original,bounded_subtraction,0.8132315785401212,-0.007192668541391112
0.7,policy::lambda0.25__full__power0.5,bounded_subtraction,0.8223745742528251,0.0019503271713128267
0.7,policy::lambda0.25__full__power0.75,bounded_subtraction,0.817600253794926,-0.002823993286586335
0.7,policy::lambda0.25__full__power1.25,bounded_subtraction,0.8062437467537276,-0.014180500327784729
0.7,policy::lambda0.25__full__power1.5,bounded_subtraction,0.7979593635629109,-0.02246488351860143
0.7,policy::lambda0.25__full__uniform0.02,bounded_subtraction,0.8277748711264419,0.007350624044929588
0.7,policy::lambda0.25__full__uniform0.05,bounded_subtraction,0.8321729764962612,0.011748729414748915
0.7,policy::lambda0.25__full__uniform0.1,bounded_subtraction,0.8325095320823631,0.01208528500085082
0.7,policy::lambda0.25__full__uniform0.2,bounded_subtraction,0.8280387271296132,0.007614480048100947
0.7,policy::lambda0.25__topm__accept_clip0.02,bounded_subtraction,0.8296116106695802,0.009187363588067932
0.7,policy::lambda0.25__topm__accept_clip0.05,bounded_subtraction,0.8284202645868081,0.007996017505295772
0.7,policy::lambda0.25__topm__accept_clip0.1,bounded_subtraction,0.8263616701933522,0.005937423111839868
0.7,policy::lambda0.25__topm__bonus1.25,bounded_subtraction,0.813906920682842,-0.006517326398670309
0.7,policy::lambda0.25__topm__bonus1.5,bounded_subtraction,0.8141609493791493,-0.006263297702363002
0.7,policy::lambda0.25__topm__bonus2,bounded_subtraction,0.8160975124515367,-0.0043267346299755705
0.7,policy::lambda0.25__topm__bonus3,bounded_subtraction,0.8152229509478588,-0.005201296133653499
0.7,policy::lambda0.25__topm__expected_mix0.25,bounded_subtraction,0.8327988016406386,0.012374554559126283
0.7,policy::lambda0.25__topm__expected_mix0.5,bounded_subtraction,0.8307724621292341,0.010348215047721765
0.7,policy::lambda0.25__topm__expected_mix0.75,bounded_subtraction,0.8290871829572868,0.008662935875774491
0.7,policy::lambda0.25__topm__expected_rejection,bounded_subtraction,0.8194648011593756,-0.0009594459221367035
0.7,policy::lambda0.25__topm__h_tau0.8,bounded_subtraction,0.7953715485752123,-0.025052698506299986
0.7,policy::lambda0.25__topm__h_tau0.9,bounded_subtraction,0.8063894912750168,-0.014034755806495491
0.7,policy::lambda0.25__topm__h_tau1.1,bounded_subtraction,0.81442153340916,-0.006002713672352278
0.7,policy::lambda0.25__topm__h_tau1.25,bounded_subtraction,0.8114752185556704,-0.008949028525841896
0.7,policy::lambda0.25__topm__original,bounded_subtraction,0.8125606553396458,-0.00786359174186646
0.7,policy::lambda0.25__topm__power0.5,bounded_subtraction,0.8208637553966407,0.0004395083151284007
0.7,policy::lambda0.25__topm__power0.75,bounded_subtraction,0.8172457164699968,-0.0031785306115155176
0.7,policy::lambda0.25__topm__power1.25,bounded_subtraction,0.8053980178740601,-0.015026229207452224
0.7,policy::lambda0.25__topm__power1.5,bounded_subtraction,0.7974547197392412,-0.02296952734227109
0.7,policy::lambda0.25__topm__uniform0.02,bounded_subtraction,0.8271160459309337,0.006691798849421393
0.7,policy::lambda0.25__topm__uniform0.05,bounded_subtraction,0.8308662920935287,0.010442045012016399
0.7,policy::lambda0.25__topm__uniform0.1,bounded_subtraction,0.8323772334182842,0.011952986336771887
0.7,policy::lambda0.25__topm__uniform0.2,bounded_subtraction,0.8281119552584485,0.007687708176936203
0.7,policy::lambda0.5__full__accept_clip0.02,bounded_subtraction,0.8200106977116494,-0.0004135493698629311
0.7,policy::lambda0.5__full__accept_clip0.05,bounded_subtraction,0.8185330567280177,-0.0018911903534946095
0.7,policy::lambda0.5__full__accept_clip0.1,bounded_subtraction,0.8138175763786005,-0.0066066707029117655
0.7,policy::lambda0.5__full__bonus1.25,bounded_subtraction,0.8061678523447806,-0.014256394736731681
0.7,policy::lambda0.5__full__bonus1.5,bounded_subtraction,0.8064015469195582,-0.01402270016195406
0.7,policy::lambda0.5__full__bonus2,bounded_subtraction,0.8079551653231379,-0.012469081758374356
0.7,policy::lambda0.5__full__bonus3,bounded_subtraction,0.807539176941363,-0.01288507014014928
0.7,policy::lambda0.5__full__expected_mix0.25,bounded_subtraction,0.8221984103163814,0.0017741632348691194
0.7,policy::lambda0.5__full__expected_mix0.5,bounded_subtraction,0.8182146139759623,-0.002209633105550002
0.7,policy::lambda0.5__full__expected_mix0.75,bounded_subtraction,0.8158793925937843,-0.004544854487728012
0.7,policy::lambda0.5__full__expected_rejection,bounded_subtraction,0.8072506048781022,-0.013173642203410107
0.7,policy::lambda0.5__full__h_tau0.8,bounded_subtraction,0.7883345028757258,-0.032089744205786475
0.7,policy::lambda0.5__full__h_tau0.9,bounded_subtraction,0.7990785989436099,-0.021345648137902407
0.7,policy::lambda0.5__full__h_tau1.1,bounded_subtraction,0.8059305489717763,-0.014493698109735997
0.7,policy::lambda0.5__full__h_tau1.25,bounded_subtraction,0.804107259267571,-0.016316987813941308
0.7,policy::lambda0.5__full__original,bounded_subtraction,0.8048439903090007,-0.015580256772511625
0.7,policy::lambda0.5__full__power0.5,bounded_subtraction,0.8133937934761938,-0.00703045360531851
0.7,policy::lambda0.5__full__power0.75,bounded_subtraction,0.810213165840911,-0.010211081240601327
0.7,policy::lambda0.5__full__power1.25,bounded_subtraction,0.7970960731662339,-0.023328173915278416
0.7,policy::lambda0.5__full__power1.5,bounded_subtraction,0.788433730404473,-0.03199051667703934
0.7,policy::lambda0.5__full__uniform0.02,bounded_subtraction,0.818927381200084,-0.0014968658814282776
0.7,policy::lambda0.5__full__uniform0.05,bounded_subtraction,0.8228710972693385,0.0024468501878261995
0.7,policy::lambda0.5__full__uniform0.1,bounded_subtraction,0.8207773130313307,0.00035306594981843187
0.7,policy::lambda0.5__full__uniform0.2,bounded_subtraction,0.816013573116335,-0.0044106739651772475
0.7,policy::lambda0.5__topm__accept_clip0.02,bounded_subtraction,0.8192732414845674,-0.0011510055969449207
0.7,policy::lambda0.5__topm__accept_clip0.05,bounded_subtraction,0.8167191315661207,-0.003705115515391544
0.7,policy::lambda0.5__topm__accept_clip0.1,bounded_subtraction,0.81320520866934,-0.007219038412172307
0.7,policy::lambda0.5__topm__bonus1.25,bounded_subtraction,0.8053591890270361,-0.015065058054476221
0.7,policy::lambda0.5__topm__bonus1.5,bounded_subtraction,0.8055986882789256,-0.014825558802586736
0.7,policy::lambda0.5__topm__bonus2,bounded_subtraction,0.8074052879926885,-0.013018959088823778
0.7,policy::lambda0.5__topm__bonus3,bounded_subtraction,0.807429558268884,-0.01299468881262833
0.7,policy::lambda0.5__topm__expected_mix0.25,bounded_subtraction,0.8218372139704324,0.0014129668889201197
0.7,policy::lambda0.5__topm__expected_mix0.5,bounded_subtraction,0.8181201719808079,-0.002304075100704406
0.7,policy::lambda0.5__topm__expected_mix0.75,bounded_subtraction,0.8157050259426241,-0.00471922113888823
0.7,policy::lambda0.5__topm__expected_rejection,bounded_subtraction,0.8059505489199392,-0.014473698161573068
0.7,policy::lambda0.5__topm__h_tau0.8,bounded_subtraction,0.7879371375377209,-0.032487109543791415
0.7,policy::lambda0.5__topm__h_tau0.9,bounded_subtraction,0.7979885437477612,-0.02243570333375111
0.7,policy::lambda0.5__topm__h_tau1.1,bounded_subtraction,0.8055708801355097,-0.014853366946002589
0.7,policy::lambda0.5__topm__h_tau1.25,bounded_subtraction,0.803443981670577,-0.016980265410935336
0.7,policy::lambda0.5__topm__original,bounded_subtraction,0.8042150718679241,-0.016209175213588223
0.7,policy::lambda0.5__topm__power0.5,bounded_subtraction,0.8118834635687372,-0.008540783512775096
0.7,policy::lambda0.5__topm__power0.75,bounded_subtraction,0.8097643171347935,-0.010659929946718827
0.7,policy::lambda0.5__topm__power1.25,bounded_subtraction,0.7960417741145867,-0.02438247296692564
0.7,policy::lambda0.5__topm__power1.5,bounded_subtraction,0.787485066068731,-0.03293918101278126
0.7,policy::lambda0.5__topm__uniform0.02,bounded_subtraction,0.817798791249251,-0.0026254558322612587
0.7,policy::lambda0.5__topm__uniform0.05,bounded_subtraction,0.8216842334292335,0.001259986347721176
0.7,policy::lambda0.5__topm__uniform0.1,bounded_subtraction,0.8206332478658647,0.00020900078435237557
0.7,policy::lambda0.5__topm__uniform0.2,bounded_subtraction,0.8157068308377562,-0.004717416243756101
0.7,policy::lambda0.75__full__accept_clip0.02,bounded_subtraction,0.808407728064933,-0.012016519016579297
0.7,policy::lambda0.75__full__accept_clip0.05,bounded_subtraction,0.8059036239423719,-0.014520623139140376
0.7,policy::lambda0.75__full__accept_clip0.1,bounded_subtraction,0.802648431873577,-0.017775815207935253
0.7,policy::lambda0.75__full__bonus1.25,bounded_subtraction,0.7959091161010261,-0.02451513098048619
0.7,policy::lambda0.75__full__bonus1.5,bounded_subtraction,0.7960876355895027,-0.024336611492009608
0.7,policy::lambda0.75__full__bonus2,bounded_subtraction,0.7974829790125809,-0.022941268068931375
0.7,policy::lambda0.75__full__bonus3,bounded_subtraction,0.7974213122274311,-0.023002934854081225
0.7,policy::lambda0.75__full__expected_mix0.25,bounded_subtraction,0.8093281156536097,-0.011096131427902556
0.7,policy::lambda0.75__full__expected_mix0.5,bounded_subtraction,0.8071951393640273,-0.013229107717484978
0.7,policy::lambda0.75__full__expected_mix0.75,bounded_subtraction,0.8034965155366321,-0.016927731544880142
0.7,policy::lambda0.75__full__expected_rejection,bounded_subtraction,0.7969935666290218,-0.023430680452490527
0.7,policy::lambda0.75__full__h_tau0.8,bounded_subtraction,0.7775211631827331,-0.04290308389877917
0.7,policy::lambda0.75__full__h_tau0.9,bounded_subtraction,0.7892350750693995,-0.031189172012112798
0.7,policy::lambda0.75__full__h_tau1.1,bounded_subtraction,0.7958295874653193,-0.024594659616193004
0.7,policy::lambda0.75__full__h_tau1.25,bounded_subtraction,0.792501096324148,-0.02792315075736429
0.7,policy::lambda0.75__full__original,bounded_subtraction,0.7952351071631694,-0.02518913991834293
0.7,policy::lambda0.75__full__power0.5,bounded_subtraction,0.8028346714184484,-0.01758957566306385
0.7,policy::lambda0.75__full__power0.75,bounded_subtraction,0.7996690461144516,-0.02075520096706074
0.7,policy::lambda0.75__full__power1.25,bounded_subtraction,0.7865773311102671,-0.03384691597124523
0.7,policy::lambda0.75__full__power1.5,bounded_subtraction,0.7776709008275915,-0.0427533462539208
0.7,policy::lambda0.75__full__uniform0.02,bounded_subtraction,0.8064302657253453,-0.013993981356167029
0.7,policy::lambda0.75__full__uniform0.05,bounded_subtraction,0.8094869190787588,-0.010937328002753488
0.7,policy::lambda0.75__full__uniform0.1,bounded_subtraction,0.8090450573673661,-0.011379189714146198
0.7,policy::lambda0.75__full__uniform0.2,bounded_subtraction,0.8046393475194847,-0.015784899562027555
0.7,policy::lambda0.75__topm__accept_clip0.02,bounded_subtraction,0.8077879244439137,-0.012636322637598618
0.7,policy::lambda0.75__topm__accept_clip0.05,bounded_subtraction,0.8052603440757399,-0.015163903005772417
0.7,policy::lambda0.75__topm__accept_clip0.1,bounded_subtraction,0.8021250422199484,-0.01829920486156389
0.7,policy::lambda0.75__topm__bonus1.25,bounded_subtraction,0.7952537860756482,-0.025170461005864064
0.7,policy::lambda0.75__topm__bonus1.5,bounded_subtraction,0.7954346059570121,-0.024989641124500195
0.7,policy::lambda0.75__topm__bonus2,bounded_subtraction,0.7971734455805277,-0.023250801500984575
0.7,policy::lambda0.75__topm__bonus3,bounded_subtraction,0.797112127773846,-0.0233121193076663
0.7,policy::lambda0.75__topm__expected_mix0.25,bounded_subtraction,0.8092856187760892,-0.011138628305423115
0.7,policy::lambda0.75__topm__expected_mix0.5,bounded_subtraction,0.8071890987630364,-0.013235148318475942
0.7,policy::lambda0.75__topm__expected_mix0.75,bounded_subtraction,0.8025584005056448,-0.01786584657586754
0.7,policy::lambda0.75__topm__expected_rejection,bounded_subtraction,0.7966569768667723,-0.02376727021474001
0.7,policy::lambda0.75__topm__h_tau0.8,bounded_subtraction,0.7770186620381563,-0.04340558504335601
0.7,policy::lambda0.75__topm__h_tau0.9,bounded_subtraction,0.7884205010090098,-0.03200374607250245
0.7,policy::lambda0.75__topm__h_tau1.1,bounded_subtraction,0.7949849707401521,-0.02543927634136023
0.7,policy::lambda0.75__topm__h_tau1.25,bounded_subtraction,0.7922118649618629,-0.028212382119649382
0.7,policy::lambda0.75__topm__original,bounded_subtraction,0.7949071550897391,-0.02551709199177321
0.7,policy::lambda0.75__topm__power0.5,bounded_subtraction,0.8006175959330398,-0.019806651148472465
0.7,policy::lambda0.75__topm__power0.75,bounded_subtraction,0.798470065428978,-0.021954181652534266
0.7,policy::lambda0.75__topm__power1.25,bounded_subtraction,0.7857744925739678,-0.034649754507544483
0.7,policy::lambda0.75__topm__power1.5,bounded_subtraction,0.7773347992798452,-0.043089447801667125
0.7,policy::lambda0.75__topm__uniform0.02,bounded_subtraction,0.8056842931658867,-0.014739953915625548
0.7,policy::lambda0.75__topm__uniform0.05,bounded_subtraction,0.8078943370771848,-0.01252991000432746
0.7,policy::lambda0.75__topm__uniform0.1,bounded_subtraction,0.8084658147211992,-0.011958432360313132
0.7,policy::lambda0.75__topm__uniform0.2,bounded_subtraction,0.8039399551393628,-0.01648429194214951
0.7,policy::proxy__full__accept_clip0.02,proxy_allocation,0.8405770125202411,0.020152765438728792
0.7,policy::proxy__full__accept_clip0.05,proxy_allocation,0.8387508191383101,0.018326572056797774
0.7,policy::proxy__full__accept_clip0.1,proxy_allocation,0.8350428374345313,0.014618590353019045
0.7,policy::proxy__full__bonus1.25,proxy_allocation,0.8232654729570525,0.002841225875540254
0.7,policy::proxy__full__bonus1.5,proxy_allocation,0.8234385193495327,0.0030142722680204237
0.7,policy::proxy__full__bonus2,proxy_allocation,0.8244556602692897,0.004031413187777444
0.7,policy::proxy__full__bonus3,proxy_allocation,0.825125203671682,0.004700956590169669
0.7,policy::proxy__full__expected_mix0.25,proxy_allocation,0.8443924417357033,0.023968194654190977
0.7,policy::proxy__full__expected_mix0.5,proxy_allocation,0.8429294902798797,0.02250524319836744
0.7,policy::proxy__full__expected_mix0.75,proxy_allocation,0.8399953294098023,0.019571082328289968
0.7,policy::proxy__full__expected_rejection,proxy_allocation,0.8306575637315635,0.010233316650051227
0.7,policy::proxy__full__h_tau0.8,proxy_allocation,0.8027384834093351,-0.017685763672177224
0.7,policy::proxy__full__h_tau0.9,proxy_allocation,0.8163036519215519,-0.0041205951599604385
0.7,policy::proxy__full__h_tau1.1,proxy_allocation,0.8241594025936773,0.003735155512164967
0.7,policy::proxy__full__h_tau1.25,proxy_allocation,0.821620008605984,0.0011957615244717612
0.7,policy::proxy__full__original,proxy_allocation,0.8210375147054336,0.0006132676239213319
0.7,policy::proxy__full__power0.5,proxy_allocation,0.8285027630375049,0.008078515955992627
0.7,policy::proxy__full__power0.75,proxy_allocation,0.8273565766899308,0.006932329608418497
0.7,policy::proxy__full__power1.25,proxy_allocation,0.8132315549177285,-0.00719269216378382
0.7,policy::proxy__full__power1.5,proxy_allocation,0.8027381891134465,-0.01768605796806577
0.7,policy::proxy__full__uniform0.02,proxy_allocation,0.8348890527691464,0.014464805687634086
0.7,policy::proxy__full__uniform0.05,proxy_allocation,0.8413457970766748,0.02092154999516249
0.7,policy::proxy__full__uniform0.1,proxy_allocation,0.8420530385687366,0.021628791487224297
0.7,policy::proxy__full__uniform0.2,proxy_allocation,0.8362680493196858,0.0158438022381735
0.7,policy::proxy__topm__accept_clip0.02,proxy_allocation,0.8403777569743225,0.019953509892810195
0.7,policy::proxy__topm__accept_clip0.05,proxy_allocation,0.8384833978590793,0.018059150777567035
0.7,policy::proxy__topm__accept_clip0.1,proxy_allocation,0.8342479332702273,0.01382368618871499
0.7,policy::proxy__topm__bonus1.25,proxy_allocation,0.82226097955619,0.0018367324746777491
0.7,policy::proxy__topm__bonus1.5,proxy_allocation,0.8224283878345641,0.002004140753051775
0.7,policy::proxy__topm__bonus2,proxy_allocation,0.8242123331486269,0.00378808606711456
0.7,policy::proxy__topm__bonus3,proxy_allocation,0.824721092231677,0.004296845150164708
0.7,policy::proxy__topm__expected_mix0.25,proxy_allocation,0.8438724708723536,0.023448223790841327
0.7,policy::proxy__topm__expected_mix0.5,proxy_allocation,0.8420608665963563,0.02163661951484397
0.7,policy::proxy__topm__expected_mix0.75,proxy_allocation,0.838705402993123,0.018281155911610725
0.7,policy::proxy__topm__expected_rejection,proxy_allocation,0.8295539097283428,0.009129662646830461
0.7,policy::proxy__topm__h_tau0.8,proxy_allocation,0.8028920042722059,-0.01753224280930643
0.7,policy::proxy__topm__h_tau0.9,proxy_allocation,0.8155906702511249,-0.004833576830387432
0.7,policy::proxy__topm__h_tau1.1,proxy_allocation,0.8236056749087414,0.0031814278272290775
0.7,policy::proxy__topm__h_tau1.25,proxy_allocation,0.8193783072947561,-0.001045939786756156
0.7,policy::proxy__topm__original,proxy_allocation,0.8204242470815123,0.0
0.7,policy::proxy__topm__power0.5,proxy_allocation,0.8272437234544822,0.006819476372969868
0.7,policy::proxy__topm__power0.75,proxy_allocation,0.826635540217267,0.006211293135754747
0.7,policy::proxy__topm__power1.25,proxy_allocation,0.8121202780672188,-0.008303969014293533
0.7,policy::proxy__topm__power1.5,proxy_allocation,0.8017107345635768,-0.018713512517935516
0.7,policy::proxy__topm__uniform0.02,proxy_allocation,0.8340758086546172,0.013651561573104876
0.7,policy::proxy__topm__uniform0.05,proxy_allocation,0.8412213722528952,0.02079712517138288
0.7,policy::proxy__topm__uniform0.1,proxy_allocation,0.8411298166658107,0.020705569584298367
0.7,policy::proxy__topm__uniform0.2,proxy_allocation,0.8356337315760879,0.015209484494575598
0.7,policy::qpeak0.5__full__accept_clip0.02,local_gate,0.8093401317609198,-0.011084115320592502
0.7,policy::qpeak0.5__full__accept_clip0.05,local_gate,0.8075789096415845,-0.012845337439927773
0.7,policy::qpeak0.5__full__accept_clip0.1,local_gate,0.8052283929281766,-0.015195854153335686
0.7,policy::qpeak0.5__full__bonus1.25,local_gate,0.7996897178108229,-0.020734529270689417
0.7,policy::qpeak0.5__full__bonus1.5,local_gate,0.799819664208302,-0.02060458287321032
0.7,policy::qpeak0.5__full__bonus2,local_gate,0.8013166962448416,-0.019107550836670706
0.7,policy::qpeak0.5__full__bonus3,local_gate,0.8019294977403559,-0.018494749341156358
0.7,policy::qpeak0.5__full__expected_mix0.25,local_gate,0.8140140511075418,-0.006410195973970523
0.7,policy::qpeak0.5__full__expected_mix0.5,local_gate,0.8107194360527863,-0.009704811028726001
0.7,policy::qpeak0.5__full__expected_mix0.75,local_gate,0.8070779087366643,-0.013346338344847997
0.7,policy::qpeak0.5__full__expected_rejection,local_gate,0.8013831383504585,-0.019041108731053802
0.7,policy::qpeak0.5__full__h_tau0.8,local_gate,0.7795263580497404,-0.04089788903177194
0.7,policy::qpeak0.5__full__h_tau0.9,local_gate,0.7914884481834639,-0.028935798898048426
0.7,policy::qpeak0.5__full__h_tau1.1,local_gate,0.7989514581222708,-0.02147278895924154
0.7,policy::qpeak0.5__full__h_tau1.25,local_gate,0.7984458696910193,-0.02197837739049302
0.7,policy::qpeak0.5__full__original,local_gate,0.7982631275064442,-0.022161119575068056
0.7,policy::qpeak0.5__full__power0.5,local_gate,0.8067264875452971,-0.013697759536215215
0.7,policy::qpeak0.5__full__power0.75,local_gate,0.805520980322566,-0.014903266758946265
0.7,policy::qpeak0.5__full__power1.25,local_gate,0.7887389304079333,-0.03168531667357899
0.7,policy::qpeak0.5__full__power1.5,local_gate,0.7814793392251487,-0.03894490785636362
0.7,policy::qpeak0.5__full__uniform0.02,local_gate,0.8102196859363872,-0.010204561145125135
0.7,policy::qpeak0.5__full__uniform0.05,local_gate,0.8128058029720446,-0.007618444109467659
0.7,policy::qpeak0.5__full__uniform0.1,local_gate,0.8107172086581629,-0.009707038423349412
0.7,policy::qpeak0.5__full__uniform0.2,local_gate,0.8054985001856109,-0.014925746895901426
0.7,policy::qpeak0.5__topm__accept_clip0.02,local_gate,0.8087724095833451,-0.011651837498167228
0.7,policy::qpeak0.5__topm__accept_clip0.05,local_gate,0.8063858124552847,-0.014038434626227558
0.7,policy::qpeak0.5__topm__accept_clip0.1,local_gate,0.8047103975482586,-0.01571384953325372
0.7,policy::qpeak0.5__topm__bonus1.25,local_gate,0.7986493006040553,-0.021774946477457036
0.7,policy::qpeak0.5__topm__bonus1.5,local_gate,0.7987891961400045,-0.02163505094150775
0.7,policy::qpeak0.5__topm__bonus2,local_gate,0.8009603953572563,-0.01946385172425602
0.7,policy::qpeak0.5__topm__bonus3,local_gate,0.8016207205917331,-0.018803526489779232
0.7,policy::qpeak0.5__topm__expected_mix0.25,local_gate,0.8133425200364839,-0.0070817270450284076
0.7,policy::qpeak0.5__topm__expected_mix0.5,local_gate,0.8100514914255919,-0.01037275565592044
0.7,policy::qpeak0.5__topm__expected_mix0.75,local_gate,0.806857187180392,-0.013567059901120282
0.7,policy::qpeak0.5__topm__expected_rejection,local_gate,0.7999227308471226,-0.020501516234389672
0.7,policy::qpeak0.5__topm__h_tau0.8,local_gate,0.7793783384688815,-0.0410459086126308
0.7,policy::qpeak0.5__topm__h_tau0.9,local_gate,0.7909536211932428,-0.02947062588826954
0.7,policy::qpeak0.5__topm__h_tau1.1,local_gate,0.7987039959423857,-0.021720251139126567
0.7,policy::qpeak0.5__topm__h_tau1.25,local_gate,0.7969744864273152,-0.023449760654197127
0.7,policy::qpeak0.5__topm__original,local_gate,0.7978085302958445,-0.02261571678566776
0.7,policy::qpeak0.5__topm__power0.5,local_gate,0.8057878254000566,-0.014636421681455736
0.7,policy::qpeak0.5__topm__power0.75,local_gate,0.805061992041825,-0.015362255039687245
0.7,policy::qpeak0.5__topm__power1.25,local_gate,0.7888636102849466,-0.03156063679656573
0.7,policy::qpeak0.5__topm__power1.5,local_gate,0.7799719598633875,-0.04045228721812477
0.7,policy::qpeak0.5__topm__uniform0.02,local_gate,0.8083865149644915,-0.01203773211702075
0.7,policy::qpeak0.5__topm__uniform0.05,local_gate,0.8127010342311115,-0.007723212850400785
0.7,policy::qpeak0.5__topm__uniform0.1,local_gate,0.8105333437412772,-0.009890903340235124
0.7,policy::qpeak0.5__topm__uniform0.2,local_gate,0.8056841265005252,-0.01474012058098706
0.7,policy::qpeak0.7__full__accept_clip0.02,local_gate,0.8259076060660995,0.005483358984587183
0.7,policy::qpeak0.7__full__accept_clip0.05,local_gate,0.8231820771652819,0.002757830083769619
0.7,policy::qpeak0.7__full__accept_clip0.1,local_gate,0.8189976663265733,-0.0014265807549389553
0.7,policy::qpeak0.7__full__bonus1.25,local_gate,0.8134380119482495,-0.006986235133262797
0.7,policy::qpeak0.7__full__bonus1.5,local_gate,0.8134835404684807,-0.006940706613031589
0.7,policy::qpeak0.7__full__bonus2,local_gate,0.8147997697638282,-0.005624477317684118
0.7,policy::qpeak0.7__full__bonus3,local_gate,0.8155203671632207,-0.004903879918291554
0.7,policy::qpeak0.7__full__expected_mix0.25,local_gate,0.8295891915801474,0.009164944498635141
0.7,policy::qpeak0.7__full__expected_mix0.5,local_gate,0.8267560360884805,0.00633178900696818
0.7,policy::qpeak0.7__full__expected_mix0.75,local_gate,0.8231665242324271,0.002742277150914796
0.7,policy::qpeak0.7__full__expected_rejection,local_gate,0.815272747689791,-0.005151499391721326
0.7,policy::qpeak0.7__full__h_tau0.8,local_gate,0.7930723372655722,-0.027351909815940045
0.7,policy::qpeak0.7__full__h_tau0.9,local_gate,0.8062416292101544,-0.014182617871357883
0.7,policy::qpeak0.7__full__h_tau1.1,local_gate,0.8132807625662816,-0.007143484515230725
0.7,policy::qpeak0.7__full__h_tau1.25,local_gate,0.8119360047412238,-0.008488242340288443
0.7,policy::qpeak0.7__full__original,local_gate,0.8129244124020605,-0.007499834679451811
0.7,policy::qpeak0.7__full__power0.5,local_gate,0.8189998392383504,-0.00142440784316189
0.7,policy::qpeak0.7__full__power0.75,local_gate,0.8179395422823346,-0.0024847047991777282
0.7,policy::qpeak0.7__full__power1.25,local_gate,0.8039628482843086,-0.016461398797203652
0.7,policy::qpeak0.7__full__power1.5,local_gate,0.793605400557173,-0.0268188465243393
0.7,policy::qpeak0.7__full__uniform0.02,local_gate,0.8238309444121983,0.0034066973306859927
0.7,policy::qpeak0.7__full__uniform0.05,local_gate,0.8282833855917305,0.007859138510218244
0.7,policy::qpeak0.7__full__uniform0.1,local_gate,0.8259942270890558,0.005569980007543496
0.7,policy::qpeak0.7__full__uniform0.2,local_gate,0.8204156042683176,-8.642813194681409e-06
0.7,policy::qpeak0.7__topm__accept_clip0.02,local_gate,0.825530621425172,0.005106374343659681
0.7,policy::qpeak0.7__topm__accept_clip0.05,local_gate,0.8223770747361732,0.0019528276546608714
0.7,policy::qpeak0.7__topm__accept_clip0.1,local_gate,0.818347739571154,-0.002076507510358261
0.7,policy::qpeak0.7__topm__bonus1.25,local_gate,0.8125522219372251,-0.007872025144287198
0.7,policy::qpeak0.7__topm__bonus1.5,local_gate,0.8126779828515753,-0.007746264229936961
0.7,policy::qpeak0.7__topm__bonus2,local_gate,0.814605809252364,-0.00581843782914826
0.7,policy::qpeak0.7__topm__bonus3,local_gate,0.8152910751307724,-0.005133171950739923
0.7,policy::qpeak0.7__topm__expected_mix0.25,local_gate,0.8287867929317613,0.008362545850248981
0.7,policy::qpeak0.7__topm__expected_mix0.5,local_gate,0.8261004930138921,0.005676245932379809
0.7,policy::qpeak0.7__topm__expected_mix0.75,local_gate,0.8225293195508527,0.002105072469340441
0.7,policy::qpeak0.7__topm__expected_rejection,local_gate,0.8137406791523181,-0.006683567929194223
0.7,policy::qpeak0.7__topm__h_tau0.8,local_gate,0.7931951580086036,-0.027229089072908663
0.7,policy::qpeak0.7__topm__h_tau0.9,local_gate,0.8056720820676676,-0.014752165013844687
0.7,policy::qpeak0.7__topm__h_tau1.1,local_gate,0.8130369538898697,-0.007387293191642552
0.7,policy::qpeak0.7__topm__h_tau1.25,local_gate,0.8102369133559276,-0.010187333725584669
0.7,policy::qpeak0.7__topm__original,local_gate,0.8124050735448733,-0.008019173536638946
0.7,policy::qpeak0.7__topm__power0.5,local_gate,0.8179276719037811,-0.002496575177731164
0.7,policy::qpeak0.7__topm__power0.75,local_gate,0.8176872011010548,-0.002737045980457542
0.7,policy::qpeak0.7__topm__power1.25,local_gate,0.8032491142227178,-0.017175132858794462
0.7,policy::qpeak0.7__topm__power1.5,local_gate,0.792287887935886,-0.02813635914562629
0.7,policy::qpeak0.7__topm__uniform0.02,local_gate,0.8224825827028731,0.0020583356213608184
0.7,policy::qpeak0.7__topm__uniform0.05,local_gate,0.8279640373507557,0.0075397902692434515
0.7,policy::qpeak0.7__topm__uniform0.1,local_gate,0.8255549906503755,0.0051307435688632275
0.7,policy::qpeak0.7__topm__uniform0.2,local_gate,0.8206447273497636,0.00022048026825127742
0.7,policy::qpeak0.9__full__accept_clip0.02,local_gate,0.8375470217579772,0.017122774676464947
0.7,policy::qpeak0.9__full__accept_clip0.05,local_gate,0.8351316698502039,0.014707422768691636
0.7,policy::qpeak0.9__full__accept_clip0.1,local_gate,0.8310958359190783,0.010671588837566026
0.7,policy::qpeak0.9__full__bonus1.25,local_gate,0.8214851213773084,0.0010608742957961548
0.7,policy::qpeak0.9__full__bonus1.5,local_gate,0.821661318048687,0.001237070967174736
0.7,policy::qpeak0.9__full__bonus2,local_gate,0.8228138165225488,0.002389569441036521
0.7,policy::qpeak0.9__full__bonus3,local_gate,0.8236433757007203,0.0032191286192080337
0.7,policy::qpeak0.9__full__expected_mix0.25,local_gate,0.8415107367506648,0.021086489669152497
0.7,policy::qpeak0.9__full__expected_mix0.5,local_gate,0.8392245140177432,0.018800266936230936
0.7,policy::qpeak0.9__full__expected_mix0.75,local_gate,0.8364357526110927,0.016011505529580417
0.7,policy::qpeak0.9__full__expected_rejection,local_gate,0.8269087444207561,0.006484497339243833
0.7,policy::qpeak0.9__full__h_tau0.8,local_gate,0.8005862484177246,-0.01983799866378766
0.7,policy::qpeak0.9__full__h_tau0.9,local_gate,0.8150493500634955,-0.005374897018016744
0.7,policy::qpeak0.9__full__h_tau1.1,local_gate,0.8222693371058801,0.0018450900243678348
0.7,policy::qpeak0.9__full__h_tau1.25,local_gate,0.8194099490274912,-0.00101429805402109
0.7,policy::qpeak0.9__full__original,local_gate,0.8201321987443868,-0.0002920483371254834
0.7,policy::qpeak0.9__full__power0.5,local_gate,0.8268986767217543,0.00647442964024203
0.7,policy::qpeak0.9__full__power0.75,local_gate,0.8259756084927159,0.005551361411203604
0.7,policy::qpeak0.9__full__power1.25,local_gate,0.8119687466359704,-0.008455500445541886
0.7,policy::qpeak0.9__full__power1.5,local_gate,0.8012529910238256,-0.01917125605768666
0.7,policy::qpeak0.9__full__uniform0.02,local_gate,0.833436327950918,0.013012080869405751
0.7,policy::qpeak0.9__full__uniform0.05,local_gate,0.837828977722839,0.01740473064132675
0.7,policy::qpeak0.9__full__uniform0.1,local_gate,0.8384366163869396,0.018012369305427267
0.7,policy::qpeak0.9__full__uniform0.2,local_gate,0.8327389023345798,0.012314655253067519
0.7,policy::qpeak0.9__topm__accept_clip0.02,local_gate,0.8370894530719025,0.01666520599039023
0.7,policy::qpeak0.9__topm__accept_clip0.05,local_gate,0.834703030631673,0.014278783550160656
0.7,policy::qpeak0.9__topm__accept_clip0.1,local_gate,0.8303818894764504,0.009957642394938127
0.7,policy::qpeak0.9__topm__bonus1.25,local_gate,0.8204443311244454,2.0084042933077306e-05
0.7,policy::qpeak0.9__topm__bonus1.5,local_gate,0.8206218605671847,0.00019761348567237658
0.7,policy::qpeak0.9__topm__bonus2,local_gate,0.8224582609165874,0.002034013835075066
0.7,policy::qpeak0.9__topm__bonus3,local_gate,0.8232297305271117,0.0028054834455993882
0.7,policy::qpeak0.9__topm__expected_mix0.25,local_gate,0.8408173851212772,0.020393138039764946
0.7,policy::qpeak0.9__topm__expected_mix0.5,local_gate,0.8382787405788099,0.01785449349729762
0.7,policy::qpeak0.9__topm__expected_mix0.75,local_gate,0.8349800512772826,0.014555804195770294
0.7,policy::qpeak0.9__topm__expected_rejection,local_gate,0.8258244337276789,0.005400186646166594
0.7,policy::qpeak0.9__topm__h_tau0.8,local_gate,0.8007334200412948,-0.019690827040217518
0.7,policy::qpeak0.9__topm__h_tau0.9,local_gate,0.814237650960415,-0.0061865961210972875
0.7,policy::qpeak0.9__topm__h_tau1.1,local_gate,0.8213675428845553,0.0009432958030429761
0.7,policy::qpeak0.9__topm__h_tau1.25,local_gate,0.8171986392818485,-0.0032256077996637433
0.7,policy::qpeak0.9__topm__original,local_gate,0.8194852746062102,-0.0009389724753020579
0.7,policy::qpeak0.9__topm__power0.5,local_gate,0.8258739954414556,0.005449748359943274
0.7,policy::qpeak0.9__topm__power0.75,local_gate,0.8253701491644128,0.004945902082900466
0.7,policy::qpeak0.9__topm__power1.25,local_gate,0.810644907715446,-0.009779339366066342
0.7,policy::qpeak0.9__topm__power1.5,local_gate,0.8002781551371099,-0.020146091944402422
0.7,policy::qpeak0.9__topm__uniform0.02,local_gate,0.8318586556363866,0.01143440855487432
0.7,policy::qpeak0.9__topm__uniform0.05,local_gate,0.837251345234023,0.01682709815251071
0.7,policy::qpeak0.9__topm__uniform0.1,local_gate,0.8376162782019482,0.01719203112043588
0.7,policy::qpeak0.9__topm__uniform0.2,local_gate,0.831963145833151,0.011538898751638715
0.7,policy::residual__full__accept_clip0.02,residual_allocation,0.7918779461923952,-0.028546300889117138
0.7,policy::residual__full__accept_clip0.05,residual_allocation,0.7903136463407902,-0.030110600740722138
0.7,policy::residual__full__accept_clip0.1,residual_allocation,0.7867922919126156,-0.03363195516889672
0.7,policy::residual__full__bonus1.25,residual_allocation,0.7842968478964996,-0.03612739918501273
0.7,policy::residual__full__bonus1.5,residual_allocation,0.7845089881754843,-0.03591525890602798
0.7,policy::residual__full__bonus2,residual_allocation,0.7860793781314571,-0.034344868950055174
0.7,policy::residual__full__bonus3,residual_allocation,0.7863497305459417,-0.03407451653557059
0.7,policy::residual__full__expected_mix0.25,residual_allocation,0.7936710439699772,-0.026753203111535062
0.7,policy::residual__full__expected_mix0.5,residual_allocation,0.7915560279820981,-0.028868219099414172
0.7,policy::residual__full__expected_mix0.75,residual_allocation,0.7880753671862352,-0.03234887989527713
0.7,policy::residual__full__expected_rejection,residual_allocation,0.7824093284592495,-0.038014918622262805
0.7,policy::residual__full__h_tau0.8,residual_allocation,0.764988992910945,-0.05543525417056727
0.7,policy::residual__full__h_tau0.9,residual_allocation,0.7772730739414404,-0.043151173140071886
0.7,policy::residual__full__h_tau1.1,residual_allocation,0.7826034740440373,-0.037820773037475
0.7,policy::residual__full__h_tau1.25,residual_allocation,0.7803795436678922,-0.0400447034136201
0.7,policy::residual__full__original,residual_allocation,0.782860917770864,-0.03756332931064832
0.7,policy::residual__full__power0.5,residual_allocation,0.7892587792740176,-0.03116546780749474
0.7,policy::residual__full__power0.75,residual_allocation,0.7873753410983656,-0.03304890598314669
0.7,policy::residual__full__power1.25,residual_allocation,0.7738812648298315,-0.04654298225168074
0.7,policy::residual__full__power1.5,residual_allocation,0.7659837759587695,-0.05444047112274275
0.7,policy::residual__full__uniform0.02,residual_allocation,0.7908902912312026,-0.029533955850309712
0.7,policy::residual__full__uniform0.05,residual_allocation,0.7952748062816437,-0.025149440799868583
0.7,policy::residual__full__uniform0.1,residual_allocation,0.7922737518728157,-0.028150495208696613
0.7,policy::residual__full__uniform0.2,residual_allocation,0.7895308907582679,-0.030893356323244414
0.7,policy::residual__topm__accept_clip0.02,residual_allocation,0.7916946579139748,-0.02872958916753754
0.7,policy::residual__topm__accept_clip0.05,residual_allocation,0.7887057259645672,-0.031718521116945064
0.7,policy::residual__topm__accept_clip0.1,residual_allocation,0.7861544716550132,-0.034269775426499116
0.7,policy::residual__topm__bonus1.25,residual_allocation,0.783496052702097,-0.0369281943794153
0.7,policy::residual__topm__bonus1.5,residual_allocation,0.78379492136497,-0.036629325716542316
0.7,policy::residual__topm__bonus2,residual_allocation,0.7859294068112923,-0.034494840270219984
0.7,policy::residual__topm__bonus3,residual_allocation,0.7860283342127184,-0.03439591286879384
0.7,policy::residual__topm__expected_mix0.25,residual_allocation,0.7935787444471164,-0.02684550263439589
0.7,policy::residual__topm__expected_mix0.5,residual_allocation,0.7913378695044815,-0.02908637757703081
0.7,policy::residual__topm__expected_mix0.75,residual_allocation,0.7882921930325348,-0.032132054048977454
0.7,policy::residual__topm__expected_rejection,residual_allocation,0.781064810666612,-0.03935943641490025
0.7,policy::residual__topm__h_tau0.8,residual_allocation,0.7646717502398953,-0.05575249684161698
0.7,policy::residual__topm__h_tau0.9,residual_allocation,0.776650291044856,-0.04377395603665635
0.7,policy::residual__topm__h_tau1.1,residual_allocation,0.7823188379406933,-0.03810540914081895
0.7,policy::residual__topm__h_tau1.25,residual_allocation,0.779999907194566,-0.04042433988694627
0.7,policy::residual__topm__original,residual_allocation,0.7827512686664452,-0.037672978415067115
0.7,policy::residual__topm__power0.5,residual_allocation,0.7879802489040676,-0.0324439981774447
0.7,policy::residual__topm__power0.75,residual_allocation,0.786842423924195,-0.03358182315731728
0.7,policy::residual__topm__power1.25,residual_allocation,0.7732951998744477,-0.04712904720706457
0.7,policy::residual__topm__power1.5,residual_allocation,0.765848665301232,-0.054575581780280324
0.7,policy::residual__topm__uniform0.02,residual_allocation,0.7901524984976316,-0.03027174858388071
0.7,policy::residual__topm__uniform0.05,residual_allocation,0.7943964647325088,-0.026027782349003492
0.7,policy::residual__topm__uniform0.1,residual_allocation,0.7922881286136595,-0.0281361184678528
0.7,policy::residual__topm__uniform0.2,residual_allocation,0.7890562170121221,-0.03136803006939015
0.7,policy::source_tau0.8__full__accept_clip0.02,source_temperature,0.7788078113489987,-0.04161643573251361
0.7,policy::source_tau0.8__full__accept_clip0.05,source_temperature,0.7752354679197371,-0.04518877916177522
0.7,policy::source_tau0.8__full__accept_clip0.1,source_temperature,0.7727359441042142,-0.04768830297729809
0.7,policy::source_tau0.8__full__bonus1.25,source_temperature,0.7737649643473908,-0.046659282734121454
0.7,policy::source_tau0.8__full__bonus1.5,source_temperature,0.7743671950871369,-0.046057051994375375
0.7,policy::source_tau0.8__full__bonus2,source_temperature,0.7752725065946605,-0.04515174048685178
0.7,policy::source_tau0.8__full__bonus3,source_temperature,0.7765229953354029,-0.04390125174610937
0.7,policy::source_tau0.8__full__expected_mix0.25,source_temperature,0.7810189935367817,-0.03940525354473057
0.7,policy::source_tau0.8__full__expected_mix0.5,source_temperature,0.7789248121498072,-0.04149943493170505
0.7,policy::source_tau0.8__full__expected_mix0.75,source_temperature,0.7758057298162827,-0.044618517265229585
0.7,policy::source_tau0.8__full__expected_rejection,source_temperature,0.7706149707942201,-0.04980927628729215
0.7,policy::source_tau0.8__full__h_tau0.8,source_temperature,0.7651211460847204,-0.05530310099679192
0.7,policy::source_tau0.8__full__h_tau0.9,source_temperature,0.7715282550513116,-0.048895992030200675
0.7,policy::source_tau0.8__full__h_tau1.1,source_temperature,0.7754666371245734,-0.04495760995693887
0.7,policy::source_tau0.8__full__h_tau1.25,source_temperature,0.770311702511833,-0.050112544569679285
0.7,policy::source_tau0.8__full__original,source_temperature,0.7743597196461507,-0.0460645274353616
0.7,policy::source_tau0.8__full__power0.5,source_temperature,0.7791388754506716,-0.04128537163084067
0.7,policy::source_tau0.8__full__power0.75,source_temperature,0.7776336949646335,-0.042790552116878766
0.7,policy::source_tau0.8__full__power1.25,source_temperature,0.771095273000012,-0.049328974081500276
0.7,policy::source_tau0.8__full__power1.5,source_temperature,0.7666518782998678,-0.053772368781644486
0.7,policy::source_tau0.8__full__uniform0.02,source_temperature,0.7839568571198624,-0.03646738996164989
0.7,policy::source_tau0.8__full__uniform0.05,source_temperature,0.781330801340769,-0.03909344574074325
0.7,policy::source_tau0.8__full__uniform0.1,source_temperature,0.7769970068013656,-0.04342724028014666
0.7,policy::source_tau0.8__full__uniform0.2,source_temperature,0.7744228376863588,-0.046001409395153514
0.7,policy::source_tau0.8__topm__accept_clip0.02,source_temperature,0.7787413604974729,-0.0416828865840394
0.7,policy::source_tau0.8__topm__accept_clip0.05,source_temperature,0.7751452016688167,-0.04527904541269556
0.7,policy::source_tau0.8__topm__accept_clip0.1,source_temperature,0.7723925158276628,-0.04803173125384952
0.7,policy::source_tau0.8__topm__bonus1.25,source_temperature,0.7737774870659332,-0.0466467600155791
0.7,policy::source_tau0.8__topm__bonus1.5,source_temperature,0.77439264918025,-0.04603159790126232
0.7,policy::source_tau0.8__topm__bonus2,source_temperature,0.7752518458754889,-0.045172401206023394
0.7,policy::source_tau0.8__topm__bonus3,source_temperature,0.7765025741418375,-0.04392167293967475
0.7,policy::source_tau0.8__topm__expected_mix0.25,source_temperature,0.7808297400505884,-0.03959450703092393
0.7,policy::source_tau0.8__topm__expected_mix0.5,source_temperature,0.7787451668146477,-0.04167908026686462
0.7,policy::source_tau0.8__topm__expected_mix0.75,source_temperature,0.7758365747248523,-0.044587672356659946
0.7,policy::source_tau0.8__topm__expected_rejection,source_temperature,0.7702532432209227,-0.05017100386058959
0.7,policy::source_tau0.8__topm__h_tau0.8,source_temperature,0.7650397463310414,-0.055384500750470855
0.7,policy::source_tau0.8__topm__h_tau0.9,source_temperature,0.7715237682921434,-0.04890047878936887
0.7,policy::source_tau0.8__topm__h_tau1.1,source_temperature,0.7751504162091871,-0.04527383087232517
0.7,policy::source_tau0.8__topm__h_tau1.25,source_temperature,0.7702848578305019,-0.05013938925101036
0.7,policy::source_tau0.8__topm__original,source_temperature,0.773377691703046,-0.04704655537846625
0.7,policy::source_tau0.8__topm__power0.5,source_temperature,0.7787704630437391,-0.0416537840377732
0.7,policy::source_tau0.8__topm__power0.75,source_temperature,0.7776677821700669,-0.04275646491144536
0.7,policy::source_tau0.8__topm__power1.25,source_temperature,0.7711320897320253,-0.049292157349487
0.7,policy::source_tau0.8__topm__power1.5,source_temperature,0.7661258849151191,-0.054298362166393166
0.7,policy::source_tau0.8__topm__uniform0.02,source_temperature,0.7824681420624754,-0.0379561050190369
0.7,policy::source_tau0.8__topm__uniform0.05,source_temperature,0.7812281735700248,-0.03919607351148746
0.7,policy::source_tau0.8__topm__uniform0.1,source_temperature,0.7769439511689618,-0.04348029591255054
0.7,policy::source_tau0.8__topm__uniform0.2,source_temperature,0.774527693883351,-0.04589655319816133
0.7,policy::source_tau0.9__full__accept_clip0.02,source_temperature,0.7899614321542544,-0.030462814927257886
0.7,policy::source_tau0.9__full__accept_clip0.05,source_temperature,0.7880788357071304,-0.03234541137438185
0.7,policy::source_tau0.9__full__accept_clip0.1,source_temperature,0.7827873423429992,-0.03763690473851311
0.7,policy::source_tau0.9__full__bonus1.25,source_temperature,0.7838178300944093,-0.036606416987102985
0.7,policy::source_tau0.9__full__bonus1.5,source_temperature,0.7848204869398243,-0.03560376014168798
0.7,policy::source_tau0.9__full__bonus2,source_temperature,0.7856254318545535,-0.034798815226958824
0.7,policy::source_tau0.9__full__bonus3,source_temperature,0.7862574022292343,-0.034166844852277944
0.7,policy::source_tau0.9__full__expected_mix0.25,source_temperature,0.792392077394831,-0.02803216968668132
0.7,policy::source_tau0.9__full__expected_mix0.5,source_temperature,0.7915434653336048,-0.028880781747907536
0.7,policy::source_tau0.9__full__expected_mix0.75,source_temperature,0.7887451569666435,-0.0316790901148688
0.7,policy::source_tau0.9__full__expected_rejection,source_temperature,0.7796609787430248,-0.040763268338487535
0.7,policy::source_tau0.9__full__h_tau0.8,source_temperature,0.7706609665887639,-0.04976328049274836
0.7,policy::source_tau0.9__full__h_tau0.9,source_temperature,0.7803867200485716,-0.04003752703294072
0.7,policy::source_tau0.9__full__h_tau1.1,source_temperature,0.7818438096042983,-0.03858043747721396
0.7,policy::source_tau0.9__full__h_tau1.25,source_temperature,0.7783133996056986,-0.04211084747581373
0.7,policy::source_tau0.9__full__original,source_temperature,0.7830175673558132,-0.03740667972569911
0.7,policy::source_tau0.9__full__power0.5,source_temperature,0.788823881503446,-0.031600365578066336
0.7,policy::source_tau0.9__full__power0.75,source_temperature,0.7867900230549663,-0.033634224026546033
0.7,policy::source_tau0.9__full__power1.25,source_temperature,0.7781856889604096,-0.042238558121102665
0.7,policy::source_tau0.9__full__power1.5,source_temperature,0.7704450944665086,-0.04997915261500374
0.7,policy::source_tau0.9__full__uniform0.02,source_temperature,0.7925484148457529,-0.0278758322357594
0.7,policy::source_tau0.9__full__uniform0.05,source_temperature,0.7933641011797398,-0.027060145901772525
0.7,policy::source_tau0.9__full__uniform0.1,source_temperature,0.7903736335827434,-0.03005061349876892
0.7,policy::source_tau0.9__full__uniform0.2,source_temperature,0.7860333460392515,-0.034390901042260835
0.7,policy::source_tau0.9__topm__accept_clip0.02,source_temperature,0.7897692450481145,-0.03065500203339777
0.7,policy::source_tau0.9__topm__accept_clip0.05,source_temperature,0.7875553776936264,-0.03286886938788591
0.7,policy::source_tau0.9__topm__accept_clip0.1,source_temperature,0.7823248380391408,-0.038099409042371524
0.7,policy::source_tau0.9__topm__bonus1.25,source_temperature,0.782911601552095,-0.03751264552941724
0.7,policy::source_tau0.9__topm__bonus1.5,source_temperature,0.784058004026107,-0.036366243055405256
0.7,policy::source_tau0.9__topm__bonus2,source_temperature,0.7854102154676392,-0.035014031613873065
0.7,policy::source_tau0.9__topm__bonus3,source_temperature,0.786006187260684,-0.03441805982082824
0.7,policy::source_tau0.9__topm__expected_mix0.25,source_temperature,0.7930169877694021,-0.027407259312110188
0.7,policy::source_tau0.9__topm__expected_mix0.5,source_temperature,0.7911760673120591,-0.029248179769453153
0.7,policy::source_tau0.9__topm__expected_mix0.75,source_temperature,0.7887746874052161,-0.031649559676296235
0.7,policy::source_tau0.9__topm__expected_rejection,source_temperature,0.7788221945289276,-0.041602052552584645
0.7,policy::source_tau0.9__topm__h_tau0.8,source_temperature,0.7703276858740571,-0.050096561207455204
0.7,policy::source_tau0.9__topm__h_tau0.9,source_temperature,0.7797983620334288,-0.04062588504808351
0.7,policy::source_tau0.9__topm__h_tau1.1,source_temperature,0.7810503062289176,-0.03937394085259471
0.7,policy::source_tau0.9__topm__h_tau1.25,source_temperature,0.7782386542105841,-0.04218559287092816
0.7,policy::source_tau0.9__topm__original,source_temperature,0.7827660195161187,-0.03765822756539361
0.7,policy::source_tau0.9__topm__power0.5,source_temperature,0.7884461816585832,-0.031978065422929136
0.7,policy::source_tau0.9__topm__power0.75,source_temperature,0.786540607672221,-0.03388363940929129
0.7,policy::source_tau0.9__topm__power1.25,source_temperature,0.777919998715291,-0.04250424836622124
0.7,policy::source_tau0.9__topm__power1.5,source_temperature,0.7703821179793787,-0.05004212910213357
0.7,policy::source_tau0.9__topm__uniform0.02,source_temperature,0.7917589751614451,-0.02866527192006718
0.7,policy::source_tau0.9__topm__uniform0.05,source_temperature,0.7933208097174115,-0.027103437364100813
0.7,policy::source_tau0.9__topm__uniform0.1,source_temperature,0.7901255315132016,-0.030298715568310652
0.7,policy::source_tau0.9__topm__uniform0.2,source_temperature,0.7866728289993284,-0.03375141808218385
0.7,policy::source_tau1.1__full__accept_clip0.02,source_temperature,0.792117824787318,-0.028306422294194333
0.7,policy::source_tau1.1__full__accept_clip0.05,source_temperature,0.7899077307824336,-0.0305165162990787
0.7,policy::source_tau1.1__full__accept_clip0.1,source_temperature,0.787504480436876,-0.03291976664463625
0.7,policy::source_tau1.1__full__bonus1.25,source_temperature,0.7829233138110953,-0.037500933270417036
0.7,policy::source_tau1.1__full__bonus1.5,source_temperature,0.7837268275822666,-0.036697419499245654
0.7,policy::source_tau1.1__full__bonus2,source_temperature,0.7843141004270292,-0.03611014665448309
0.7,policy::source_tau1.1__full__bonus3,source_temperature,0.7856081597904397,-0.03481608729107255
0.7,policy::source_tau1.1__full__expected_mix0.25,source_temperature,0.7956714029270319,-0.024752844154480425
0.7,policy::source_tau1.1__full__expected_mix0.5,source_temperature,0.7925614368855783,-0.02786281019593395
0.7,policy::source_tau1.1__full__expected_mix0.75,source_temperature,0.7903117985791092,-0.030112448502403133
0.7,policy::source_tau1.1__full__expected_rejection,source_temperature,0.7812350793039897,-0.03918916777752257
0.7,policy::source_tau1.1__full__h_tau0.8,source_temperature,0.7611455728266764,-0.059278674254835906
0.7,policy::source_tau1.1__full__h_tau0.9,source_temperature,0.7726066765011056,-0.0478175705804067
0.7,policy::source_tau1.1__full__h_tau1.1,source_temperature,0.782944172062472,-0.03748007501904027
0.7,policy::source_tau1.1__full__h_tau1.25,source_temperature,0.7811754894075175,-0.03924875767399483
0.7,policy::source_tau1.1__full__original,source_temperature,0.7811155699834224,-0.03930867709808994
0.7,policy::source_tau1.1__full__power0.5,source_temperature,0.7932407459246287,-0.027183501156883616
0.7,policy::source_tau1.1__full__power0.75,source_temperature,0.7874296731038296,-0.032994573977682684
0.7,policy::source_tau1.1__full__power1.25,source_temperature,0.7700132999311505,-0.05041094715036176
0.7,policy::source_tau1.1__full__power1.5,source_temperature,0.7617590370797789,-0.058665210001733414
0.7,policy::source_tau1.1__full__uniform0.02,source_temperature,0.7909416673320782,-0.029482579749434135
0.7,policy::source_tau1.1__full__uniform0.05,source_temperature,0.7941649677963092,-0.026259279285203108
0.7,policy::source_tau1.1__full__uniform0.1,source_temperature,0.7959805160248643,-0.024443731056647988
0.7,policy::source_tau1.1__full__uniform0.2,source_temperature,0.7927811512852592,-0.027643095796253125
0.7,policy::source_tau1.1__topm__accept_clip0.02,source_temperature,0.7914617882290241,-0.02896245885248816
0.7,policy::source_tau1.1__topm__accept_clip0.05,source_temperature,0.7890893867341161,-0.03133486034739619
0.7,policy::source_tau1.1__topm__accept_clip0.1,source_temperature,0.7870480377864802,-0.033376209295032044
0.7,policy::source_tau1.1__topm__bonus1.25,source_temperature,0.7812825829025573,-0.03914166417895504
0.7,policy::source_tau1.1__topm__bonus1.5,source_temperature,0.782820707257837,-0.03760353982367526
0.7,policy::source_tau1.1__topm__bonus2,source_temperature,0.7837458987983134,-0.036678348283198936
0.7,policy::source_tau1.1__topm__bonus3,source_temperature,0.7853798951389495,-0.035044351942562835
0.7,policy::source_tau1.1__topm__expected_mix0.25,source_temperature,0.7954176022386077,-0.025006644842904602
0.7,policy::source_tau1.1__topm__expected_mix0.5,source_temperature,0.7924496810953682,-0.027974565986144118
0.7,policy::source_tau1.1__topm__expected_mix0.75,source_temperature,0.7891869089983315,-0.031237338083180743
0.7,policy::source_tau1.1__topm__expected_rejection,source_temperature,0.7801020468546545,-0.04032220022685784
0.7,policy::source_tau1.1__topm__h_tau0.8,source_temperature,0.7608945016156445,-0.059529745465867756
0.7,policy::source_tau1.1__topm__h_tau0.9,source_temperature,0.7724542872112168,-0.04796995987029551
0.7,policy::source_tau1.1__topm__h_tau1.1,source_temperature,0.7823343053801782,-0.03808994170133406
0.7,policy::source_tau1.1__topm__h_tau1.25,source_temperature,0.7801246672867033,-0.040299579794809026
0.7,policy::source_tau1.1__topm__original,source_temperature,0.7804807344111835,-0.03994351267032881
0.7,policy::source_tau1.1__topm__power0.5,source_temperature,0.7917409184638754,-0.028683328617636894
0.7,policy::source_tau1.1__topm__power0.75,source_temperature,0.7868641815306416,-0.033560065550870655
0.7,policy::source_tau1.1__topm__power1.25,source_temperature,0.7698641576656394,-0.050560089415872866
0.7,policy::source_tau1.1__topm__power1.5,source_temperature,0.7600250326929799,-0.06039921438853235
0.7,policy::source_tau1.1__topm__uniform0.02,source_temperature,0.7902795937127831,-0.03014465336872918
0.7,policy::source_tau1.1__topm__uniform0.05,source_temperature,0.7926161789604671,-0.027808068121045193
0.7,policy::source_tau1.1__topm__uniform0.1,source_temperature,0.7945780469674056,-0.025846200114106654
0.7,policy::source_tau1.1__topm__uniform0.2,source_temperature,0.791823871868151,-0.02860037521336134
0.7,policy::twosided0.1__full__accept_clip0.02,bounded_subtraction,0.8181602343056933,-0.002264012775819002
0.7,policy::twosided0.1__full__accept_clip0.05,bounded_subtraction,0.8161884237022783,-0.004235823379234005
0.7,policy::twosided0.1__full__accept_clip0.1,bounded_subtraction,0.8139388781156589,-0.006485368965853389
0.7,policy::twosided0.1__full__bonus1.25,bounded_subtraction,0.8042728514319124,-0.016151395649599887
0.7,policy::twosided0.1__full__bonus1.5,bounded_subtraction,0.8056641996649161,-0.0147600474165962
0.7,policy::twosided0.1__full__bonus2,bounded_subtraction,0.8073086041980647,-0.013115642883447576
0.7,policy::twosided0.1__full__bonus3,bounded_subtraction,0.8076024304932201,-0.012821816588292179
0.7,policy::twosided0.1__full__expected_mix0.25,bounded_subtraction,0.824246890609844,0.003822643528331726
0.7,policy::twosided0.1__full__expected_mix0.5,bounded_subtraction,0.8207973923488178,0.0003731452673054747
0.7,policy::twosided0.1__full__expected_mix0.75,bounded_subtraction,0.8179022394427737,-0.002522007638738555
0.7,policy::twosided0.1__full__expected_rejection,bounded_subtraction,0.8089361792050342,-0.011488067876478048
0.7,policy::twosided0.1__full__h_tau0.8,bounded_subtraction,0.7827743670754141,-0.037649880006098146
0.7,policy::twosided0.1__full__h_tau0.9,bounded_subtraction,0.7973172206615932,-0.02310702641991913
0.7,policy::twosided0.1__full__h_tau1.1,bounded_subtraction,0.806491026616303,-0.013933220465209284
0.7,policy::twosided0.1__full__h_tau1.25,bounded_subtraction,0.8033852342020602,-0.017039012879452087
0.7,policy::twosided0.1__full__original,bounded_subtraction,0.8035108829274277,-0.01691336415408462
0.7,policy::twosided0.1__full__power0.5,bounded_subtraction,0.814072038232195,-0.006352208849317309
0.7,policy::twosided0.1__full__power0.75,bounded_subtraction,0.809919558593545,-0.010504688487967262
0.7,policy::twosided0.1__full__power1.25,bounded_subtraction,0.7949404888287259,-0.02548375825278637
0.7,policy::twosided0.1__full__power1.5,bounded_subtraction,0.7849713218912677,-0.035452925190244566
0.7,policy::twosided0.1__full__uniform0.02,bounded_subtraction,0.8175844356350908,-0.0028398114464215363
0.7,policy::twosided0.1__full__uniform0.05,bounded_subtraction,0.8186898093301122,-0.001734437751400142
0.7,policy::twosided0.1__full__uniform0.1,bounded_subtraction,0.8169814731494632,-0.003442773932049059
0.7,policy::twosided0.1__full__uniform0.2,bounded_subtraction,0.8129503155321216,-0.007473931549390689
0.7,policy::twosided0.1__topm__accept_clip0.02,bounded_subtraction,0.8185866689638804,-0.001837578117631855
0.7,policy::twosided0.1__topm__accept_clip0.05,bounded_subtraction,0.8153077563022648,-0.005116490779247473
0.7,policy::twosided0.1__topm__accept_clip0.1,bounded_subtraction,0.8139687389124415,-0.006455508169070812
0.7,policy::twosided0.1__topm__bonus1.25,bounded_subtraction,0.8028689224327017,-0.0175553246488106
0.7,policy::twosided0.1__topm__bonus1.5,bounded_subtraction,0.8053059531506094,-0.015118293930902915
0.7,policy::twosided0.1__topm__bonus2,bounded_subtraction,0.8072703287657542,-0.013153918315758073
0.7,policy::twosided0.1__topm__bonus3,bounded_subtraction,0.8074870152631494,-0.012937231818362926
0.7,policy::twosided0.1__topm__expected_mix0.25,bounded_subtraction,0.8244325250215068,0.004008277939994476
0.7,policy::twosided0.1__topm__expected_mix0.5,bounded_subtraction,0.8203370101379717,-8.723694354062506e-05
0.7,policy::twosided0.1__topm__expected_mix0.75,bounded_subtraction,0.816966504949929,-0.003457742131583341
0.7,policy::twosided0.1__topm__expected_rejection,bounded_subtraction,0.8076558384565088,-0.012768408625003502
0.7,policy::twosided0.1__topm__h_tau0.8,bounded_subtraction,0.7815529271900501,-0.0388713198914622
0.7,policy::twosided0.1__topm__h_tau0.9,bounded_subtraction,0.7964958865579064,-0.023928360523605918
0.7,policy::twosided0.1__topm__h_tau1.1,bounded_subtraction,0.805758742111665,-0.01466550496984731
0.7,policy::twosided0.1__topm__h_tau1.25,bounded_subtraction,0.8029689206738899,-0.017455326407622374
0.7,policy::twosided0.1__topm__original,bounded_subtraction,0.8029312362993375,-0.0174930107821748
0.7,policy::twosided0.1__topm__power0.5,bounded_subtraction,0.8132184651077119,-0.007205781973800396
0.7,policy::twosided0.1__topm__power0.75,bounded_subtraction,0.8098375015533741,-0.010586745528138208
0.7,policy::twosided0.1__topm__power1.25,bounded_subtraction,0.7940731895636042,-0.026351057517908116
0.7,policy::twosided0.1__topm__power1.5,bounded_subtraction,0.7835382341484672,-0.036886012933045054
0.7,policy::twosided0.1__topm__uniform0.02,bounded_subtraction,0.8160380092360169,-0.004386237845495411
0.7,policy::twosided0.1__topm__uniform0.05,bounded_subtraction,0.8185756252694089,-0.0018486218121034348
0.7,policy::twosided0.1__topm__uniform0.1,bounded_subtraction,0.8169654924280255,-0.003458754653486773
0.7,policy::twosided0.1__topm__uniform0.2,bounded_subtraction,0.8124996353754905,-0.007924611706021767
0.7,policy::twosided0.25__full__accept_clip0.02,bounded_subtraction,0.8205668041504961,0.00014255706898380627
0.7,policy::twosided0.25__full__accept_clip0.05,bounded_subtraction,0.8198870182020551,-0.0005372288794571745
0.7,policy::twosided0.25__full__accept_clip0.1,bounded_subtraction,0.8144367805015872,-0.005987466579925105
0.7,policy::twosided0.25__full__bonus1.25,bounded_subtraction,0.8046089139004441,-0.015815333181068203
0.7,policy::twosided0.25__full__bonus1.5,bounded_subtraction,0.805539863759873,-0.014884383321639327
0.7,policy::twosided0.25__full__bonus2,bounded_subtraction,0.8088228251223177,-0.011601421959194558
0.7,policy::twosided0.25__full__bonus3,bounded_subtraction,0.8079059855235865,-0.012518261557925792
0.7,policy::twosided0.25__full__expected_mix0.25,bounded_subtraction,0.8265335239857826,0.006109276904270322
0.7,policy::twosided0.25__full__expected_mix0.5,bounded_subtraction,0.8230395044859885,0.0026152574044762122
0.7,policy::twosided0.25__full__expected_mix0.75,bounded_subtraction,0.8192623293787397,-0.0011619177027726302
0.7,policy::twosided0.25__full__expected_rejection,bounded_subtraction,0.812221775452807,-0.008202471628705243
0.7,policy::twosided0.25__full__h_tau0.8,bounded_subtraction,0.7793972997023065,-0.04102694737920576
0.7,policy::twosided0.25__full__h_tau0.9,bounded_subtraction,0.794776285338207,-0.025647961743305303
0.7,policy::twosided0.25__full__h_tau1.1,bounded_subtraction,0.8042548208157777,-0.016169426265734588
0.7,policy::twosided0.25__full__h_tau1.25,bounded_subtraction,0.8026482832814827,-0.01777596380002955
0.7,policy::twosided0.25__full__original,bounded_subtraction,0.8035010560782888,-0.01692319100322348
0.7,policy::twosided0.25__full__power0.5,bounded_subtraction,0.8136881669838123,-0.006736080097699992
0.7,policy::twosided0.25__full__power0.75,bounded_subtraction,0.8113268907384531,-0.009097356343059193
0.7,policy::twosided0.25__full__power1.25,bounded_subtraction,0.7921154837756872,-0.028308763305825102
0.7,policy::twosided0.25__full__power1.5,bounded_subtraction,0.7823958115783658,-0.038028435503146496
0.7,policy::twosided0.25__full__uniform0.02,bounded_subtraction,0.8194840196520036,-0.0009402274295087221
0.7,policy::twosided0.25__full__uniform0.05,bounded_subtraction,0.8211753946278615,0.0007511475463491957
0.7,policy::twosided0.25__full__uniform0.1,bounded_subtraction,0.8212283285763293,0.0008040814948170327
0.7,policy::twosided0.25__full__uniform0.2,bounded_subtraction,0.8161048421846694,-0.004319404896842904
0.7,policy::twosided0.25__topm__accept_clip0.02,bounded_subtraction,0.8205832140876235,0.00015896700611117698
0.7,policy::twosided0.25__topm__accept_clip0.05,bounded_subtraction,0.8185238365563728,-0.001900410525139451
0.7,policy::twosided0.25__topm__accept_clip0.1,bounded_subtraction,0.8146740586395071,-0.005750188442005144
0.7,policy::twosided0.25__topm__bonus1.25,bounded_subtraction,0.8043833844139248,-0.01604086266758753
0.7,policy::twosided0.25__topm__bonus1.5,bounded_subtraction,0.8051682607133065,-0.015255986368205798
0.7,policy::twosided0.25__topm__bonus2,bounded_subtraction,0.807999629108689,-0.012424617972823238
0.7,policy::twosided0.25__topm__bonus3,bounded_subtraction,0.8079213625119994,-0.012502884569512873
0.7,policy::twosided0.25__topm__expected_mix0.25,bounded_subtraction,0.8259764188456914,0.0055521717641791035
0.7,policy::twosided0.25__topm__expected_mix0.5,bounded_subtraction,0.8221216499090134,0.0016974028275010822
0.7,policy::twosided0.25__topm__expected_mix0.75,bounded_subtraction,0.8176435921091667,-0.0027806549723455865
0.7,policy::twosided0.25__topm__expected_rejection,bounded_subtraction,0.811095351462816,-0.00932889561869632
0.7,policy::twosided0.25__topm__h_tau0.8,bounded_subtraction,0.7788754324100985,-0.0415488146714138
0.7,policy::twosided0.25__topm__h_tau0.9,bounded_subtraction,0.7947342885737192,-0.025689958507793098
0.7,policy::twosided0.25__topm__h_tau1.1,bounded_subtraction,0.8044335998308092,-0.015990647250703094
0.7,policy::twosided0.25__topm__h_tau1.25,bounded_subtraction,0.8018684029742881,-0.018555844107224218
0.7,policy::twosided0.25__topm__original,bounded_subtraction,0.8032225944727167,-0.01720165260879558
0.7,policy::twosided0.25__topm__power0.5,bounded_subtraction,0.8123135360119705,-0.008110711069541754
0.7,policy::twosided0.25__topm__power0.75,bounded_subtraction,0.8110808923985909,-0.009343354682921357
0.7,policy::twosided0.25__topm__power1.25,bounded_subtraction,0.7915620629272877,-0.02886218415422459
0.7,policy::twosided0.25__topm__power1.5,bounded_subtraction,0.7818027109417318,-0.03862153613978048
0.7,policy::twosided0.25__topm__uniform0.02,bounded_subtraction,0.8188854300987266,-0.0015388169827856846
0.7,policy::twosided0.25__topm__uniform0.05,bounded_subtraction,0.8223059540217398,0.00188170694022749
0.7,policy::twosided0.25__topm__uniform0.1,bounded_subtraction,0.8214049143170776,0.0009806672355653356
0.7,policy::twosided0.25__topm__uniform0.2,bounded_subtraction,0.8164582005114331,-0.003966046570079151
0.7,policy::twosided0.5__full__accept_clip0.02,bounded_subtraction,0.8138907465376974,-0.006533500543814852
0.7,policy::twosided0.5__full__accept_clip0.05,bounded_subtraction,0.8139744585481973,-0.006449788533315015
0.7,policy::twosided0.5__full__accept_clip0.1,bounded_subtraction,0.812374984949661,-0.008049262131851309
0.7,policy::twosided0.5__full__bonus1.25,bounded_subtraction,0.7992572890529046,-0.021166958028607685
0.7,policy::twosided0.5__full__bonus1.5,bounded_subtraction,0.8003379801902464,-0.020086266891265914
0.7,policy::twosided0.5__full__bonus2,bounded_subtraction,0.8024591209607144,-0.017965126120797925
0.7,policy::twosided0.5__full__bonus3,bounded_subtraction,0.8036957493903305,-0.016728497691181787
0.7,policy::twosided0.5__full__expected_mix0.25,bounded_subtraction,0.8203296336342576,-9.461344725469889e-05
0.7,policy::twosided0.5__full__expected_mix0.5,bounded_subtraction,0.8211060276281267,0.0006817805466143856
0.7,policy::twosided0.5__full__expected_mix0.75,bounded_subtraction,0.8158640066803423,-0.004560240401169979
0.7,policy::twosided0.5__full__expected_rejection,bounded_subtraction,0.8100335260796518,-0.010390721001860448
0.7,policy::twosided0.5__full__h_tau0.8,bounded_subtraction,0.7735526101307993,-0.04687163695071295
0.7,policy::twosided0.5__full__h_tau0.9,bounded_subtraction,0.7886908346881304,-0.0317334123933819
0.7,policy::twosided0.5__full__h_tau1.1,bounded_subtraction,0.8012313917693612,-0.01919285531215109
0.7,policy::twosided0.5__full__h_tau1.25,bounded_subtraction,0.8010782099381859,-0.01934603714332639
0.7,policy::twosided0.5__full__original,bounded_subtraction,0.7969826260752401,-0.02344162100627223
0.7,policy::twosided0.5__full__power0.5,bounded_subtraction,0.8105341018092453,-0.009890145272266948
0.7,policy::twosided0.5__full__power0.75,bounded_subtraction,0.8073449174853049,-0.01307932959620739
0.7,policy::twosided0.5__full__power1.25,bounded_subtraction,0.7849726028343154,-0.035451644247196934
0.7,policy::twosided0.5__full__power1.5,bounded_subtraction,0.7769052065847787,-0.04351904049673361
0.7,policy::twosided0.5__full__uniform0.02,bounded_subtraction,0.8128618082215666,-0.007562438859945675
0.7,policy::twosided0.5__full__uniform0.05,bounded_subtraction,0.8185877881573651,-0.0018364589241471885
0.7,policy::twosided0.5__full__uniform0.1,bounded_subtraction,0.8185379782607594,-0.0018862688207529343
0.7,policy::twosided0.5__full__uniform0.2,bounded_subtraction,0.8160805598749235,-0.004343687206588842
0.7,policy::twosided0.5__topm__accept_clip0.02,bounded_subtraction,0.8130697971070033,-0.007354449974508959
0.7,policy::twosided0.5__topm__accept_clip0.05,bounded_subtraction,0.8137539130866552,-0.006670333994857058
0.7,policy::twosided0.5__topm__accept_clip0.1,bounded_subtraction,0.8125937269599337,-0.007830520121578588
0.7,policy::twosided0.5__topm__bonus1.25,bounded_subtraction,0.7982934942319029,-0.022130752849609414
0.7,policy::twosided0.5__topm__bonus1.5,bounded_subtraction,0.7993343594461304,-0.021089887635381888
0.7,policy::twosided0.5__topm__bonus2,bounded_subtraction,0.8023681362734425,-0.018056110808069792
0.7,policy::twosided0.5__topm__bonus3,bounded_subtraction,0.803501396846589,-0.016922850234923237
0.7,policy::twosided0.5__topm__expected_mix0.25,bounded_subtraction,0.8192630226015066,-0.0011612244800056626
0.7,policy::twosided0.5__topm__expected_mix0.5,bounded_subtraction,0.8194020670540095,-0.0010221800275027615
0.7,policy::twosided0.5__topm__expected_mix0.75,bounded_subtraction,0.8160635356588906,-0.0043607114226217325
0.7,policy::twosided0.5__topm__expected_rejection,bounded_subtraction,0.8094960712136208,-0.01092817586789152
0.7,policy::twosided0.5__topm__h_tau0.8,bounded_subtraction,0.7732676665829122,-0.047156580498600054
0.7,policy::twosided0.5__topm__h_tau0.9,bounded_subtraction,0.7888831695132358,-0.03154107756827651
0.7,policy::twosided0.5__topm__h_tau1.1,bounded_subtraction,0.8013196755954517,-0.019104571486060595
0.7,policy::twosided0.5__topm__h_tau1.25,bounded_subtraction,0.8001376875770004,-0.02028655950451186
0.7,policy::twosided0.5__topm__original,bounded_subtraction,0.7960215910030379,-0.02440265607847436
0.7,policy::twosided0.5__topm__power0.5,bounded_subtraction,0.8094116543535406,-0.011012592727971726
0.7,policy::twosided0.5__topm__power0.75,bounded_subtraction,0.806650971026109,-0.013773276055403239
0.7,policy::twosided0.5__topm__power1.25,bounded_subtraction,0.7853452888855704,-0.03507895819594187
0.7,policy::twosided0.5__topm__power1.5,bounded_subtraction,0.7760516181803127,-0.04437262890119964
0.7,policy::twosided0.5__topm__uniform0.02,bounded_subtraction,0.812337346825011,-0.008086900256501273
0.7,policy::twosided0.5__topm__uniform0.05,bounded_subtraction,0.8186261626571039,-0.0017980844244084304
0.7,policy::twosided0.5__topm__uniform0.1,bounded_subtraction,0.8183798380872694,-0.0020444089942428523
0.7,policy::twosided0.5__topm__uniform0.2,bounded_subtraction,0.8166094565487672,-0.003814790532745138
0.7,policy::twosided1__full__accept_clip0.02,bounded_subtraction,0.806389557800382,-0.014034689281130275
0.7,policy::twosided1__full__accept_clip0.05,bounded_subtraction,0.8099902549590718,-0.01043399212244045
0.7,policy::twosided1__full__accept_clip0.1,bounded_subtraction,0.8088338982811809,-0.011590348800331385
0.7,policy::twosided1__full__bonus1.25,bounded_subtraction,0.7906937834828028,-0.029730463598709456
0.7,policy::twosided1__full__bonus1.5,bounded_subtraction,0.7928356629108713,-0.02758858417064103
0.7,policy::twosided1__full__bonus2,bounded_subtraction,0.7966173193203658,-0.023806927761146457
0.7,policy::twosided1__full__bonus3,bounded_subtraction,0.7979682006493424,-0.022456046432169918
0.7,policy::twosided1__full__expected_mix0.25,bounded_subtraction,0.8150584803530386,-0.005365766728473664
0.7,policy::twosided1__full__expected_mix0.5,bounded_subtraction,0.8149023831080726,-0.005521863973439678
0.7,policy::twosided1__full__expected_mix0.75,bounded_subtraction,0.8099385608874476,-0.010485686194064647
0.7,policy::twosided1__full__expected_rejection,bounded_subtraction,0.8006200168135545,-0.019804230267957745
0.7,policy::twosided1__full__h_tau0.8,bounded_subtraction,0.7674365916953501,-0.052987655386162236
0.7,policy::twosided1__full__h_tau0.9,bounded_subtraction,0.7816680898050469,-0.03875615727646542
0.7,policy::twosided1__full__h_tau1.1,bounded_subtraction,0.793777458668186,-0.02664678841332624
0.7,policy::twosided1__full__h_tau1.25,bounded_subtraction,0.7927095792704222,-0.02771466781109011
0.7,policy::twosided1__full__original,bounded_subtraction,0.7897328658270807,-0.030691381254431604
0.7,policy::twosided1__full__power0.5,bounded_subtraction,0.8049980812067852,-0.015426165874727116
0.7,policy::twosided1__full__power0.75,bounded_subtraction,0.7988067315486852,-0.021617515532827092
0.7,policy::twosided1__full__power1.25,bounded_subtraction,0.7783565029633253,-0.042067744118187034
0.7,policy::twosided1__full__power1.5,bounded_subtraction,0.7686555817815133,-0.05176866529999902
0.7,policy::twosided1__full__uniform0.02,bounded_subtraction,0.805399164011898,-0.015025083069614253
0.7,policy::twosided1__full__uniform0.05,bounded_subtraction,0.8133369378312176,-0.00708730925029466
0.7,policy::twosided1__full__uniform0.1,bounded_subtraction,0.8125839489505128,-0.007840298130999512
0.7,policy::twosided1__full__uniform0.2,bounded_subtraction,0.8092361653902178,-0.011188081691294482
0.7,policy::twosided1__topm__accept_clip0.02,bounded_subtraction,0.8067723468785113,-0.013651900203001
0.7,policy::twosided1__topm__accept_clip0.05,bounded_subtraction,0.8085576157344523,-0.011866631347060008
0.7,policy::twosided1__topm__accept_clip0.1,bounded_subtraction,0.8079811444438678,-0.012443102637644476
0.7,policy::twosided1__topm__bonus1.25,bounded_subtraction,0.7907336057443318,-0.029690641337180468
0.7,policy::twosided1__topm__bonus1.5,bounded_subtraction,0.7916191374374545,-0.028805109644057802
0.7,policy::twosided1__topm__bonus2,bounded_subtraction,0.7964691693981725,-0.02395507768333982
0.7,policy::twosided1__topm__bonus3,bounded_subtraction,0.7982031515605755,-0.022221095520936762
0.7,policy::twosided1__topm__expected_mix0.25,bounded_subtraction,0.8145800988765061,-0.005844148205006228
0.7,policy::twosided1__topm__expected_mix0.5,bounded_subtraction,0.8142780703216574,-0.006146176759854849
0.7,policy::twosided1__topm__expected_mix0.75,bounded_subtraction,0.8103011980991506,-0.010123048982361715
0.7,policy::twosided1__topm__expected_rejection,bounded_subtraction,0.801071151994446,-0.019353095087066285
0.7,policy::twosided1__topm__h_tau0.8,bounded_subtraction,0.7665173136303958,-0.05390693345111652
0.7,policy::twosided1__topm__h_tau0.9,bounded_subtraction,0.7798238015833151,-0.04060044549819719
0.7,policy::twosided1__topm__h_tau1.1,bounded_subtraction,0.7920590817356643,-0.028365165345847987
0.7,policy::twosided1__topm__h_tau1.25,bounded_subtraction,0.7921244528443803,-0.028299794237132025
0.7,policy::twosided1__topm__original,bounded_subtraction,0.789648712853556,-0.030775534227956314
0.7,policy::twosided1__topm__power0.5,bounded_subtraction,0.8037379396343319,-0.01668630744718036
0.7,policy::twosided1__topm__power0.75,bounded_subtraction,0.7982452102180172,-0.022179036863495094
0.7,policy::twosided1__topm__power1.25,bounded_subtraction,0.7769924771720113,-0.04343176990950104
0.7,policy::twosided1__topm__power1.5,bounded_subtraction,0.7666149447801921,-0.053809302301320194
0.7,policy::twosided1__topm__uniform0.02,bounded_subtraction,0.8045241628762371,-0.015900084205275222
0.7,policy::twosided1__topm__uniform0.05,bounded_subtraction,0.8136448874328277,-0.006779359648684591
0.7,policy::twosided1__topm__uniform0.1,bounded_subtraction,0.8120863536591003,-0.00833789342241198
0.7,policy::twosided1__topm__uniform0.2,bounded_subtraction,0.8096755188708892,-0.010748728210623115
0.7,policy::uncertainty0.01__full__accept_clip0.02,bounded_subtraction,0.8227824322955671,0.002358185214054842
0.7,policy::uncertainty0.01__full__accept_clip0.05,bounded_subtraction,0.820315361172214,-0.00010888590929825082
0.7,policy::uncertainty0.01__full__accept_clip0.1,bounded_subtraction,0.8189198313897275,-0.0015044156917848328
0.7,policy::uncertainty0.01__full__bonus1.25,bounded_subtraction,0.8064934306938905,-0.013930816387621836
0.7,policy::uncertainty0.01__full__bonus1.5,bounded_subtraction,0.8058993470516367,-0.01452490002987561
0.7,policy::uncertainty0.01__full__bonus2,bounded_subtraction,0.8066924628747404,-0.013731784206771902
0.7,policy::uncertainty0.01__full__bonus3,bounded_subtraction,0.8077905900051092,-0.012633657076403071
0.7,policy::uncertainty0.01__full__expected_mix0.25,bounded_subtraction,0.8203234153053831,-0.00010083177612918437
0.7,policy::uncertainty0.01__full__expected_mix0.5,bounded_subtraction,0.81883007347413,-0.0015941736073823431
0.7,policy::uncertainty0.01__full__expected_mix0.75,bounded_subtraction,0.8152135484896131,-0.005210698591899154
0.7,policy::uncertainty0.01__full__expected_rejection,bounded_subtraction,0.8069285481324301,-0.013495698949082202
0.7,policy::uncertainty0.01__full__h_tau0.8,bounded_subtraction,0.7859126224292361,-0.034511624652276196
0.7,policy::uncertainty0.01__full__h_tau0.9,bounded_subtraction,0.7995823216101353,-0.020841925471376976
0.7,policy::uncertainty0.01__full__h_tau1.1,bounded_subtraction,0.8063943165444993,-0.014029930537012958
0.7,policy::uncertainty0.01__full__h_tau1.25,bounded_subtraction,0.8034885829393571,-0.016935664142155193
0.7,policy::uncertainty0.01__full__original,bounded_subtraction,0.8061368164262727,-0.01428743065523963
0.7,policy::uncertainty0.01__full__power0.5,bounded_subtraction,0.8102921255653013,-0.010132121516211012
0.7,policy::uncertainty0.01__full__power0.75,bounded_subtraction,0.8101965923186715,-0.010227654762840821
0.7,policy::uncertainty0.01__full__power1.25,bounded_subtraction,0.7959085382726441,-0.02451570880886822
0.7,policy::uncertainty0.01__full__power1.5,bounded_subtraction,0.7883702947511022,-0.032053952330410085
0.7,policy::uncertainty0.01__full__uniform0.02,bounded_subtraction,0.819864506863099,-0.0005597402184133182
0.7,policy::uncertainty0.01__full__uniform0.05,bounded_subtraction,0.8261566045040869,0.005732357422574608
0.7,policy::uncertainty0.01__full__uniform0.1,bounded_subtraction,0.8207347554059683,0.00031050832445600474
0.7,policy::uncertainty0.01__full__uniform0.2,bounded_subtraction,0.8162790653614671,-0.004145181720045188
0.7,policy::uncertainty0.01__topm__accept_clip0.02,bounded_subtraction,0.8188039887600881,-0.0016202583214242061
0.7,policy::uncertainty0.01__topm__accept_clip0.05,bounded_subtraction,0.8184859715796977,-0.0019382755018145792
0.7,policy::uncertainty0.01__topm__accept_clip0.1,bounded_subtraction,0.8117346169558038,-0.008689630125708447
0.7,policy::uncertainty0.01__topm__bonus1.25,bounded_subtraction,0.8055606505870513,-0.014863596494461007
0.7,policy::uncertainty0.01__topm__bonus1.5,bounded_subtraction,0.8049408564348763,-0.015483390646635953
0.7,policy::uncertainty0.01__topm__bonus2,bounded_subtraction,0.8062131994647104,-0.01421104761680192
0.7,policy::uncertainty0.01__topm__bonus3,bounded_subtraction,0.8074646552853924,-0.01295959179611994
0.7,policy::uncertainty0.01__topm__expected_mix0.25,bounded_subtraction,0.8222852432248655,0.0018609961433532218
0.7,policy::uncertainty0.01__topm__expected_mix0.5,bounded_subtraction,0.8173792594510396,-0.003044987630472673
0.7,policy::uncertainty0.01__topm__expected_mix0.75,bounded_subtraction,0.8117334804283325,-0.008690766653179804
0.7,policy::uncertainty0.01__topm__expected_rejection,bounded_subtraction,0.8019793229800141,-0.018444924101498228
0.7,policy::uncertainty0.01__topm__h_tau0.8,bounded_subtraction,0.7839278647120613,-0.036496382369450964
0.7,policy::uncertainty0.01__topm__h_tau0.9,bounded_subtraction,0.7974904450759644,-0.022933802005547843
0.7,policy::uncertainty0.01__topm__h_tau1.1,bounded_subtraction,0.8041147774200192,-0.016309469661493048
0.7,policy::uncertainty0.01__topm__h_tau1.25,bounded_subtraction,0.8019020412541117,-0.018522205827400606
0.7,policy::uncertainty0.01__topm__original,bounded_subtraction,0.8040841233304662,-0.0163401237510461
0.7,policy::uncertainty0.01__topm__power0.5,bounded_subtraction,0.8073793266996673,-0.013044920381845015
0.7,policy::uncertainty0.01__topm__power0.75,bounded_subtraction,0.8076357730621959,-0.012788474019316376
0.7,policy::uncertainty0.01__topm__power1.25,bounded_subtraction,0.7938051122964983,-0.026619134785013987
0.7,policy::uncertainty0.01__topm__power1.5,bounded_subtraction,0.7868006412782227,-0.0336236058032896
0.7,policy::uncertainty0.01__topm__uniform0.02,bounded_subtraction,0.81839751729259,-0.0020267297889222657
0.7,policy::uncertainty0.01__topm__uniform0.05,bounded_subtraction,0.8209540349827391,0.0005297879012268192
0.7,policy::uncertainty0.01__topm__uniform0.1,bounded_subtraction,0.8171261952464545,-0.0032980518350578247
0.7,policy::uncertainty0.01__topm__uniform0.2,bounded_subtraction,0.8095962144155205,-0.01082803266599175
0.7,policy::uncertainty0.03__full__accept_clip0.02,bounded_subtraction,0.8305903558548755,0.010166108773363214
0.7,policy::uncertainty0.03__full__accept_clip0.05,bounded_subtraction,0.832042918956312,0.011618671874799702
0.7,policy::uncertainty0.03__full__accept_clip0.1,bounded_subtraction,0.8288661009281881,0.00844185384667584
0.7,policy::uncertainty0.03__full__bonus1.25,bounded_subtraction,0.8131315347735244,-0.007292712307987892
0.7,policy::uncertainty0.03__full__bonus1.5,bounded_subtraction,0.8126812323888273,-0.007743014692685013
0.7,policy::uncertainty0.03__full__bonus2,bounded_subtraction,0.81365225189547,-0.006771995186042323
0.7,policy::uncertainty0.03__full__bonus3,bounded_subtraction,0.8142479399440613,-0.006176307137450987
0.7,policy::uncertainty0.03__full__expected_mix0.25,bounded_subtraction,0.8348335880756982,0.014409340994185893
0.7,policy::uncertainty0.03__full__expected_mix0.5,bounded_subtraction,0.8327204689890162,0.012296221907503901
0.7,policy::uncertainty0.03__full__expected_mix0.75,bounded_subtraction,0.8290112921338393,0.008587045052326991
0.7,policy::uncertainty0.03__full__expected_rejection,bounded_subtraction,0.8215296697736032,0.0011054226920909072
0.7,policy::uncertainty0.03__full__h_tau0.8,bounded_subtraction,0.787536409629994,-0.03288783745151824
0.7,policy::uncertainty0.03__full__h_tau0.9,bounded_subtraction,0.8030681217548501,-0.017356125326662197
0.7,policy::uncertainty0.03__full__h_tau1.1,bounded_subtraction,0.8140649209689975,-0.006359326112514774
0.7,policy::uncertainty0.03__full__h_tau1.25,bounded_subtraction,0.8140096970574547,-0.006414550024057553
0.7,policy::uncertainty0.03__full__original,bounded_subtraction,0.8128127645967282,-0.007611482484784049
0.7,policy::uncertainty0.03__full__power0.5,bounded_subtraction,0.823155162264527,0.002730915183014715
0.7,policy::uncertainty0.03__full__power0.75,bounded_subtraction,0.8178701715577509,-0.002554075523761412
0.7,policy::uncertainty0.03__full__power1.25,bounded_subtraction,0.7982049953484944,-0.022219251733017864
0.7,policy::uncertainty0.03__full__power1.5,bounded_subtraction,0.7887731959285743,-0.03165105115293798
0.7,policy::uncertainty0.03__full__uniform0.02,bounded_subtraction,0.8274211557444862,0.006996908662973866
0.7,policy::uncertainty0.03__full__uniform0.05,bounded_subtraction,0.8319017211636249,0.011477474082112638
0.7,policy::uncertainty0.03__full__uniform0.1,bounded_subtraction,0.8336806886585424,0.013256441577030098
0.7,policy::uncertainty0.03__full__uniform0.2,bounded_subtraction,0.8288945366733197,0.0084702895918074
0.7,policy::uncertainty0.03__topm__accept_clip0.02,bounded_subtraction,0.8256578036598285,0.005233556578316256
0.7,policy::uncertainty0.03__topm__accept_clip0.05,bounded_subtraction,0.8239549289849792,0.003530681903466948
0.7,policy::uncertainty0.03__topm__accept_clip0.1,bounded_subtraction,0.8215406909659146,0.0011164438844023516
0.7,policy::uncertainty0.03__topm__bonus1.25,bounded_subtraction,0.80898356366272,-0.011440683418792341
0.7,policy::uncertainty0.03__topm__bonus1.5,bounded_subtraction,0.810291167749184,-0.01013307933232832
0.7,policy::uncertainty0.03__topm__bonus2,bounded_subtraction,0.8110066927218055,-0.009417554359706815
0.7,policy::uncertainty0.03__topm__bonus3,bounded_subtraction,0.8123160617703593,-0.008108185311152982
0.7,policy::uncertainty0.03__topm__expected_mix0.25,bounded_subtraction,0.8337523004788026,0.013328053397290263
0.7,policy::uncertainty0.03__topm__expected_mix0.5,bounded_subtraction,0.8290149196934944,0.008590672611982098
0.7,policy::uncertainty0.03__topm__expected_mix0.75,bounded_subtraction,0.8241403158772314,0.003716068795719063
0.7,policy::uncertainty0.03__topm__expected_rejection,bounded_subtraction,0.8124138387299565,-0.008010408351555753
0.7,policy::uncertainty0.03__topm__h_tau0.8,bounded_subtraction,0.7842823836777274,-0.03614186340378489
0.7,policy::uncertainty0.03__topm__h_tau0.9,bounded_subtraction,0.8003377144810196,-0.020086532600492646
0.7,policy::uncertainty0.03__topm__h_tau1.1,bounded_subtraction,0.811937568523957,-0.00848667855755525
0.7,policy::uncertainty0.03__topm__h_tau1.25,bounded_subtraction,0.8097840181690245,-0.010640228912487837
0.7,policy::uncertainty0.03__topm__original,bounded_subtraction,0.8085622444363364,-0.011862002645175895
0.7,policy::uncertainty0.03__topm__power0.5,bounded_subtraction,0.8187055881358299,-0.0017186589456823498
0.7,policy::uncertainty0.03__topm__power0.75,bounded_subtraction,0.8140780982697209,-0.006346148811791408
0.7,policy::uncertainty0.03__topm__power1.25,bounded_subtraction,0.7961948110084108,-0.024229436073101462
0.7,policy::uncertainty0.03__topm__power1.5,bounded_subtraction,0.7876577515052375,-0.03276649557627476
0.7,policy::uncertainty0.03__topm__uniform0.02,bounded_subtraction,0.8229321004222272,0.002507853340714905
0.7,policy::uncertainty0.03__topm__uniform0.05,bounded_subtraction,0.8272685444516351,0.0068442973701228205
0.7,policy::uncertainty0.03__topm__uniform0.1,bounded_subtraction,0.825841295006632,0.005417047925119656
0.7,policy::uncertainty0.03__topm__uniform0.2,bounded_subtraction,0.823720510495778,0.003296263414265699
0.7,policy::uncertainty0.1__full__accept_clip0.02,bounded_subtraction,0.8277147805205629,0.007290533439050617
0.7,policy::uncertainty0.1__full__accept_clip0.05,bounded_subtraction,0.8325955072360266,0.012171260154514307
0.7,policy::uncertainty0.1__full__accept_clip0.1,bounded_subtraction,0.8353935831217428,0.014969336040230541
0.7,policy::uncertainty0.1__full__bonus1.25,bounded_subtraction,0.8102597624324874,-0.010164484649024863
0.7,policy::uncertainty0.1__full__bonus1.5,bounded_subtraction,0.8107109436191793,-0.009713303462333012
0.7,policy::uncertainty0.1__full__bonus2,bounded_subtraction,0.812339154507119,-0.008085092574393271
0.7,policy::uncertainty0.1__full__bonus3,bounded_subtraction,0.8124800176631413,-0.00794422941837103
0.7,policy::uncertainty0.1__full__expected_mix0.25,bounded_subtraction,0.8362751488735612,0.015850901792048955
0.7,policy::uncertainty0.1__full__expected_mix0.5,bounded_subtraction,0.8374053309843121,0.016981083902799843
0.7,policy::uncertainty0.1__full__expected_mix0.75,bounded_subtraction,0.836945903827871,0.016521656746358748
0.7,policy::uncertainty0.1__full__expected_rejection,bounded_subtraction,0.8287780540672551,0.00835380698574284
0.7,policy::uncertainty0.1__full__h_tau0.8,bounded_subtraction,0.7844782492086331,-0.03594599787287922
0.7,policy::uncertainty0.1__full__h_tau0.9,bounded_subtraction,0.8000492393853873,-0.02037500769612499
0.7,policy::uncertainty0.1__full__h_tau1.1,bounded_subtraction,0.8142103974463086,-0.006213849635203661
0.7,policy::uncertainty0.1__full__h_tau1.25,bounded_subtraction,0.8129513884914144,-0.007472858590097942
0.7,policy::uncertainty0.1__full__original,bounded_subtraction,0.8093374775444865,-0.011086769537025809
0.7,policy::uncertainty0.1__full__power0.5,bounded_subtraction,0.8274219725579187,0.0069977254764064245
0.7,policy::uncertainty0.1__full__power0.75,bounded_subtraction,0.8198787863805833,-0.0005454607009289791
0.7,policy::uncertainty0.1__full__power1.25,bounded_subtraction,0.7928029746507111,-0.027621272430801147
0.7,policy::uncertainty0.1__full__power1.5,bounded_subtraction,0.782684118237068,-0.03774012884444433
0.7,policy::uncertainty0.1__full__uniform0.02,bounded_subtraction,0.8251533357942745,0.0047290887127622305
0.7,policy::uncertainty0.1__full__uniform0.05,bounded_subtraction,0.8321366736484543,0.011712426566942047
0.7,policy::uncertainty0.1__full__uniform0.1,bounded_subtraction,0.8331016420146523,0.012677394933140018
0.7,policy::uncertainty0.1__full__uniform0.2,bounded_subtraction,0.8378207507680134,0.01739650368650114
0.7,policy::uncertainty0.1__topm__accept_clip0.02,bounded_subtraction,0.8241522186282338,0.0037279715467215535
0.7,policy::uncertainty0.1__topm__accept_clip0.05,bounded_subtraction,0.8287012609609221,0.008277013879409822
0.7,policy::uncertainty0.1__topm__accept_clip0.1,bounded_subtraction,0.8263741187268933,0.005949871645380966
0.7,policy::uncertainty0.1__topm__bonus1.25,bounded_subtraction,0.8062670070401878,-0.01415724004132446
0.7,policy::uncertainty0.1__topm__bonus1.5,bounded_subtraction,0.8086463249158305,-0.011777922165681742
0.7,policy::uncertainty0.1__topm__bonus2,bounded_subtraction,0.8107754206727181,-0.009648826408794164
0.7,policy::uncertainty0.1__topm__bonus3,bounded_subtraction,0.8132567976791867,-0.00716744940232561
0.7,policy::uncertainty0.1__topm__expected_mix0.25,bounded_subtraction,0.8368567241750093,0.016432477093497044
0.7,policy::uncertainty0.1__topm__expected_mix0.5,bounded_subtraction,0.8370847381165233,0.016660491035010994
0.7,policy::uncertainty0.1__topm__expected_mix0.75,bounded_subtraction,0.8302691429310395,0.009844895849527191
0.7,policy::uncertainty0.1__topm__expected_rejection,bounded_subtraction,0.8200327694130729,-0.00039147766843938836
0.7,policy::uncertainty0.1__topm__h_tau0.8,bounded_subtraction,0.7786050149352847,-0.041819232146227625
0.7,policy::uncertainty0.1__topm__h_tau0.9,bounded_subtraction,0.794849462379876,-0.02557478470163632
0.7,policy::uncertainty0.1__topm__h_tau1.1,bounded_subtraction,0.8123965049196017,-0.0080277421619106
0.7,policy::uncertainty0.1__topm__h_tau1.25,bounded_subtraction,0.8100934322626125,-0.010330814818899747
0.7,policy::uncertainty0.1__topm__original,bounded_subtraction,0.804748514186167,-0.015675732895345296
0.7,policy::uncertainty0.1__topm__power0.5,bounded_subtraction,0.8237688236060192,0.003344576524506926
0.7,policy::uncertainty0.1__topm__power0.75,bounded_subtraction,0.8182143470212979,-0.002209900060214376
0.7,policy::uncertainty0.1__topm__power1.25,bounded_subtraction,0.789373022007509,-0.031051225074003264
0.7,policy::uncertainty0.1__topm__power1.5,bounded_subtraction,0.7789686501176419,-0.041455596963870356
0.7,policy::uncertainty0.1__topm__uniform0.02,bounded_subtraction,0.8212619691358164,0.000837722054304102
0.7,policy::uncertainty0.1__topm__uniform0.05,bounded_subtraction,0.8275942439196792,0.007169996838166881
0.7,policy::uncertainty0.1__topm__uniform0.1,bounded_subtraction,0.8336288028708928,0.013204555789380512
0.7,policy::uncertainty0.1__topm__uniform0.2,bounded_subtraction,0.8351964401632067,0.014772193081694418
0.7,policy::z_gate0.2__full__accept_clip0.02,local_gate,0.8046005089606272,-0.01582373812088511
0.7,policy::z_gate0.2__full__accept_clip0.05,local_gate,0.8024945121453337,-0.017929734936178554
0.7,policy::z_gate0.2__full__accept_clip0.1,local_gate,0.7996702000439733,-0.020754047037539025
0.7,policy::z_gate0.2__full__bonus1.25,local_gate,0.7890157414353133,-0.031408505646199014
0.7,policy::z_gate0.2__full__bonus1.5,local_gate,0.7889885034592526,-0.03143574362225965
0.7,policy::z_gate0.2__full__bonus2,local_gate,0.7903840811833812,-0.030040165898131077
0.7,policy::z_gate0.2__full__bonus3,local_gate,0.7904637241754038,-0.02996052290610851
0.7,policy::z_gate0.2__full__expected_mix0.25,local_gate,0.8058348422765301,-0.014589404804982165
0.7,policy::z_gate0.2__full__expected_mix0.5,local_gate,0.8030680681374983,-0.017356178944013978
0.7,policy::z_gate0.2__full__expected_mix0.75,local_gate,0.7997001293712569,-0.020724117710255396
0.7,policy::z_gate0.2__full__expected_rejection,local_gate,0.7932534143436246,-0.027170832737887674
0.7,policy::z_gate0.2__full__h_tau0.8,local_gate,0.7697256996659428,-0.05069854741556945
0.7,policy::z_gate0.2__full__h_tau0.9,local_gate,0.7817368993281738,-0.038687347753338486
0.7,policy::z_gate0.2__full__h_tau1.1,local_gate,0.7892872099073059,-0.03113703717420635
0.7,policy::z_gate0.2__full__h_tau1.25,local_gate,0.7875522241208041,-0.032872022960708236
0.7,policy::z_gate0.2__full__original,local_gate,0.7877749846896978,-0.03264926239181454
0.7,policy::z_gate0.2__full__power0.5,local_gate,0.7945988003632531,-0.02582544671825915
0.7,policy::z_gate0.2__full__power0.75,local_gate,0.7924974565307904,-0.02792679055072189
0.7,policy::z_gate0.2__full__power1.25,local_gate,0.779000569347715,-0.04142367773379729
0.7,policy::z_gate0.2__full__power1.5,local_gate,0.7707570865995395,-0.04966716048197284
0.7,policy::z_gate0.2__full__uniform0.02,local_gate,0.8030716700615479,-0.0173525770199644
0.7,policy::z_gate0.2__full__uniform0.05,local_gate,0.8061345661381796,-0.014289680943332717
0.7,policy::z_gate0.2__full__uniform0.1,local_gate,0.803690119165193,-0.01673412791631934
0.7,policy::z_gate0.2__full__uniform0.2,local_gate,0.8024022868734637,-0.018021960208048582
0.7,policy::z_gate0.2__topm__accept_clip0.02,local_gate,0.8046016738740037,-0.015822573207508572
0.7,policy::z_gate0.2__topm__accept_clip0.05,local_gate,0.8013932154347083,-0.019031031646803975
0.7,policy::z_gate0.2__topm__accept_clip0.1,local_gate,0.7989610872107863,-0.021463159870726
0.7,policy::z_gate0.2__topm__bonus1.25,local_gate,0.788772378996762,-0.03165186808475029
0.7,policy::z_gate0.2__topm__bonus1.5,local_gate,0.7889169129301496,-0.03150733415136264
0.7,policy::z_gate0.2__topm__bonus2,local_gate,0.7908601445161441,-0.029564102565368233
0.7,policy::z_gate0.2__topm__bonus3,local_gate,0.7906913489278351,-0.02973289815367719
0.7,policy::z_gate0.2__topm__expected_mix0.25,local_gate,0.8048586465809636,-0.01556560050054867
0.7,policy::z_gate0.2__topm__expected_mix0.5,local_gate,0.8029084438009287,-0.017515803280583553
0.7,policy::z_gate0.2__topm__expected_mix0.75,local_gate,0.7999102376172907,-0.02051400946422155
0.7,policy::z_gate0.2__topm__expected_rejection,local_gate,0.7931249950174505,-0.027299252064061807
0.7,policy::z_gate0.2__topm__h_tau0.8,local_gate,0.7695244210101363,-0.050899826071376
0.7,policy::z_gate0.2__topm__h_tau0.9,local_gate,0.7815632291374669,-0.038861017944045395
0.7,policy::z_gate0.2__topm__h_tau1.1,local_gate,0.7882299746524263,-0.03219427242908601
0.7,policy::z_gate0.2__topm__h_tau1.25,local_gate,0.7867733808479017,-0.03365086623361058
0.7,policy::z_gate0.2__topm__original,local_gate,0.7881706295604689,-0.03225361752104339
0.7,policy::z_gate0.2__topm__power0.5,local_gate,0.7930899849180273,-0.027334262163485
0.7,policy::z_gate0.2__topm__power0.75,local_gate,0.7920142770126717,-0.028409970068840606
0.7,policy::z_gate0.2__topm__power1.25,local_gate,0.7781483467955251,-0.042275900285987156
0.7,policy::z_gate0.2__topm__power1.5,local_gate,0.7705648325235143,-0.04985941455799803
0.7,policy::z_gate0.2__topm__uniform0.02,local_gate,0.801924095674772,-0.01850015140674033
0.7,policy::z_gate0.2__topm__uniform0.05,local_gate,0.8051012412702734,-0.01532300581123891
0.7,policy::z_gate0.2__topm__uniform0.1,local_gate,0.8034533063465563,-0.016970940734955975
0.7,policy::z_gate0.2__topm__uniform0.2,local_gate,0.8018724435051364,-0.01855180357637587
0.7,policy::z_gate0.4__full__accept_clip0.02,local_gate,0.8153854220140698,-0.005038825067442465
0.7,policy::z_gate0.4__full__accept_clip0.05,local_gate,0.8146789903633643,-0.005745256718147962
0.7,policy::z_gate0.4__full__accept_clip0.1,local_gate,0.8123505849843219,-0.008073662097190404
0.7,policy::z_gate0.4__full__bonus1.25,local_gate,0.7977762183543683,-0.022648028727144
0.7,policy::z_gate0.4__full__bonus1.5,local_gate,0.7978695409140232,-0.022554706167489114
0.7,policy::z_gate0.4__full__bonus2,local_gate,0.7982030415442374,-0.022221205537274913
0.7,policy::z_gate0.4__full__bonus3,local_gate,0.7981912479105835,-0.022232999170928802
0.7,policy::z_gate0.4__full__expected_mix0.25,local_gate,0.8188819295603611,-0.001542317521151193
0.7,policy::z_gate0.4__full__expected_mix0.5,local_gate,0.8161751496096491,-0.004249097471863195
0.7,policy::z_gate0.4__full__expected_mix0.75,local_gate,0.8135287696734964,-0.006895477408015882
0.7,policy::z_gate0.4__full__expected_rejection,local_gate,0.8061591010121555,-0.014265146069356804
0.7,policy::z_gate0.4__full__h_tau0.8,local_gate,0.7775326278549027,-0.042891619226609556
0.7,policy::z_gate0.4__full__h_tau0.9,local_gate,0.7902584674425022,-0.030165779639010126
0.7,policy::z_gate0.4__full__h_tau1.1,local_gate,0.7980734284021419,-0.022350818679370388
0.7,policy::z_gate0.4__full__h_tau1.25,local_gate,0.7954977082579097,-0.02492653882360263
0.7,policy::z_gate0.4__full__original,local_gate,0.7965201952566403,-0.023904051824871986
0.7,policy::z_gate0.4__full__power0.5,local_gate,0.8034521673239038,-0.016972079757608505
0.7,policy::z_gate0.4__full__power0.75,local_gate,0.800540157077571,-0.019884090003941313
0.7,policy::z_gate0.4__full__power1.25,local_gate,0.7870664784902095,-0.033357768591302794
0.7,policy::z_gate0.4__full__power1.5,local_gate,0.7783183514466374,-0.04210589563487488
0.7,policy::z_gate0.4__full__uniform0.02,local_gate,0.8100698791893033,-0.010354367892209004
0.7,policy::z_gate0.4__full__uniform0.05,local_gate,0.8172209847358444,-0.0032032623456679232
0.7,policy::z_gate0.4__full__uniform0.1,local_gate,0.8166064196673974,-0.0038178274141148494
0.7,policy::z_gate0.4__full__uniform0.2,local_gate,0.8153141802982845,-0.005110066783227785
0.7,policy::z_gate0.4__topm__accept_clip0.02,local_gate,0.8140415310352139,-0.0063827160462983645
0.7,policy::z_gate0.4__topm__accept_clip0.05,local_gate,0.8132832847535082,-0.007140962328004097
0.7,policy::z_gate0.4__topm__accept_clip0.1,local_gate,0.8116930594480567,-0.008731187633455595
0.7,policy::z_gate0.4__topm__bonus1.25,local_gate,0.7971134873280536,-0.023310759753458643
0.7,policy::z_gate0.4__topm__bonus1.5,local_gate,0.7971437673997307,-0.023280479681781596
0.7,policy::z_gate0.4__topm__bonus2,local_gate,0.798026883514177,-0.022397363567335238
0.7,policy::z_gate0.4__topm__bonus3,local_gate,0.7977842404787,-0.02264000660281229
0.7,policy::z_gate0.4__topm__expected_mix0.25,local_gate,0.8185837710809684,-0.0018404760005439336
0.7,policy::z_gate0.4__topm__expected_mix0.5,local_gate,0.8161882615447621,-0.0042359855367501975
0.7,policy::z_gate0.4__topm__expected_mix0.75,local_gate,0.8139224249161605,-0.006501822165351778
0.7,policy::z_gate0.4__topm__expected_rejection,local_gate,0.8056117541926733,-0.014812492888839013
0.7,policy::z_gate0.4__topm__h_tau0.8,local_gate,0.7772684130464713,-0.043155834035040974
0.7,policy::z_gate0.4__topm__h_tau0.9,local_gate,0.7898423341197317,-0.03058191296178059
0.7,policy::z_gate0.4__topm__h_tau1.1,local_gate,0.7970443756081811,-0.023379871473331204
0.7,policy::z_gate0.4__topm__h_tau1.25,local_gate,0.7949406886527639,-0.025483558428748387
0.7,policy::z_gate0.4__topm__original,local_gate,0.7964120770693667,-0.024012170012145617
0.7,policy::z_gate0.4__topm__power0.5,local_gate,0.8021747044799676,-0.018249542601544655
0.7,policy::z_gate0.4__topm__power0.75,local_gate,0.8003137622432867,-0.02011048483822564
0.7,policy::z_gate0.4__topm__power1.25,local_gate,0.7862071151992662,-0.034217131882246066
0.7,policy::z_gate0.4__topm__power1.5,local_gate,0.7781796316371788,-0.042244615444333444
0.7,policy::z_gate0.4__topm__uniform0.02,local_gate,0.809471638181138,-0.010952608900374305
0.7,policy::z_gate0.4__topm__uniform0.05,local_gate,0.8159652904879047,-0.004458956593607621
0.7,policy::z_gate0.4__topm__uniform0.1,local_gate,0.8157805211128694,-0.004643725968642931
0.7,policy::z_gate0.4__topm__uniform0.2,local_gate,0.8148860120124735,-0.005538235069038833
0.7,policy::z_gate0.6__full__accept_clip0.02,local_gate,0.8270841914156766,0.0066599443341642806
0.7,policy::z_gate0.6__full__accept_clip0.05,local_gate,0.8258384126873289,0.005414165605816645
0.7,policy::z_gate0.6__full__accept_clip0.1,local_gate,0.8234482372125037,0.0030239901309914163
0.7,policy::z_gate0.6__full__bonus1.25,local_gate,0.8077774927732869,-0.012646754308225372
0.7,policy::z_gate0.6__full__bonus1.5,local_gate,0.8074743765034239,-0.012949870578088385
0.7,policy::z_gate0.6__full__bonus2,local_gate,0.8074996519876092,-0.01292459509390309
0.7,policy::z_gate0.6__full__bonus3,local_gate,0.8073882344881479,-0.013036012593364399
0.7,policy::z_gate0.6__full__expected_mix0.25,local_gate,0.8310922529703774,0.010668005888865073
0.7,policy::z_gate0.6__full__expected_mix0.5,local_gate,0.8290023851098739,0.008578138028361604
0.7,policy::z_gate0.6__full__expected_mix0.75,local_gate,0.826349663742544,0.005925416661031746
0.7,policy::z_gate0.6__full__expected_rejection,local_gate,0.8181730695018415,-0.002251177579670749
0.7,policy::z_gate0.6__full__h_tau0.8,local_gate,0.7869197947364646,-0.03350445234504773
0.7,policy::z_gate0.6__full__h_tau0.9,local_gate,0.7987788854977924,-0.02164536158371988
0.7,policy::z_gate0.6__full__h_tau1.1,local_gate,0.8084243390303167,-0.011999908051195551
0.7,policy::z_gate0.6__full__h_tau1.25,local_gate,0.8056652955771325,-0.01475895150437978
0.7,policy::z_gate0.6__full__original,local_gate,0.8068282230642306,-0.01359602401728166
0.7,policy::z_gate0.6__full__power0.5,local_gate,0.8143136742028942,-0.006110572878618048
0.7,policy::z_gate0.6__full__power0.75,local_gate,0.8113157123380065,-0.009108534743505814
0.7,policy::z_gate0.6__full__power1.25,local_gate,0.7973347896919318,-0.02308945738958046
0.7,policy::z_gate0.6__full__power1.5,local_gate,0.7870331200105948,-0.033391127070917515
0.7,policy::z_gate0.6__full__uniform0.02,local_gate,0.8220183234278067,0.0015940763462943819
0.7,policy::z_gate0.6__full__uniform0.05,local_gate,0.8286782885971041,0.008254041515591837
0.7,policy::z_gate0.6__full__uniform0.1,local_gate,0.8279002661373625,0.007476019055850158
0.7,policy::z_gate0.6__full__uniform0.2,local_gate,0.8244231872837698,0.00399894020225755
0.7,policy::z_gate0.6__topm__accept_clip0.02,local_gate,0.8262904789670342,0.005866231885521933
0.7,policy::z_gate0.6__topm__accept_clip0.05,local_gate,0.825212065427325,0.0047878183458126555
0.7,policy::z_gate0.6__topm__accept_clip0.1,local_gate,0.8229805952836902,0.0025563482021778716
0.7,policy::z_gate0.6__topm__bonus1.25,local_gate,0.8067957153918185,-0.013628531689693801
0.7,policy::z_gate0.6__topm__bonus1.5,local_gate,0.8066583306361345,-0.013765916445377835
0.7,policy::z_gate0.6__topm__bonus2,local_gate,0.8071816379698675,-0.013242609111644765
0.7,policy::z_gate0.6__topm__bonus3,local_gate,0.8067857766231221,-0.013638470458390173
0.7,policy::z_gate0.6__topm__expected_mix0.25,local_gate,0.8308589931093306,0.010434746027818353
0.7,policy::z_gate0.6__topm__expected_mix0.5,local_gate,0.8288421506280236,0.008417903546511285
0.7,policy::z_gate0.6__topm__expected_mix0.75,local_gate,0.8262079870550446,0.00578373997353232
0.7,policy::z_gate0.6__topm__expected_rejection,local_gate,0.8179322845253755,-0.0024919625561368175
0.7,policy::z_gate0.6__topm__h_tau0.8,local_gate,0.7867463041480381,-0.03367794293347415
0.7,policy::z_gate0.6__topm__h_tau0.9,local_gate,0.798377650817719,-0.02204659626379324
0.7,policy::z_gate0.6__topm__h_tau1.1,local_gate,0.8077327270456954,-0.012691520035816861
0.7,policy::z_gate0.6__topm__h_tau1.25,local_gate,0.8050988926605679,-0.015325354420944404
0.7,policy::z_gate0.6__topm__original,local_gate,0.8061798842022398,-0.014244362879272443
0.7,policy::z_gate0.6__topm__power0.5,local_gate,0.8131323022287862,-0.007291944852726107
0.7,policy::z_gate0.6__topm__power0.75,local_gate,0.8108194820050889,-0.009604765076423383
0.7,policy::z_gate0.6__topm__power1.25,local_gate,0.7959570923785488,-0.024467154702963456
0.7,policy::z_gate0.6__topm__power1.5,local_gate,0.7860936833198585,-0.034330563761653776
0.7,policy::z_gate0.6__topm__uniform0.02,local_gate,0.8212446718833561,0.0008204248018438554
0.7,policy::z_gate0.6__topm__uniform0.05,local_gate,0.8275810465176602,0.007156799436147887
0.7,policy::z_gate0.6__topm__uniform0.1,local_gate,0.8270507805604226,0.00662653347891029
0.7,policy::z_gate0.6__topm__uniform0.2,local_gate,0.8242071983232766,0.0037829512417643096
1.0,policy::anchor_peak__full__accept_clip0.02,bounded_subtraction,0.6303238568143626,-0.020069959161852613
1.0,policy::anchor_peak__full__accept_clip0.05,bounded_subtraction,0.6292243668124038,-0.02116944916381147
1.0,policy::anchor_peak__full__accept_clip0.1,bounded_subtraction,0.6269053467948744,-0.023488469181340843
1.0,policy::anchor_peak__full__bonus1.25,bounded_subtraction,0.6254529511276579,-0.024940864848557398
1.0,policy::anchor_peak__full__bonus1.5,bounded_subtraction,0.6268172183741259,-0.02357659760208941
1.0,policy::anchor_peak__full__bonus2,bounded_subtraction,0.6279408410550766,-0.022452974921138624
1.0,policy::anchor_peak__full__bonus3,bounded_subtraction,0.6287626886872705,-0.021631127288944785
1.0,policy::anchor_peak__full__expected_mix0.25,bounded_subtraction,0.6331036878293037,-0.017290128146911554
1.0,policy::anchor_peak__full__expected_mix0.5,bounded_subtraction,0.6311117339130512,-0.019282082063164063
1.0,policy::anchor_peak__full__expected_mix0.75,bounded_subtraction,0.6259443211545613,-0.024449494821653928
1.0,policy::anchor_peak__full__expected_rejection,bounded_subtraction,0.6147312781373762,-0.0356625378388391
1.0,policy::anchor_peak__full__h_tau0.8,bounded_subtraction,0.600251027957003,-0.05014278801921224
1.0,policy::anchor_peak__full__h_tau0.9,bounded_subtraction,0.6161682323475942,-0.03422558362862105
1.0,policy::anchor_peak__full__h_tau1.1,bounded_subtraction,0.6227564118586796,-0.02763740411753568
1.0,policy::anchor_peak__full__h_tau1.25,bounded_subtraction,0.6072139436137779,-0.043179872362437366
1.0,policy::anchor_peak__full__original,bounded_subtraction,0.6242506787443213,-0.026143137231893987
1.0,policy::anchor_peak__full__power0.5,bounded_subtraction,0.6304428568309208,-0.019950959145294433
1.0,policy::anchor_peak__full__power0.75,bounded_subtraction,0.6296792294797005,-0.02071458649651481
1.0,policy::anchor_peak__full__power1.25,bounded_subtraction,0.6148505744822265,-0.0355432414939888
1.0,policy::anchor_peak__full__power1.5,bounded_subtraction,0.6044661405598636,-0.045927675416351676
1.0,policy::anchor_peak__full__uniform0.02,bounded_subtraction,0.6283246442005138,-0.022069171775701446
1.0,policy::anchor_peak__full__uniform0.05,bounded_subtraction,0.6306829045153056,-0.01971091146090964
1.0,policy::anchor_peak__full__uniform0.1,bounded_subtraction,0.6329785903286276,-0.017415225647587684
1.0,policy::anchor_peak__full__uniform0.2,bounded_subtraction,0.6310055320823645,-0.019388283893850722
1.0,policy::anchor_peak__topm__accept_clip0.02,bounded_subtraction,0.6262318012013055,-0.024162014774909757
1.0,policy::anchor_peak__topm__accept_clip0.05,bounded_subtraction,0.6267277164081627,-0.023666099568052545
1.0,policy::anchor_peak__topm__accept_clip0.1,bounded_subtraction,0.6245570987429041,-0.025836717233311157
1.0,policy::anchor_peak__topm__bonus1.25,bounded_subtraction,0.6246828264519908,-0.02571098952422446
1.0,policy::anchor_peak__topm__bonus1.5,bounded_subtraction,0.6253436136015552,-0.025050202374660047
1.0,policy::anchor_peak__topm__bonus2,bounded_subtraction,0.6259176615763355,-0.024476154399879713
1.0,policy::anchor_peak__topm__bonus3,bounded_subtraction,0.6264872162042323,-0.02390659977198295
1.0,policy::anchor_peak__topm__expected_mix0.25,bounded_subtraction,0.631219097515759,-0.019174718460456264
1.0,policy::anchor_peak__topm__expected_mix0.5,bounded_subtraction,0.6284932036483092,-0.021900612327906077
1.0,policy::anchor_peak__topm__expected_mix0.75,bounded_subtraction,0.6202844221020586,-0.030109393874156676
1.0,policy::anchor_peak__topm__expected_rejection,bounded_subtraction,0.6080889889837725,-0.04230482699244276
1.0,policy::anchor_peak__topm__h_tau0.8,bounded_subtraction,0.5990721421002111,-0.05132167387600417
1.0,policy::anchor_peak__topm__h_tau0.9,bounded_subtraction,0.6156865143682914,-0.0347073016079239
1.0,policy::anchor_peak__topm__h_tau1.1,bounded_subtraction,0.6193806157352382,-0.03101320024097709
1.0,policy::anchor_peak__topm__h_tau1.25,bounded_subtraction,0.6019281660577472,-0.04846564991846802
1.0,policy::anchor_peak__topm__original,bounded_subtraction,0.6231388152661352,-0.027255000710080024
1.0,policy::anchor_peak__topm__power0.5,bounded_subtraction,0.6283624224708699,-0.02203139350534533
1.0,policy::anchor_peak__topm__power0.75,bounded_subtraction,0.6275515473736331,-0.022842268602582205
1.0,policy::anchor_peak__topm__power1.25,bounded_subtraction,0.6124636980149621,-0.03793011796125312
1.0,policy::anchor_peak__topm__power1.5,bounded_subtraction,0.6023795510206388,-0.04801426495557648
1.0,policy::anchor_peak__topm__uniform0.02,bounded_subtraction,0.6265478890736954,-0.023845926902519854
1.0,policy::anchor_peak__topm__uniform0.05,bounded_subtraction,0.6277807117409406,-0.022613104235274628
1.0,policy::anchor_peak__topm__uniform0.1,bounded_subtraction,0.6294644311238601,-0.020929384852355182
1.0,policy::anchor_peak__topm__uniform0.2,bounded_subtraction,0.6285555006693372,-0.021838315306878076
1.0,policy::anchor_y__full__accept_clip0.02,bounded_subtraction,0.6568879365202849,0.006494120544069615
1.0,policy::anchor_y__full__accept_clip0.05,bounded_subtraction,0.6563526646922974,0.005958848716082099
1.0,policy::anchor_y__full__accept_clip0.1,bounded_subtraction,0.65277255969161,0.0023787437153947044
1.0,policy::anchor_y__full__bonus1.25,bounded_subtraction,0.6521432717301224,0.0017494557539071698
1.0,policy::anchor_y__full__bonus1.5,bounded_subtraction,0.6528998806789412,0.002506064702725963
1.0,policy::anchor_y__full__bonus2,bounded_subtraction,0.6544009796636676,0.004007163687452353
1.0,policy::anchor_y__full__bonus3,bounded_subtraction,0.6547876980390055,0.004393882062790233
1.0,policy::anchor_y__full__expected_mix0.25,bounded_subtraction,0.6596075475763254,0.009213731600110187
1.0,policy::anchor_y__full__expected_mix0.5,bounded_subtraction,0.654115650621952,0.0037218346457367213
1.0,policy::anchor_y__full__expected_mix0.75,bounded_subtraction,0.6452035852829137,-0.005190230693301601
1.0,policy::anchor_y__full__expected_rejection,bounded_subtraction,0.6340963737155352,-0.016297442260680084
1.0,policy::anchor_y__full__h_tau0.8,bounded_subtraction,0.6274344180702457,-0.02295939790596957
1.0,policy::anchor_y__full__h_tau0.9,bounded_subtraction,0.6416198595288101,-0.008773956447405196
1.0,policy::anchor_y__full__h_tau1.1,bounded_subtraction,0.6480001334564609,-0.0023936825197543588
1.0,policy::anchor_y__full__h_tau1.25,bounded_subtraction,0.6314484705530342,-0.018945345423181048
1.0,policy::anchor_y__full__original,bounded_subtraction,0.6507073553304679,0.00031353935425260104
1.0,policy::anchor_y__full__power0.5,bounded_subtraction,0.6564054384113249,0.006011622435109665
1.0,policy::anchor_y__full__power0.75,bounded_subtraction,0.6567884352216047,0.006394619245389421
1.0,policy::anchor_y__full__power1.25,bounded_subtraction,0.6400842618610141,-0.01030955411520118
1.0,policy::anchor_y__full__power1.5,bounded_subtraction,0.6310171417725796,-0.019376674203635647
1.0,policy::anchor_y__full__uniform0.02,bounded_subtraction,0.6544278007591897,0.0040339847829744535
1.0,policy::anchor_y__full__uniform0.05,bounded_subtraction,0.6558621882348588,0.005468372258643495
1.0,policy::anchor_y__full__uniform0.1,bounded_subtraction,0.6570256286567995,0.006631812680584215
1.0,policy::anchor_y__full__uniform0.2,bounded_subtraction,0.6537468215693967,0.003353005593181413
1.0,policy::anchor_y__topm__accept_clip0.02,bounded_subtraction,0.6503002178154488,-9.359816076648375e-05
1.0,policy::anchor_y__topm__accept_clip0.05,bounded_subtraction,0.6525002339409051,0.0021064179646897996
1.0,policy::anchor_y__topm__accept_clip0.1,bounded_subtraction,0.6479850495592436,-0.0024087664169716305
1.0,policy::anchor_y__topm__bonus1.25,bounded_subtraction,0.649329086101978,-0.0010647298742372246
1.0,policy::anchor_y__topm__bonus1.5,bounded_subtraction,0.650545185748998,0.000151369772782739
1.0,policy::anchor_y__topm__bonus2,bounded_subtraction,0.6513912243154354,0.0009974083392201294
1.0,policy::anchor_y__topm__bonus3,bounded_subtraction,0.6516062639828719,0.0012124480066566523
1.0,policy::anchor_y__topm__expected_mix0.25,bounded_subtraction,0.6571544847000907,0.006760668723875485
1.0,policy::anchor_y__topm__expected_mix0.5,bounded_subtraction,0.6501174574751395,-0.00027635850107576854
1.0,policy::anchor_y__topm__expected_mix0.75,bounded_subtraction,0.6407263476473574,-0.009667468328857898
1.0,policy::anchor_y__topm__expected_rejection,bounded_subtraction,0.6273388150946627,-0.023055000881552545
1.0,policy::anchor_y__topm__h_tau0.8,bounded_subtraction,0.624995589531873,-0.02539822644434231
1.0,policy::anchor_y__topm__h_tau0.9,bounded_subtraction,0.6396410761526736,-0.010752739823541635
1.0,policy::anchor_y__topm__h_tau1.1,bounded_subtraction,0.6450645819185938,-0.005329234057621424
1.0,policy::anchor_y__topm__h_tau1.25,bounded_subtraction,0.6271280984724511,-0.02326571750376416
1.0,policy::anchor_y__topm__original,bounded_subtraction,0.646544373599199,-0.0038494423770162323
1.0,policy::anchor_y__topm__power0.5,bounded_subtraction,0.6536888946967977,0.003295078720582434
1.0,policy::anchor_y__topm__power0.75,bounded_subtraction,0.6539454745929488,0.003551658616733566
1.0,policy::anchor_y__topm__power1.25,bounded_subtraction,0.6380279610398107,-0.012365854936404519
1.0,policy::anchor_y__topm__power1.5,bounded_subtraction,0.6277806561452716,-0.022613159830943697
1.0,policy::anchor_y__topm__uniform0.02,bounded_subtraction,0.6516845988381893,0.001290782861974038
1.0,policy::anchor_y__topm__uniform0.05,bounded_subtraction,0.6523983654651281,0.0020045494889128213
1.0,policy::anchor_y__topm__uniform0.1,bounded_subtraction,0.6522636722427186,0.001869856266503378
1.0,policy::anchor_y__topm__uniform0.2,bounded_subtraction,0.651217947491715,0.0008241315154997597
1.0,policy::argmax_diff__full__accept_clip0.02,local_gate,0.6429953118040145,-0.007398504172200782
1.0,policy::argmax_diff__full__accept_clip0.05,local_gate,0.6426936271169837,-0.007700188859231516
1.0,policy::argmax_diff__full__accept_clip0.1,local_gate,0.6404139475406038,-0.009979868435611494
1.0,policy::argmax_diff__full__bonus1.25,local_gate,0.6367939372706332,-0.013599878705582102
1.0,policy::argmax_diff__full__bonus1.5,local_gate,0.6379979847733164,-0.012395831202898888
1.0,policy::argmax_diff__full__bonus2,local_gate,0.6391980879027402,-0.01119572807347502
1.0,policy::argmax_diff__full__bonus3,local_gate,0.6394144764195402,-0.010979339556675072
1.0,policy::argmax_diff__full__expected_mix0.25,local_gate,0.6466521512174912,-0.0037416647587240615
1.0,policy::argmax_diff__full__expected_mix0.5,local_gate,0.6430291302797524,-0.007364685696462869
1.0,policy::argmax_diff__full__expected_mix0.75,local_gate,0.6356962709625325,-0.014697545013682811
1.0,policy::argmax_diff__full__expected_rejection,local_gate,0.6234270249882197,-0.026966790987995592
1.0,policy::argmax_diff__full__h_tau0.8,local_gate,0.6114834930412733,-0.03891032293494201
1.0,policy::argmax_diff__full__h_tau0.9,local_gate,0.6267654941935179,-0.02362832178269736
1.0,policy::argmax_diff__full__h_tau1.1,local_gate,0.6322903432878489,-0.018103472688366318
1.0,policy::argmax_diff__full__h_tau1.25,local_gate,0.6160666297127105,-0.03432718626350473
1.0,policy::argmax_diff__full__original,local_gate,0.6355309638066604,-0.014862852169554852
1.0,policy::argmax_diff__full__power0.5,local_gate,0.6408281574804724,-0.009565658495742868
1.0,policy::argmax_diff__full__power0.75,local_gate,0.6398910326707723,-0.010502783305442964
1.0,policy::argmax_diff__full__power1.25,local_gate,0.6253131123641014,-0.025080703612113897
1.0,policy::argmax_diff__full__power1.5,local_gate,0.615893606286513,-0.034500209689702244
1.0,policy::argmax_diff__full__uniform0.02,local_gate,0.6407586496464261,-0.009635166329789113
1.0,policy::argmax_diff__full__uniform0.05,local_gate,0.6431384076008848,-0.007255408375330452
1.0,policy::argmax_diff__full__uniform0.1,local_gate,0.6454893588512836,-0.004904457124931705
1.0,policy::argmax_diff__full__uniform0.2,local_gate,0.6429328409292411,-0.007460975046974183
1.0,policy::argmax_diff__topm__accept_clip0.02,local_gate,0.6380931182762062,-0.012300697700009078
1.0,policy::argmax_diff__topm__accept_clip0.05,local_gate,0.6409036505063348,-0.009490165469880463
1.0,policy::argmax_diff__topm__accept_clip0.1,local_gate,0.6385865045709639,-0.011807311405251375
1.0,policy::argmax_diff__topm__bonus1.25,local_gate,0.6355560862254503,-0.014837729750764916
1.0,policy::argmax_diff__topm__bonus1.5,local_gate,0.636646257289306,-0.013747558686909245
1.0,policy::argmax_diff__topm__bonus2,local_gate,0.6368000566484558,-0.013593759327759414
1.0,policy::argmax_diff__topm__bonus3,local_gate,0.6374091601252483,-0.012984655850966975
1.0,policy::argmax_diff__topm__expected_mix0.25,local_gate,0.6451052473474829,-0.005288568628732393
1.0,policy::argmax_diff__topm__expected_mix0.5,local_gate,0.640129784772568,-0.010264031203647273
1.0,policy::argmax_diff__topm__expected_mix0.75,local_gate,0.631480658657333,-0.018913157318882212
1.0,policy::argmax_diff__topm__expected_rejection,local_gate,0.6160799037516338,-0.034313912224581467
1.0,policy::argmax_diff__topm__h_tau0.8,local_gate,0.6093580258358928,-0.04103579014032244
1.0,policy::argmax_diff__topm__h_tau0.9,local_gate,0.6246514457403354,-0.025742370235879886
1.0,policy::argmax_diff__topm__h_tau1.1,local_gate,0.628961876159391,-0.02143193981682423
1.0,policy::argmax_diff__topm__h_tau1.25,local_gate,0.6126285776985502,-0.03776523827766509
1.0,policy::argmax_diff__topm__original,local_gate,0.6335069707349156,-0.016886845241299686
1.0,policy::argmax_diff__topm__power0.5,local_gate,0.6384837547504767,-0.011910061225738566
1.0,policy::argmax_diff__topm__power0.75,local_gate,0.63757074293059,-0.012823073045625244
1.0,policy::argmax_diff__topm__power1.25,local_gate,0.6230059902660842,-0.027387825710131097
1.0,policy::argmax_diff__topm__power1.5,local_gate,0.6132775739968274,-0.0371162419793879
1.0,policy::argmax_diff__topm__uniform0.02,local_gate,0.6382923137533022,-0.012101502222913063
1.0,policy::argmax_diff__topm__uniform0.05,local_gate,0.6403611870823648,-0.010032628893850482
1.0,policy::argmax_diff__topm__uniform0.1,local_gate,0.6424502152241474,-0.007943600752067903
1.0,policy::argmax_diff__topm__uniform0.2,local_gate,0.640924702525842,-0.009469113450373268
1.0,policy::argmax_same__full__accept_clip0.02,local_gate,0.6457264881845415,-0.004667327791673781
1.0,policy::argmax_same__full__accept_clip0.05,local_gate,0.6475351865234836,-0.0028586294527316314
1.0,policy::argmax_same__full__accept_clip0.1,local_gate,0.6445141450231477,-0.005879670953067517
1.0,policy::argmax_same__full__bonus1.25,local_gate,0.641311010657027,-0.009082805319188259
1.0,policy::argmax_same__full__bonus1.5,local_gate,0.6424159080767408,-0.007977907899474501
1.0,policy::argmax_same__full__bonus2,local_gate,0.6436670318017347,-0.006726784174480582
1.0,policy::argmax_same__full__bonus3,local_gate,0.6449383709248829,-0.0054554450513323305
1.0,policy::argmax_same__full__expected_mix0.25,local_gate,0.651414349975968,0.0010205339997527707
1.0,policy::argmax_same__full__expected_mix0.5,local_gate,0.6474115367613683,-0.00298227921484695
1.0,policy::argmax_same__full__expected_mix0.75,local_gate,0.6399507177491897,-0.010443098227025605
1.0,policy::argmax_same__full__expected_rejection,local_gate,0.628996256213849,-0.021397559762366236
1.0,policy::argmax_same__full__h_tau0.8,local_gate,0.616276263317203,-0.034117552659012285
1.0,policy::argmax_same__full__h_tau0.9,local_gate,0.632291782310942,-0.0181020336652733
1.0,policy::argmax_same__full__h_tau1.1,local_gate,0.6394779460601789,-0.010915869916036325
1.0,policy::argmax_same__full__h_tau1.25,local_gate,0.6230584992142388,-0.027335316761976425
1.0,policy::argmax_same__full__original,local_gate,0.6399147028869461,-0.010479113089269187
1.0,policy::argmax_same__full__power0.5,local_gate,0.6481203125630561,-0.002273503413159128
1.0,policy::argmax_same__full__power0.75,local_gate,0.6460617617666333,-0.004332054209581937
1.0,policy::argmax_same__full__power1.25,local_gate,0.6297769703771182,-0.020616845599097045
1.0,policy::argmax_same__full__power1.5,local_gate,0.6177968533436325,-0.032596962632582716
1.0,policy::argmax_same__full__uniform0.02,local_gate,0.6445643905273685,-0.005829425448846792
1.0,policy::argmax_same__full__uniform0.05,local_gate,0.6472174476024707,-0.003176368373744576
1.0,policy::argmax_same__full__uniform0.1,local_gate,0.6478029883807422,-0.002590827595473022
1.0,policy::argmax_same__full__uniform0.2,local_gate,0.6450436702259409,-0.005350145750274371
1.0,policy::argmax_same__topm__accept_clip0.02,local_gate,0.6395247401703003,-0.010869075805915007
1.0,policy::argmax_same__topm__accept_clip0.05,local_gate,0.6431940375565288,-0.007199778419686442
1.0,policy::argmax_same__topm__accept_clip0.1,local_gate,0.6394753771459546,-0.010918438830260668
1.0,policy::argmax_same__topm__bonus1.25,local_gate,0.6384372692081761,-0.011956546768039145
1.0,policy::argmax_same__topm__bonus1.5,local_gate,0.6396282597892242,-0.010765556186991043
1.0,policy::argmax_same__topm__bonus2,local_gate,0.640561430359742,-0.00983238561647326
1.0,policy::argmax_same__topm__bonus3,local_gate,0.6418045342736715,-0.008589281702543805
1.0,policy::argmax_same__topm__expected_mix0.25,local_gate,0.6492985197290319,-0.0010952962471834082
1.0,policy::argmax_same__topm__expected_mix0.5,local_gate,0.6449793133840619,-0.00541450259215337
1.0,policy::argmax_same__topm__expected_mix0.75,local_gate,0.6367589110405747,-0.013634904935640568
1.0,policy::argmax_same__topm__expected_rejection,local_gate,0.6232919286096453,-0.027101887366569932
1.0,policy::argmax_same__topm__h_tau0.8,local_gate,0.6126674291179155,-0.037726386858299765
1.0,policy::argmax_same__topm__h_tau0.9,local_gate,0.6281050373049321,-0.022288778671283205
1.0,policy::argmax_same__topm__h_tau1.1,local_gate,0.6361897216497772,-0.0142040943264381
1.0,policy::argmax_same__topm__h_tau1.25,local_gate,0.6189368521109888,-0.03145696386522645
1.0,policy::argmax_same__topm__original,local_gate,0.6358078501964612,-0.014585965779754018
1.0,policy::argmax_same__topm__power0.5,local_gate,0.6440036534604532,-0.006390162515762077
1.0,policy::argmax_same__topm__power0.75,local_gate,0.6433319659493543,-0.007061850026860994
1.0,policy::argmax_same__topm__power1.25,local_gate,0.6281841286297911,-0.022209687346424145
1.0,policy::argmax_same__topm__power1.5,local_gate,0.614923216188776,-0.03547059978743927
1.0,policy::argmax_same__topm__uniform0.02,local_gate,0.6416076433491805,-0.008786172627034738
1.0,policy::argmax_same__topm__uniform0.05,local_gate,0.6428680622945985,-0.007525753681616787
1.0,policy::argmax_same__topm__uniform0.1,local_gate,0.6429438886194611,-0.007449927356754205
1.0,policy::argmax_same__topm__uniform0.2,local_gate,0.642814334186574,-0.007579481789641296
1.0,policy::capped_negative0.1__full__accept_clip0.02,bounded_subtraction,0.6420509865533476,-0.008342829422867681
1.0,policy::capped_negative0.1__full__accept_clip0.05,bounded_subtraction,0.6399127262857793,-0.01048108969043593
1.0,policy::capped_negative0.1__full__accept_clip0.1,bounded_subtraction,0.6373200879317795,-0.01307372804443574
1.0,policy::capped_negative0.1__full__bonus1.25,bounded_subtraction,0.6368536215495559,-0.013540194426659324
1.0,policy::capped_negative0.1__full__bonus1.5,bounded_subtraction,0.6380589090010493,-0.012334906975165927
1.0,policy::capped_negative0.1__full__bonus2,bounded_subtraction,0.6376124195500154,-0.012781396426199909
1.0,policy::capped_negative0.1__full__bonus3,bounded_subtraction,0.6381280236498066,-0.012265792326408675
1.0,policy::capped_negative0.1__full__expected_mix0.25,bounded_subtraction,0.6428660145017515,-0.007527801474463747
1.0,policy::capped_negative0.1__full__expected_mix0.5,bounded_subtraction,0.6390162290503758,-0.011377586925839456
1.0,policy::capped_negative0.1__full__expected_mix0.75,bounded_subtraction,0.6296262859130585,-0.02076753006315679
1.0,policy::capped_negative0.1__full__expected_rejection,bounded_subtraction,0.6158743037176942,-0.03451951225852101
1.0,policy::capped_negative0.1__full__h_tau0.8,bounded_subtraction,0.6134944436059969,-0.03689937237021834
1.0,policy::capped_negative0.1__full__h_tau0.9,bounded_subtraction,0.6295866850460963,-0.02080713093011899
1.0,policy::capped_negative0.1__full__h_tau1.1,bounded_subtraction,0.6312399517066563,-0.019153864269559007
1.0,policy::capped_negative0.1__full__h_tau1.25,bounded_subtraction,0.6146761551889921,-0.03571766078722316
1.0,policy::capped_negative0.1__full__original,bounded_subtraction,0.635705655432278,-0.01468816054393729
1.0,policy::capped_negative0.1__full__power0.5,bounded_subtraction,0.6363093464208971,-0.014084469555318169
1.0,policy::capped_negative0.1__full__power0.75,bounded_subtraction,0.6391628531849269,-0.011230962791288324
1.0,policy::capped_negative0.1__full__power1.25,bounded_subtraction,0.6263164262896156,-0.02407738968659967
1.0,policy::capped_negative0.1__full__power1.5,bounded_subtraction,0.6156413684504388,-0.03475244752577644
1.0,policy::capped_negative0.1__full__uniform0.02,bounded_subtraction,0.638962974951104,-0.011430841025111271
1.0,policy::capped_negative0.1__full__uniform0.05,bounded_subtraction,0.6407646903726184,-0.009629125603596855
1.0,policy::capped_negative0.1__full__uniform0.1,bounded_subtraction,0.6420747303581484,-0.008319085618066824
1.0,policy::capped_negative0.1__full__uniform0.2,bounded_subtraction,0.6371755651808007,-0.01321825079541461
1.0,policy::capped_negative0.1__topm__accept_clip0.02,bounded_subtraction,0.6370103270509573,-0.01338348892525798
1.0,policy::capped_negative0.1__topm__accept_clip0.05,bounded_subtraction,0.637051869897536,-0.013341946078679223
1.0,policy::capped_negative0.1__topm__accept_clip0.1,bounded_subtraction,0.6339942674580106,-0.016399548518204687
1.0,policy::capped_negative0.1__topm__bonus1.25,bounded_subtraction,0.6351583485389004,-0.015235467437314854
1.0,policy::capped_negative0.1__topm__bonus1.5,bounded_subtraction,0.6363408797005152,-0.014052936275700034
1.0,policy::capped_negative0.1__topm__bonus2,bounded_subtraction,0.6361997770378963,-0.014194038938318942
1.0,policy::capped_negative0.1__topm__bonus3,bounded_subtraction,0.6367545665252721,-0.013639249450943192
1.0,policy::capped_negative0.1__topm__expected_mix0.25,bounded_subtraction,0.6408784467093658,-0.009515369266849483
1.0,policy::capped_negative0.1__topm__expected_mix0.5,bounded_subtraction,0.6344698039328474,-0.015924012043367908
1.0,policy::capped_negative0.1__topm__expected_mix0.75,bounded_subtraction,0.6239598663871907,-0.026433949589024563
1.0,policy::capped_negative0.1__topm__expected_rejection,bounded_subtraction,0.6113707608113585,-0.03902305516485671
1.0,policy::capped_negative0.1__topm__h_tau0.8,bounded_subtraction,0.6108832855216896,-0.03951053045452568
1.0,policy::capped_negative0.1__topm__h_tau0.9,bounded_subtraction,0.6270893096178725,-0.023304506358342802
1.0,policy::capped_negative0.1__topm__h_tau1.1,bounded_subtraction,0.6277616883573621,-0.022632127618853137
1.0,policy::capped_negative0.1__topm__h_tau1.25,bounded_subtraction,0.6112544723693113,-0.039139343606903965
1.0,policy::capped_negative0.1__topm__original,bounded_subtraction,0.6338595381903899,-0.01653427778582539
1.0,policy::capped_negative0.1__topm__power0.5,bounded_subtraction,0.6341595433476378,-0.016234272628577462
1.0,policy::capped_negative0.1__topm__power0.75,bounded_subtraction,0.6360753037980034,-0.014318512178211895
1.0,policy::capped_negative0.1__topm__power1.25,bounded_subtraction,0.6236107918847902,-0.02678302409142508
1.0,policy::capped_negative0.1__topm__power1.5,bounded_subtraction,0.6130143930944756,-0.03737942288173968
1.0,policy::capped_negative0.1__topm__uniform0.02,bounded_subtraction,0.6366516830476341,-0.013742132928581174
1.0,policy::capped_negative0.1__topm__uniform0.05,bounded_subtraction,0.6379840760919077,-0.012409739884307602
1.0,policy::capped_negative0.1__topm__uniform0.1,bounded_subtraction,0.6385652101972459,-0.011828605778969381
1.0,policy::capped_negative0.1__topm__uniform0.2,bounded_subtraction,0.6354532873711364,-0.014940528605078884
1.0,policy::capped_negative0.25__full__accept_clip0.02,bounded_subtraction,0.65009427698805,-0.0002995389881652599
1.0,policy::capped_negative0.25__full__accept_clip0.05,bounded_subtraction,0.649659441216815,-0.0007343747594003025
1.0,policy::capped_negative0.25__full__accept_clip0.1,bounded_subtraction,0.6452635103890455,-0.005130305587169759
1.0,policy::capped_negative0.25__full__bonus1.25,bounded_subtraction,0.6460079448186726,-0.004385871157542631
1.0,policy::capped_negative0.25__full__bonus1.5,bounded_subtraction,0.6472230741482461,-0.00317074182796917
1.0,policy::capped_negative0.25__full__bonus2,bounded_subtraction,0.6467905283935816,-0.0036032875826336186
1.0,policy::capped_negative0.25__full__bonus3,bounded_subtraction,0.6475896519091013,-0.0028041640671139234
1.0,policy::capped_negative0.25__full__expected_mix0.25,bounded_subtraction,0.6533700125843604,0.0029761966081451874
1.0,policy::capped_negative0.25__full__expected_mix0.5,bounded_subtraction,0.6493794838868951,-0.0010143320893201135
1.0,policy::capped_negative0.25__full__expected_mix0.75,bounded_subtraction,0.6417884533099626,-0.00860536266625267
1.0,policy::capped_negative0.25__full__expected_rejection,bounded_subtraction,0.6263211828873559,-0.02407263308885932
1.0,policy::capped_negative0.25__full__h_tau0.8,bounded_subtraction,0.6209359512696146,-0.02945786470660061
1.0,policy::capped_negative0.25__full__h_tau0.9,bounded_subtraction,0.6364674370108007,-0.013926378965414599
1.0,policy::capped_negative0.25__full__h_tau1.1,bounded_subtraction,0.6395288560560882,-0.010864959920127037
1.0,policy::capped_negative0.25__full__h_tau1.25,bounded_subtraction,0.6233541038787791,-0.027039712097436164
1.0,policy::capped_negative0.25__full__original,bounded_subtraction,0.6454441258971056,-0.004949690079109614
1.0,policy::capped_negative0.25__full__power0.5,bounded_subtraction,0.6442819636487352,-0.006111852327480016
1.0,policy::capped_negative0.25__full__power0.75,bounded_subtraction,0.6464058658237634,-0.003987950152451902
1.0,policy::capped_negative0.25__full__power1.25,bounded_subtraction,0.6346593364974272,-0.015734479478788033
1.0,policy::capped_negative0.25__full__power1.5,bounded_subtraction,0.6245608548986258,-0.025832961077589478
1.0,policy::capped_negative0.25__full__uniform0.02,bounded_subtraction,0.6469380969808604,-0.003455718995354906
1.0,policy::capped_negative0.25__full__uniform0.05,bounded_subtraction,0.6480980628863061,-0.002295753089909147
1.0,policy::capped_negative0.25__full__uniform0.1,bounded_subtraction,0.6503190513540678,-7.476462214750512e-05
1.0,policy::capped_negative0.25__full__uniform0.2,bounded_subtraction,0.6471498465124395,-0.0032439694637758087
1.0,policy::capped_negative0.25__topm__accept_clip0.02,bounded_subtraction,0.6453145551505608,-0.005079260825654464
1.0,policy::capped_negative0.25__topm__accept_clip0.05,bounded_subtraction,0.6460492162655534,-0.004344599710661812
1.0,policy::capped_negative0.25__topm__accept_clip0.1,bounded_subtraction,0.6426354687872202,-0.007758347188995041
1.0,policy::capped_negative0.25__topm__bonus1.25,bounded_subtraction,0.643174543560532,-0.007219272415683209
1.0,policy::capped_negative0.25__topm__bonus1.5,bounded_subtraction,0.6448081712688395,-0.00558564470737577
1.0,policy::capped_negative0.25__topm__bonus2,bounded_subtraction,0.644509653520231,-0.005884162455984221
1.0,policy::capped_negative0.25__topm__bonus3,bounded_subtraction,0.6434020758587994,-0.006991740117415879
1.0,policy::capped_negative0.25__topm__expected_mix0.25,bounded_subtraction,0.6514996945167341,0.001105878540518801
1.0,policy::capped_negative0.25__topm__expected_mix0.5,bounded_subtraction,0.6462843987059214,-0.0041094172702939025
1.0,policy::capped_negative0.25__topm__expected_mix0.75,bounded_subtraction,0.6347157987940539,-0.01567801718216133
1.0,policy::capped_negative0.25__topm__expected_rejection,bounded_subtraction,0.6194709371184068,-0.030922878857808422
1.0,policy::capped_negative0.25__topm__h_tau0.8,bounded_subtraction,0.617856591324224,-0.03253722465199127
1.0,policy::capped_negative0.25__topm__h_tau0.9,bounded_subtraction,0.6351174784285856,-0.015276337547629693
1.0,policy::capped_negative0.25__topm__h_tau1.1,bounded_subtraction,0.6368678197821293,-0.01352599619408601
1.0,policy::capped_negative0.25__topm__h_tau1.25,bounded_subtraction,0.6182445312296784,-0.03214928474653689
1.0,policy::capped_negative0.25__topm__original,bounded_subtraction,0.643513773777816,-0.006880042198399217
1.0,policy::capped_negative0.25__topm__power0.5,bounded_subtraction,0.6422321050901347,-0.008161710886080531
1.0,policy::capped_negative0.25__topm__power0.75,bounded_subtraction,0.6437172554170372,-0.006676560559178091
1.0,policy::capped_negative0.25__topm__power1.25,bounded_subtraction,0.6327595198547903,-0.017634296121424975
1.0,policy::capped_negative0.25__topm__power1.5,bounded_subtraction,0.6215582139329066,-0.028835602043308706
1.0,policy::capped_negative0.25__topm__uniform0.02,bounded_subtraction,0.645814198146015,-0.004579617830200222
1.0,policy::capped_negative0.25__topm__uniform0.05,bounded_subtraction,0.6451580241743246,-0.00523579180189071
1.0,policy::capped_negative0.25__topm__uniform0.1,bounded_subtraction,0.646734093338089,-0.003659722638126306
1.0,policy::capped_negative0.25__topm__uniform0.2,bounded_subtraction,0.644820709854118,-0.005573106122097271
1.0,policy::capped_negative0.5__full__accept_clip0.02,bounded_subtraction,0.6559000761811534,0.005506260204938163
1.0,policy::capped_negative0.5__full__accept_clip0.05,bounded_subtraction,0.6550133607510334,0.004619544774818185
1.0,policy::capped_negative0.5__full__accept_clip0.1,bounded_subtraction,0.6519802139674392,0.0015863979912239534
1.0,policy::capped_negative0.5__full__bonus1.25,bounded_subtraction,0.6489105108299954,-0.0014833051462198599
1.0,policy::capped_negative0.5__full__bonus1.5,bounded_subtraction,0.6504599656886279,6.614971241258871e-05
1.0,policy::capped_negative0.5__full__bonus2,bounded_subtraction,0.6515670371779163,0.0011732212017010468
1.0,policy::capped_negative0.5__full__bonus3,bounded_subtraction,0.6513043842223253,0.0009105682461100217
1.0,policy::capped_negative0.5__full__expected_mix0.25,bounded_subtraction,0.6600013003955382,0.00960748441932291
1.0,policy::capped_negative0.5__full__expected_mix0.5,bounded_subtraction,0.6548926533452976,0.004498837369082298
1.0,policy::capped_negative0.5__full__expected_mix0.75,bounded_subtraction,0.6462519680568697,-0.004141847919345576
1.0,policy::capped_negative0.5__full__expected_rejection,bounded_subtraction,0.6325777902954267,-0.01781602568078855
1.0,policy::capped_negative0.5__full__h_tau0.8,bounded_subtraction,0.6240629796040917,-0.026330836372123523
1.0,policy::capped_negative0.5__full__h_tau0.9,bounded_subtraction,0.6407585052994274,-0.009635310676787912
1.0,policy::capped_negative0.5__full__h_tau1.1,bounded_subtraction,0.6470131165147084,-0.0033806994615068753
1.0,policy::capped_negative0.5__full__h_tau1.25,bounded_subtraction,0.6296359921827139,-0.02075782379350133
1.0,policy::capped_negative0.5__full__original,bounded_subtraction,0.648116429649387,-0.002277386326828279
1.0,policy::capped_negative0.5__full__power0.5,bounded_subtraction,0.6543498766696713,0.003956060693455998
1.0,policy::capped_negative0.5__full__power0.75,bounded_subtraction,0.6547453836735176,0.004351567697302383
1.0,policy::capped_negative0.5__full__power1.25,bounded_subtraction,0.6365119711039886,-0.013881844872226656
1.0,policy::capped_negative0.5__full__power1.5,bounded_subtraction,0.6262412286997533,-0.024152587276461968
1.0,policy::capped_negative0.5__full__uniform0.02,bounded_subtraction,0.6512539072782366,0.0008600913020213596
1.0,policy::capped_negative0.5__full__uniform0.05,bounded_subtraction,0.6542324692314748,0.003838653255259561
1.0,policy::capped_negative0.5__full__uniform0.1,bounded_subtraction,0.656177975883088,0.0057841599068727545
1.0,policy::capped_negative0.5__full__uniform0.2,bounded_subtraction,0.6544857431675646,0.0040919271913493205
1.0,policy::capped_negative0.5__topm__accept_clip0.02,bounded_subtraction,0.6505252733149842,0.00013145733876895882
1.0,policy::capped_negative0.5__topm__accept_clip0.05,bounded_subtraction,0.6519322652382566,0.0015384492620413859
1.0,policy::capped_negative0.5__topm__accept_clip0.1,bounded_subtraction,0.6509066774169442,0.0005128614407289289
1.0,policy::capped_negative0.5__topm__bonus1.25,bounded_subtraction,0.6478190384574899,-0.0025747775187253685
1.0,policy::capped_negative0.5__topm__bonus1.5,bounded_subtraction,0.648317054266541,-0.002076761709674302
1.0,policy::capped_negative0.5__topm__bonus2,bounded_subtraction,0.6494984729681229,-0.000895343008092353
1.0,policy::capped_negative0.5__topm__bonus3,bounded_subtraction,0.6489655907584405,-0.0014282252177747479
1.0,policy::capped_negative0.5__topm__expected_mix0.25,bounded_subtraction,0.6568829354380225,0.006489119461807191
1.0,policy::capped_negative0.5__topm__expected_mix0.5,bounded_subtraction,0.6524923118843957,0.0020984959081804533
1.0,policy::capped_negative0.5__topm__expected_mix0.75,bounded_subtraction,0.6407748290771499,-0.009618986899065374
1.0,policy::capped_negative0.5__topm__expected_rejection,bounded_subtraction,0.6278971984253855,-0.022496617550829767
1.0,policy::capped_negative0.5__topm__h_tau0.8,bounded_subtraction,0.6196223751020666,-0.030771440874148626
1.0,policy::capped_negative0.5__topm__h_tau0.9,bounded_subtraction,0.6374825205846573,-0.012911295391557998
1.0,policy::capped_negative0.5__topm__h_tau1.1,bounded_subtraction,0.643249293979708,-0.00714452199650728
1.0,policy::capped_negative0.5__topm__h_tau1.25,bounded_subtraction,0.625447532580399,-0.024946283395816282
1.0,policy::capped_negative0.5__topm__original,bounded_subtraction,0.6451354697959695,-0.005258346180245788
1.0,policy::capped_negative0.5__topm__power0.5,bounded_subtraction,0.651123611454659,0.0007297954784437621
1.0,policy::capped_negative0.5__topm__power0.75,bounded_subtraction,0.6515946156282412,0.0012007996520259079
1.0,policy::capped_negative0.5__topm__power1.25,bounded_subtraction,0.6341887497535915,-0.016205066222623743
1.0,policy::capped_negative0.5__topm__power1.5,bounded_subtraction,0.6218851051334128,-0.028508710842802487
1.0,policy::capped_negative0.5__topm__uniform0.02,bounded_subtraction,0.6504730043339773,7.918835776199451e-05
1.0,policy::capped_negative0.5__topm__uniform0.05,bounded_subtraction,0.6500403053533871,-0.00035351062282817924
1.0,policy::capped_negative0.5__topm__uniform0.1,bounded_subtraction,0.652384562553691,0.001990746577475777
1.0,policy::capped_negative0.5__topm__uniform0.2,bounded_subtraction,0.6518268995830117,0.0014330836067963926
1.0,policy::capped_negative1__full__accept_clip0.02,bounded_subtraction,0.6532114472727153,0.002817631296500034
1.0,policy::capped_negative1__full__accept_clip0.05,bounded_subtraction,0.6552680316844924,0.004874215708277174
1.0,policy::capped_negative1__full__accept_clip0.1,bounded_subtraction,0.653840039829119,0.003446223852903718
1.0,policy::capped_negative1__full__bonus1.25,bounded_subtraction,0.6474836813383499,-0.0029101346378653803
1.0,policy::capped_negative1__full__bonus1.5,bounded_subtraction,0.6485464577520084,-0.0018473582242068964
1.0,policy::capped_negative1__full__bonus2,bounded_subtraction,0.6503131165888997,-8.06993873155859e-05
1.0,policy::capped_negative1__full__bonus3,bounded_subtraction,0.6494529573222508,-0.000940858653964427
1.0,policy::capped_negative1__full__expected_mix0.25,bounded_subtraction,0.6611304915634038,0.010736675587188493
1.0,policy::capped_negative1__full__expected_mix0.5,bounded_subtraction,0.6588368648756756,0.008443048899460348
1.0,policy::capped_negative1__full__expected_mix0.75,bounded_subtraction,0.6498839321166561,-0.0005098838595591904
1.0,policy::capped_negative1__full__expected_rejection,bounded_subtraction,0.6359257304034187,-0.014468085572796552
1.0,policy::capped_negative1__full__h_tau0.8,bounded_subtraction,0.6187336027285589,-0.03166021324765633
1.0,policy::capped_negative1__full__h_tau0.9,bounded_subtraction,0.6373965886722417,-0.012997227303973569
1.0,policy::capped_negative1__full__h_tau1.1,bounded_subtraction,0.6454573328874198,-0.0049364830887954625
1.0,policy::capped_negative1__full__h_tau1.25,bounded_subtraction,0.6302728259344904,-0.02012099004172485
1.0,policy::capped_negative1__full__original,bounded_subtraction,0.6456720001768425,-0.004721815799372808
1.0,policy::capped_negative1__full__power0.5,bounded_subtraction,0.6531911351086951,0.0027973191324798252
1.0,policy::capped_negative1__full__power0.75,bounded_subtraction,0.6520652015527171,0.001671385576501816
1.0,policy::capped_negative1__full__power1.25,bounded_subtraction,0.6346571403896236,-0.015736675586591642
1.0,policy::capped_negative1__full__power1.5,bounded_subtraction,0.6215580150990115,-0.02883580087720372
1.0,policy::capped_negative1__full__uniform0.02,bounded_subtraction,0.6514725285279785,0.0010787125517632834
1.0,policy::capped_negative1__full__uniform0.05,bounded_subtraction,0.6555461008050494,0.005152284828834119
1.0,policy::capped_negative1__full__uniform0.1,bounded_subtraction,0.6554191858819318,0.005025369905716559
1.0,policy::capped_negative1__full__uniform0.2,bounded_subtraction,0.6524109254421967,0.002017109465981437
1.0,policy::capped_negative1__topm__accept_clip0.02,bounded_subtraction,0.6499342499952137,-0.0004595659810016084
1.0,policy::capped_negative1__topm__accept_clip0.05,bounded_subtraction,0.6535225626154644,0.0031287466392491137
1.0,policy::capped_negative1__topm__accept_clip0.1,bounded_subtraction,0.6497956892600523,-0.0005981267161629944
1.0,policy::capped_negative1__topm__bonus1.25,bounded_subtraction,0.6459362383243361,-0.004457577651879152
1.0,policy::capped_negative1__topm__bonus1.5,bounded_subtraction,0.6478362626716674,-0.002557553304547877
1.0,policy::capped_negative1__topm__bonus2,bounded_subtraction,0.6482521320152962,-0.002141683960919072
1.0,policy::capped_negative1__topm__bonus3,bounded_subtraction,0.647735632113189,-0.0026581838630262977
1.0,policy::capped_negative1__topm__expected_mix0.25,bounded_subtraction,0.658343887547848,0.007950071571632744
1.0,policy::capped_negative1__topm__expected_mix0.5,bounded_subtraction,0.6552058145198887,0.004811998543673424
1.0,policy::capped_negative1__topm__expected_mix0.75,bounded_subtraction,0.6456583197350442,-0.004735496241171089
1.0,policy::capped_negative1__topm__expected_rejection,bounded_subtraction,0.6282508198419863,-0.022142996134228987
1.0,policy::capped_negative1__topm__h_tau0.8,bounded_subtraction,0.6166993687816804,-0.03369444719453485
1.0,policy::capped_negative1__topm__h_tau0.9,bounded_subtraction,0.6346877813332694,-0.015706034642945843
1.0,policy::capped_negative1__topm__h_tau1.1,bounded_subtraction,0.6425135786959184,-0.007880237280296853
1.0,policy::capped_negative1__topm__h_tau1.25,bounded_subtraction,0.6262400787705931,-0.024153737205622194
1.0,policy::capped_negative1__topm__original,bounded_subtraction,0.6449536407738942,-0.005440175202321096
1.0,policy::capped_negative1__topm__power0.5,bounded_subtraction,0.6499502876681715,-0.000443528308043728
1.0,policy::capped_negative1__topm__power0.75,bounded_subtraction,0.6508848454675312,0.0004910294913159641
1.0,policy::capped_negative1__topm__power1.25,bounded_subtraction,0.6307743479751448,-0.019619468001070506
1.0,policy::capped_negative1__topm__power1.5,bounded_subtraction,0.6183754630870192,-0.03201835288919608
1.0,policy::capped_negative1__topm__uniform0.02,bounded_subtraction,0.6506389579090741,0.00024514193285885
1.0,policy::capped_negative1__topm__uniform0.05,bounded_subtraction,0.6520393486653105,0.001645532689095286
1.0,policy::capped_negative1__topm__uniform0.1,bounded_subtraction,0.6524173827279232,0.002023566751707895
1.0,policy::capped_negative1__topm__uniform0.2,bounded_subtraction,0.6495592487029401,-0.000834567273275133
1.0,policy::complement__full__accept_clip0.02,bounded_subtraction,0.6305812154169093,-0.019812600559306004
1.0,policy::complement__full__accept_clip0.05,bounded_subtraction,0.6295480705250124,-0.02084574545120288
1.0,policy::complement__full__accept_clip0.1,bounded_subtraction,0.6276647139309793,-0.022729102045235927
1.0,policy::complement__full__bonus1.25,bounded_subtraction,0.6256121382695885,-0.02478167770662676
1.0,policy::complement__full__bonus1.5,bounded_subtraction,0.6260601655737444,-0.02433365040247082
1.0,policy::complement__full__bonus2,bounded_subtraction,0.6280065381539808,-0.022387277822234486
1.0,policy::complement__full__bonus3,bounded_subtraction,0.6290188239313163,-0.02137499204489901
1.0,policy::complement__full__expected_mix0.25,bounded_subtraction,0.6332965133943285,-0.017097302581886797
1.0,policy::complement__full__expected_mix0.5,bounded_subtraction,0.6309279488707319,-0.01946586710548337
1.0,policy::complement__full__expected_mix0.75,bounded_subtraction,0.6237488461147042,-0.026644969861511103
1.0,policy::complement__full__expected_rejection,bounded_subtraction,0.6128441511844599,-0.037549664791755366
1.0,policy::complement__full__h_tau0.8,bounded_subtraction,0.6000318371257134,-0.050361978850501865
1.0,policy::complement__full__h_tau0.9,bounded_subtraction,0.6160714616664248,-0.03432235430979047
1.0,policy::complement__full__h_tau1.1,bounded_subtraction,0.621493918764394,-0.02889989721182129
1.0,policy::complement__full__h_tau1.25,bounded_subtraction,0.6058480395040623,-0.044545776472152965
1.0,policy::complement__full__original,bounded_subtraction,0.6241231565106654,-0.02627065946554985
1.0,policy::complement__full__power0.5,bounded_subtraction,0.630068128951942,-0.020325687024273287
1.0,policy::complement__full__power0.75,bounded_subtraction,0.6298617464900754,-0.020532069486139837
1.0,policy::complement__full__power1.25,bounded_subtraction,0.6144616910509751,-0.035932124925240116
1.0,policy::complement__full__power1.5,bounded_subtraction,0.6041943793525657,-0.04619943662364956
1.0,policy::complement__full__uniform0.02,bounded_subtraction,0.6284649207147696,-0.021928895261445702
1.0,policy::complement__full__uniform0.05,bounded_subtraction,0.6316063794525845,-0.018787436523630796
1.0,policy::complement__full__uniform0.1,bounded_subtraction,0.6332293350209907,-0.017164480955224604
1.0,policy::complement__full__uniform0.2,bounded_subtraction,0.6308625757235657,-0.019531240252649518
1.0,policy::complement__topm__accept_clip0.02,bounded_subtraction,0.6256455419239938,-0.024748274052221464
1.0,policy::complement__topm__accept_clip0.05,bounded_subtraction,0.627125209612409,-0.023268606363806232
1.0,policy::complement__topm__accept_clip0.1,bounded_subtraction,0.62436186769959,-0.02603194827662525
1.0,policy::complement__topm__bonus1.25,bounded_subtraction,0.6241064242420599,-0.026287391734155396
1.0,policy::complement__topm__bonus1.5,bounded_subtraction,0.6249585934198749,-0.025435222556340342
1.0,policy::complement__topm__bonus2,bounded_subtraction,0.6258759676465769,-0.024517848329638325
1.0,policy::complement__topm__bonus3,bounded_subtraction,0.6257745507583838,-0.02461926521783142
1.0,policy::complement__topm__expected_mix0.25,bounded_subtraction,0.6313084545488051,-0.01908536142741013
1.0,policy::complement__topm__expected_mix0.5,bounded_subtraction,0.6275880290167107,-0.022805786959504526
1.0,policy::complement__topm__expected_mix0.75,bounded_subtraction,0.6187741858111397,-0.03161963016507552
1.0,policy::complement__topm__expected_rejection,bounded_subtraction,0.6064355676309292,-0.043958248345286055
1.0,policy::complement__topm__h_tau0.8,bounded_subtraction,0.5977521863735731,-0.05264162960264218
1.0,policy::complement__topm__h_tau0.9,bounded_subtraction,0.6149766670449156,-0.03541714893129966
1.0,policy::complement__topm__h_tau1.1,bounded_subtraction,0.6186307163250827,-0.031763099651132554
1.0,policy::complement__topm__h_tau1.25,bounded_subtraction,0.6019101729697669,-0.04848364300644836
1.0,policy::complement__topm__original,bounded_subtraction,0.6219188441213336,-0.02847497185488168
1.0,policy::complement__topm__power0.5,bounded_subtraction,0.6275654846673842,-0.022828331308831107
1.0,policy::complement__topm__power0.75,bounded_subtraction,0.6270612592011237,-0.023332556775091606
1.0,policy::complement__topm__power1.25,bounded_subtraction,0.6122359810370168,-0.03815783493919844
1.0,policy::complement__topm__power1.5,bounded_subtraction,0.6021630597064767,-0.048230756269738606
1.0,policy::complement__topm__uniform0.02,bounded_subtraction,0.6262724130834384,-0.024121402892776866
1.0,policy::complement__topm__uniform0.05,bounded_subtraction,0.6285904294409734,-0.02180338653524183
1.0,policy::complement__topm__uniform0.1,bounded_subtraction,0.6291221547269652,-0.021271661249250062
1.0,policy::complement__topm__uniform0.2,bounded_subtraction,0.6284202830081874,-0.021973532968027842
1.0,policy::complement_power0.5__full__accept_clip0.02,bounded_subtraction,0.6618133563432996,0.011419540367084369
1.0,policy::complement_power0.5__full__accept_clip0.05,bounded_subtraction,0.6636993667927882,0.01330555081657292
1.0,policy::complement_power0.5__full__accept_clip0.1,bounded_subtraction,0.6607944049630221,0.010400588986806847
1.0,policy::complement_power0.5__full__bonus1.25,bounded_subtraction,0.6565397774678459,0.006145961491630603
1.0,policy::complement_power0.5__full__bonus1.5,bounded_subtraction,0.6571757511353707,0.006781935159155483
1.0,policy::complement_power0.5__full__bonus2,bounded_subtraction,0.6586279107808729,0.008234094804657643
1.0,policy::complement_power0.5__full__bonus3,bounded_subtraction,0.6597421565666239,0.009348340590408677
1.0,policy::complement_power0.5__full__expected_mix0.25,bounded_subtraction,0.6681173368048446,0.01772352082862938
1.0,policy::complement_power0.5__full__expected_mix0.5,bounded_subtraction,0.6652593881006129,0.014865572124397652
1.0,policy::complement_power0.5__full__expected_mix0.75,bounded_subtraction,0.6566366823699721,0.0062428663937568185
1.0,policy::complement_power0.5__full__expected_rejection,bounded_subtraction,0.6452282616945672,-0.00516555428164811
1.0,policy::complement_power0.5__full__h_tau0.8,bounded_subtraction,0.628243828674103,-0.022149987302112262
1.0,policy::complement_power0.5__full__h_tau0.9,bounded_subtraction,0.6452184961552453,-0.00517531982096997
1.0,policy::complement_power0.5__full__h_tau1.1,bounded_subtraction,0.6543975424576987,0.004003726481483394
1.0,policy::complement_power0.5__full__h_tau1.25,bounded_subtraction,0.6392611435045714,-0.011132672471643845
1.0,policy::complement_power0.5__full__original,bounded_subtraction,0.6548912504334486,0.004497434457233385
1.0,policy::complement_power0.5__full__power0.5,bounded_subtraction,0.6640277886042588,0.013633972628043556
1.0,policy::complement_power0.5__full__power0.75,bounded_subtraction,0.6606104988985191,0.010216682922303821
1.0,policy::complement_power0.5__full__power1.25,bounded_subtraction,0.6447957528623096,-0.005598063113905649
1.0,policy::complement_power0.5__full__power1.5,bounded_subtraction,0.6329386742045123,-0.01745514177170293
1.0,policy::complement_power0.5__full__uniform0.02,bounded_subtraction,0.6600324540559565,0.00963863807974119
1.0,policy::complement_power0.5__full__uniform0.05,bounded_subtraction,0.6627777749915496,0.01238395901533429
1.0,policy::complement_power0.5__full__uniform0.1,bounded_subtraction,0.6638434558330694,0.013449639856854101
1.0,policy::complement_power0.5__full__uniform0.2,bounded_subtraction,0.6623934277055461,0.011999611729330839
1.0,policy::complement_power0.5__topm__accept_clip0.02,bounded_subtraction,0.656182121035027,0.005788305058811782
1.0,policy::complement_power0.5__topm__accept_clip0.05,bounded_subtraction,0.6606068227462691,0.010213006770053878
1.0,policy::complement_power0.5__topm__accept_clip0.1,bounded_subtraction,0.6568405498565048,0.00644673388028949
1.0,policy::complement_power0.5__topm__bonus1.25,bounded_subtraction,0.6530209690241308,0.002627153047915498
1.0,policy::complement_power0.5__topm__bonus1.5,bounded_subtraction,0.6536587660397256,0.0032649500635103523
1.0,policy::complement_power0.5__topm__bonus2,bounded_subtraction,0.6552100274337378,0.0048162114575225345
1.0,policy::complement_power0.5__topm__bonus3,bounded_subtraction,0.6564436669526391,0.006049850976423854
1.0,policy::complement_power0.5__topm__expected_mix0.25,bounded_subtraction,0.6665604380761438,0.016166622099928585
1.0,policy::complement_power0.5__topm__expected_mix0.5,bounded_subtraction,0.6627003980803567,0.012306582104141484
1.0,policy::complement_power0.5__topm__expected_mix0.75,bounded_subtraction,0.6549059366418399,0.004512120665624675
1.0,policy::complement_power0.5__topm__expected_rejection,bounded_subtraction,0.637915274761703,-0.012478541214512306
1.0,policy::complement_power0.5__topm__h_tau0.8,bounded_subtraction,0.6274571583156834,-0.02293665766053188
1.0,policy::complement_power0.5__topm__h_tau0.9,bounded_subtraction,0.6417158053207522,-0.008678010655463031
1.0,policy::complement_power0.5__topm__h_tau1.1,bounded_subtraction,0.6516253783370343,0.0012315623608190052
1.0,policy::complement_power0.5__topm__h_tau1.25,bounded_subtraction,0.6349077259236973,-0.015486090052517998
1.0,policy::complement_power0.5__topm__original,bounded_subtraction,0.6512800067535756,0.0008861907773602962
1.0,policy::complement_power0.5__topm__power0.5,bounded_subtraction,0.66054285618965,0.010149040213434768
1.0,policy::complement_power0.5__topm__power0.75,bounded_subtraction,0.6591217631600205,0.008727947183805207
1.0,policy::complement_power0.5__topm__power1.25,bounded_subtraction,0.640631941331739,-0.00976187464447631
1.0,policy::complement_power0.5__topm__power1.5,bounded_subtraction,0.6278261202765395,-0.02256769569967576
1.0,policy::complement_power0.5__topm__uniform0.02,bounded_subtraction,0.6578247268566348,0.007430910880419583
1.0,policy::complement_power0.5__topm__uniform0.05,bounded_subtraction,0.6600996016888017,0.009705785712586401
1.0,policy::complement_power0.5__topm__uniform0.1,bounded_subtraction,0.6611657249902968,0.010771909014081538
1.0,policy::complement_power0.5__topm__uniform0.2,bounded_subtraction,0.6609727876641256,0.010578971687910332
1.0,policy::complement_power1__full__accept_clip0.02,bounded_subtraction,0.6607098031742697,0.010315987198054488
1.0,policy::complement_power1__full__accept_clip0.05,bounded_subtraction,0.6617951864431123,0.011401370466897043
1.0,policy::complement_power1__full__accept_clip0.1,bounded_subtraction,0.6594790976197891,0.009085281643573806
1.0,policy::complement_power1__full__bonus1.25,bounded_subtraction,0.655746645917143,0.0053528299409277835
1.0,policy::complement_power1__full__bonus1.5,bounded_subtraction,0.6569349972784855,0.006541181302270216
1.0,policy::complement_power1__full__bonus2,bounded_subtraction,0.6583695245935147,0.00797570861729946
1.0,policy::complement_power1__full__bonus3,bounded_subtraction,0.65872347602146,0.008329660045244713
1.0,policy::complement_power1__full__expected_mix0.25,bounded_subtraction,0.6688531469964284,0.018459331020213132
1.0,policy::complement_power1__full__expected_mix0.5,bounded_subtraction,0.6655423265537078,0.015148510577492558
1.0,policy::complement_power1__full__expected_mix0.75,bounded_subtraction,0.6581737983405928,0.007779982364377491
1.0,policy::complement_power1__full__expected_rejection,bounded_subtraction,0.6452930469171394,-0.00510076905907586
1.0,policy::complement_power1__full__h_tau0.8,bounded_subtraction,0.6269530999359381,-0.0234407160402772
1.0,policy::complement_power1__full__h_tau0.9,bounded_subtraction,0.6443267843770828,-0.006067031599132466
1.0,policy::complement_power1__full__h_tau1.1,bounded_subtraction,0.6533935706440652,0.002999754667849963
1.0,policy::complement_power1__full__h_tau1.25,bounded_subtraction,0.6389830136256691,-0.011410802350546145
1.0,policy::complement_power1__full__original,bounded_subtraction,0.65421274328839,0.0038189273121747025
1.0,policy::complement_power1__full__power0.5,bounded_subtraction,0.6634616262443033,0.01306781026808801
1.0,policy::complement_power1__full__power0.75,bounded_subtraction,0.6599157602405532,0.009521944264337945
1.0,policy::complement_power1__full__power1.25,bounded_subtraction,0.6428651591889054,-0.007528656787309851
1.0,policy::complement_power1__full__power1.5,bounded_subtraction,0.6309722279362745,-0.019421588039940763
1.0,policy::complement_power1__full__uniform0.02,bounded_subtraction,0.6588125169594827,0.008418700983267469
1.0,policy::complement_power1__full__uniform0.05,bounded_subtraction,0.6621246526324224,0.011730836656207111
1.0,policy::complement_power1__full__uniform0.1,bounded_subtraction,0.6638063949786219,0.013412579002406666
1.0,policy::complement_power1__full__uniform0.2,bounded_subtraction,0.6622305547521481,0.011836738775932831
1.0,policy::complement_power1__topm__accept_clip0.02,bounded_subtraction,0.6555410962942675,0.0051472803180522275
1.0,policy::complement_power1__topm__accept_clip0.05,bounded_subtraction,0.6592608127498746,0.00886699677365932
1.0,policy::complement_power1__topm__accept_clip0.1,bounded_subtraction,0.6554496707904168,0.005055854814201566
1.0,policy::complement_power1__topm__bonus1.25,bounded_subtraction,0.653567410283213,0.003173594306997707
1.0,policy::complement_power1__topm__bonus1.5,bounded_subtraction,0.6546857299617804,0.004291913985565166
1.0,policy::complement_power1__topm__bonus2,bounded_subtraction,0.65594043123951,0.005546615263294696
1.0,policy::complement_power1__topm__bonus3,bounded_subtraction,0.6566120196652115,0.006218203688996282
1.0,policy::complement_power1__topm__expected_mix0.25,bounded_subtraction,0.6679866498568426,0.01759283388062738
1.0,policy::complement_power1__topm__expected_mix0.5,bounded_subtraction,0.6632690275530582,0.012875211576842904
1.0,policy::complement_power1__topm__expected_mix0.75,bounded_subtraction,0.6554572251148436,0.00506340913862835
1.0,policy::complement_power1__topm__expected_rejection,bounded_subtraction,0.6392886035373263,-0.011105212438888956
1.0,policy::complement_power1__topm__h_tau0.8,bounded_subtraction,0.6253325132893277,-0.025061302686887554
1.0,policy::complement_power1__topm__h_tau0.9,bounded_subtraction,0.641582043442685,-0.008811772533530271
1.0,policy::complement_power1__topm__h_tau1.1,bounded_subtraction,0.6501919164621904,-0.00020189951402482809
1.0,policy::complement_power1__topm__h_tau1.25,bounded_subtraction,0.6351759668709427,-0.015217849105272574
1.0,policy::complement_power1__topm__original,bounded_subtraction,0.6504473006871103,5.3484710895057574e-05
1.0,policy::complement_power1__topm__power0.5,bounded_subtraction,0.6604590281337492,0.010065212157533976
1.0,policy::complement_power1__topm__power0.75,bounded_subtraction,0.6589230691561353,0.008529253179920038
1.0,policy::complement_power1__topm__power1.25,bounded_subtraction,0.6389895057382367,-0.01140431023797861
1.0,policy::complement_power1__topm__power1.5,bounded_subtraction,0.6271266512430588,-0.023267164733156487
1.0,policy::complement_power1__topm__uniform0.02,bounded_subtraction,0.6569071439853021,0.006513328009086883
1.0,policy::complement_power1__topm__uniform0.05,bounded_subtraction,0.6596848802905294,0.009291064314314146
1.0,policy::complement_power1__topm__uniform0.1,bounded_subtraction,0.6602142695571181,0.009820453580902888
1.0,policy::complement_power1__topm__uniform0.2,bounded_subtraction,0.6611220085988708,0.010728192622655564
1.0,policy::complement_power2__full__accept_clip0.02,bounded_subtraction,0.657215929404926,0.006822113428710752
1.0,policy::complement_power2__full__accept_clip0.05,bounded_subtraction,0.6590852208568123,0.008691404880597053
1.0,policy::complement_power2__full__accept_clip0.1,bounded_subtraction,0.6583882377425574,0.00799442176634213
1.0,policy::complement_power2__full__bonus1.25,bounded_subtraction,0.6520420431344467,0.00164822715823143
1.0,policy::complement_power2__full__bonus1.5,bounded_subtraction,0.6538390723577036,0.003445256381488293
1.0,policy::complement_power2__full__bonus2,bounded_subtraction,0.6547519909203497,0.004358174944134485
1.0,policy::complement_power2__full__bonus3,bounded_subtraction,0.6566701765586761,0.006276360582460838
1.0,policy::complement_power2__full__expected_mix0.25,bounded_subtraction,0.6644537261014054,0.014059910125190145
1.0,policy::complement_power2__full__expected_mix0.5,bounded_subtraction,0.6661821141284267,0.01578829815221139
1.0,policy::complement_power2__full__expected_mix0.75,bounded_subtraction,0.6586630690009851,0.008269253024769885
1.0,policy::complement_power2__full__expected_rejection,bounded_subtraction,0.6444351393899046,-0.005958676586310663
1.0,policy::complement_power2__full__h_tau0.8,bounded_subtraction,0.6217621906945401,-0.028631625281675177
1.0,policy::complement_power2__full__h_tau0.9,bounded_subtraction,0.6409419194756979,-0.009451896500517365
1.0,policy::complement_power2__full__h_tau1.1,bounded_subtraction,0.6510630820266817,0.000669266050466466
1.0,policy::complement_power2__full__h_tau1.25,bounded_subtraction,0.6379607662401828,-0.012433049736032431
1.0,policy::complement_power2__full__original,bounded_subtraction,0.6504271820292997,3.336605308446039e-05
1.0,policy::complement_power2__full__power0.5,bounded_subtraction,0.6626007780622049,0.012206962085989592
1.0,policy::complement_power2__full__power0.75,bounded_subtraction,0.6582189529565957,0.007825136980380454
1.0,policy::complement_power2__full__power1.25,bounded_subtraction,0.6379811848480065,-0.012412631128208784
1.0,policy::complement_power2__full__power1.5,bounded_subtraction,0.6271467337372616,-0.023247082238953665
1.0,policy::complement_power2__full__uniform0.02,bounded_subtraction,0.6562250273859811,0.005831211409765835
1.0,policy::complement_power2__full__uniform0.05,bounded_subtraction,0.6598934905338868,0.009499674557671534
1.0,policy::complement_power2__full__uniform0.1,bounded_subtraction,0.6626275397458194,0.012233723769604188
1.0,policy::complement_power2__full__uniform0.2,bounded_subtraction,0.6622500924035805,0.011856276427365198
1.0,policy::complement_power2__topm__accept_clip0.02,bounded_subtraction,0.6526154709880532,0.0022216550118379086
1.0,policy::complement_power2__topm__accept_clip0.05,bounded_subtraction,0.657718746543583,0.007324930567367716
1.0,policy::complement_power2__topm__accept_clip0.1,bounded_subtraction,0.6545140110180483,0.00412019504183303
1.0,policy::complement_power2__topm__bonus1.25,bounded_subtraction,0.6500673129701373,-0.00032650300607794946
1.0,policy::complement_power2__topm__bonus1.5,bounded_subtraction,0.6521358572427425,0.0017420412665272167
1.0,policy::complement_power2__topm__bonus2,bounded_subtraction,0.6529527904259604,0.002558974449745177
1.0,policy::complement_power2__topm__bonus3,bounded_subtraction,0.6537986054599099,0.0034047894836946035
1.0,policy::complement_power2__topm__expected_mix0.25,bounded_subtraction,0.6632136691182909,0.012819853142075677
1.0,policy::complement_power2__topm__expected_mix0.5,bounded_subtraction,0.6642590004141374,0.013865184437922173
1.0,policy::complement_power2__topm__expected_mix0.75,bounded_subtraction,0.6554464608097046,0.005052644833489328
1.0,policy::complement_power2__topm__expected_rejection,bounded_subtraction,0.636378283878864,-0.014015532097351291
1.0,policy::complement_power2__topm__h_tau0.8,bounded_subtraction,0.6187846491210884,-0.031609166855126825
1.0,policy::complement_power2__topm__h_tau0.9,bounded_subtraction,0.6363525423451428,-0.014041273631072437
1.0,policy::complement_power2__topm__h_tau1.1,bounded_subtraction,0.6482803140541175,-0.0021135019220978046
1.0,policy::complement_power2__topm__h_tau1.25,bounded_subtraction,0.6336126389536091,-0.016781177022606175
1.0,policy::complement_power2__topm__original,bounded_subtraction,0.6468869574363898,-0.0035068585398254637
1.0,policy::complement_power2__topm__power0.5,bounded_subtraction,0.6598641439508195,0.009470327974604231
1.0,policy::complement_power2__topm__power0.75,bounded_subtraction,0.6568255658913171,0.00643174991510187
1.0,policy::complement_power2__topm__power1.25,bounded_subtraction,0.6348633262948999,-0.015530489681315318
1.0,policy::complement_power2__topm__power1.5,bounded_subtraction,0.6231961898039445,-0.027197626172270728
1.0,policy::complement_power2__topm__uniform0.02,bounded_subtraction,0.653095162220035,0.002701346243819791
1.0,policy::complement_power2__topm__uniform0.05,bounded_subtraction,0.6554161442654891,0.0050223282892738474
1.0,policy::complement_power2__topm__uniform0.1,bounded_subtraction,0.6587885223383464,0.008394706362131132
1.0,policy::complement_power2__topm__uniform0.2,bounded_subtraction,0.6595784455404718,0.009184629564256586
1.0,policy::complement_power4__full__accept_clip0.02,bounded_subtraction,0.6492933134052095,-0.0011005025710058014
1.0,policy::complement_power4__full__accept_clip0.05,bounded_subtraction,0.6512826228940465,0.0008888069178312197
1.0,policy::complement_power4__full__accept_clip0.1,bounded_subtraction,0.6511316683918625,0.0007378524156472777
1.0,policy::complement_power4__full__bonus1.25,bounded_subtraction,0.6446070574694134,-0.005786758506801881
1.0,policy::complement_power4__full__bonus1.5,bounded_subtraction,0.6463328697128936,-0.004060946263321652
1.0,policy::complement_power4__full__bonus2,bounded_subtraction,0.6480992195976358,-0.0022945963785794277
1.0,policy::complement_power4__full__bonus3,bounded_subtraction,0.6496738385568742,-0.0007199774193410446
1.0,policy::complement_power4__full__expected_mix0.25,bounded_subtraction,0.6589978495561797,0.00860403357996442
1.0,policy::complement_power4__full__expected_mix0.5,bounded_subtraction,0.6567967916464575,0.0064029756702422835
1.0,policy::complement_power4__full__expected_mix0.75,bounded_subtraction,0.6507221788265654,0.0003283628503500946
1.0,policy::complement_power4__full__expected_rejection,bounded_subtraction,0.6371565283852936,-0.013237287590921687
1.0,policy::complement_power4__full__h_tau0.8,bounded_subtraction,0.6120989833607751,-0.0382948326154402
1.0,policy::complement_power4__full__h_tau0.9,bounded_subtraction,0.6313903605351554,-0.019003455441059858
1.0,policy::complement_power4__full__h_tau1.1,bounded_subtraction,0.6447606196503067,-0.005633196325908529
1.0,policy::complement_power4__full__h_tau1.25,bounded_subtraction,0.6292763273564834,-0.02111748861973184
1.0,policy::complement_power4__full__original,bounded_subtraction,0.6424178704163146,-0.007975945559900666
1.0,policy::complement_power4__full__power0.5,bounded_subtraction,0.6566286482702763,0.006234832294061077
1.0,policy::complement_power4__full__power0.75,bounded_subtraction,0.651468108707217,0.0010742927310017913
1.0,policy::complement_power4__full__power1.25,bounded_subtraction,0.6299836512948492,-0.020410164681366028
1.0,policy::complement_power4__full__power1.5,bounded_subtraction,0.6170236198673954,-0.03337019610881986
1.0,policy::complement_power4__full__uniform0.02,bounded_subtraction,0.6483951741753449,-0.0019986418008703932
1.0,policy::complement_power4__full__uniform0.05,bounded_subtraction,0.6502613876106527,-0.00013242836556259796
1.0,policy::complement_power4__full__uniform0.1,bounded_subtraction,0.65496110279018,0.004567286813964788
1.0,policy::complement_power4__full__uniform0.2,bounded_subtraction,0.6562555014524547,0.005861685476239442
1.0,policy::complement_power4__topm__accept_clip0.02,bounded_subtraction,0.643845643273771,-0.006548172702444233
1.0,policy::complement_power4__topm__accept_clip0.05,bounded_subtraction,0.6485246921324905,-0.0018691238437247293
1.0,policy::complement_power4__topm__accept_clip0.1,bounded_subtraction,0.6472062574711616,-0.0031875585050537003
1.0,policy::complement_power4__topm__bonus1.25,bounded_subtraction,0.6415827438464856,-0.008811072129729647
1.0,policy::complement_power4__topm__bonus1.5,bounded_subtraction,0.6433834700657979,-0.0070103459104173815
1.0,policy::complement_power4__topm__bonus2,bounded_subtraction,0.645732685363058,-0.004661130613157316
1.0,policy::complement_power4__topm__bonus3,bounded_subtraction,0.647448210179984,-0.0029456057962312654
1.0,policy::complement_power4__topm__expected_mix0.25,bounded_subtraction,0.6571966617305481,0.006802845754332876
1.0,policy::complement_power4__topm__expected_mix0.5,bounded_subtraction,0.6556530833285907,0.005259267352375474
1.0,policy::complement_power4__topm__expected_mix0.75,bounded_subtraction,0.6462075633063857,-0.004186252669829527
1.0,policy::complement_power4__topm__expected_rejection,bounded_subtraction,0.6317151869776569,-0.018678628998558322
1.0,policy::complement_power4__topm__h_tau0.8,bounded_subtraction,0.608544863033365,-0.04184895294285029
1.0,policy::complement_power4__topm__h_tau0.9,bounded_subtraction,0.6276487549229963,-0.02274506105321894
1.0,policy::complement_power4__topm__h_tau1.1,bounded_subtraction,0.6406140086426624,-0.009779807333552881
1.0,policy::complement_power4__topm__h_tau1.25,bounded_subtraction,0.6238129868221033,-0.026580829154111973
1.0,policy::complement_power4__topm__original,bounded_subtraction,0.6387037822410137,-0.01169003373520161
1.0,policy::complement_power4__topm__power0.5,bounded_subtraction,0.6528756604948679,0.0024818445186526317
1.0,policy::complement_power4__topm__power0.75,bounded_subtraction,0.6497965625216631,-0.0005972534545521935
1.0,policy::complement_power4__topm__power1.25,bounded_subtraction,0.6241642757474201,-0.0262295402287952
1.0,policy::complement_power4__topm__power1.5,bounded_subtraction,0.6131461079158913,-0.03724770806032396
1.0,policy::complement_power4__topm__uniform0.02,bounded_subtraction,0.6447276885532528,-0.005666127422962464
1.0,policy::complement_power4__topm__uniform0.05,bounded_subtraction,0.646383359295021,-0.004010456681194263
1.0,policy::complement_power4__topm__uniform0.1,bounded_subtraction,0.6506868280857867,0.0002930121095714444
1.0,policy::complement_power4__topm__uniform0.2,bounded_subtraction,0.653254675084194,0.0028608591079787304
1.0,policy::epeak0.5__full__accept_clip0.02,local_gate,0.6423489187724131,-0.008044897203802193
1.0,policy::epeak0.5__full__accept_clip0.05,local_gate,0.6433992818943507,-0.006994534081864567
1.0,policy::epeak0.5__full__accept_clip0.1,local_gate,0.6399911360709042,-0.010402679905311074
1.0,policy::epeak0.5__full__bonus1.25,local_gate,0.6391235948793565,-0.011270221096858712
1.0,policy::epeak0.5__full__bonus1.5,local_gate,0.6399756143866174,-0.01041820158959783
1.0,policy::epeak0.5__full__bonus2,local_gate,0.6409810126768664,-0.009412803299348904
1.0,policy::epeak0.5__full__bonus3,local_gate,0.6423796961983874,-0.008014119777827844
1.0,policy::epeak0.5__full__expected_mix0.25,local_gate,0.64673249129581,-0.0036613246804052535
1.0,policy::epeak0.5__full__expected_mix0.5,local_gate,0.6447393237043854,-0.005654492271829903
1.0,policy::epeak0.5__full__expected_mix0.75,local_gate,0.6380188898193027,-0.012374926156912602
1.0,policy::epeak0.5__full__expected_rejection,local_gate,0.6263775587987992,-0.024016257177416067
1.0,policy::epeak0.5__full__h_tau0.8,local_gate,0.6128007646372793,-0.03759305133893598
1.0,policy::epeak0.5__full__h_tau0.9,local_gate,0.6281397073296908,-0.02225410864652444
1.0,policy::epeak0.5__full__h_tau1.1,local_gate,0.6364314655532868,-0.013962350422928482
1.0,policy::epeak0.5__full__h_tau1.25,local_gate,0.620805345514716,-0.02958847046149926
1.0,policy::epeak0.5__full__original,local_gate,0.6372189833052525,-0.013174832670962755
1.0,policy::epeak0.5__full__power0.5,local_gate,0.6448001132713731,-0.005593702704842163
1.0,policy::epeak0.5__full__power0.75,local_gate,0.64321390703824,-0.007179908937975266
1.0,policy::epeak0.5__full__power1.25,local_gate,0.6278898450037329,-0.022503970972482357
1.0,policy::epeak0.5__full__power1.5,local_gate,0.6177476003618528,-0.03264621561436243
1.0,policy::epeak0.5__full__uniform0.02,local_gate,0.6419204462012725,-0.00847336977494273
1.0,policy::epeak0.5__full__uniform0.05,local_gate,0.6439005327846319,-0.006493283191583377
1.0,policy::epeak0.5__full__uniform0.1,local_gate,0.6457704471720948,-0.004623368804120509
1.0,policy::epeak0.5__full__uniform0.2,local_gate,0.6435127185683303,-0.006881097407885006
1.0,policy::epeak0.5__topm__accept_clip0.02,local_gate,0.63708164252005,-0.01331217345616531
1.0,policy::epeak0.5__topm__accept_clip0.05,local_gate,0.6401293064254503,-0.010264509550764966
1.0,policy::epeak0.5__topm__accept_clip0.1,local_gate,0.6379789942445112,-0.012414821731704051
1.0,policy::epeak0.5__topm__bonus1.25,local_gate,0.6360916744922278,-0.014302141483987452
1.0,policy::epeak0.5__topm__bonus1.5,local_gate,0.6372243979846516,-0.013169417991563681
1.0,policy::epeak0.5__topm__bonus2,local_gate,0.6378292517067031,-0.012564564269512135
1.0,policy::epeak0.5__topm__bonus3,local_gate,0.6396821644026687,-0.010711651573546588
1.0,policy::epeak0.5__topm__expected_mix0.25,local_gate,0.6463956431662223,-0.003998172809992928
1.0,policy::epeak0.5__topm__expected_mix0.5,local_gate,0.6419137418732457,-0.008480074102969581
1.0,policy::epeak0.5__topm__expected_mix0.75,local_gate,0.6334148730813086,-0.016978942894906646
1.0,policy::epeak0.5__topm__expected_rejection,local_gate,0.6207708430965025,-0.029622972879712717
1.0,policy::epeak0.5__topm__h_tau0.8,local_gate,0.610639823249249,-0.039753992726966225
1.0,policy::epeak0.5__topm__h_tau0.9,local_gate,0.6250445665831601,-0.025349249393055162
1.0,policy::epeak0.5__topm__h_tau1.1,local_gate,0.6342913466857918,-0.01610246929042347
1.0,policy::epeak0.5__topm__h_tau1.25,local_gate,0.6176410041378021,-0.032752811838413165
1.0,policy::epeak0.5__topm__original,local_gate,0.6332181976102621,-0.01717561836595316
1.0,policy::epeak0.5__topm__power0.5,local_gate,0.6410754149237159,-0.00931840105249937
1.0,policy::epeak0.5__topm__power0.75,local_gate,0.6405745495685691,-0.009819266407646188
1.0,policy::epeak0.5__topm__power1.25,local_gate,0.6264058011546471,-0.023988014821568204
1.0,policy::epeak0.5__topm__power1.5,local_gate,0.6148459452989273,-0.03554787067728793
1.0,policy::epeak0.5__topm__uniform0.02,local_gate,0.638310525183812,-0.012083290792403223
1.0,policy::epeak0.5__topm__uniform0.05,local_gate,0.6407326807057192,-0.009661135270496057
1.0,policy::epeak0.5__topm__uniform0.1,local_gate,0.6424137463078368,-0.007980069668378498
1.0,policy::epeak0.5__topm__uniform0.2,local_gate,0.6421084978071643,-0.008285318169050981
1.0,policy::epeak0.7__full__accept_clip0.02,local_gate,0.648829887337742,-0.001563928638473211
1.0,policy::epeak0.7__full__accept_clip0.05,local_gate,0.6503945983521704,7.823759551328635e-07
1.0,policy::epeak0.7__full__accept_clip0.1,local_gate,0.6478046268142296,-0.0025891891619856944
1.0,policy::epeak0.7__full__bonus1.25,local_gate,0.6451680371653256,-0.005225778810889703
1.0,policy::epeak0.7__full__bonus1.5,local_gate,0.6460444085267075,-0.004349407449507736
1.0,policy::epeak0.7__full__bonus2,local_gate,0.6468382072832484,-0.003555608692966894
1.0,policy::epeak0.7__full__bonus3,local_gate,0.6478939972311772,-0.0024998187450380183
1.0,policy::epeak0.7__full__expected_mix0.25,local_gate,0.6535479674320592,0.0031541514558439676
1.0,policy::epeak0.7__full__expected_mix0.5,local_gate,0.6518435958220976,0.0014497798458823485
1.0,policy::epeak0.7__full__expected_mix0.75,local_gate,0.6443929118305928,-0.006000904145622488
1.0,policy::epeak0.7__full__expected_rejection,local_gate,0.6328479081050741,-0.017545907871141186
1.0,policy::epeak0.7__full__h_tau0.8,local_gate,0.6186430955122021,-0.03175072046401317
1.0,policy::epeak0.7__full__h_tau0.9,local_gate,0.6342077892431272,-0.01618602673308811
1.0,policy::epeak0.7__full__h_tau1.1,local_gate,0.6428665442882642,-0.007527271687951087
1.0,policy::epeak0.7__full__h_tau1.25,local_gate,0.6270751735128525,-0.023318642463362793
1.0,policy::epeak0.7__full__original,local_gate,0.6433969163595404,-0.006996899616674823
1.0,policy::epeak0.7__full__power0.5,local_gate,0.6522773301129811,0.001883514136765796
1.0,policy::epeak0.7__full__power0.75,local_gate,0.6487925424437195,-0.0016012735324957283
1.0,policy::epeak0.7__full__power1.25,local_gate,0.6335411629808159,-0.016852652995399398
1.0,policy::epeak0.7__full__power1.5,local_gate,0.6228768883326947,-0.02751692764352054
1.0,policy::epeak0.7__full__uniform0.02,local_gate,0.6470373087908148,-0.0033565071854004813
1.0,policy::epeak0.7__full__uniform0.05,local_gate,0.6506224344728372,0.00022861849662192402
1.0,policy::epeak0.7__full__uniform0.1,local_gate,0.6521838279031251,0.0017900119269098624
1.0,policy::epeak0.7__full__uniform0.2,local_gate,0.6492352279057524,-0.0011585880704628737
1.0,policy::epeak0.7__topm__accept_clip0.02,local_gate,0.6435812795098872,-0.006812536466328067
1.0,policy::epeak0.7__topm__accept_clip0.05,local_gate,0.6473282899248842,-0.0030655260513310356
1.0,policy::epeak0.7__topm__accept_clip0.1,local_gate,0.6462969162568398,-0.004096899719375435
1.0,policy::epeak0.7__topm__bonus1.25,local_gate,0.6418605227310157,-0.00853329324519958
1.0,policy::epeak0.7__topm__bonus1.5,local_gate,0.6427781130469492,-0.007615702929266055
1.0,policy::epeak0.7__topm__bonus2,local_gate,0.644020076848761,-0.006373739127454314
1.0,policy::epeak0.7__topm__bonus3,local_gate,0.645068504545353,-0.005325311430862234
1.0,policy::epeak0.7__topm__expected_mix0.25,local_gate,0.6541750650344034,0.0037812490581881075
1.0,policy::epeak0.7__topm__expected_mix0.5,local_gate,0.6494954399717741,-0.0008983760044412037
1.0,policy::epeak0.7__topm__expected_mix0.75,local_gate,0.6406777692275872,-0.009716046748628027
1.0,policy::epeak0.7__topm__expected_rejection,local_gate,0.625924246148927,-0.024469569827288207
1.0,policy::epeak0.7__topm__h_tau0.8,local_gate,0.6160450702605097,-0.034348745715705564
1.0,policy::epeak0.7__topm__h_tau0.9,local_gate,0.6308228789058344,-0.019570937070380823
1.0,policy::epeak0.7__topm__h_tau1.1,local_gate,0.6406869650911193,-0.00970685088509593
1.0,policy::epeak0.7__topm__h_tau1.25,local_gate,0.6221342686363922,-0.028259547339823055
1.0,policy::epeak0.7__topm__original,local_gate,0.6391304013169103,-0.011263414659304916
1.0,policy::epeak0.7__topm__power0.5,local_gate,0.648015362340337,-0.002378453635878297
1.0,policy::epeak0.7__topm__power0.75,local_gate,0.646375203840501,-0.004018612135714306
1.0,policy::epeak0.7__topm__power1.25,local_gate,0.632014738945144,-0.018379077031071223
1.0,policy::epeak0.7__topm__power1.5,local_gate,0.6195851618009118,-0.03080865417530343
1.0,policy::epeak0.7__topm__uniform0.02,local_gate,0.6434855924633713,-0.006908223512843925
1.0,policy::epeak0.7__topm__uniform0.05,local_gate,0.647526885446483,-0.0028669305297323033
1.0,policy::epeak0.7__topm__uniform0.1,local_gate,0.6486588764722949,-0.0017349395039203408
1.0,policy::epeak0.7__topm__uniform0.2,local_gate,0.6479040047969115,-0.0024898111793038025
1.0,policy::epeak0.9__full__accept_clip0.02,local_gate,0.6577127051010956,0.007318889124880323
1.0,policy::epeak0.9__full__accept_clip0.05,local_gate,0.6601834066134441,0.00978959063722884
1.0,policy::epeak0.9__full__accept_clip0.1,local_gate,0.6574373726907681,0.007043556714552812
1.0,policy::epeak0.9__full__bonus1.25,local_gate,0.6529630569919518,0.002569241015736523
1.0,policy::epeak0.9__full__bonus1.5,local_gate,0.6540781169911957,0.0036843010149804067
1.0,policy::epeak0.9__full__bonus2,local_gate,0.6548148981017918,0.00442108212557657
1.0,policy::epeak0.9__full__bonus3,local_gate,0.6559027962777858,0.005508980301570543
1.0,policy::epeak0.9__full__expected_mix0.25,local_gate,0.6629939845155547,0.01260016853933943
1.0,policy::epeak0.9__full__expected_mix0.5,local_gate,0.6605683393937617,0.010174523417546433
1.0,policy::epeak0.9__full__expected_mix0.75,local_gate,0.6532309909925973,0.002837175016382032
1.0,policy::epeak0.9__full__expected_rejection,local_gate,0.6402366177482558,-0.010157198227959463
1.0,policy::epeak0.9__full__h_tau0.8,local_gate,0.6289993981366322,-0.02139441783958307
1.0,policy::epeak0.9__full__h_tau0.9,local_gate,0.6437261310395862,-0.006667684936629059
1.0,policy::epeak0.9__full__h_tau1.1,local_gate,0.6503688755104433,-2.494046577194986e-05
1.0,policy::epeak0.9__full__h_tau1.25,local_gate,0.6351725166868374,-0.015221299289377876
1.0,policy::epeak0.9__full__original,local_gate,0.6513792706713778,0.0009854546951625354
1.0,policy::epeak0.9__full__power0.5,local_gate,0.6610675127588329,0.010673696782617648
1.0,policy::epeak0.9__full__power0.75,local_gate,0.6572905579738183,0.00689674199760304
1.0,policy::epeak0.9__full__power1.25,local_gate,0.6421499626065919,-0.00824385336962341
1.0,policy::epeak0.9__full__power1.5,local_gate,0.6320398046825765,-0.018354011293638783
1.0,policy::epeak0.9__full__uniform0.02,local_gate,0.6560133347224097,0.005619518746194485
1.0,policy::epeak0.9__full__uniform0.05,local_gate,0.6596263954530143,0.009232579476799008
1.0,policy::epeak0.9__full__uniform0.1,local_gate,0.6606330100739861,0.010239194097770854
1.0,policy::epeak0.9__full__uniform0.2,local_gate,0.6585030394703686,0.008109223494153328
1.0,policy::epeak0.9__topm__accept_clip0.02,local_gate,0.6524385870550126,0.002044771078797303
1.0,policy::epeak0.9__topm__accept_clip0.05,local_gate,0.6568883145793302,0.0064944986031149066
1.0,policy::epeak0.9__topm__accept_clip0.1,local_gate,0.6544085573031084,0.0040147413268931675
1.0,policy::epeak0.9__topm__bonus1.25,local_gate,0.6501076937197605,-0.0002861222564547461
1.0,policy::epeak0.9__topm__bonus1.5,local_gate,0.6512241384452002,0.0008303224689849564
1.0,policy::epeak0.9__topm__bonus2,local_gate,0.6526788548409914,0.0022850388647761566
1.0,policy::epeak0.9__topm__bonus3,local_gate,0.6535048399609469,0.00311102398473162
1.0,policy::epeak0.9__topm__expected_mix0.25,local_gate,0.6632304079490237,0.012836591972808398
1.0,policy::epeak0.9__topm__expected_mix0.5,local_gate,0.6573163246283883,0.006922508652173032
1.0,policy::epeak0.9__topm__expected_mix0.75,local_gate,0.6500117999660288,-0.00038201601018650333
1.0,policy::epeak0.9__topm__expected_rejection,local_gate,0.6346926558755852,-0.01570116010063005
1.0,policy::epeak0.9__topm__h_tau0.8,local_gate,0.6260736635510209,-0.024320152425194363
1.0,policy::epeak0.9__topm__h_tau0.9,local_gate,0.639486771261685,-0.0109070447145303
1.0,policy::epeak0.9__topm__h_tau1.1,local_gate,0.6475301558081484,-0.0028636601680668283
1.0,policy::epeak0.9__topm__h_tau1.25,local_gate,0.6303298875575415,-0.02006392841867377
1.0,policy::epeak0.9__topm__original,local_gate,0.6473995109119893,-0.002994305064225933
1.0,policy::epeak0.9__topm__power0.5,local_gate,0.6561215608038101,0.005727744827594861
1.0,policy::epeak0.9__topm__power0.75,local_gate,0.655073727968889,0.004679911992673702
1.0,policy::epeak0.9__topm__power1.25,local_gate,0.6405675298353251,-0.009826286140890206
1.0,policy::epeak0.9__topm__power1.5,local_gate,0.6290713156726196,-0.021322500303595615
1.0,policy::epeak0.9__topm__uniform0.02,local_gate,0.6527692260564142,0.0023754100801989253
1.0,policy::epeak0.9__topm__uniform0.05,local_gate,0.6561380852045832,0.005744269228367904
1.0,policy::epeak0.9__topm__uniform0.1,local_gate,0.6572066514226388,0.006812835446423526
1.0,policy::epeak0.9__topm__uniform0.2,local_gate,0.6566655615181891,0.00627174554197385
1.0,policy::floor0.25__full__accept_clip0.02,bounded_subtraction,0.6601782731727268,0.009784457196511553
1.0,policy::floor0.25__full__accept_clip0.05,bounded_subtraction,0.6597256751229027,0.009331859146687438
1.0,policy::floor0.25__full__accept_clip0.1,bounded_subtraction,0.6558463321158526,0.005452516139637376
1.0,policy::floor0.25__full__bonus1.25,bounded_subtraction,0.655919928704123,0.005526112727907706
1.0,policy::floor0.25__full__bonus1.5,bounded_subtraction,0.656906874360418,0.006513058384202686
1.0,policy::floor0.25__full__bonus2,bounded_subtraction,0.656307677049918,0.005913861073702731
1.0,policy::floor0.25__full__bonus3,bounded_subtraction,0.6557768196368877,0.0053830036606724585
1.0,policy::floor0.25__full__expected_mix0.25,bounded_subtraction,0.6627886576971072,0.012394841720891892
1.0,policy::floor0.25__full__expected_mix0.5,bounded_subtraction,0.6610762942972784,0.010682478321063171
1.0,policy::floor0.25__full__expected_mix0.75,bounded_subtraction,0.6513963002326278,0.0010024842564125835
1.0,policy::floor0.25__full__expected_rejection,bounded_subtraction,0.6382958342820302,-0.012097981694185078
1.0,policy::floor0.25__full__h_tau0.8,bounded_subtraction,0.629190595669945,-0.02120322030627031
1.0,policy::floor0.25__full__h_tau0.9,bounded_subtraction,0.6462756567702251,-0.004118159205990124
1.0,policy::floor0.25__full__h_tau1.1,bounded_subtraction,0.6502788143310925,-0.00011500164512279198
1.0,policy::floor0.25__full__h_tau1.25,bounded_subtraction,0.6335130530268176,-0.016880762949397665
1.0,policy::floor0.25__full__original,bounded_subtraction,0.6554638611429402,0.005070045166724935
1.0,policy::floor0.25__full__power0.5,bounded_subtraction,0.6561807523027436,0.00578693632652838
1.0,policy::floor0.25__full__power0.75,bounded_subtraction,0.6560166238578439,0.005622807881628611
1.0,policy::floor0.25__full__power1.25,bounded_subtraction,0.6428986570094527,-0.007495158966762561
1.0,policy::floor0.25__full__power1.5,bounded_subtraction,0.6335355507199146,-0.01685826525630063
1.0,policy::floor0.25__full__uniform0.02,bounded_subtraction,0.6566777115310429,0.006283895554827668
1.0,policy::floor0.25__full__uniform0.05,bounded_subtraction,0.6580127991253186,0.007618983149103364
1.0,policy::floor0.25__full__uniform0.1,bounded_subtraction,0.6611024632388507,0.010708647262635429
1.0,policy::floor0.25__full__uniform0.2,bounded_subtraction,0.6580297758393658,0.0076359598631505765
1.0,policy::floor0.25__topm__accept_clip0.02,bounded_subtraction,0.6546717747806076,0.004277958804392301
1.0,policy::floor0.25__topm__accept_clip0.05,bounded_subtraction,0.6557351599322029,0.005341343955987621
1.0,policy::floor0.25__topm__accept_clip0.1,bounded_subtraction,0.6532948153886768,0.00290099941246158
1.0,policy::floor0.25__topm__bonus1.25,bounded_subtraction,0.65395723818959,0.0035634222133746896
1.0,policy::floor0.25__topm__bonus1.5,bounded_subtraction,0.6551452748036102,0.0047514588273949165
1.0,policy::floor0.25__topm__bonus2,bounded_subtraction,0.6538623524831957,0.003468536506980424
1.0,policy::floor0.25__topm__bonus3,bounded_subtraction,0.653630251584966,0.003236435608750754
1.0,policy::floor0.25__topm__expected_mix0.25,bounded_subtraction,0.6618874622844213,0.01149364630820604
1.0,policy::floor0.25__topm__expected_mix0.5,bounded_subtraction,0.6569703301343779,0.006576514158162627
1.0,policy::floor0.25__topm__expected_mix0.75,bounded_subtraction,0.6446912265267657,-0.005702589449449569
1.0,policy::floor0.25__topm__expected_rejection,bounded_subtraction,0.6309260017115429,-0.019467814264672367
1.0,policy::floor0.25__topm__h_tau0.8,bounded_subtraction,0.6268870575887521,-0.02350675838746319
1.0,policy::floor0.25__topm__h_tau0.9,bounded_subtraction,0.6443685248995981,-0.006025291076617201
1.0,policy::floor0.25__topm__h_tau1.1,bounded_subtraction,0.6467012893330089,-0.0036925266432064063
1.0,policy::floor0.25__topm__h_tau1.25,bounded_subtraction,0.6274951573878479,-0.02289865858836737
1.0,policy::floor0.25__topm__original,bounded_subtraction,0.6530872601119514,0.002693444135736134
1.0,policy::floor0.25__topm__power0.5,bounded_subtraction,0.6527687163244815,0.0023749003482662623
1.0,policy::floor0.25__topm__power0.75,bounded_subtraction,0.6545760764981219,0.004182260521906622
1.0,policy::floor0.25__topm__power1.25,bounded_subtraction,0.6413505606043086,-0.009043255371906644
1.0,policy::floor0.25__topm__power1.5,bounded_subtraction,0.6304563587817102,-0.019937457194505015
1.0,policy::floor0.25__topm__uniform0.02,bounded_subtraction,0.6548819560942007,0.004488140117985484
1.0,policy::floor0.25__topm__uniform0.05,bounded_subtraction,0.6557288483471859,0.00533503237097066
1.0,policy::floor0.25__topm__uniform0.1,bounded_subtraction,0.6576595677336753,0.007265751757460026
1.0,policy::floor0.25__topm__uniform0.2,bounded_subtraction,0.657158474171255,0.006764658195039686
1.0,policy::floor0.5__full__accept_clip0.02,bounded_subtraction,0.663341349321945,0.012947533345729734
1.0,policy::floor0.5__full__accept_clip0.05,bounded_subtraction,0.6643448028106829,0.013950986834467605
1.0,policy::floor0.5__full__accept_clip0.1,bounded_subtraction,0.6621940561371381,0.011800240160922848
1.0,policy::floor0.5__full__bonus1.25,bounded_subtraction,0.6571649501345608,0.006771134158345515
1.0,policy::floor0.5__full__bonus1.5,bounded_subtraction,0.6581594981099513,0.007765682133736074
1.0,policy::floor0.5__full__bonus2,bounded_subtraction,0.6595184759354256,0.009124659959210302
1.0,policy::floor0.5__full__bonus3,bounded_subtraction,0.6601257751258249,0.00973195914960967
1.0,policy::floor0.5__full__expected_mix0.25,bounded_subtraction,0.6687306098357924,0.018336793859577094
1.0,policy::floor0.5__full__expected_mix0.5,bounded_subtraction,0.663790106538674,0.013396290562458724
1.0,policy::floor0.5__full__expected_mix0.75,bounded_subtraction,0.6561329451957126,0.005739129219497374
1.0,policy::floor0.5__full__expected_rejection,bounded_subtraction,0.643404808659675,-0.0069890073165402855
1.0,policy::floor0.5__full__h_tau0.8,bounded_subtraction,0.630273785463742,-0.02012003051247324
1.0,policy::floor0.5__full__h_tau0.9,bounded_subtraction,0.6459890365931533,-0.004404779383061941
1.0,policy::floor0.5__full__h_tau1.1,bounded_subtraction,0.6547258091381042,0.004331993161888925
1.0,policy::floor0.5__full__h_tau1.25,bounded_subtraction,0.6382131747428396,-0.0121806412333757
1.0,policy::floor0.5__full__original,bounded_subtraction,0.655754958634701,0.005361142658485751
1.0,policy::floor0.5__full__power0.5,bounded_subtraction,0.6627795505821475,0.012385734605932286
1.0,policy::floor0.5__full__power0.75,bounded_subtraction,0.6622943400774925,0.011900524101277288
1.0,policy::floor0.5__full__power1.25,bounded_subtraction,0.6458249228817077,-0.004568893094507587
1.0,policy::floor0.5__full__power1.5,bounded_subtraction,0.6357138249003398,-0.014679991075875476
1.0,policy::floor0.5__full__uniform0.02,bounded_subtraction,0.6586767419325308,0.008282925956315523
1.0,policy::floor0.5__full__uniform0.05,bounded_subtraction,0.6623598215940902,0.011966005617874975
1.0,policy::floor0.5__full__uniform0.1,bounded_subtraction,0.6648777579571788,0.014483941980963588
1.0,policy::floor0.5__full__uniform0.2,bounded_subtraction,0.6626236952436336,0.012229879267418364
1.0,policy::floor0.5__topm__accept_clip0.02,bounded_subtraction,0.6573201122564211,0.0069262962802058015
1.0,policy::floor0.5__topm__accept_clip0.05,bounded_subtraction,0.6590165919730323,0.008622775996817045
1.0,policy::floor0.5__topm__accept_clip0.1,bounded_subtraction,0.65628752699334,0.00589371101712477
1.0,policy::floor0.5__topm__bonus1.25,bounded_subtraction,0.654099160581163,0.003705344604947758
1.0,policy::floor0.5__topm__bonus1.5,bounded_subtraction,0.6552474989745184,0.004853682998303133
1.0,policy::floor0.5__topm__bonus2,bounded_subtraction,0.6565543624326622,0.006160546456446925
1.0,policy::floor0.5__topm__bonus3,bounded_subtraction,0.6571916611765901,0.006797845200374852
1.0,policy::floor0.5__topm__expected_mix0.25,bounded_subtraction,0.664904383945388,0.014510567969172716
1.0,policy::floor0.5__topm__expected_mix0.5,bounded_subtraction,0.6610202141621178,0.010626398185902497
1.0,policy::floor0.5__topm__expected_mix0.75,bounded_subtraction,0.6510112726292437,0.0006174566530284809
1.0,policy::floor0.5__topm__expected_rejection,bounded_subtraction,0.635919247664258,-0.014474568311957259
1.0,policy::floor0.5__topm__h_tau0.8,bounded_subtraction,0.6299286405427216,-0.020465175433493688
1.0,policy::floor0.5__topm__h_tau0.9,bounded_subtraction,0.6433271451083649,-0.0070666708678504
1.0,policy::floor0.5__topm__h_tau1.1,bounded_subtraction,0.6498884546165336,-0.0005053613596817108
1.0,policy::floor0.5__topm__h_tau1.25,bounded_subtraction,0.6339229501100239,-0.016470865866191398
1.0,policy::floor0.5__topm__original,bounded_subtraction,0.6529307997851606,0.0025369838089452923
1.0,policy::floor0.5__topm__power0.5,bounded_subtraction,0.6593681770220314,0.00897436104581617
1.0,policy::floor0.5__topm__power0.75,bounded_subtraction,0.6581181465483096,0.007724330572094318
1.0,policy::floor0.5__topm__power1.25,bounded_subtraction,0.6424547866518426,-0.007939029324372626
1.0,policy::floor0.5__topm__power1.5,bounded_subtraction,0.629512276837951,-0.020881539138264293
1.0,policy::floor0.5__topm__uniform0.02,bounded_subtraction,0.6555660746097665,0.005172258633551197
1.0,policy::floor0.5__topm__uniform0.05,bounded_subtraction,0.6576538870427721,0.007260071066556795
1.0,policy::floor0.5__topm__uniform0.1,bounded_subtraction,0.659823585549287,0.009429769573071733
1.0,policy::floor0.5__topm__uniform0.2,bounded_subtraction,0.6598803181733726,0.009486502197157298
1.0,policy::floor0.75__full__accept_clip0.02,bounded_subtraction,0.6630804796436794,0.012686663667464182
1.0,policy::floor0.75__full__accept_clip0.05,bounded_subtraction,0.6645480245843745,0.014154208608159191
1.0,policy::floor0.75__full__accept_clip0.1,bounded_subtraction,0.6633095552112174,0.01291573923500211
1.0,policy::floor0.75__full__bonus1.25,bounded_subtraction,0.6568108986784931,0.00641708270227781
1.0,policy::floor0.75__full__bonus1.5,bounded_subtraction,0.6576823931852005,0.007288577208985236
1.0,policy::floor0.75__full__bonus2,bounded_subtraction,0.6592336115892057,0.00883979561299042
1.0,policy::floor0.75__full__bonus3,bounded_subtraction,0.6599742111515465,0.009580395175331269
1.0,policy::floor0.75__full__expected_mix0.25,bounded_subtraction,0.6675385032216001,0.01714468724538487
1.0,policy::floor0.75__full__expected_mix0.5,bounded_subtraction,0.6635731057346852,0.013179289758469936
1.0,policy::floor0.75__full__expected_mix0.75,bounded_subtraction,0.6549620607792808,0.004568244803065502
1.0,policy::floor0.75__full__expected_rejection,bounded_subtraction,0.642303641146747,-0.008090174829468277
1.0,policy::floor0.75__full__h_tau0.8,bounded_subtraction,0.6314641389184862,-0.018929677057729077
1.0,policy::floor0.75__full__h_tau0.9,bounded_subtraction,0.6463683832601274,-0.004025432716087907
1.0,policy::floor0.75__full__h_tau1.1,bounded_subtraction,0.6533888546812143,0.0029950387049990645
1.0,policy::floor0.75__full__h_tau1.25,bounded_subtraction,0.6389249496978587,-0.011468866278356527
1.0,policy::floor0.75__full__original,bounded_subtraction,0.6553140791400769,0.004920263163861627
1.0,policy::floor0.75__full__power0.5,bounded_subtraction,0.6624254744006146,0.01203165842439935
1.0,policy::floor0.75__full__power0.75,bounded_subtraction,0.6603390201466333,0.009945204170417998
1.0,policy::floor0.75__full__power1.25,bounded_subtraction,0.645810855670122,-0.004582960306093287
1.0,policy::floor0.75__full__power1.5,bounded_subtraction,0.6346637647545286,-0.01573005122168669
1.0,policy::floor0.75__full__uniform0.02,bounded_subtraction,0.6593850711342815,0.008991255158066203
1.0,policy::floor0.75__full__uniform0.05,bounded_subtraction,0.6615480352874477,0.011154219311232394
1.0,policy::floor0.75__full__uniform0.1,bounded_subtraction,0.6644264180746994,0.014032602098484115
1.0,policy::floor0.75__full__uniform0.2,bounded_subtraction,0.6607462924188789,0.010352476442663683
1.0,policy::floor0.75__topm__accept_clip0.02,bounded_subtraction,0.6560912303408623,0.005697414364646991
1.0,policy::floor0.75__topm__accept_clip0.05,bounded_subtraction,0.6608670644590139,0.010473248482798625
1.0,policy::floor0.75__topm__accept_clip0.1,bounded_subtraction,0.6583997237408405,0.008005907764625286
1.0,policy::floor0.75__topm__bonus1.25,bounded_subtraction,0.6526448455777935,0.0022510296015781917
1.0,policy::floor0.75__topm__bonus1.5,bounded_subtraction,0.6543031074140497,0.003909291437834472
1.0,policy::floor0.75__topm__bonus2,bounded_subtraction,0.6554379584177394,0.00504414244152418
1.0,policy::floor0.75__topm__bonus3,bounded_subtraction,0.6560780206949055,0.0056842047186902445
1.0,policy::floor0.75__topm__expected_mix0.25,bounded_subtraction,0.6659508563354531,0.015557040359237884
1.0,policy::floor0.75__topm__expected_mix0.5,bounded_subtraction,0.6613640117368217,0.010970195760606427
1.0,policy::floor0.75__topm__expected_mix0.75,bounded_subtraction,0.6530632601028065,0.0026694441265912028
1.0,policy::floor0.75__topm__expected_rejection,bounded_subtraction,0.635076224326706,-0.015317591649509299
1.0,policy::floor0.75__topm__h_tau0.8,bounded_subtraction,0.6288879026174333,-0.021505913358781936
1.0,policy::floor0.75__topm__h_tau0.9,bounded_subtraction,0.6435314446462616,-0.006862371329953709
1.0,policy::floor0.75__topm__h_tau1.1,bounded_subtraction,0.6504846841074043,9.086813118908132e-05
1.0,policy::floor0.75__topm__h_tau1.25,bounded_subtraction,0.6349719317680868,-0.015421884208128511
1.0,policy::floor0.75__topm__original,bounded_subtraction,0.6503066637176598,-8.715225855548958e-05
1.0,policy::floor0.75__topm__power0.5,bounded_subtraction,0.659670444048292,0.009276628072076742
1.0,policy::floor0.75__topm__power0.75,bounded_subtraction,0.6584415618893265,0.008047745913111193
1.0,policy::floor0.75__topm__power1.25,bounded_subtraction,0.6428313724656103,-0.007562443510604977
1.0,policy::floor0.75__topm__power1.5,bounded_subtraction,0.6301640710887335,-0.02022974488748175
1.0,policy::floor0.75__topm__uniform0.02,bounded_subtraction,0.6554310089623868,0.005037192986171557
1.0,policy::floor0.75__topm__uniform0.05,bounded_subtraction,0.6578432066725253,0.00744939069631001
1.0,policy::floor0.75__topm__uniform0.1,bounded_subtraction,0.6599926747675321,0.009598858791316833
1.0,policy::floor0.75__topm__uniform0.2,bounded_subtraction,0.6583924716427545,0.007998655666539234
1.0,policy::floor0.9__full__accept_clip0.02,bounded_subtraction,0.6615783375547061,0.011184521578490814
1.0,policy::floor0.9__full__accept_clip0.05,bounded_subtraction,0.663389777088166,0.012995961111950782
1.0,policy::floor0.9__full__accept_clip0.1,bounded_subtraction,0.6619505622918358,0.011556746315620536
1.0,policy::floor0.9__full__bonus1.25,bounded_subtraction,0.6560992037498092,0.005705387773593973
1.0,policy::floor0.9__full__bonus1.5,bounded_subtraction,0.6569322963348576,0.006538480358642351
1.0,policy::floor0.9__full__bonus2,bounded_subtraction,0.6580776545128885,0.007683838536673204
1.0,policy::floor0.9__full__bonus3,bounded_subtraction,0.6591534378822802,0.00875962190606494
1.0,policy::floor0.9__full__expected_mix0.25,bounded_subtraction,0.666964655953719,0.01657083997750375
1.0,policy::floor0.9__full__expected_mix0.5,bounded_subtraction,0.6631459001222983,0.012752084146083087
1.0,policy::floor0.9__full__expected_mix0.75,bounded_subtraction,0.6552030599870293,0.004809244010814062
1.0,policy::floor0.9__full__expected_rejection,bounded_subtraction,0.6428251481721611,-0.0075686678040541855
1.0,policy::floor0.9__full__h_tau0.8,bounded_subtraction,0.630982435643632,-0.019411380332583272
1.0,policy::floor0.9__full__h_tau0.9,bounded_subtraction,0.6463041248743976,-0.004089691101817672
1.0,policy::floor0.9__full__h_tau1.1,bounded_subtraction,0.6538237528077874,0.0034299368315721113
1.0,policy::floor0.9__full__h_tau1.25,bounded_subtraction,0.6393650271594015,-0.011028788816813795
1.0,policy::floor0.9__full__original,bounded_subtraction,0.6543836075318024,0.003989791555587097
1.0,policy::floor0.9__full__power0.5,bounded_subtraction,0.6637817834546546,0.013387967478439289
1.0,policy::floor0.9__full__power0.75,bounded_subtraction,0.6605167581215894,0.010122942145374125
1.0,policy::floor0.9__full__power1.25,bounded_subtraction,0.645355126842872,-0.005038689133343266
1.0,policy::floor0.9__full__power1.5,bounded_subtraction,0.6357266485235488,-0.014667167452666496
1.0,policy::floor0.9__full__uniform0.02,bounded_subtraction,0.6597437040103792,0.009349888034163922
1.0,policy::floor0.9__full__uniform0.05,bounded_subtraction,0.6622469720736204,0.011853156097405115
1.0,policy::floor0.9__full__uniform0.1,bounded_subtraction,0.6641816195844262,0.013787803608210969
1.0,policy::floor0.9__full__uniform0.2,bounded_subtraction,0.6609414296549954,0.010547613678780099
1.0,policy::floor0.9__topm__accept_clip0.02,bounded_subtraction,0.6555779825471195,0.005184166570904258
1.0,policy::floor0.9__topm__accept_clip0.05,bounded_subtraction,0.6604938956688632,0.010100079692647923
1.0,policy::floor0.9__topm__accept_clip0.1,bounded_subtraction,0.6573696576972156,0.006975841721000298
1.0,policy::floor0.9__topm__bonus1.25,bounded_subtraction,0.6531585091513539,0.0027646931751386106
1.0,policy::floor0.9__topm__bonus1.5,bounded_subtraction,0.6541279892062757,0.0037341732300604225
1.0,policy::floor0.9__topm__bonus2,bounded_subtraction,0.6554320618747074,0.005038245898492111
1.0,policy::floor0.9__topm__bonus3,bounded_subtraction,0.6559515854060847,0.005557769429869408
1.0,policy::floor0.9__topm__expected_mix0.25,bounded_subtraction,0.6665188580391432,0.016125042062927974
1.0,policy::floor0.9__topm__expected_mix0.5,bounded_subtraction,0.6610203483142254,0.010626532338010142
1.0,policy::floor0.9__topm__expected_mix0.75,bounded_subtraction,0.6528915928635531,0.002497776887337877
1.0,policy::floor0.9__topm__expected_rejection,bounded_subtraction,0.6359439936166194,-0.01444982235959591
1.0,policy::floor0.9__topm__h_tau0.8,bounded_subtraction,0.6285346501115172,-0.02185916586469805
1.0,policy::floor0.9__topm__h_tau0.9,bounded_subtraction,0.6422445032084398,-0.008149312767775418
1.0,policy::floor0.9__topm__h_tau1.1,bounded_subtraction,0.6503512108730752,-4.260510314002541e-05
1.0,policy::floor0.9__topm__h_tau1.25,bounded_subtraction,0.6345208382039845,-0.015872977772230734
1.0,policy::floor0.9__topm__original,bounded_subtraction,0.6502252570963736,-0.00016855887984168483
1.0,policy::floor0.9__topm__power0.5,bounded_subtraction,0.6589598220598222,0.008566006083606914
1.0,policy::floor0.9__topm__power0.75,bounded_subtraction,0.6581283560368822,0.007734540060666983
1.0,policy::floor0.9__topm__power1.25,bounded_subtraction,0.6440182167441674,-0.0063755992320478905
1.0,policy::floor0.9__topm__power1.5,bounded_subtraction,0.6318120999694569,-0.018581716006758398
1.0,policy::floor0.9__topm__uniform0.02,bounded_subtraction,0.6555376129735135,0.005143796997298278
1.0,policy::floor0.9__topm__uniform0.05,bounded_subtraction,0.6590221098318664,0.008628293855651115
1.0,policy::floor0.9__topm__uniform0.1,bounded_subtraction,0.6607940047096678,0.010400188733452498
1.0,policy::floor0.9__topm__uniform0.2,bounded_subtraction,0.659012130833052,0.008618314856836728
1.0,policy::interval0.05__full__accept_clip0.02,rank_only,0.619638175209051,-0.030755640767164305
1.0,policy::interval0.05__full__accept_clip0.05,rank_only,0.6220701091866241,-0.028323706789591174
1.0,policy::interval0.05__full__accept_clip0.1,rank_only,0.6210116461975483,-0.029382169778666922
1.0,policy::interval0.05__full__bonus1.25,rank_only,0.6159571883573901,-0.034436627618825155
1.0,policy::interval0.05__full__bonus1.5,rank_only,0.6171816267689484,-0.03321218920726687
1.0,policy::interval0.05__full__bonus2,rank_only,0.6193597627320554,-0.031034053244159865
1.0,policy::interval0.05__full__bonus3,rank_only,0.6206574743539085,-0.02973634162230676
1.0,policy::interval0.05__full__expected_mix0.25,rank_only,0.6265068053217754,-0.023887010654439877
1.0,policy::interval0.05__full__expected_mix0.5,rank_only,0.6219756189240166,-0.028418197052198613
1.0,policy::interval0.05__full__expected_mix0.75,rank_only,0.6153470546604229,-0.03504676131579232
1.0,policy::interval0.05__full__expected_rejection,rank_only,0.604652756038761,-0.045741059937454254
1.0,policy::interval0.05__full__h_tau0.8,rank_only,0.5902337662488759,-0.06016004972733935
1.0,policy::interval0.05__full__h_tau0.9,rank_only,0.6052167153748372,-0.04517710060137803
1.0,policy::interval0.05__full__h_tau1.1,rank_only,0.6124969904210922,-0.03789682555512308
1.0,policy::interval0.05__full__h_tau1.25,rank_only,0.5970147020681182,-0.05337911390809702
1.0,policy::interval0.05__full__original,rank_only,0.6141856677906103,-0.036208148185604916
1.0,policy::interval0.05__full__power0.5,rank_only,0.6244380312867249,-0.025955784689490335
1.0,policy::interval0.05__full__power0.75,rank_only,0.6215707073537876,-0.02882310862242765
1.0,policy::interval0.05__full__power1.25,rank_only,0.6031025518547501,-0.047291264121465115
1.0,policy::interval0.05__full__power1.5,rank_only,0.5918398858992255,-0.058553930076989724
1.0,policy::interval0.05__full__uniform0.02,rank_only,0.618687818551679,-0.03170599742453628
1.0,policy::interval0.05__full__uniform0.05,rank_only,0.6225601451420111,-0.027833670834204183
1.0,policy::interval0.05__full__uniform0.1,rank_only,0.6247667807632554,-0.025627035212959837
1.0,policy::interval0.05__full__uniform0.2,rank_only,0.6251479427054853,-0.025245873270729913
1.0,policy::interval0.05__topm__accept_clip0.02,rank_only,0.6163689338849846,-0.03402488209123067
1.0,policy::interval0.05__topm__accept_clip0.05,rank_only,0.6197033358047123,-0.030690480171503
1.0,policy::interval0.05__topm__accept_clip0.1,rank_only,0.6174798144001269,-0.03291400157608837
1.0,policy::interval0.05__topm__bonus1.25,rank_only,0.6152319628952067,-0.03516185308100861
1.0,policy::interval0.05__topm__bonus1.5,rank_only,0.6166145150455935,-0.03377930093062176
1.0,policy::interval0.05__topm__bonus2,rank_only,0.6184300618252903,-0.031963754150925006
1.0,policy::interval0.05__topm__bonus3,rank_only,0.618699882871159,-0.031693933105056304
1.0,policy::interval0.05__topm__expected_mix0.25,rank_only,0.6250798558209543,-0.025313960155260995
1.0,policy::interval0.05__topm__expected_mix0.5,rank_only,0.6211959536818833,-0.029197862294331967
1.0,policy::interval0.05__topm__expected_mix0.75,rank_only,0.6135487483971206,-0.03684506757909467
1.0,policy::interval0.05__topm__expected_rejection,rank_only,0.5997643895805604,-0.05062942639565482
1.0,policy::interval0.05__topm__h_tau0.8,rank_only,0.5883383059763192,-0.062055509999896064
1.0,policy::interval0.05__topm__h_tau0.9,rank_only,0.6040720771218068,-0.04632173885440849
1.0,policy::interval0.05__topm__h_tau1.1,rank_only,0.6097483912550992,-0.0406454247211161
1.0,policy::interval0.05__topm__h_tau1.25,rank_only,0.5929346240945923,-0.05745919188162296
1.0,policy::interval0.05__topm__original,rank_only,0.612159222857965,-0.03823459311825028
1.0,policy::interval0.05__topm__power0.5,rank_only,0.621562022204885,-0.028831793771330272
1.0,policy::interval0.05__topm__power0.75,rank_only,0.6206273389403263,-0.029766477035888972
1.0,policy::interval0.05__topm__power1.25,rank_only,0.6009797933798747,-0.049414022596340534
1.0,policy::interval0.05__topm__power1.5,rank_only,0.5887385511131021,-0.061655264863113124
1.0,policy::interval0.05__topm__uniform0.02,rank_only,0.6174799990873852,-0.032913816888830105
1.0,policy::interval0.05__topm__uniform0.05,rank_only,0.6208722370834605,-0.029521578892754752
1.0,policy::interval0.05__topm__uniform0.1,rank_only,0.6227582075554279,-0.027635608420787383
1.0,policy::interval0.05__topm__uniform0.2,rank_only,0.6232782963560514,-0.027115519620163897
1.0,policy::interval0.1__full__accept_clip0.02,rank_only,0.6209647162621422,-0.029429099714073037
1.0,policy::interval0.1__full__accept_clip0.05,rank_only,0.6232829883273276,-0.027110827648887614
1.0,policy::interval0.1__full__accept_clip0.1,rank_only,0.6218931395707281,-0.028500676405487146
1.0,policy::interval0.1__full__bonus1.25,rank_only,0.6173661896628401,-0.03302762631337519
1.0,policy::interval0.1__full__bonus1.5,rank_only,0.618658572425095,-0.03173524355112023
1.0,policy::interval0.1__full__bonus2,rank_only,0.6205987450608749,-0.029795070915340394
1.0,policy::interval0.1__full__bonus3,rank_only,0.621990516388595,-0.028403299587620223
1.0,policy::interval0.1__full__expected_mix0.25,rank_only,0.6277361069729065,-0.022657709003308768
1.0,policy::interval0.1__full__expected_mix0.5,rank_only,0.6239743468716926,-0.02641946910452264
1.0,policy::interval0.1__full__expected_mix0.75,rank_only,0.6169106123022533,-0.03348320367396196
1.0,policy::interval0.1__full__expected_rejection,rank_only,0.6055759215207219,-0.044817894455493335
1.0,policy::interval0.1__full__h_tau0.8,rank_only,0.592208961616895,-0.058184854359320304
1.0,policy::interval0.1__full__h_tau0.9,rank_only,0.6077702941234222,-0.042623521852793056
1.0,policy::interval0.1__full__h_tau1.1,rank_only,0.6140458944404615,-0.036347921535753724
1.0,policy::interval0.1__full__h_tau1.25,rank_only,0.5990266971671144,-0.05136711880910083
1.0,policy::interval0.1__full__original,rank_only,0.6155804861683994,-0.03481332980781582
1.0,policy::interval0.1__full__power0.5,rank_only,0.6270061511581303,-0.023387664818084963
1.0,policy::interval0.1__full__power0.75,rank_only,0.6230297938612005,-0.027364022115014763
1.0,policy::interval0.1__full__power1.25,rank_only,0.6044844820649583,-0.045909333911256955
1.0,policy::interval0.1__full__power1.5,rank_only,0.5939215518266053,-0.05647226414960993
1.0,policy::interval0.1__full__uniform0.02,rank_only,0.6198644280196294,-0.030529387956585885
1.0,policy::interval0.1__full__uniform0.05,rank_only,0.6236792060150519,-0.02671460996116337
1.0,policy::interval0.1__full__uniform0.1,rank_only,0.6258522394849383,-0.024541576491276973
1.0,policy::interval0.1__full__uniform0.2,rank_only,0.6264444907237839,-0.02394932525243132
1.0,policy::interval0.1__topm__accept_clip0.02,rank_only,0.6176141418131706,-0.032779674163044614
1.0,policy::interval0.1__topm__accept_clip0.05,rank_only,0.6209466372251528,-0.029447178751062508
1.0,policy::interval0.1__topm__accept_clip0.1,rank_only,0.6184358423769493,-0.031957973599266
1.0,policy::interval0.1__topm__bonus1.25,rank_only,0.6166697606536358,-0.033724055322579494
1.0,policy::interval0.1__topm__bonus1.5,rank_only,0.6179180986231911,-0.032475717353024125
1.0,policy::interval0.1__topm__bonus2,rank_only,0.6196668954684255,-0.0307269205077898
1.0,policy::interval0.1__topm__bonus3,rank_only,0.620182890207635,-0.03021092576858031
1.0,policy::interval0.1__topm__expected_mix0.25,rank_only,0.6264806853458328,-0.023913130630382473
1.0,policy::interval0.1__topm__expected_mix0.5,rank_only,0.6223774440898121,-0.028016371886403157
1.0,policy::interval0.1__topm__expected_mix0.75,rank_only,0.6145220041102427,-0.03587181186597255
1.0,policy::interval0.1__topm__expected_rejection,rank_only,0.6017993355991068,-0.04859448037710845
1.0,policy::interval0.1__topm__h_tau0.8,rank_only,0.5902926062315129,-0.060101209744702344
1.0,policy::interval0.1__topm__h_tau0.9,rank_only,0.6064368228983972,-0.043956993077818085
1.0,policy::interval0.1__topm__h_tau1.1,rank_only,0.6112532673444582,-0.03914054863175709
1.0,policy::interval0.1__topm__h_tau1.25,rank_only,0.5950091175503006,-0.05538469842591465
1.0,policy::interval0.1__topm__original,rank_only,0.6136220683777123,-0.03677174759850299
1.0,policy::interval0.1__topm__power0.5,rank_only,0.6237514991557245,-0.026642316820490786
1.0,policy::interval0.1__topm__power0.75,rank_only,0.6217875073448357,-0.028606308631379584
1.0,policy::interval0.1__topm__power1.25,rank_only,0.6024136009412075,-0.04798021503500771
1.0,policy::interval0.1__topm__power1.5,rank_only,0.5901497205844094,-0.06024409539180586
1.0,policy::interval0.1__topm__uniform0.02,rank_only,0.618785357307825,-0.03160845866839024
1.0,policy::interval0.1__topm__uniform0.05,rank_only,0.6218446614404446,-0.02854915453577067
1.0,policy::interval0.1__topm__uniform0.1,rank_only,0.6238321579351482,-0.026561658041067027
1.0,policy::interval0.1__topm__uniform0.2,rank_only,0.6245713151841149,-0.025822500792100356
1.0,policy::interval0.25__full__accept_clip0.02,rank_only,0.6286510534313967,-0.02174276254481855
1.0,policy::interval0.25__full__accept_clip0.05,rank_only,0.6310719346594197,-0.019321881316795575
1.0,policy::interval0.25__full__accept_clip0.1,rank_only,0.6290762601590942,-0.021317555817121026
1.0,policy::interval0.25__full__bonus1.25,rank_only,0.624888897959031,-0.02550491801718424
1.0,policy::interval0.25__full__bonus1.5,rank_only,0.6260694956174768,-0.024324320358738438
1.0,policy::interval0.25__full__bonus2,rank_only,0.627562412790861,-0.02283140318535426
1.0,policy::interval0.25__full__bonus3,rank_only,0.6290860694977588,-0.021307746478456457
1.0,policy::interval0.25__full__expected_mix0.25,rank_only,0.6353845224597056,-0.015009293516509703
1.0,policy::interval0.25__full__expected_mix0.5,rank_only,0.6314208703642851,-0.018972945611930192
1.0,policy::interval0.25__full__expected_mix0.75,rank_only,0.6246699864019967,-0.025723829574218593
1.0,policy::interval0.25__full__expected_rejection,rank_only,0.6128367431790432,-0.03755707279717202
1.0,policy::interval0.25__full__h_tau0.8,rank_only,0.5981566675664637,-0.05223714840975158
1.0,policy::interval0.25__full__h_tau0.9,rank_only,0.6151789718687909,-0.03521484410742437
1.0,policy::interval0.25__full__h_tau1.1,rank_only,0.6212634182979186,-0.029130397678296616
1.0,policy::interval0.25__full__h_tau1.25,rank_only,0.6062316350341908,-0.04416218094202451
1.0,policy::interval0.25__full__original,rank_only,0.6232180649735417,-0.027175751002673554
1.0,policy::interval0.25__full__power0.5,rank_only,0.6339391704832535,-0.016454645492961717
1.0,policy::interval0.25__full__power0.75,rank_only,0.6304677876544554,-0.019926028321759826
1.0,policy::interval0.25__full__power1.25,rank_only,0.6127966434561759,-0.03759717252003936
1.0,policy::interval0.25__full__power1.5,rank_only,0.6007622979148806,-0.0496315180613347
1.0,policy::interval0.25__full__uniform0.02,rank_only,0.6275321703519756,-0.022861645624239646
1.0,policy::interval0.25__full__uniform0.05,rank_only,0.6316517257006344,-0.018742090275580825
1.0,policy::interval0.25__full__uniform0.1,rank_only,0.6338172631728695,-0.0165765528033458
1.0,policy::interval0.25__full__uniform0.2,rank_only,0.6331197607035142,-0.017274055272701094
1.0,policy::interval0.25__topm__accept_clip0.02,rank_only,0.6245282319040868,-0.025865584072128467
1.0,policy::interval0.25__topm__accept_clip0.05,rank_only,0.6281650513733185,-0.0222287646028968
1.0,policy::interval0.25__topm__accept_clip0.1,rank_only,0.6256689902308407,-0.0247248257453746
1.0,policy::interval0.25__topm__bonus1.25,rank_only,0.6234626845059454,-0.02693113147026982
1.0,policy::interval0.25__topm__bonus1.5,rank_only,0.6247389216328397,-0.025654894343375534
1.0,policy::interval0.25__topm__bonus2,rank_only,0.6264549573918005,-0.0239388585844148
1.0,policy::interval0.25__topm__bonus3,rank_only,0.6276421972978902,-0.022751618678325092
1.0,policy::interval0.25__topm__expected_mix0.25,rank_only,0.6339970809056713,-0.016396735070543955
1.0,policy::interval0.25__topm__expected_mix0.5,rank_only,0.6298327307796457,-0.020561085196569517
1.0,policy::interval0.25__topm__expected_mix0.75,rank_only,0.6225100021983216,-0.027883813777893618
1.0,policy::interval0.25__topm__expected_rejection,rank_only,0.6070918015618488,-0.04330201441436643
1.0,policy::interval0.25__topm__h_tau0.8,rank_only,0.5963877259610416,-0.05400609001517365
1.0,policy::interval0.25__topm__h_tau0.9,rank_only,0.6126529084001597,-0.03774090757605553
1.0,policy::interval0.25__topm__h_tau1.1,rank_only,0.6192604915508001,-0.031133324425415165
1.0,policy::interval0.25__topm__h_tau1.25,rank_only,0.6021648298364392,-0.04822898613977611
1.0,policy::interval0.25__topm__original,rank_only,0.6205077889707895,-0.029886027005425753
1.0,policy::interval0.25__topm__power0.5,rank_only,0.6304679794329301,-0.01992583654328517
1.0,policy::interval0.25__topm__power0.75,rank_only,0.6288712245441249,-0.021522591432090343
1.0,policy::interval0.25__topm__power1.25,rank_only,0.6100190232547893,-0.04037479272142597
1.0,policy::interval0.25__topm__power1.5,rank_only,0.5980368004989253,-0.05235701547728999
1.0,policy::interval0.25__topm__uniform0.02,rank_only,0.6254300947583032,-0.024963721217912016
1.0,policy::interval0.25__topm__uniform0.05,rank_only,0.6291107998933377,-0.021283016082877526
1.0,policy::interval0.25__topm__uniform0.1,rank_only,0.6312184340571128,-0.019175381919102508
1.0,policy::interval0.25__topm__uniform0.2,rank_only,0.631244704617483,-0.019149111358732207
1.0,policy::interval0.5__full__accept_clip0.02,rank_only,0.6387668116541987,-0.011627004322016576
1.0,policy::interval0.5__full__accept_clip0.05,rank_only,0.6411637885880999,-0.009230027388115403
1.0,policy::interval0.5__full__accept_clip0.1,rank_only,0.6388713317639091,-0.011522484212306172
1.0,policy::interval0.5__full__bonus1.25,rank_only,0.6348684296992957,-0.015525386276919573
1.0,policy::interval0.5__full__bonus1.5,rank_only,0.6355035346704786,-0.014890281305736663
1.0,policy::interval0.5__full__bonus2,rank_only,0.6368254504575425,-0.013568365518672798
1.0,policy::interval0.5__full__bonus3,rank_only,0.6382009331913644,-0.012192882784850867
1.0,policy::interval0.5__full__expected_mix0.25,rank_only,0.6441466997978995,-0.006247116178315748
1.0,policy::interval0.5__full__expected_mix0.5,rank_only,0.6401407194805568,-0.01025309649565842
1.0,policy::interval0.5__full__expected_mix0.75,rank_only,0.6337593079928364,-0.016634507983378843
1.0,policy::interval0.5__full__expected_rejection,rank_only,0.6207265357939669,-0.0296672801822484
1.0,policy::interval0.5__full__h_tau0.8,rank_only,0.6085824156214803,-0.04181140035473496
1.0,policy::interval0.5__full__h_tau0.9,rank_only,0.6246373469841191,-0.02575646899209616
1.0,policy::interval0.5__full__h_tau1.1,rank_only,0.6318179592807706,-0.018575856695444704
1.0,policy::interval0.5__full__h_tau1.25,rank_only,0.6166454421226518,-0.03374837385356344
1.0,policy::interval0.5__full__original,rank_only,0.6331872780825515,-0.017206537893663776
1.0,policy::interval0.5__full__power0.5,rank_only,0.6429838726439119,-0.007409943332303381
1.0,policy::interval0.5__full__power0.75,rank_only,0.6401240271855285,-0.01026978879068674
1.0,policy::interval0.5__full__power1.25,rank_only,0.622850228257843,-0.027543587718372287
1.0,policy::interval0.5__full__power1.5,rank_only,0.611003781357705,-0.03939003461851032
1.0,policy::interval0.5__full__uniform0.02,rank_only,0.6375646083103248,-0.012829207665890463
1.0,policy::interval0.5__full__uniform0.05,rank_only,0.6409297136416289,-0.009464102334586388
1.0,policy::interval0.5__full__uniform0.1,rank_only,0.6436559158628944,-0.006737900113320872
1.0,policy::interval0.5__full__uniform0.2,rank_only,0.6416496287719977,-0.008744187204217546
1.0,policy::interval0.5__topm__accept_clip0.02,rank_only,0.6346397762895342,-0.0157540396866811
1.0,policy::interval0.5__topm__accept_clip0.05,rank_only,0.638089343772092,-0.012304472204123229
1.0,policy::interval0.5__topm__accept_clip0.1,rank_only,0.6348385663422708,-0.015555249633944501
1.0,policy::interval0.5__topm__bonus1.25,rank_only,0.6332605351592714,-0.017133280816943874
1.0,policy::interval0.5__topm__bonus1.5,rank_only,0.6344706483460352,-0.01592316763018009
1.0,policy::interval0.5__topm__bonus2,rank_only,0.6361065337996877,-0.014287282176527527
1.0,policy::interval0.5__topm__bonus3,rank_only,0.6366935018852871,-0.0137003140909282
1.0,policy::interval0.5__topm__expected_mix0.25,rank_only,0.6435344385561852,-0.006859377420030066
1.0,policy::interval0.5__topm__expected_mix0.5,rank_only,0.6388895705545882,-0.01150424542162709
1.0,policy::interval0.5__topm__expected_mix0.75,rank_only,0.6309861396667055,-0.01940767630950979
1.0,policy::interval0.5__topm__expected_rejection,rank_only,0.6152049850047902,-0.03518883097142511
1.0,policy::interval0.5__topm__h_tau0.8,rank_only,0.606207751872801,-0.0441860641034143
1.0,policy::interval0.5__topm__h_tau0.9,rank_only,0.6217451883500291,-0.02864862762618614
1.0,policy::interval0.5__topm__h_tau1.1,rank_only,0.6296608660902108,-0.020732949886004493
1.0,policy::interval0.5__topm__h_tau1.25,rank_only,0.612104866171022,-0.03828894980519326
1.0,policy::interval0.5__topm__original,rank_only,0.6303474761345781,-0.020046339841637173
1.0,policy::interval0.5__topm__power0.5,rank_only,0.6392364335021048,-0.011157382474110467
1.0,policy::interval0.5__topm__power0.75,rank_only,0.638765104022482,-0.011628711953733273
1.0,policy::interval0.5__topm__power1.25,rank_only,0.62029357244445,-0.030100243531765214
1.0,policy::interval0.5__topm__power1.5,rank_only,0.6082391810049389,-0.04215463497127636
1.0,policy::interval0.5__topm__uniform0.02,rank_only,0.6353900509810404,-0.015003764995174862
1.0,policy::interval0.5__topm__uniform0.05,rank_only,0.6391337328473001,-0.011260083128915133
1.0,policy::interval0.5__topm__uniform0.1,rank_only,0.6413336804699501,-0.009060135506265166
1.0,policy::interval0.5__topm__uniform0.2,rank_only,0.640508933920769,-0.009884882055446242
1.0,policy::interval0.75__full__accept_clip0.02,rank_only,0.6433442581345975,-0.0070495578416177596
1.0,policy::interval0.75__full__accept_clip0.05,rank_only,0.6455131296053899,-0.004880686370825393
1.0,policy::interval0.75__full__accept_clip0.1,rank_only,0.6437115035371002,-0.006682312439115101
1.0,policy::interval0.75__full__bonus1.25,rank_only,0.6384962360062498,-0.011897579969965433
1.0,policy::interval0.75__full__bonus1.5,rank_only,0.6394557206850033,-0.010938095291211924
1.0,policy::interval0.75__full__bonus2,rank_only,0.6406213192989969,-0.009772496677218356
1.0,policy::interval0.75__full__bonus3,rank_only,0.6417871043088873,-0.00860671166732796
1.0,policy::interval0.75__full__expected_mix0.25,rank_only,0.6491763040722838,-0.0012175119039314897
1.0,policy::interval0.75__full__expected_mix0.5,rank_only,0.6448441181503833,-0.005549697825831923
1.0,policy::interval0.75__full__expected_mix0.75,rank_only,0.6379123410806931,-0.012481474895522204
1.0,policy::interval0.75__full__expected_rejection,rank_only,0.6245638761067647,-0.02582993986945059
1.0,policy::interval0.75__full__h_tau0.8,rank_only,0.6115364776533176,-0.03885733832289762
1.0,policy::interval0.75__full__h_tau0.9,rank_only,0.6287694739007347,-0.021624342075480585
1.0,policy::interval0.75__full__h_tau1.1,rank_only,0.636641011300561,-0.013752804675654207
1.0,policy::interval0.75__full__h_tau1.25,rank_only,0.6218381316121102,-0.02855568436410505
1.0,policy::interval0.75__full__original,rank_only,0.6368177935762772,-0.013576022399938048
1.0,policy::interval0.75__full__power0.5,rank_only,0.6478645393266241,-0.002529276649591128
1.0,policy::interval0.75__full__power0.75,rank_only,0.6435253384290662,-0.006868477547149032
1.0,policy::interval0.75__full__power1.25,rank_only,0.6268839505684354,-0.023509865407779884
1.0,policy::interval0.75__full__power1.5,rank_only,0.6149373819307109,-0.03545643404550436
1.0,policy::interval0.75__full__uniform0.02,rank_only,0.6415496658664579,-0.008844150109757365
1.0,policy::interval0.75__full__uniform0.05,rank_only,0.64619604080574,-0.00419777517047526
1.0,policy::interval0.75__full__uniform0.1,rank_only,0.6491977717003359,-0.0011960442758793821
1.0,policy::interval0.75__full__uniform0.2,rank_only,0.6472555603411301,-0.0031382556350851853
1.0,policy::interval0.75__topm__accept_clip0.02,rank_only,0.6390263180878923,-0.01136749788832292
1.0,policy::interval0.75__topm__accept_clip0.05,rank_only,0.642364733043255,-0.00802908293296023
1.0,policy::interval0.75__topm__accept_clip0.1,rank_only,0.6397098538887914,-0.010683962087423837
1.0,policy::interval0.75__topm__bonus1.25,rank_only,0.6366704748928095,-0.013723341083405782
1.0,policy::interval0.75__topm__bonus1.5,rank_only,0.6379537938463726,-0.012440022129842632
1.0,policy::interval0.75__topm__bonus2,rank_only,0.6396130312772358,-0.010780784698979473
1.0,policy::interval0.75__topm__bonus3,rank_only,0.6405490145183065,-0.00984480145790878
1.0,policy::interval0.75__topm__expected_mix0.25,rank_only,0.6484956232749818,-0.001898192701233481
1.0,policy::interval0.75__topm__expected_mix0.5,rank_only,0.6436015888108748,-0.006792227165340448
1.0,policy::interval0.75__topm__expected_mix0.75,rank_only,0.6348501707446769,-0.015543645231538394
1.0,policy::interval0.75__topm__expected_rejection,rank_only,0.6193810156851408,-0.03101280029107445
1.0,policy::interval0.75__topm__h_tau0.8,rank_only,0.6093693881075568,-0.04102442786865845
1.0,policy::interval0.75__topm__h_tau0.9,rank_only,0.6248621837421634,-0.02553163223405186
1.0,policy::interval0.75__topm__h_tau1.1,rank_only,0.6341769078329679,-0.01621690814324739
1.0,policy::interval0.75__topm__h_tau1.25,rank_only,0.6173444970408172,-0.033049318935398087
1.0,policy::interval0.75__topm__original,rank_only,0.6338534553878388,-0.01654036058837649
1.0,policy::interval0.75__topm__power0.5,rank_only,0.644204411941609,-0.006189404034606216
1.0,policy::interval0.75__topm__power0.75,rank_only,0.6423801792405202,-0.008013636735695107
1.0,policy::interval0.75__topm__power1.25,rank_only,0.6245800141106557,-0.025813801865559594
1.0,policy::interval0.75__topm__power1.5,rank_only,0.6120136371622429,-0.038380178813972377
1.0,policy::interval0.75__topm__uniform0.02,rank_only,0.6393048077541506,-0.011089008222064711
1.0,policy::interval0.75__topm__uniform0.05,rank_only,0.6440663441104583,-0.006327471865756995
1.0,policy::interval0.75__topm__uniform0.1,rank_only,0.6467512602677141,-0.0036425557085011384
1.0,policy::interval0.75__topm__uniform0.2,rank_only,0.6458323489963133,-0.004561466979902007
1.0,policy::interval0__full__accept_clip0.02,rank_only,0.6181799180481123,-0.03221389792810292
1.0,policy::interval0__full__accept_clip0.05,rank_only,0.6205387959186679,-0.029855020057547366
1.0,policy::interval0__full__accept_clip0.1,rank_only,0.6189345642366978,-0.03145925173951747
1.0,policy::interval0__full__bonus1.25,rank_only,0.614176237076942,-0.03621757889927324
1.0,policy::interval0__full__bonus1.5,rank_only,0.6151861999691866,-0.03520761600702871
1.0,policy::interval0__full__bonus2,rank_only,0.617005085626789,-0.03338873034942624
1.0,policy::interval0__full__bonus3,rank_only,0.6187514614282058,-0.031642354548009455
1.0,policy::interval0__full__expected_mix0.25,rank_only,0.6249611130259265,-0.025432702950288766
1.0,policy::interval0__full__expected_mix0.5,rank_only,0.6213121577446679,-0.029081658231547403
1.0,policy::interval0__full__expected_mix0.75,rank_only,0.6137998238933847,-0.03659399208283054
1.0,policy::interval0__full__expected_rejection,rank_only,0.6032339491073896,-0.04715986686882567
1.0,policy::interval0__full__h_tau0.8,rank_only,0.5876497400365053,-0.06274407593970999
1.0,policy::interval0__full__h_tau0.9,rank_only,0.6042813318535059,-0.04611248412270941
1.0,policy::interval0__full__h_tau1.1,rank_only,0.6102424247234265,-0.04015139125278877
1.0,policy::interval0__full__h_tau1.25,rank_only,0.5952337723043318,-0.05516004367188343
1.0,policy::interval0__full__original,rank_only,0.6123713428184508,-0.038022473157764414
1.0,policy::interval0__full__power0.5,rank_only,0.6235356502795563,-0.026858165696658998
1.0,policy::interval0__full__power0.75,rank_only,0.6199707535732616,-0.03042306240295367
1.0,policy::interval0__full__power1.25,rank_only,0.6009669267550551,-0.04942688922116012
1.0,policy::interval0__full__power1.5,rank_only,0.5901448264633268,-0.060248989512888484
1.0,policy::interval0__full__uniform0.02,rank_only,0.616670562516106,-0.03372325346010929
1.0,policy::interval0__full__uniform0.05,rank_only,0.6211085225154597,-0.02928529346075559
1.0,policy::interval0__full__uniform0.1,rank_only,0.6231249868231683,-0.02726882915304696
1.0,policy::interval0__full__uniform0.2,rank_only,0.6241209241411003,-0.026272891835114942
1.0,policy::interval0__topm__accept_clip0.02,rank_only,0.6142510172008402,-0.03614279877537507
1.0,policy::interval0__topm__accept_clip0.05,rank_only,0.6174839636568366,-0.03290985231937871
1.0,policy::interval0__topm__accept_clip0.1,rank_only,0.6150614982654219,-0.03533231771079337
1.0,policy::interval0__topm__bonus1.25,rank_only,0.6132979089654299,-0.037095907010785356
1.0,policy::interval0__topm__bonus1.5,rank_only,0.6142786154545989,-0.03611520052161632
1.0,policy::interval0__topm__bonus2,rank_only,0.6157908200704235,-0.034602995905791745
1.0,policy::interval0__topm__bonus3,rank_only,0.616516267389969,-0.03387754858624625
1.0,policy::interval0__topm__expected_mix0.25,rank_only,0.6230144329949758,-0.02737938298123943
1.0,policy::interval0__topm__expected_mix0.5,rank_only,0.6191529615596281,-0.031240854416587194
1.0,policy::interval0__topm__expected_mix0.75,rank_only,0.6116301359606952,-0.03876368001552011
1.0,policy::interval0__topm__expected_rejection,rank_only,0.5985813423739617,-0.051812473602253606
1.0,policy::interval0__topm__h_tau0.8,rank_only,0.5856361499757485,-0.06475766600046673
1.0,policy::interval0__topm__h_tau0.9,rank_only,0.6020654732287786,-0.04832834274743669
1.0,policy::interval0__topm__h_tau1.1,rank_only,0.6073278160243522,-0.04306599995186311
1.0,policy::interval0__topm__h_tau1.25,rank_only,0.5909099845990928,-0.05948383137712243
1.0,policy::interval0__topm__original,rank_only,0.610195747768456,-0.040198068207759285
1.0,policy::interval0__topm__power0.5,rank_only,0.6205508985044033,-0.029842917471812003
1.0,policy::interval0__topm__power0.75,rank_only,0.6183038367311376,-0.032089979245077616
1.0,policy::interval0__topm__power1.25,rank_only,0.5992595079593305,-0.05113430801688479
1.0,policy::interval0__topm__power1.5,rank_only,0.5871731865381037,-0.06322062943811158
1.0,policy::interval0__topm__uniform0.02,rank_only,0.6153818547631539,-0.03501196121306138
1.0,policy::interval0__topm__uniform0.05,rank_only,0.6186765767474929,-0.03171723922872238
1.0,policy::interval0__topm__uniform0.1,rank_only,0.6204483680941186,-0.029945447882096632
1.0,policy::interval0__topm__uniform0.2,rank_only,0.621798151262503,-0.02859566471371222
1.0,policy::interval1__full__accept_clip0.02,rank_only,0.6612723212803692,0.010878505304153907
1.0,policy::interval1__full__accept_clip0.05,rank_only,0.6634027365881232,0.013008920611907948
1.0,policy::interval1__full__accept_clip0.1,rank_only,0.661695785902969,0.011301969926753697
1.0,policy::interval1__full__bonus1.25,rank_only,0.6562006313713583,0.00580681539514305
1.0,policy::interval1__full__bonus1.5,rank_only,0.6569431895298643,0.0065493735536490405
1.0,policy::interval1__full__bonus2,rank_only,0.6579549211722993,0.007561105196083995
1.0,policy::interval1__full__bonus3,rank_only,0.6590162335789022,0.008622417602686894
1.0,policy::interval1__full__expected_mix0.25,rank_only,0.6668644881542436,0.016470672178028334
1.0,policy::interval1__full__expected_mix0.5,rank_only,0.6633928171917154,0.012999001215500128
1.0,policy::interval1__full__expected_mix0.75,rank_only,0.6559376277272688,0.005543811751053562
1.0,policy::interval1__full__expected_rejection,rank_only,0.6430067063459992,-0.007387109630216049
1.0,policy::interval1__full__h_tau0.8,rank_only,0.6314642903088838,-0.018929525667331415
1.0,policy::interval1__full__h_tau0.9,rank_only,0.6470709892643557,-0.0033228267118595722
1.0,policy::interval1__full__h_tau1.1,rank_only,0.6536068100070334,0.003212994030818095
1.0,policy::interval1__full__h_tau1.25,rank_only,0.6388924886714993,-0.01150132730471598
1.0,policy::interval1__full__original,rank_only,0.6545179585364338,0.0041241425602185355
1.0,policy::interval1__full__power0.5,rank_only,0.6639751488031169,0.01358133282690166
1.0,policy::interval1__full__power0.75,rank_only,0.6604271915112571,0.0100333755350418
1.0,policy::interval1__full__power1.25,rank_only,0.6450056847460386,-0.005388131230176674
1.0,policy::interval1__full__power1.5,rank_only,0.6348860155183171,-0.015507800457898124
1.0,policy::interval1__full__uniform0.02,rank_only,0.6591756962489518,0.00878188027273652
1.0,policy::interval1__full__uniform0.05,rank_only,0.6622964738923097,0.011902657916094461
1.0,policy::interval1__full__uniform0.1,rank_only,0.6639687929349269,0.013574976958711682
1.0,policy::interval1__full__uniform0.2,rank_only,0.6612722003997321,0.010878384423516851
1.0,policy::interval1__topm__accept_clip0.02,rank_only,0.6558679402295704,0.005474124253355139
1.0,policy::interval1__topm__accept_clip0.05,rank_only,0.6605355742500894,0.01014175827387409
1.0,policy::interval1__topm__accept_clip0.1,rank_only,0.6574489610603501,0.007055145084134851
1.0,policy::interval1__topm__bonus1.25,rank_only,0.6531544952610794,0.0027606792848641204
1.0,policy::interval1__topm__bonus1.5,rank_only,0.6540978032786672,0.0037039873024519165
1.0,policy::interval1__topm__bonus2,rank_only,0.6556194357032711,0.005225619727055819
1.0,policy::interval1__topm__bonus3,rank_only,0.6562790328109347,0.005885216834719431
1.0,policy::interval1__topm__expected_mix0.25,rank_only,0.6665101291539203,0.01611631317770501
1.0,policy::interval1__topm__expected_mix0.5,rank_only,0.6607864135247713,0.010392597548556037
1.0,policy::interval1__topm__expected_mix0.75,rank_only,0.6530843226997706,0.002690506723555308
1.0,policy::interval1__topm__expected_rejection,rank_only,0.6367298667934281,-0.013663949182787127
1.0,policy::interval1__topm__h_tau0.8,rank_only,0.6285068422255804,-0.021886973750634864
1.0,policy::interval1__topm__h_tau0.9,rank_only,0.6422528462026136,-0.00814096977360168
1.0,policy::interval1__topm__h_tau1.1,rank_only,0.6506655889229763,0.0002717729467610619
1.0,policy::interval1__topm__h_tau1.25,rank_only,0.6339921476038896,-0.016401668372325706
1.0,policy::interval1__topm__original,rank_only,0.6503938159762153,0.0
1.0,policy::interval1__topm__power0.5,rank_only,0.6589422218736352,0.008548405897419897
1.0,policy::interval1__topm__power0.75,rank_only,0.6582133969503738,0.00781958097415858
1.0,policy::interval1__topm__power1.25,rank_only,0.6434180042174934,-0.0069758117587218615
1.0,policy::interval1__topm__power1.5,rank_only,0.6318649618746072,-0.018528854101608094
1.0,policy::interval1__topm__uniform0.02,rank_only,0.6558266291456512,0.0054328131694358905
1.0,policy::interval1__topm__uniform0.05,rank_only,0.6593177657561128,0.008923949779897522
1.0,policy::interval1__topm__uniform0.1,rank_only,0.660770104094057,0.010376288117841748
1.0,policy::interval1__topm__uniform0.2,rank_only,0.6593229875199412,0.008929171543725967
1.0,policy::keep12__full__accept_clip0.02,rank_only,0.6609085391126095,0.010514723136394233
1.0,policy::keep12__full__accept_clip0.05,rank_only,0.6632616854324542,0.012867869456238967
1.0,policy::keep12__full__accept_clip0.1,rank_only,0.6615978014092209,0.011203985433005603
1.0,policy::keep12__full__bonus1.25,rank_only,0.6558973411841069,0.0055035252078916574
1.0,policy::keep12__full__bonus1.5,rank_only,0.656704186842663,0.006310370866447701
1.0,policy::keep12__full__bonus2,rank_only,0.6577606582514005,0.007366842275185248
1.0,policy::keep12__full__bonus3,rank_only,0.658785914974854,0.008392098998638686
1.0,policy::keep12__full__expected_mix0.25,rank_only,0.6669569643136455,0.016563148337430222
1.0,policy::keep12__full__expected_mix0.5,rank_only,0.6634012122390449,0.013007396262829651
1.0,policy::keep12__full__expected_mix0.75,rank_only,0.6559573468695552,0.005563530893339941
1.0,policy::keep12__full__expected_rejection,rank_only,0.643017857187932,-0.007375958788283232
1.0,policy::keep12__full__h_tau0.8,rank_only,0.6308453966180115,-0.019548419358203728
1.0,policy::keep12__full__h_tau0.9,rank_only,0.6467464483943142,-0.0036473675819010953
1.0,policy::keep12__full__h_tau1.1,rank_only,0.6535124610396069,0.0031186450633916563
1.0,policy::keep12__full__h_tau1.25,rank_only,0.6387513512250851,-0.011642464751130177
1.0,policy::keep12__full__original,rank_only,0.6542098196277013,0.003816003651486044
1.0,policy::keep12__full__power0.5,rank_only,0.6640677030052881,0.013673887029072795
1.0,policy::keep12__full__power0.75,rank_only,0.6604583561922818,0.010064540216066509
1.0,policy::keep12__full__power1.25,rank_only,0.6446716752968364,-0.005722140679378818
1.0,policy::keep12__full__power1.5,rank_only,0.633633782686088,-0.016760033290127208
1.0,policy::keep12__full__uniform0.02,rank_only,0.6590270656219877,0.00863324964577239
1.0,policy::keep12__full__uniform0.05,rank_only,0.6623562453441603,0.011962429367945004
1.0,policy::keep12__full__uniform0.1,rank_only,0.6641372811653925,0.01374346518917724
1.0,policy::keep12__full__uniform0.2,rank_only,0.6612905441649988,0.010896728188783511
1.0,policy::keep12__topm__accept_clip0.02,rank_only,0.6557296518266592,0.0053358358504439485
1.0,policy::keep12__topm__accept_clip0.05,rank_only,0.6603961623020682,0.010002346325852951
1.0,policy::keep12__topm__accept_clip0.1,rank_only,0.6571698080996049,0.00677599212338964
1.0,policy::keep12__topm__bonus1.25,rank_only,0.6529723196176651,0.0025785036414498474
1.0,policy::keep12__topm__bonus1.5,rank_only,0.6539242201008432,0.003530404124627906
1.0,policy::keep12__topm__bonus2,rank_only,0.655379232621773,0.004985416645557739
1.0,policy::keep12__topm__bonus3,rank_only,0.6560766514107707,0.005682835434555389
1.0,policy::keep12__topm__expected_mix0.25,rank_only,0.666575744629525,0.016181928653309696
1.0,policy::keep12__topm__expected_mix0.5,rank_only,0.6607198168949018,0.010326000918686518
1.0,policy::keep12__topm__expected_mix0.75,rank_only,0.6530842492128758,0.0026904332366605166
1.0,policy::keep12__topm__expected_rejection,rank_only,0.6367358032327883,-0.013658012743426928
1.0,policy::keep12__topm__h_tau0.8,rank_only,0.6279490791137678,-0.022444736862447412
1.0,policy::keep12__topm__h_tau0.9,rank_only,0.6418616276789239,-0.00853218829729141
1.0,policy::keep12__topm__h_tau1.1,rank_only,0.6506573551621032,0.000263539185887951
1.0,policy::keep12__topm__h_tau1.25,rank_only,0.6338623385542428,-0.016531477421972474
1.0,policy::keep12__topm__original,rank_only,0.6501984994706609,-0.00019531650555437707
1.0,policy::keep12__topm__power0.5,rank_only,0.6590200867854398,0.008626270809224512
1.0,policy::keep12__topm__power0.75,rank_only,0.6581521395673445,0.007758323591129268
1.0,policy::keep12__topm__power1.25,rank_only,0.6423259557989576,-0.00806786017725769
1.0,policy::keep12__topm__power1.5,rank_only,0.6306503639473243,-0.01974345202889094
1.0,policy::keep12__topm__uniform0.02,rank_only,0.6557966466465931,0.005402830670377834
1.0,policy::keep12__topm__uniform0.05,rank_only,0.6592760088526818,0.008882192876466521
1.0,policy::keep12__topm__uniform0.1,rank_only,0.660901510625792,0.010507694649576793
1.0,policy::keep12__topm__uniform0.2,rank_only,0.6594322549028594,0.009038438926644132
1.0,policy::keep1__full__accept_clip0.02,rank_only,0.6249090931864333,-0.025484722789781977
1.0,policy::keep1__full__accept_clip0.05,rank_only,0.6276336428735834,-0.022760173102631898
1.0,policy::keep1__full__accept_clip0.1,rank_only,0.6266940087135235,-0.02369980726269172
1.0,policy::keep1__full__bonus1.25,rank_only,0.6188964986016608,-0.03149731737455441
1.0,policy::keep1__full__bonus1.5,rank_only,0.6201146523693343,-0.030279163606880988
1.0,policy::keep1__full__bonus2,rank_only,0.6220887211099613,-0.028305094866253988
1.0,policy::keep1__full__bonus3,rank_only,0.6239715282603002,-0.026422287715915038
1.0,policy::keep1__full__expected_mix0.25,rank_only,0.6328814298636233,-0.017512386112591982
1.0,policy::keep1__full__expected_mix0.5,rank_only,0.6293518461145133,-0.021041969861701926
1.0,policy::keep1__full__expected_mix0.75,rank_only,0.6218682071766927,-0.028525608799522595
1.0,policy::keep1__full__expected_rejection,rank_only,0.6108103129065543,-0.039583503069660964
1.0,policy::keep1__full__h_tau0.8,rank_only,0.5916560060468272,-0.05873780992938804
1.0,policy::keep1__full__h_tau0.9,rank_only,0.6078786077654441,-0.04251520821077115
1.0,policy::keep1__full__h_tau1.1,rank_only,0.6154989480900329,-0.034894867886182346
1.0,policy::keep1__full__h_tau1.25,rank_only,0.6015754140128284,-0.048818401963386826
1.0,policy::keep1__full__original,rank_only,0.6172820026880045,-0.03311181328821078
1.0,policy::keep1__full__power0.5,rank_only,0.629880258372358,-0.020513557603857313
1.0,policy::keep1__full__power0.75,rank_only,0.6251945104591687,-0.025199305517046522
1.0,policy::keep1__full__power1.25,rank_only,0.6053973672681665,-0.04499644870804875
1.0,policy::keep1__full__power1.5,rank_only,0.5941185866606767,-0.05627522931553852
1.0,policy::keep1__full__uniform0.02,rank_only,0.6225291793633342,-0.027864636612881077
1.0,policy::keep1__full__uniform0.05,rank_only,0.6280261867093238,-0.02236762926689151
1.0,policy::keep1__full__uniform0.1,rank_only,0.6312471198509522,-0.019146696125263096
1.0,policy::keep1__full__uniform0.2,rank_only,0.6324804673273932,-0.017913348648822103
1.0,policy::keep1__topm__accept_clip0.02,rank_only,0.6206263464268206,-0.029767469549394687
1.0,policy::keep1__topm__accept_clip0.05,rank_only,0.6246102036274094,-0.025783612348805884
1.0,policy::keep1__topm__accept_clip0.1,rank_only,0.6225324833490604,-0.027861332627154844
1.0,policy::keep1__topm__bonus1.25,rank_only,0.6179583999890875,-0.032435415987127736
1.0,policy::keep1__topm__bonus1.5,rank_only,0.6189694877001927,-0.031424328276022595
1.0,policy::keep1__topm__bonus2,rank_only,0.6207295508346904,-0.02966426514152487
1.0,policy::keep1__topm__bonus3,rank_only,0.6212868726719118,-0.029106943304303412
1.0,policy::keep1__topm__expected_mix0.25,rank_only,0.6307268600968984,-0.019666955879316883
1.0,policy::keep1__topm__expected_mix0.5,rank_only,0.6268367324609385,-0.023557083515276744
1.0,policy::keep1__topm__expected_mix0.75,rank_only,0.6194255662600867,-0.03096824971612855
1.0,policy::keep1__topm__expected_rejection,rank_only,0.6065799688272239,-0.04381384714899139
1.0,policy::keep1__topm__h_tau0.8,rank_only,0.5894779355847396,-0.06091588039147566
1.0,policy::keep1__topm__h_tau0.9,rank_only,0.6051129956499731,-0.045280820326242144
1.0,policy::keep1__topm__h_tau1.1,rank_only,0.6127264102199806,-0.03766740575623462
1.0,policy::keep1__topm__h_tau1.25,rank_only,0.5972761770002762,-0.05311763897593902
1.0,policy::keep1__topm__original,rank_only,0.6148085602751806,-0.03558525570103466
1.0,policy::keep1__topm__power0.5,rank_only,0.6267240078016669,-0.023669808174548335
1.0,policy::keep1__topm__power0.75,rank_only,0.6236201641407043,-0.026773651835510948
1.0,policy::keep1__topm__power1.25,rank_only,0.6034835896872931,-0.04691022628892216
1.0,policy::keep1__topm__power1.5,rank_only,0.5913734920635716,-0.05902032391264367
1.0,policy::keep1__topm__uniform0.02,rank_only,0.6209459510452796,-0.029447864930935652
1.0,policy::keep1__topm__uniform0.05,rank_only,0.6253428588572237,-0.025050957118991524
1.0,policy::keep1__topm__uniform0.1,rank_only,0.6283126750136345,-0.022081140962580736
1.0,policy::keep1__topm__uniform0.2,rank_only,0.6297532112476826,-0.020640604728532685
1.0,policy::keep2__full__accept_clip0.02,rank_only,0.637525121951694,-0.012868694024521288
1.0,policy::keep2__full__accept_clip0.05,rank_only,0.640517722616246,-0.009876093359969307
1.0,policy::keep2__full__accept_clip0.1,rank_only,0.6406058384883879,-0.009787977487827337
1.0,policy::keep2__full__bonus1.25,rank_only,0.630825711105701,-0.019568104870514302
1.0,policy::keep2__full__bonus1.5,rank_only,0.6321008686876735,-0.018292947288541805
1.0,policy::keep2__full__bonus2,rank_only,0.6341074543826866,-0.016286361593528698
1.0,policy::keep2__full__bonus3,rank_only,0.6353576978857037,-0.01503611809051153
1.0,policy::keep2__full__expected_mix0.25,rank_only,0.645551397734132,-0.004842418242083313
1.0,policy::keep2__full__expected_mix0.5,rank_only,0.6434101532814508,-0.00698366269476447
1.0,policy::keep2__full__expected_mix0.75,rank_only,0.6363698450765932,-0.01402397089962204
1.0,policy::keep2__full__expected_rejection,rank_only,0.6235011919463402,-0.026892624029875023
1.0,policy::keep2__full__h_tau0.8,rank_only,0.6023850570507006,-0.048008758925514705
1.0,policy::keep2__full__h_tau0.9,rank_only,0.6193142402539435,-0.031079575722271713
1.0,policy::keep2__full__h_tau1.1,rank_only,0.627419924648881,-0.022973891327334295
1.0,policy::keep2__full__h_tau1.25,rank_only,0.6133296156185434,-0.037064200357671884
1.0,policy::keep2__full__original,rank_only,0.6292526722774813,-0.02114114369873399
1.0,policy::keep2__full__power0.5,rank_only,0.6416009466346329,-0.00879286934158241
1.0,policy::keep2__full__power0.75,rank_only,0.6367053028819629,-0.013688513094252341
1.0,policy::keep2__full__power1.25,rank_only,0.6176508116927457,-0.032743004283469546
1.0,policy::keep2__full__power1.5,rank_only,0.6063023993940383,-0.04409141658217697
1.0,policy::keep2__full__uniform0.02,rank_only,0.6350963236819654,-0.015297492294249815
1.0,policy::keep2__full__uniform0.05,rank_only,0.6407489838384592,-0.009644832137756021
1.0,policy::keep2__full__uniform0.1,rank_only,0.64388874461584,-0.006505071360375259
1.0,policy::keep2__full__uniform0.2,rank_only,0.6441582749043857,-0.006235541071829553
1.0,policy::keep2__topm__accept_clip0.02,rank_only,0.6328396540179035,-0.01755416195831172
1.0,policy::keep2__topm__accept_clip0.05,rank_only,0.6367336413468205,-0.013660174629394728
1.0,policy::keep2__topm__accept_clip0.1,rank_only,0.6358882652706305,-0.014505550705584791
1.0,policy::keep2__topm__bonus1.25,rank_only,0.6292776995573535,-0.021116116418861797
1.0,policy::keep2__topm__bonus1.5,rank_only,0.6304156904039443,-0.019978125572270966
1.0,policy::keep2__topm__bonus2,rank_only,0.6317020347149527,-0.018691781261262586
1.0,policy::keep2__topm__bonus3,rank_only,0.6329863125701103,-0.017407503406104974
1.0,policy::keep2__topm__expected_mix0.25,rank_only,0.6438508710500499,-0.006542944926165362
1.0,policy::keep2__topm__expected_mix0.5,rank_only,0.6406324296294639,-0.009761386346751388
1.0,policy::keep2__topm__expected_mix0.75,rank_only,0.6334415752707011,-0.016952240705514154
1.0,policy::keep2__topm__expected_rejection,rank_only,0.6178740665971258,-0.03251974937908941
1.0,policy::keep2__topm__h_tau0.8,rank_only,0.6005976573963093,-0.049796158579905936
1.0,policy::keep2__topm__h_tau0.9,rank_only,0.6170838726870026,-0.03330994328921266
1.0,policy::keep2__topm__h_tau1.1,rank_only,0.6251587813373918,-0.025235034638823484
1.0,policy::keep2__topm__h_tau1.25,rank_only,0.6087306082287203,-0.04166320774749499
1.0,policy::keep2__topm__original,rank_only,0.6264506426092062,-0.02394317336700902
1.0,policy::keep2__topm__power0.5,rank_only,0.6382008667676189,-0.012192949208596371
1.0,policy::keep2__topm__power0.75,rank_only,0.634805927609513,-0.015587888366702218
1.0,policy::keep2__topm__power1.25,rank_only,0.6150927392193739,-0.035301076756841354
1.0,policy::keep2__topm__power1.5,rank_only,0.6033225004371846,-0.047071315539030656
1.0,policy::keep2__topm__uniform0.02,rank_only,0.633170263467044,-0.01722355250917129
1.0,policy::keep2__topm__uniform0.05,rank_only,0.6375962988285984,-0.0127975171476169
1.0,policy::keep2__topm__uniform0.1,rank_only,0.640944107302175,-0.00944970867404027
1.0,policy::keep2__topm__uniform0.2,rank_only,0.6416091335101263,-0.008784682466088989
1.0,policy::keep3__full__accept_clip0.02,rank_only,0.646258949852858,-0.004134866123357228
1.0,policy::keep3__full__accept_clip0.05,rank_only,0.6496587183338798,-0.0007350976423354805
1.0,policy::keep3__full__accept_clip0.1,rank_only,0.6498859413184611,-0.0005078746577541482
1.0,policy::keep3__full__bonus1.25,rank_only,0.6396304511180467,-0.010763364858168534
1.0,policy::keep3__full__bonus1.5,rank_only,0.6409012638680457,-0.009492552108169572
1.0,policy::keep3__full__bonus2,rank_only,0.6425086081085449,-0.00788520786767033
1.0,policy::keep3__full__bonus3,rank_only,0.6439098227050677,-0.00648399327114757
1.0,policy::keep3__full__expected_mix0.25,rank_only,0.6544289950602147,0.004035179083999418
1.0,policy::keep3__full__expected_mix0.5,rank_only,0.6523663272697884,0.0019725112935731204
1.0,policy::keep3__full__expected_mix0.75,rank_only,0.6443557100948634,-0.006038105881351896
1.0,policy::keep3__full__expected_rejection,rank_only,0.6316035156791907,-0.018790300297024554
1.0,policy::keep3__full__h_tau0.8,rank_only,0.6114876142490087,-0.0389062017272066
1.0,policy::keep3__full__h_tau0.9,rank_only,0.6273686392995527,-0.023025176676662595
1.0,policy::keep3__full__h_tau1.1,rank_only,0.6365186656364173,-0.013875150339797915
1.0,policy::keep3__full__h_tau1.25,rank_only,0.6217928890202398,-0.028600926955975492
1.0,policy::keep3__full__original,rank_only,0.6380341015324459,-0.012359714443769376
1.0,policy::keep3__full__power0.5,rank_only,0.6503115456044968,-8.227037171848472e-05
1.0,policy::keep3__full__power0.75,rank_only,0.6456865775643311,-0.00470723841188414
1.0,policy::keep3__full__power1.25,rank_only,0.6257856917704365,-0.024608124205778736
1.0,policy::keep3__full__power1.5,rank_only,0.6143684356633469,-0.036025380312868394
1.0,policy::keep3__full__uniform0.02,rank_only,0.6438536934096897,-0.006540122566525586
1.0,policy::keep3__full__uniform0.05,rank_only,0.6490351976040857,-0.001358618372129583
1.0,policy::keep3__full__uniform0.1,rank_only,0.6524995903678371,0.0021057743916218508
1.0,policy::keep3__full__uniform0.2,rank_only,0.6527573900868304,0.002363574110615163
1.0,policy::keep3__topm__accept_clip0.02,rank_only,0.6412032086641802,-0.009190607312035026
1.0,policy::keep3__topm__accept_clip0.05,rank_only,0.6459455011029757,-0.0044483148732396005
1.0,policy::keep3__topm__accept_clip0.1,rank_only,0.6446668682146055,-0.0057269477616097575
1.0,policy::keep3__topm__bonus1.25,rank_only,0.6378803771954902,-0.012513438780725084
1.0,policy::keep3__topm__bonus1.5,rank_only,0.6390639717727306,-0.011329844203484707
1.0,policy::keep3__topm__bonus2,rank_only,0.6408258173479621,-0.009567998628253194
1.0,policy::keep3__topm__bonus3,rank_only,0.641912747677389,-0.008481068298826222
1.0,policy::keep3__topm__expected_mix0.25,rank_only,0.6532693963558713,0.002875580379656073
1.0,policy::keep3__topm__expected_mix0.5,rank_only,0.6492212237731436,-0.001172592203071643
1.0,policy::keep3__topm__expected_mix0.75,rank_only,0.6411884607938118,-0.009205355182403507
1.0,policy::keep3__topm__expected_rejection,rank_only,0.6249120111598588,-0.025481804816356424
1.0,policy::keep3__topm__h_tau0.8,rank_only,0.6096866416676592,-0.04070717430855608
1.0,policy::keep3__topm__h_tau0.9,rank_only,0.6257019774712754,-0.024691838504939834
1.0,policy::keep3__topm__h_tau1.1,rank_only,0.6343208992673004,-0.016072916708914864
1.0,policy::keep3__topm__h_tau1.25,rank_only,0.6170577412252481,-0.033336074750967115
1.0,policy::keep3__topm__original,rank_only,0.6348842987097675,-0.015509517266447781
1.0,policy::keep3__topm__power0.5,rank_only,0.6469239877471084,-0.0034698282291069082
1.0,policy::keep3__topm__power0.75,rank_only,0.6438847943076299,-0.0065090216685853575
1.0,policy::keep3__topm__power1.25,rank_only,0.623540075979077,-0.02685373999713825
1.0,policy::keep3__topm__power1.5,rank_only,0.6116271639299599,-0.0387666520462554
1.0,policy::keep3__topm__uniform0.02,rank_only,0.6412180778197714,-0.009175738156443902
1.0,policy::keep3__topm__uniform0.05,rank_only,0.6461412966185777,-0.004252519357637596
1.0,policy::keep3__topm__uniform0.1,rank_only,0.649768786650608,-0.0006250293256072625
1.0,policy::keep3__topm__uniform0.2,rank_only,0.6501576672953905,-0.00023614868082477702
1.0,policy::keep5__full__accept_clip0.02,rank_only,0.6547777440211142,0.004383928044898955
1.0,policy::keep5__full__accept_clip0.05,rank_only,0.6580124092248729,0.007618593248657657
1.0,policy::keep5__full__accept_clip0.1,rank_only,0.6575342825097726,0.007140466533557377
1.0,policy::keep5__full__bonus1.25,rank_only,0.6485658545105973,-0.0018279614656179222
1.0,policy::keep5__full__bonus1.5,rank_only,0.6493191391103107,-0.001074676865904567
1.0,policy::keep5__full__bonus2,rank_only,0.6507905076071241,0.00039669163090882975
1.0,policy::keep5__full__bonus3,rank_only,0.6521883423772239,0.0017945264010086337
1.0,policy::keep5__full__expected_mix0.25,rank_only,0.6615208322859687,0.011127016309753435
1.0,policy::keep5__full__expected_mix0.5,rank_only,0.6590615174691444,0.00866770149292917
1.0,policy::keep5__full__expected_mix0.75,rank_only,0.6511442619399451,0.0007504459637298622
1.0,policy::keep5__full__expected_rejection,rank_only,0.6384937973080446,-0.011900018668170698
1.0,policy::keep5__full__h_tau0.8,rank_only,0.6202411337649368,-0.030152682211278425
1.0,policy::keep5__full__h_tau0.9,rank_only,0.6371138093217457,-0.0132800066544696
1.0,policy::keep5__full__h_tau1.1,rank_only,0.6452326060154198,-0.005161209960795499
1.0,policy::keep5__full__h_tau1.25,rank_only,0.630323412356295,-0.020070403619920296
1.0,policy::keep5__full__original,rank_only,0.6470464746556387,-0.003347341320576569
1.0,policy::keep5__full__power0.5,rank_only,0.6578445547845116,0.007450738808296387
1.0,policy::keep5__full__power0.75,rank_only,0.6539932991226564,0.003599483146441096
1.0,policy::keep5__full__power1.25,rank_only,0.6355404433537994,-0.014853372622415817
1.0,policy::keep5__full__power1.5,rank_only,0.6238324817098884,-0.026561334266326897
1.0,policy::keep5__full__uniform0.02,rank_only,0.652448064477765,0.0020542485015497824
1.0,policy::keep5__full__uniform0.05,rank_only,0.6573280379144129,0.006934221938197593
1.0,policy::keep5__full__uniform0.1,rank_only,0.6605356546185741,0.010141838642358847
1.0,policy::keep5__full__uniform0.2,rank_only,0.6594038137180855,0.00900999774187028
1.0,policy::keep5__topm__accept_clip0.02,rank_only,0.6496346911423905,-0.0007591248338247869
1.0,policy::keep5__topm__accept_clip0.05,rank_only,0.6543415486385132,0.003947732662297976
1.0,policy::keep5__topm__accept_clip0.1,rank_only,0.6521811859999558,0.00178737002374052
1.0,policy::keep5__topm__bonus1.25,rank_only,0.6466633467852707,-0.003730469190944552
1.0,policy::keep5__topm__bonus1.5,rank_only,0.6475562655050676,-0.002837550471147643
1.0,policy::keep5__topm__bonus2,rank_only,0.6492717199445227,-0.0011220960316925543
1.0,policy::keep5__topm__bonus3,rank_only,0.6502331865086713,-0.00016062946754391572
1.0,policy::keep5__topm__expected_mix0.25,rank_only,0.660323966058242,0.00993015008202669
1.0,policy::keep5__topm__expected_mix0.5,rank_only,0.6562761676916604,0.0058823517154451554
1.0,policy::keep5__topm__expected_mix0.75,rank_only,0.6480209647904177,-0.002372851185797553
1.0,policy::keep5__topm__expected_rejection,rank_only,0.6316989862101986,-0.018694829766016663
1.0,policy::keep5__topm__h_tau0.8,rank_only,0.6182994155035485,-0.03209440047266676
1.0,policy::keep5__topm__h_tau0.9,rank_only,0.6345610205609091,-0.015832795415306133
1.0,policy::keep5__topm__h_tau1.1,rank_only,0.6426548642922651,-0.007738951683950113
1.0,policy::keep5__topm__h_tau1.25,rank_only,0.6257772088668878,-0.02461660710932745
1.0,policy::keep5__topm__original,rank_only,0.643693596267131,-0.0067002197090842985
1.0,policy::keep5__topm__power0.5,rank_only,0.6545782077251981,0.004184391748982885
1.0,policy::keep5__topm__power0.75,rank_only,0.6527233348056753,0.0023295188294600866
1.0,policy::keep5__topm__power1.25,rank_only,0.6329159304155474,-0.017477885560667872
1.0,policy::keep5__topm__power1.5,rank_only,0.6211215304050114,-0.02927228557120387
1.0,policy::keep5__topm__uniform0.02,rank_only,0.6495694398833239,-0.0008243760928913213
1.0,policy::keep5__topm__uniform0.05,rank_only,0.6545287620855609,0.004134946109345616
1.0,policy::keep5__topm__uniform0.1,rank_only,0.6576815999688458,0.0072877839926305255
1.0,policy::keep5__topm__uniform0.2,rank_only,0.6576614047114472,0.007267588735231922
1.0,policy::keep8__full__accept_clip0.02,rank_only,0.6583784260492831,0.007984610073067833
1.0,policy::keep8__full__accept_clip0.05,rank_only,0.6609329489860902,0.010539133009874968
1.0,policy::keep8__full__accept_clip0.1,rank_only,0.6604995097219443,0.010105693745729005
1.0,policy::keep8__full__bonus1.25,rank_only,0.6531063850515074,0.0027125690752921594
1.0,policy::keep8__full__bonus1.5,rank_only,0.6539895835696191,0.0035957675934038535
1.0,policy::keep8__full__bonus2,rank_only,0.6551226400427292,0.004728824066513981
1.0,policy::keep8__full__bonus3,rank_only,0.6560927637902217,0.005698947814006483
1.0,policy::keep8__full__expected_mix0.25,rank_only,0.6643305269252964,0.01393671094908111
1.0,policy::keep8__full__expected_mix0.5,rank_only,0.6615693718882878,0.011175555912072532
1.0,policy::keep8__full__expected_mix0.75,rank_only,0.6535461937367344,0.0031523777605191317
1.0,policy::keep8__full__expected_rejection,rank_only,0.639901699349939,-0.010492116626276249
1.0,policy::keep8__full__h_tau0.8,rank_only,0.6273184548544244,-0.02307536112179087
1.0,policy::keep8__full__h_tau0.9,rank_only,0.6440559601341439,-0.0063378558420713604
1.0,policy::keep8__full__h_tau1.1,rank_only,0.6504308272196883,3.7011243472995226e-05
1.0,policy::keep8__full__h_tau1.25,rank_only,0.6358598543201344,-0.014533961656080896
1.0,policy::keep8__full__original,rank_only,0.6515049211370783,0.0011111051608629907
1.0,policy::keep8__full__power0.5,rank_only,0.6611514960970537,0.010757680120838442
1.0,policy::keep8__full__power0.75,rank_only,0.657661461715693,0.0072676457394776905
1.0,policy::keep8__full__power1.25,rank_only,0.641579367529329,-0.00881444844688628
1.0,policy::keep8__full__power1.5,rank_only,0.6301514474761504,-0.02024236850006489
1.0,policy::keep8__full__uniform0.02,rank_only,0.6565542836244298,0.00616046764821454
1.0,policy::keep8__full__uniform0.05,rank_only,0.6606923033170837,0.010298487340868467
1.0,policy::keep8__full__uniform0.1,rank_only,0.6635682930796086,0.013174477103393367
1.0,policy::keep8__full__uniform0.2,rank_only,0.6615145298161248,0.011120713839909535
1.0,policy::keep8__topm__accept_clip0.02,rank_only,0.6527192788938818,0.0023254629176665542
1.0,policy::keep8__topm__accept_clip0.05,rank_only,0.6579438873528523,0.007550071376636991
1.0,policy::keep8__topm__accept_clip0.1,rank_only,0.6559629885098305,0.005569172533615219
1.0,policy::keep8__topm__bonus1.25,rank_only,0.6498799848536668,-0.000513831122548436
1.0,policy::keep8__topm__bonus1.5,rank_only,0.6508236392608397,0.0004298232846244865
1.0,policy::keep8__topm__bonus2,rank_only,0.6523464588222664,0.0019526428460511225
1.0,policy::keep8__topm__bonus3,rank_only,0.6530962745420773,0.0027024585658620426
1.0,policy::keep8__topm__expected_mix0.25,rank_only,0.6637847647009748,0.013390948724759544
1.0,policy::keep8__topm__expected_mix0.5,rank_only,0.6589277597792884,0.008533943803073152
1.0,policy::keep8__topm__expected_mix0.75,rank_only,0.6503491401646256,-4.467581158962286e-05
1.0,policy::keep8__topm__expected_rejection,rank_only,0.6336791243762239,-0.016714691599991394
1.0,policy::keep8__topm__h_tau0.8,rank_only,0.6242414827662599,-0.02615233320995536
1.0,policy::keep8__topm__h_tau0.9,rank_only,0.6388730565191034,-0.01152075945711184
1.0,policy::keep8__topm__h_tau1.1,rank_only,0.6474482051744324,-0.0029456108017829052
1.0,policy::keep8__topm__h_tau1.25,rank_only,0.6312143498872269,-0.01917946608898835
1.0,policy::keep8__topm__original,rank_only,0.6471359179404337,-0.003257898035781581
1.0,policy::keep8__topm__power0.5,rank_only,0.6562088301623037,0.00581501418608843
1.0,policy::keep8__topm__power0.75,rank_only,0.6551908305559399,0.00479701457972459
1.0,policy::keep8__topm__power1.25,rank_only,0.6390868815820235,-0.011306934394191726
1.0,policy::keep8__topm__power1.5,rank_only,0.6273309453632041,-0.023062870613011155
1.0,policy::keep8__topm__uniform0.02,rank_only,0.6527928806198248,0.0023990646436095053
1.0,policy::keep8__topm__uniform0.05,rank_only,0.6572534487579922,0.006859632781776925
1.0,policy::keep8__topm__uniform0.1,rank_only,0.660185809910965,0.009791993934749721
1.0,policy::keep8__topm__uniform0.2,rank_only,0.6593215266553204,0.008927710679105139
1.0,policy::lambda0.1__full__accept_clip0.02,bounded_subtraction,0.6586089168965733,0.008215100920358043
1.0,policy::lambda0.1__full__accept_clip0.05,bounded_subtraction,0.6595989709244345,0.009205154948219274
1.0,policy::lambda0.1__full__accept_clip0.1,bounded_subtraction,0.6569604640521334,0.006566648075918113
1.0,policy::lambda0.1__full__bonus1.25,bounded_subtraction,0.6524761968327512,0.0020823808565358926
1.0,policy::lambda0.1__full__bonus1.5,bounded_subtraction,0.6531920366754348,0.0027982206992195335
1.0,policy::lambda0.1__full__bonus2,bounded_subtraction,0.6552108172183589,0.004817001242143681
1.0,policy::lambda0.1__full__bonus3,bounded_subtraction,0.65541061902426,0.005016803048044749
1.0,policy::lambda0.1__full__expected_mix0.25,bounded_subtraction,0.6622774848506165,0.011883668874401287
1.0,policy::lambda0.1__full__expected_mix0.5,bounded_subtraction,0.6584427491770481,0.008048933200832886
1.0,policy::lambda0.1__full__expected_mix0.75,bounded_subtraction,0.6515413710652649,0.0011475550890496233
1.0,policy::lambda0.1__full__expected_rejection,bounded_subtraction,0.6376343136450863,-0.012759502331128991
1.0,policy::lambda0.1__full__h_tau0.8,bounded_subtraction,0.6276324465932097,-0.022761369383005547
1.0,policy::lambda0.1__full__h_tau0.9,bounded_subtraction,0.6431451406520873,-0.007248675324127984
1.0,policy::lambda0.1__full__h_tau1.1,bounded_subtraction,0.6483066458170934,-0.002087170159121854
1.0,policy::lambda0.1__full__h_tau1.25,bounded_subtraction,0.63394952851096,-0.01644428746525528
1.0,policy::lambda0.1__full__original,bounded_subtraction,0.6511260090769315,0.0007321931007162608
1.0,policy::lambda0.1__full__power0.5,bounded_subtraction,0.6585170647369508,0.008123248760735557
1.0,policy::lambda0.1__full__power0.75,bounded_subtraction,0.6564462881399689,0.006052472163753597
1.0,policy::lambda0.1__full__power1.25,bounded_subtraction,0.6417673320751315,-0.008626483901083781
1.0,policy::lambda0.1__full__power1.5,bounded_subtraction,0.6312335950791989,-0.01916022089701641
1.0,policy::lambda0.1__full__uniform0.02,bounded_subtraction,0.6562084681191891,0.005814652142973831
1.0,policy::lambda0.1__full__uniform0.05,bounded_subtraction,0.6597476602172863,0.009353844241070997
1.0,policy::lambda0.1__full__uniform0.1,bounded_subtraction,0.6630321866320082,0.012638370655792985
1.0,policy::lambda0.1__full__uniform0.2,bounded_subtraction,0.6594305180806539,0.009036702104438632
1.0,policy::lambda0.1__topm__accept_clip0.02,bounded_subtraction,0.6534275048756928,0.003033688899477527
1.0,policy::lambda0.1__topm__accept_clip0.05,bounded_subtraction,0.6564624213442243,0.006068605368009017
1.0,policy::lambda0.1__topm__accept_clip0.1,bounded_subtraction,0.6530345914624157,0.002640775486200453
1.0,policy::lambda0.1__topm__bonus1.25,bounded_subtraction,0.6500451664809284,-0.00034864949528690126
1.0,policy::lambda0.1__topm__bonus1.5,bounded_subtraction,0.6515636088096893,0.0011697928334740704
1.0,policy::lambda0.1__topm__bonus2,bounded_subtraction,0.6519064184827892,0.0015126025065739235
1.0,policy::lambda0.1__topm__bonus3,bounded_subtraction,0.6528963919484202,0.0025025759722049346
1.0,policy::lambda0.1__topm__expected_mix0.25,bounded_subtraction,0.6610251695118637,0.01063135353564848
1.0,policy::lambda0.1__topm__expected_mix0.5,bounded_subtraction,0.6560796489883014,0.005685833012086139
1.0,policy::lambda0.1__topm__expected_mix0.75,bounded_subtraction,0.6478459317356952,-0.002547884240520104
1.0,policy::lambda0.1__topm__expected_rejection,bounded_subtraction,0.6316851189275449,-0.018708697048670397
1.0,policy::lambda0.1__topm__h_tau0.8,bounded_subtraction,0.6257421276810683,-0.024651688295146967
1.0,policy::lambda0.1__topm__h_tau0.9,bounded_subtraction,0.6389218767808343,-0.01147193919538092
1.0,policy::lambda0.1__topm__h_tau1.1,bounded_subtraction,0.6457841875134919,-0.004609628462723392
1.0,policy::lambda0.1__topm__h_tau1.25,bounded_subtraction,0.6305043013526135,-0.01988951462360178
1.0,policy::lambda0.1__topm__original,bounded_subtraction,0.6480583079649488,-0.002335508011266474
1.0,policy::lambda0.1__topm__power0.5,bounded_subtraction,0.6558597560921815,0.005465940115966239
1.0,policy::lambda0.1__topm__power0.75,bounded_subtraction,0.654149624752648,0.0037558087764327786
1.0,policy::lambda0.1__topm__power1.25,bounded_subtraction,0.6392160655934078,-0.011177750382807439
1.0,policy::lambda0.1__topm__power1.5,bounded_subtraction,0.6274084714561963,-0.02298534452001899
1.0,policy::lambda0.1__topm__uniform0.02,bounded_subtraction,0.6540022061716709,0.0036083901954556685
1.0,policy::lambda0.1__topm__uniform0.05,bounded_subtraction,0.6568696256441129,0.006475809667897625
1.0,policy::lambda0.1__topm__uniform0.1,bounded_subtraction,0.6591712130646614,0.00877739708844616
1.0,policy::lambda0.1__topm__uniform0.2,bounded_subtraction,0.6576083664290348,0.00721455045281949
1.0,policy::lambda0.25__full__accept_clip0.02,bounded_subtraction,0.6580368762965346,0.0076430603203193614
1.0,policy::lambda0.25__full__accept_clip0.05,bounded_subtraction,0.6595053565488731,0.009111540572657839
1.0,policy::lambda0.25__full__accept_clip0.1,bounded_subtraction,0.6567521364515703,0.006358320475355006
1.0,policy::lambda0.25__full__bonus1.25,bounded_subtraction,0.6516479759881812,0.001254160011965988
1.0,policy::lambda0.25__full__bonus1.5,bounded_subtraction,0.6523449240559905,0.0019511080797752767
1.0,policy::lambda0.25__full__bonus2,bounded_subtraction,0.6542741724423334,0.0038803564661181733
1.0,policy::lambda0.25__full__bonus3,bounded_subtraction,0.6538161981519885,0.0034223821757732864
1.0,policy::lambda0.25__full__expected_mix0.25,bounded_subtraction,0.6624205349043496,0.012026718928134339
1.0,policy::lambda0.25__full__expected_mix0.5,bounded_subtraction,0.6575669891738408,0.00717317319762556
1.0,policy::lambda0.25__full__expected_mix0.75,bounded_subtraction,0.6489970384901936,-0.0013967774860216275
1.0,policy::lambda0.25__full__expected_rejection,bounded_subtraction,0.6356889782689255,-0.014704837707289808
1.0,policy::lambda0.25__full__h_tau0.8,bounded_subtraction,0.6279275564281572,-0.022466259548058032
1.0,policy::lambda0.25__full__h_tau0.9,bounded_subtraction,0.6409208189346882,-0.009472997041527043
1.0,policy::lambda0.25__full__h_tau1.1,bounded_subtraction,0.6491560914445145,-0.0012377245317007901
1.0,policy::lambda0.25__full__h_tau1.25,bounded_subtraction,0.6326392750259835,-0.017754540950231767
1.0,policy::lambda0.25__full__original,bounded_subtraction,0.6506559389918798,0.0002621230156645282
1.0,policy::lambda0.25__full__power0.5,bounded_subtraction,0.6572715529878448,0.0068777370116295256
1.0,policy::lambda0.25__full__power0.75,bounded_subtraction,0.655985644110532,0.00559182813431669
1.0,policy::lambda0.25__full__power1.25,bounded_subtraction,0.640581200542935,-0.00981261543328027
1.0,policy::lambda0.25__full__power1.5,bounded_subtraction,0.630892306586183,-0.019501509390032257
1.0,policy::lambda0.25__full__uniform0.02,bounded_subtraction,0.654674053429532,0.0042802374533167376
1.0,policy::lambda0.25__full__uniform0.05,bounded_subtraction,0.6582201587264583,0.007826342750243076
1.0,policy::lambda0.25__full__uniform0.1,bounded_subtraction,0.6609051643408067,0.010511348364591444
1.0,policy::lambda0.25__full__uniform0.2,bounded_subtraction,0.659814439437358,0.009420623461142696
1.0,policy::lambda0.25__topm__accept_clip0.02,bounded_subtraction,0.6518402349833861,0.001446419007170796
1.0,policy::lambda0.25__topm__accept_clip0.05,bounded_subtraction,0.6549614218646258,0.004567605888410542
1.0,policy::lambda0.25__topm__accept_clip0.1,bounded_subtraction,0.6521486516634976,0.0017548356872822968
1.0,policy::lambda0.25__topm__bonus1.25,bounded_subtraction,0.6501882260954693,-0.00020558988074592666
1.0,policy::lambda0.25__topm__bonus1.5,bounded_subtraction,0.650130928756271,-0.00026288721994427444
1.0,policy::lambda0.25__topm__bonus2,bounded_subtraction,0.6512297279221057,0.0008359119458903885
1.0,policy::lambda0.25__topm__bonus3,bounded_subtraction,0.6514684589374701,0.0010746429612548125
1.0,policy::lambda0.25__topm__expected_mix0.25,bounded_subtraction,0.6604100288182154,0.01001621284200016
1.0,policy::lambda0.25__topm__expected_mix0.5,bounded_subtraction,0.6547416848654091,0.004347868889193807
1.0,policy::lambda0.25__topm__expected_mix0.75,bounded_subtraction,0.6439179935909237,-0.006475822385291541
1.0,policy::lambda0.25__topm__expected_rejection,bounded_subtraction,0.6309474673739274,-0.01944634860228789
1.0,policy::lambda0.25__topm__h_tau0.8,bounded_subtraction,0.6264624502507506,-0.023931365725464615
1.0,policy::lambda0.25__topm__h_tau0.9,bounded_subtraction,0.6391751997179262,-0.011218616258289016
1.0,policy::lambda0.25__topm__h_tau1.1,bounded_subtraction,0.6457757907516739,-0.0046180252245413556
1.0,policy::lambda0.25__topm__h_tau1.25,bounded_subtraction,0.6289345561888509,-0.021459259787364404
1.0,policy::lambda0.25__topm__original,bounded_subtraction,0.6467061432039993,-0.003687672772215933
1.0,policy::lambda0.25__topm__power0.5,bounded_subtraction,0.6538004654575804,0.0034066494813651538
1.0,policy::lambda0.25__topm__power0.75,bounded_subtraction,0.653334262634763,0.0029404466585477573
1.0,policy::lambda0.25__topm__power1.25,bounded_subtraction,0.6375017929143771,-0.01289202306183812
1.0,policy::lambda0.25__topm__power1.5,bounded_subtraction,0.6268704643150231,-0.023523351661192127
1.0,policy::lambda0.25__topm__uniform0.02,bounded_subtraction,0.6521736675185709,0.0017798515423556038
1.0,policy::lambda0.25__topm__uniform0.05,bounded_subtraction,0.654682418200263,0.0042886022240476995
1.0,policy::lambda0.25__topm__uniform0.1,bounded_subtraction,0.6567743715375501,0.0063805555613348774
1.0,policy::lambda0.25__topm__uniform0.2,bounded_subtraction,0.6574508554729563,0.00705703949674108
1.0,policy::lambda0.5__full__accept_clip0.02,bounded_subtraction,0.6523006802808625,0.00190686430464726
1.0,policy::lambda0.5__full__accept_clip0.05,bounded_subtraction,0.6518235987728097,0.0014297827965944476
1.0,policy::lambda0.5__full__accept_clip0.1,bounded_subtraction,0.6486417187007444,-0.0017520972754708763
1.0,policy::lambda0.5__full__bonus1.25,bounded_subtraction,0.6463961261611804,-0.003997689815034899
1.0,policy::lambda0.5__full__bonus1.5,bounded_subtraction,0.6469256049741754,-0.003468211002039867
1.0,policy::lambda0.5__full__bonus2,bounded_subtraction,0.6487849277242993,-0.001608888251915963
1.0,policy::lambda0.5__full__bonus3,bounded_subtraction,0.6492885672330848,-0.0011052487431304492
1.0,policy::lambda0.5__full__expected_mix0.25,bounded_subtraction,0.654681828281103,0.004288012304887734
1.0,policy::lambda0.5__full__expected_mix0.5,bounded_subtraction,0.6504427761714116,4.896019519629036e-05
1.0,policy::lambda0.5__full__expected_mix0.75,bounded_subtraction,0.6436565128716212,-0.0067373031045940834
1.0,policy::lambda0.5__full__expected_rejection,bounded_subtraction,0.632394620207283,-0.017999195768932275
1.0,policy::lambda0.5__full__h_tau0.8,bounded_subtraction,0.6217921076065909,-0.02860170836962439
1.0,policy::lambda0.5__full__h_tau0.9,bounded_subtraction,0.635252846050171,-0.015140969926044301
1.0,policy::lambda0.5__full__h_tau1.1,bounded_subtraction,0.6422917997696443,-0.008102016206570917
1.0,policy::lambda0.5__full__h_tau1.25,bounded_subtraction,0.6270721324494998,-0.023321683526715487
1.0,policy::lambda0.5__full__original,bounded_subtraction,0.6454566543354675,-0.004937161640747756
1.0,policy::lambda0.5__full__power0.5,bounded_subtraction,0.6490004678314077,-0.0013933481448075158
1.0,policy::lambda0.5__full__power0.75,bounded_subtraction,0.6505851819259096,0.0001913659496943776
1.0,policy::lambda0.5__full__power1.25,bounded_subtraction,0.634003753463611,-0.01639006251260422
1.0,policy::lambda0.5__full__power1.5,bounded_subtraction,0.6260291342036497,-0.024364681772565566
1.0,policy::lambda0.5__full__uniform0.02,bounded_subtraction,0.6496574881555942,-0.0007363278206210522
1.0,policy::lambda0.5__full__uniform0.05,bounded_subtraction,0.6517941610633096,0.0014003450870943013
1.0,policy::lambda0.5__full__uniform0.1,bounded_subtraction,0.6543136618177318,0.0039198458415165005
1.0,policy::lambda0.5__full__uniform0.2,bounded_subtraction,0.6520814880590556,0.0016876720828403746
1.0,policy::lambda0.5__topm__accept_clip0.02,bounded_subtraction,0.6473299653350817,-0.0030638506411335698
1.0,policy::lambda0.5__topm__accept_clip0.05,bounded_subtraction,0.6492603487978116,-0.0011334671784036798
1.0,policy::lambda0.5__topm__accept_clip0.1,bounded_subtraction,0.6465583689581306,-0.0038354470180846922
1.0,policy::lambda0.5__topm__bonus1.25,bounded_subtraction,0.6449946788724333,-0.005399137103781926
1.0,policy::lambda0.5__topm__bonus1.5,bounded_subtraction,0.6455968605553852,-0.004796955420830029
1.0,policy::lambda0.5__topm__bonus2,bounded_subtraction,0.6462495860214739,-0.004144229954741396
1.0,policy::lambda0.5__topm__bonus3,bounded_subtraction,0.647151522736232,-0.0032422932399832627
1.0,policy::lambda0.5__topm__expected_mix0.25,bounded_subtraction,0.6522132060442027,0.0018193900679874808
1.0,policy::lambda0.5__topm__expected_mix0.5,bounded_subtraction,0.6467497665798512,-0.0036440493963640908
1.0,policy::lambda0.5__topm__expected_mix0.75,bounded_subtraction,0.6397417088332467,-0.010652107142968603
1.0,policy::lambda0.5__topm__expected_rejection,bounded_subtraction,0.6256992490438724,-0.024694566932342843
1.0,policy::lambda0.5__topm__h_tau0.8,bounded_subtraction,0.6192805147949435,-0.031113301181271757
1.0,policy::lambda0.5__topm__h_tau0.9,bounded_subtraction,0.6341814657576172,-0.016212350218598015
1.0,policy::lambda0.5__topm__h_tau1.1,bounded_subtraction,0.6393028609209267,-0.011090955055288565
1.0,policy::lambda0.5__topm__h_tau1.25,bounded_subtraction,0.6222091305245016,-0.02818468545171371
1.0,policy::lambda0.5__topm__original,bounded_subtraction,0.6436480084257749,-0.006745807550440408
1.0,policy::lambda0.5__topm__power0.5,bounded_subtraction,0.6462258816768836,-0.00416793429933171
1.0,policy::lambda0.5__topm__power0.75,bounded_subtraction,0.6478285617853097,-0.002565254190905586
1.0,policy::lambda0.5__topm__power1.25,bounded_subtraction,0.6317684221133842,-0.01862539386283102
1.0,policy::lambda0.5__topm__power1.5,bounded_subtraction,0.6223090569104904,-0.02808475906572483
1.0,policy::lambda0.5__topm__uniform0.02,bounded_subtraction,0.6477928957981343,-0.002600920178081001
1.0,policy::lambda0.5__topm__uniform0.05,bounded_subtraction,0.6491900417900104,-0.0012037741862048756
1.0,policy::lambda0.5__topm__uniform0.1,bounded_subtraction,0.6502266448286295,-0.00016717114758579843
1.0,policy::lambda0.5__topm__uniform0.2,bounded_subtraction,0.6504099852017086,1.616922549330102e-05
1.0,policy::lambda0.75__full__accept_clip0.02,bounded_subtraction,0.6409676063868467,-0.009426209589368573
1.0,policy::lambda0.75__full__accept_clip0.05,bounded_subtraction,0.6391188749229246,-0.011274941053290632
1.0,policy::lambda0.75__full__accept_clip0.1,bounded_subtraction,0.6370023835213037,-0.01339143245491159
1.0,policy::lambda0.75__full__bonus1.25,bounded_subtraction,0.6345415040325432,-0.015852311943672093
1.0,policy::lambda0.75__full__bonus1.5,bounded_subtraction,0.6356719164551493,-0.014721899521065951
1.0,policy::lambda0.75__full__bonus2,bounded_subtraction,0.6369601204971211,-0.013433695479094121
1.0,policy::lambda0.75__full__bonus3,bounded_subtraction,0.6370881329865812,-0.013305682989634082
1.0,policy::lambda0.75__full__expected_mix0.25,bounded_subtraction,0.6432901293877005,-0.00710368658851479
1.0,policy::lambda0.75__full__expected_mix0.5,bounded_subtraction,0.639729627425795,-0.010664188550420284
1.0,policy::lambda0.75__full__expected_mix0.75,bounded_subtraction,0.6319893507797651,-0.018404465196450115
1.0,policy::lambda0.75__full__expected_rejection,bounded_subtraction,0.6189416597683133,-0.03145215620790198
1.0,policy::lambda0.75__full__h_tau0.8,bounded_subtraction,0.6103343888895691,-0.040059427086646116
1.0,policy::lambda0.75__full__h_tau0.9,bounded_subtraction,0.6262967916954791,-0.024097024280736123
1.0,policy::lambda0.75__full__h_tau1.1,bounded_subtraction,0.6314453949322651,-0.018948421043950114
1.0,policy::lambda0.75__full__h_tau1.25,bounded_subtraction,0.6146339260768942,-0.03575988989932111
1.0,policy::lambda0.75__full__original,bounded_subtraction,0.6337409779968879,-0.016652837979327373
1.0,policy::lambda0.75__full__power0.5,bounded_subtraction,0.6387178538413245,-0.01167596213489075
1.0,policy::lambda0.75__full__power0.75,bounded_subtraction,0.6381393799704785,-0.012254436005736724
1.0,policy::lambda0.75__full__power1.25,bounded_subtraction,0.6231491638184513,-0.02724465215776395
1.0,policy::lambda0.75__full__power1.5,bounded_subtraction,0.6130701578536943,-0.03732365812252092
1.0,policy::lambda0.75__full__uniform0.02,bounded_subtraction,0.6379718688173811,-0.012421947158834157
1.0,policy::lambda0.75__full__uniform0.05,bounded_subtraction,0.6407844949005254,-0.009609321075689903
1.0,policy::lambda0.75__full__uniform0.1,bounded_subtraction,0.6431740265490672,-0.007219789427148071
1.0,policy::lambda0.75__full__uniform0.2,bounded_subtraction,0.6397930776137303,-0.010600738362484985
1.0,policy::lambda0.75__topm__accept_clip0.02,bounded_subtraction,0.6354636409375649,-0.01493017503865035
1.0,policy::lambda0.75__topm__accept_clip0.05,bounded_subtraction,0.6360369088097927,-0.014356907166422572
1.0,policy::lambda0.75__topm__accept_clip0.1,bounded_subtraction,0.6337391506448011,-0.01665466533141413
1.0,policy::lambda0.75__topm__bonus1.25,bounded_subtraction,0.6332807292005429,-0.01711308677567236
1.0,policy::lambda0.75__topm__bonus1.5,bounded_subtraction,0.6331398412909407,-0.017253974685274565
1.0,policy::lambda0.75__topm__bonus2,bounded_subtraction,0.634209901153114,-0.01618391482310122
1.0,policy::lambda0.75__topm__bonus3,bounded_subtraction,0.6344433205176357,-0.015950495458579517
1.0,policy::lambda0.75__topm__expected_mix0.25,bounded_subtraction,0.6405734218840732,-0.009820394092142082
1.0,policy::lambda0.75__topm__expected_mix0.5,bounded_subtraction,0.6352580960518017,-0.015135719924413538
1.0,policy::lambda0.75__topm__expected_mix0.75,bounded_subtraction,0.628096830716219,-0.022296985259996238
1.0,policy::lambda0.75__topm__expected_rejection,bounded_subtraction,0.6145494250115496,-0.03584439096466563
1.0,policy::lambda0.75__topm__h_tau0.8,bounded_subtraction,0.607634395715993,-0.04275942026022228
1.0,policy::lambda0.75__topm__h_tau0.9,bounded_subtraction,0.6248093708560963,-0.025584445120118926
1.0,policy::lambda0.75__topm__h_tau1.1,bounded_subtraction,0.6276088145048012,-0.022785001471414046
1.0,policy::lambda0.75__topm__h_tau1.25,bounded_subtraction,0.6095177809654038,-0.040876035010811496
1.0,policy::lambda0.75__topm__original,bounded_subtraction,0.6319137204567138,-0.01848009551950147
1.0,policy::lambda0.75__topm__power0.5,bounded_subtraction,0.6365197351470996,-0.013874080829115676
1.0,policy::lambda0.75__topm__power0.75,bounded_subtraction,0.6358239970597047,-0.014569818916510546
1.0,policy::lambda0.75__topm__power1.25,bounded_subtraction,0.6213320039728352,-0.029061812003380094
1.0,policy::lambda0.75__topm__power1.5,bounded_subtraction,0.6098296143069397,-0.040564201669275546
1.0,policy::lambda0.75__topm__uniform0.02,bounded_subtraction,0.6358590544545504,-0.014534761521664885
1.0,policy::lambda0.75__topm__uniform0.05,bounded_subtraction,0.637695779247862,-0.012698036728353235
1.0,policy::lambda0.75__topm__uniform0.1,bounded_subtraction,0.6392542843273089,-0.011139531648906353
1.0,policy::lambda0.75__topm__uniform0.2,bounded_subtraction,0.6381457270260992,-0.012248088950116087
1.0,policy::proxy__full__accept_clip0.02,proxy_allocation,0.6612723212803692,0.010878505304153907
1.0,policy::proxy__full__accept_clip0.05,proxy_allocation,0.6634027365881232,0.013008920611907948
1.0,policy::proxy__full__accept_clip0.1,proxy_allocation,0.661695785902969,0.011301969926753697
1.0,policy::proxy__full__bonus1.25,proxy_allocation,0.6562006313713583,0.00580681539514305
1.0,policy::proxy__full__bonus1.5,proxy_allocation,0.6569431895298643,0.0065493735536490405
1.0,policy::proxy__full__bonus2,proxy_allocation,0.6579549211722993,0.007561105196083995
1.0,policy::proxy__full__bonus3,proxy_allocation,0.6590162335789022,0.008622417602686894
1.0,policy::proxy__full__expected_mix0.25,proxy_allocation,0.6668644881542436,0.016470672178028334
1.0,policy::proxy__full__expected_mix0.5,proxy_allocation,0.6633928171917154,0.012999001215500128
1.0,policy::proxy__full__expected_mix0.75,proxy_allocation,0.6559376277272688,0.005543811751053562
1.0,policy::proxy__full__expected_rejection,proxy_allocation,0.6430067063459992,-0.007387109630216049
1.0,policy::proxy__full__h_tau0.8,proxy_allocation,0.6314642903088838,-0.018929525667331415
1.0,policy::proxy__full__h_tau0.9,proxy_allocation,0.6470709892643557,-0.0033228267118595722
1.0,policy::proxy__full__h_tau1.1,proxy_allocation,0.6536068100070334,0.003212994030818095
1.0,policy::proxy__full__h_tau1.25,proxy_allocation,0.6388924886714993,-0.01150132730471598
1.0,policy::proxy__full__original,proxy_allocation,0.6545179585364338,0.0041241425602185355
1.0,policy::proxy__full__power0.5,proxy_allocation,0.6639751488031169,0.01358133282690166
1.0,policy::proxy__full__power0.75,proxy_allocation,0.6604271915112571,0.0100333755350418
1.0,policy::proxy__full__power1.25,proxy_allocation,0.6450056847460386,-0.005388131230176674
1.0,policy::proxy__full__power1.5,proxy_allocation,0.6348860155183171,-0.015507800457898124
1.0,policy::proxy__full__uniform0.02,proxy_allocation,0.6591756962489518,0.00878188027273652
1.0,policy::proxy__full__uniform0.05,proxy_allocation,0.6622964738923097,0.011902657916094461
1.0,policy::proxy__full__uniform0.1,proxy_allocation,0.6639687929349269,0.013574976958711682
1.0,policy::proxy__full__uniform0.2,proxy_allocation,0.6612722003997321,0.010878384423516851
1.0,policy::proxy__topm__accept_clip0.02,proxy_allocation,0.6558679402295704,0.005474124253355139
1.0,policy::proxy__topm__accept_clip0.05,proxy_allocation,0.6605355742500894,0.01014175827387409
1.0,policy::proxy__topm__accept_clip0.1,proxy_allocation,0.6574489610603501,0.007055145084134851
1.0,policy::proxy__topm__bonus1.25,proxy_allocation,0.6531544952610794,0.0027606792848641204
1.0,policy::proxy__topm__bonus1.5,proxy_allocation,0.6540978032786672,0.0037039873024519165
1.0,policy::proxy__topm__bonus2,proxy_allocation,0.6556194357032711,0.005225619727055819
1.0,policy::proxy__topm__bonus3,proxy_allocation,0.6562790328109347,0.005885216834719431
1.0,policy::proxy__topm__expected_mix0.25,proxy_allocation,0.6665101291539203,0.01611631317770501
1.0,policy::proxy__topm__expected_mix0.5,proxy_allocation,0.6607864135247713,0.010392597548556037
1.0,policy::proxy__topm__expected_mix0.75,proxy_allocation,0.6530843226997706,0.002690506723555308
1.0,policy::proxy__topm__expected_rejection,proxy_allocation,0.6367298667934281,-0.013663949182787127
1.0,policy::proxy__topm__h_tau0.8,proxy_allocation,0.6285068422255804,-0.021886973750634864
1.0,policy::proxy__topm__h_tau0.9,proxy_allocation,0.6422528462026136,-0.00814096977360168
1.0,policy::proxy__topm__h_tau1.1,proxy_allocation,0.6506655889229763,0.0002717729467610619
1.0,policy::proxy__topm__h_tau1.25,proxy_allocation,0.6339921476038896,-0.016401668372325706
1.0,policy::proxy__topm__original,proxy_allocation,0.6503938159762153,0.0
1.0,policy::proxy__topm__power0.5,proxy_allocation,0.6589422218736352,0.008548405897419897
1.0,policy::proxy__topm__power0.75,proxy_allocation,0.6582133969503738,0.00781958097415858
1.0,policy::proxy__topm__power1.25,proxy_allocation,0.6434180042174934,-0.0069758117587218615
1.0,policy::proxy__topm__power1.5,proxy_allocation,0.6318649618746072,-0.018528854101608094
1.0,policy::proxy__topm__uniform0.02,proxy_allocation,0.6558266291456512,0.0054328131694358905
1.0,policy::proxy__topm__uniform0.05,proxy_allocation,0.6593177657561128,0.008923949779897522
1.0,policy::proxy__topm__uniform0.1,proxy_allocation,0.660770104094057,0.010376288117841748
1.0,policy::proxy__topm__uniform0.2,proxy_allocation,0.6593229875199412,0.008929171543725967
1.0,policy::qpeak0.5__full__accept_clip0.02,local_gate,0.6480619871475857,-0.0023318288286295896
1.0,policy::qpeak0.5__full__accept_clip0.05,local_gate,0.6504221728580181,2.83568818028046e-05
1.0,policy::qpeak0.5__full__accept_clip0.1,local_gate,0.6461313563197282,-0.004262459656487083
1.0,policy::qpeak0.5__full__bonus1.25,local_gate,0.6442288967643398,-0.0061649192118754526
1.0,policy::qpeak0.5__full__bonus1.5,local_gate,0.6451574534805001,-0.00523636249571513
1.0,policy::qpeak0.5__full__bonus2,local_gate,0.645913403629228,-0.004480412346987261
1.0,policy::qpeak0.5__full__bonus3,local_gate,0.6471860346766515,-0.0032077812995637833
1.0,policy::qpeak0.5__full__expected_mix0.25,local_gate,0.6522554450149737,0.0018616290387584167
1.0,policy::qpeak0.5__full__expected_mix0.5,local_gate,0.6505201003491526,0.0001262843729373797
1.0,policy::qpeak0.5__full__expected_mix0.75,local_gate,0.6444658517107604,-0.005927964265454833
1.0,policy::qpeak0.5__full__expected_rejection,local_gate,0.6329449482977306,-0.017448867678484636
1.0,policy::qpeak0.5__full__h_tau0.8,local_gate,0.6181016441436216,-0.0322921718325937
1.0,policy::qpeak0.5__full__h_tau0.9,local_gate,0.6334768250756471,-0.016916990900568196
1.0,policy::qpeak0.5__full__h_tau1.1,local_gate,0.642840752110327,-0.0075530638658882765
1.0,policy::qpeak0.5__full__h_tau1.25,local_gate,0.6266240154174054,-0.02376980055880984
1.0,policy::qpeak0.5__full__original,local_gate,0.6424209147655914,-0.007972901210623884
1.0,policy::qpeak0.5__full__power0.5,local_gate,0.6507651734032017,0.0003713574269864628
1.0,policy::qpeak0.5__full__power0.75,local_gate,0.6485345981407388,-0.0018592178354764899
1.0,policy::qpeak0.5__full__power1.25,local_gate,0.6327516099597481,-0.017642206016467155
1.0,policy::qpeak0.5__full__power1.5,local_gate,0.6221719394767682,-0.028221876499447074
1.0,policy::qpeak0.5__full__uniform0.02,local_gate,0.646895709983835,-0.003498105992380207
1.0,policy::qpeak0.5__full__uniform0.05,local_gate,0.6500566284327863,-0.00033718754342892954
1.0,policy::qpeak0.5__full__uniform0.1,local_gate,0.651033483379556,0.0006396674033407601
1.0,policy::qpeak0.5__full__uniform0.2,local_gate,0.6483559102926425,-0.0020379056835727605
1.0,policy::qpeak0.5__topm__accept_clip0.02,local_gate,0.6427361362912996,-0.007657679684915708
1.0,policy::qpeak0.5__topm__accept_clip0.05,local_gate,0.6459370657735148,-0.004456750202700421
1.0,policy::qpeak0.5__topm__accept_clip0.1,local_gate,0.6444197396072573,-0.00597407636895797
1.0,policy::qpeak0.5__topm__bonus1.25,local_gate,0.6410899305395623,-0.009303885436652948
1.0,policy::qpeak0.5__topm__bonus1.5,local_gate,0.6422710546446624,-0.008122761331552875
1.0,policy::qpeak0.5__topm__bonus2,local_gate,0.6432792152285951,-0.007114600747620159
1.0,policy::qpeak0.5__topm__bonus3,local_gate,0.6446641607825098,-0.005729655193705496
1.0,policy::qpeak0.5__topm__expected_mix0.25,local_gate,0.6533693176869879,0.0029755017107726545
1.0,policy::qpeak0.5__topm__expected_mix0.5,local_gate,0.6490103863076067,-0.0013834296686086045
1.0,policy::qpeak0.5__topm__expected_mix0.75,local_gate,0.6406273729922282,-0.0097664429839871
1.0,policy::qpeak0.5__topm__expected_rejection,local_gate,0.6273384639987346,-0.023055351977480654
1.0,policy::qpeak0.5__topm__h_tau0.8,local_gate,0.614712017530025,-0.03568179844619024
1.0,policy::qpeak0.5__topm__h_tau0.9,local_gate,0.6305625263844193,-0.01983128959179592
1.0,policy::qpeak0.5__topm__h_tau1.1,local_gate,0.6402485640823236,-0.010145251893891705
1.0,policy::qpeak0.5__topm__h_tau1.25,local_gate,0.6226500390918118,-0.027743776884403437
1.0,policy::qpeak0.5__topm__original,local_gate,0.6384394540589796,-0.011954361917235645
1.0,policy::qpeak0.5__topm__power0.5,local_gate,0.6466800620121741,-0.0037137539640411665
1.0,policy::qpeak0.5__topm__power0.75,local_gate,0.6465504852178494,-0.0038433307583658483
1.0,policy::qpeak0.5__topm__power1.25,local_gate,0.6311253746273443,-0.019268441348870957
1.0,policy::qpeak0.5__topm__power1.5,local_gate,0.6183132692657852,-0.032080546710430036
1.0,policy::qpeak0.5__topm__uniform0.02,local_gate,0.643293539231214,-0.007100276745001244
1.0,policy::qpeak0.5__topm__uniform0.05,local_gate,0.6470880324385654,-0.0033057835376498756
1.0,policy::qpeak0.5__topm__uniform0.1,local_gate,0.6473090569470467,-0.0030847590291686044
1.0,policy::qpeak0.5__topm__uniform0.2,local_gate,0.6459433563902572,-0.004450459585958022
1.0,policy::qpeak0.7__full__accept_clip0.02,local_gate,0.6565692641778555,0.006175448201640288
1.0,policy::qpeak0.7__full__accept_clip0.05,local_gate,0.6589841020848423,0.008590286108626999
1.0,policy::qpeak0.7__full__accept_clip0.1,local_gate,0.6558602109050728,0.0054663949288575875
1.0,policy::qpeak0.7__full__bonus1.25,local_gate,0.6520771346012739,0.0016833186250586607
1.0,policy::qpeak0.7__full__bonus1.5,local_gate,0.6530269826334308,0.00263316665721558
1.0,policy::qpeak0.7__full__bonus2,local_gate,0.6537404456180205,0.00334662964180521
1.0,policy::qpeak0.7__full__bonus3,local_gate,0.6547567836076126,0.004362967631397319
1.0,policy::qpeak0.7__full__expected_mix0.25,local_gate,0.6614984366531088,0.01110462067689355
1.0,policy::qpeak0.7__full__expected_mix0.5,local_gate,0.6589950379667326,0.008601221990517383
1.0,policy::qpeak0.7__full__expected_mix0.75,local_gate,0.6519491666263995,0.0015553506501841952
1.0,policy::qpeak0.7__full__expected_rejection,local_gate,0.6405191525110034,-0.00987466346521182
1.0,policy::qpeak0.7__full__h_tau0.8,local_gate,0.6264374327639446,-0.02395638321227067
1.0,policy::qpeak0.7__full__h_tau0.9,local_gate,0.6418507616757346,-0.008543054300480635
1.0,policy::qpeak0.7__full__h_tau1.1,local_gate,0.6492427067378461,-0.0011511092383691413
1.0,policy::qpeak0.7__full__h_tau1.25,local_gate,0.632917895711571,-0.017475920264644285
1.0,policy::qpeak0.7__full__original,local_gate,0.6504221960462444,2.8380070029143667e-05
1.0,policy::qpeak0.7__full__power0.5,local_gate,0.6594809610338158,0.009087145057600554
1.0,policy::qpeak0.7__full__power0.75,local_gate,0.6563179493781955,0.0059241334019802805
1.0,policy::qpeak0.7__full__power1.25,local_gate,0.6409401679706626,-0.009453648005552706
1.0,policy::qpeak0.7__full__power1.5,local_gate,0.6306496370311556,-0.019744178945059643
1.0,policy::qpeak0.7__full__uniform0.02,local_gate,0.6551100372026826,0.00471622122646731
1.0,policy::qpeak0.7__full__uniform0.05,local_gate,0.6587806000270784,0.008386784050863128
1.0,policy::qpeak0.7__full__uniform0.1,local_gate,0.6594531829395249,0.009059366963309667
1.0,policy::qpeak0.7__full__uniform0.2,local_gate,0.6568007075255141,0.006406891549298854
1.0,policy::qpeak0.7__topm__accept_clip0.02,local_gate,0.65096948452956,0.0005756685533447881
1.0,policy::qpeak0.7__topm__accept_clip0.05,local_gate,0.654928002712633,0.0045341867364177
1.0,policy::qpeak0.7__topm__accept_clip0.1,local_gate,0.6526977078950225,0.0023038919188071993
1.0,policy::qpeak0.7__topm__bonus1.25,local_gate,0.6485844593411519,-0.0018093566350633195
1.0,policy::qpeak0.7__topm__bonus1.5,local_gate,0.6497409470014011,-0.0006528689748142025
1.0,policy::qpeak0.7__topm__bonus2,local_gate,0.6511505408534286,0.0007567248772133439
1.0,policy::qpeak0.7__topm__bonus3,local_gate,0.6520577361926293,0.0016639202164140388
1.0,policy::qpeak0.7__topm__expected_mix0.25,local_gate,0.6616829891059857,0.011289173129770402
1.0,policy::qpeak0.7__topm__expected_mix0.5,local_gate,0.6564934992535671,0.006099683277351886
1.0,policy::qpeak0.7__topm__expected_mix0.75,local_gate,0.6492132096776758,-0.0011806062985394439
1.0,policy::qpeak0.7__topm__expected_rejection,local_gate,0.6344075145179007,-0.01598630145831459
1.0,policy::qpeak0.7__topm__h_tau0.8,local_gate,0.6235693134192329,-0.02682450255698232
1.0,policy::qpeak0.7__topm__h_tau0.9,local_gate,0.6380214445280228,-0.012372371448192476
1.0,policy::qpeak0.7__topm__h_tau1.1,local_gate,0.6465764051214243,-0.003817410854790926
1.0,policy::qpeak0.7__topm__h_tau1.25,local_gate,0.6285560881223482,-0.02183772785386706
1.0,policy::qpeak0.7__topm__original,local_gate,0.6460945478924337,-0.00429926808378156
1.0,policy::qpeak0.7__topm__power0.5,local_gate,0.6544186317939772,0.004024815817761929
1.0,policy::qpeak0.7__topm__power0.75,local_gate,0.6539931189172384,0.0035993029410231747
1.0,policy::qpeak0.7__topm__power1.25,local_gate,0.639182366205619,-0.011211449770596293
1.0,policy::qpeak0.7__topm__power1.5,local_gate,0.6272801212936836,-0.02311369468253166
1.0,policy::qpeak0.7__topm__uniform0.02,local_gate,0.6511243959940334,0.0007305800178181165
1.0,policy::qpeak0.7__topm__uniform0.05,local_gate,0.6553021941070989,0.004908378130883628
1.0,policy::qpeak0.7__topm__uniform0.1,local_gate,0.655928106618514,0.0055342906422987115
1.0,policy::qpeak0.7__topm__uniform0.2,local_gate,0.6549506258721219,0.004556809895906677
1.0,policy::qpeak0.9__full__accept_clip0.02,local_gate,0.6609051461377492,0.010511330161533938
1.0,policy::qpeak0.9__full__accept_clip0.05,local_gate,0.6632760169336256,0.012882200957410328
1.0,policy::qpeak0.9__full__accept_clip0.1,local_gate,0.6600759535077609,0.009682137531545676
1.0,policy::qpeak0.9__full__bonus1.25,local_gate,0.6556207393289436,0.005226923352728341
1.0,policy::qpeak0.9__full__bonus1.5,local_gate,0.6566870723841763,0.006293256407961079
1.0,policy::qpeak0.9__full__bonus2,local_gate,0.6573346884658909,0.006940872489675676
1.0,policy::qpeak0.9__full__bonus3,local_gate,0.6583276662928935,0.00793385031667826
1.0,policy::qpeak0.9__full__expected_mix0.25,local_gate,0.6659631104195094,0.015569294443294135
1.0,policy::qpeak0.9__full__expected_mix0.5,local_gate,0.6628570584628461,0.012463242486630888
1.0,policy::qpeak0.9__full__expected_mix0.75,local_gate,0.6554701790704184,0.005076363094203118
1.0,policy::qpeak0.9__full__expected_rejection,local_gate,0.6429373357745382,-0.007456480201677107
1.0,policy::qpeak0.9__full__h_tau0.8,local_gate,0.6301959085723955,-0.02019790740381977
1.0,policy::qpeak0.9__full__h_tau0.9,local_gate,0.6458898851175949,-0.004503930858620331
1.0,policy::qpeak0.9__full__h_tau1.1,local_gate,0.6529159124379259,0.0025220964617106434
1.0,policy::qpeak0.9__full__h_tau1.25,local_gate,0.6372291497301795,-0.013164666246035739
1.0,policy::qpeak0.9__full__original,local_gate,0.6540059493952635,0.0036121334190482024
1.0,policy::qpeak0.9__full__power0.5,local_gate,0.6634862350134372,0.013092419037221914
1.0,policy::qpeak0.9__full__power0.75,local_gate,0.6599296330656964,0.009535817089481147
1.0,policy::qpeak0.9__full__power1.25,local_gate,0.6446388184062655,-0.0057549975699497935
1.0,policy::qpeak0.9__full__power1.5,local_gate,0.6344591278990672,-0.01593468807714804
1.0,policy::qpeak0.9__full__uniform0.02,local_gate,0.6587808419582306,0.00838702598201535
1.0,policy::qpeak0.9__full__uniform0.05,local_gate,0.6618521765673068,0.01145836059109151
1.0,policy::qpeak0.9__full__uniform0.1,local_gate,0.6633216680666426,0.01292785209042735
1.0,policy::qpeak0.9__full__uniform0.2,local_gate,0.6611421611015023,0.010748345125286995
1.0,policy::qpeak0.9__topm__accept_clip0.02,local_gate,0.6554757820200114,0.005081966043796182
1.0,policy::qpeak0.9__topm__accept_clip0.05,local_gate,0.6598301698866209,0.009436353910405648
1.0,policy::qpeak0.9__topm__accept_clip0.1,local_gate,0.6566102401850635,0.00621642420884827
1.0,policy::qpeak0.9__topm__bonus1.25,local_gate,0.6523449104121719,0.0019510944359566462
1.0,policy::qpeak0.9__topm__bonus1.5,local_gate,0.6535305805669214,0.0031367645907061092
1.0,policy::qpeak0.9__topm__bonus2,local_gate,0.6550314512690404,0.004637635292825126
1.0,policy::qpeak0.9__topm__bonus3,local_gate,0.6557704525131487,0.005376636536933432
1.0,policy::qpeak0.9__topm__expected_mix0.25,local_gate,0.6663022974268412,0.015908481450625955
1.0,policy::qpeak0.9__topm__expected_mix0.5,local_gate,0.6604352137176793,0.010041397741464064
1.0,policy::qpeak0.9__topm__expected_mix0.75,local_gate,0.6526626691794449,0.0022688532032296704
1.0,policy::qpeak0.9__topm__expected_rejection,local_gate,0.6362509308673615,-0.014142885108853753
1.0,policy::qpeak0.9__topm__h_tau0.8,local_gate,0.6273233987865371,-0.023070417189678172
1.0,policy::qpeak0.9__topm__h_tau0.9,local_gate,0.6418306489411642,-0.008563167035051111
1.0,policy::qpeak0.9__topm__h_tau1.1,local_gate,0.6501580617597915,-0.00023575421642374472
1.0,policy::qpeak0.9__topm__h_tau1.25,local_gate,0.632639501767028,-0.017754314209187272
1.0,policy::qpeak0.9__topm__original,local_gate,0.6499696180204056,-0.00042419795580961317
1.0,policy::qpeak0.9__topm__power0.5,local_gate,0.6581203439207755,0.007726527944560191
1.0,policy::qpeak0.9__topm__power0.75,local_gate,0.6577035373138075,0.007309721337592223
1.0,policy::qpeak0.9__topm__power1.25,local_gate,0.6430695202491636,-0.007324295727051622
1.0,policy::qpeak0.9__topm__power1.5,local_gate,0.6312522872223619,-0.019141528753853332
1.0,policy::qpeak0.9__topm__uniform0.02,local_gate,0.6551339727507353,0.004740156774519999
1.0,policy::qpeak0.9__topm__uniform0.05,local_gate,0.6589993740901111,0.00860555811389585
1.0,policy::qpeak0.9__topm__uniform0.1,local_gate,0.6599513517526145,0.009557535776399284
1.0,policy::qpeak0.9__topm__uniform0.2,local_gate,0.6592128182558353,0.00881900227962007
1.0,policy::residual__full__accept_clip0.02,residual_allocation,0.6251592296345776,-0.025234586341637666
1.0,policy::residual__full__accept_clip0.05,residual_allocation,0.6245304419881482,-0.02586337398806704
1.0,policy::residual__full__accept_clip0.1,residual_allocation,0.6226167660793532,-0.027777049896862027
1.0,policy::residual__full__bonus1.25,residual_allocation,0.6199348093715473,-0.030459006604667938
1.0,policy::residual__full__bonus1.5,residual_allocation,0.6210428734548945,-0.029350942521320755
1.0,policy::residual__full__bonus2,residual_allocation,0.6226953323466958,-0.027698483629519433
1.0,policy::residual__full__bonus3,residual_allocation,0.623623061484639,-0.026770754491576287
1.0,policy::residual__full__expected_mix0.25,residual_allocation,0.6286799850919719,-0.02171383088424339
1.0,policy::residual__full__expected_mix0.5,residual_allocation,0.6259818755515788,-0.024411940424636458
1.0,policy::residual__full__expected_mix0.75,residual_allocation,0.6195487142149312,-0.030845101761284077
1.0,policy::residual__full__expected_rejection,residual_allocation,0.6080495704334224,-0.04234424554279281
1.0,policy::residual__full__h_tau0.8,residual_allocation,0.5951772720847572,-0.055216543891458025
1.0,policy::residual__full__h_tau0.9,residual_allocation,0.6111377266726535,-0.039256089303561725
1.0,policy::residual__full__h_tau1.1,residual_allocation,0.6167276836326298,-0.03366613234358551
1.0,policy::residual__full__h_tau1.25,residual_allocation,0.6008906528450115,-0.04950316313120373
1.0,policy::residual__full__original,residual_allocation,0.6185595003765714,-0.03183431559964389
1.0,policy::residual__full__power0.5,residual_allocation,0.6247137396552291,-0.025680076320986123
1.0,policy::residual__full__power0.75,residual_allocation,0.6249767344125509,-0.0254170815636644
1.0,policy::residual__full__power1.25,residual_allocation,0.6087566423997193,-0.04163717357649599
1.0,policy::residual__full__power1.5,residual_allocation,0.5980220840232013,-0.05237173195301392
1.0,policy::residual__full__uniform0.02,residual_allocation,0.6230231381134504,-0.027370677862764814
1.0,policy::residual__full__uniform0.05,residual_allocation,0.6258546099859927,-0.024539205990222523
1.0,policy::residual__full__uniform0.1,residual_allocation,0.6281228431181571,-0.022270972858058125
1.0,policy::residual__full__uniform0.2,residual_allocation,0.625768169024066,-0.024625646952149305
1.0,policy::residual__topm__accept_clip0.02,residual_allocation,0.6207455444993056,-0.029648271476909627
1.0,policy::residual__topm__accept_clip0.05,residual_allocation,0.6216465327269427,-0.02874728324927256
1.0,policy::residual__topm__accept_clip0.1,residual_allocation,0.6192114280306369,-0.03118238794557837
1.0,policy::residual__topm__bonus1.25,residual_allocation,0.618719221865683,-0.031674594110532306
1.0,policy::residual__topm__bonus1.5,residual_allocation,0.6199423898493535,-0.030451426126861803
1.0,policy::residual__topm__bonus2,residual_allocation,0.6206046770868864,-0.02978913888932888
1.0,policy::residual__topm__bonus3,residual_allocation,0.6209061748680849,-0.029487641108130402
1.0,policy::residual__topm__expected_mix0.25,residual_allocation,0.6265527933579029,-0.023841022618312335
1.0,policy::residual__topm__expected_mix0.5,residual_allocation,0.6225705455014755,-0.02782327047473976
1.0,policy::residual__topm__expected_mix0.75,residual_allocation,0.6144862326919746,-0.03590758328424071
1.0,policy::residual__topm__expected_rejection,residual_allocation,0.6030851751697732,-0.04730864080644204
1.0,policy::residual__topm__h_tau0.8,residual_allocation,0.5923329162593403,-0.058060899716875
1.0,policy::residual__topm__h_tau0.9,residual_allocation,0.6094263691845639,-0.04096744679165132
1.0,policy::residual__topm__h_tau1.1,residual_allocation,0.6140087807625685,-0.03638503521364678
1.0,policy::residual__topm__h_tau1.25,residual_allocation,0.5973534722165315,-0.053040343759683806
1.0,policy::residual__topm__original,residual_allocation,0.617616916635068,-0.03277689934114725
1.0,policy::residual__topm__power0.5,residual_allocation,0.6228834829695096,-0.02751033300670569
1.0,policy::residual__topm__power0.75,residual_allocation,0.6218997454142328,-0.0284940705619825
1.0,policy::residual__topm__power1.25,residual_allocation,0.6065165747300482,-0.0438772412461671
1.0,policy::residual__topm__power1.5,residual_allocation,0.5960241693540956,-0.05436964662211963
1.0,policy::residual__topm__uniform0.02,residual_allocation,0.6209438875551083,-0.02944992842110694
1.0,policy::residual__topm__uniform0.05,residual_allocation,0.6229343178170524,-0.02745949815916282
1.0,policy::residual__topm__uniform0.1,residual_allocation,0.6241326813210133,-0.026261134655201968
1.0,policy::residual__topm__uniform0.2,residual_allocation,0.6238944787201388,-0.02649933725607645
1.0,policy::source_tau0.8__full__accept_clip0.02,source_temperature,0.6253024572188264,-0.025091358757388882
1.0,policy::source_tau0.8__full__accept_clip0.05,source_temperature,0.622303691130859,-0.028090124845356224
1.0,policy::source_tau0.8__full__accept_clip0.1,source_temperature,0.6192902798210262,-0.031103536155189015
1.0,policy::source_tau0.8__full__bonus1.25,source_temperature,0.6218637939965084,-0.028530021979706888
1.0,policy::source_tau0.8__full__bonus1.5,source_temperature,0.6220770910052388,-0.02831672497097648
1.0,policy::source_tau0.8__full__bonus2,source_temperature,0.6220195294884812,-0.0283742864877341
1.0,policy::source_tau0.8__full__bonus3,source_temperature,0.6229301761216456,-0.027463639854569677
1.0,policy::source_tau0.8__full__expected_mix0.25,source_temperature,0.6247178821910527,-0.02567593378516253
1.0,policy::source_tau0.8__full__expected_mix0.5,source_temperature,0.6179015195240808,-0.03249229645213447
1.0,policy::source_tau0.8__full__expected_mix0.75,source_temperature,0.6116590491011406,-0.03873476687507471
1.0,policy::source_tau0.8__full__expected_rejection,source_temperature,0.6027802939525357,-0.04761352202367952
1.0,policy::source_tau0.8__full__h_tau0.8,source_temperature,0.6096175013089232,-0.040776314667292035
1.0,policy::source_tau0.8__full__h_tau0.9,source_temperature,0.617196804525663,-0.033197011450552316
1.0,policy::source_tau0.8__full__h_tau1.1,source_temperature,0.6161253537096927,-0.03426846226652258
1.0,policy::source_tau0.8__full__h_tau1.25,source_temperature,0.6007931769031123,-0.04960063907310297
1.0,policy::source_tau0.8__full__original,source_temperature,0.6209576924348884,-0.029436123541326853
1.0,policy::source_tau0.8__full__power0.5,source_temperature,0.6193857526190989,-0.031008063357116367
1.0,policy::source_tau0.8__full__power0.75,source_temperature,0.6226791527126725,-0.02771466326354277
1.0,policy::source_tau0.8__full__power1.25,source_temperature,0.6162856518370539,-0.0341081641391614
1.0,policy::source_tau0.8__full__power1.5,source_temperature,0.6097816275395567,-0.04061218843665859
1.0,policy::source_tau0.8__full__uniform0.02,source_temperature,0.6237659116888533,-0.026627904287361948
1.0,policy::source_tau0.8__full__uniform0.05,source_temperature,0.6238344696260126,-0.02655934635020263
1.0,policy::source_tau0.8__full__uniform0.1,source_temperature,0.6227819882434642,-0.02761182773275106
1.0,policy::source_tau0.8__full__uniform0.2,source_temperature,0.6183897431149196,-0.032004072861295696
1.0,policy::source_tau0.8__topm__accept_clip0.02,source_temperature,0.6229704505890163,-0.027423365387198917
1.0,policy::source_tau0.8__topm__accept_clip0.05,source_temperature,0.6211980883175738,-0.029195727658641424
1.0,policy::source_tau0.8__topm__accept_clip0.1,source_temperature,0.617971120186853,-0.0324226957893623
1.0,policy::source_tau0.8__topm__bonus1.25,source_temperature,0.6208438265659723,-0.029549989410243005
1.0,policy::source_tau0.8__topm__bonus1.5,source_temperature,0.6210903950938936,-0.02930342088232163
1.0,policy::source_tau0.8__topm__bonus2,source_temperature,0.6205379708236639,-0.029855845152551352
1.0,policy::source_tau0.8__topm__bonus3,source_temperature,0.6204124474785078,-0.029981368497707495
1.0,policy::source_tau0.8__topm__expected_mix0.25,source_temperature,0.6236482132281695,-0.026745602748045716
1.0,policy::source_tau0.8__topm__expected_mix0.5,source_temperature,0.6164044231668857,-0.033989392809329555
1.0,policy::source_tau0.8__topm__expected_mix0.75,source_temperature,0.6102625934602115,-0.04013122251600376
1.0,policy::source_tau0.8__topm__expected_rejection,source_temperature,0.6009692127897283,-0.049424603186487004
1.0,policy::source_tau0.8__topm__h_tau0.8,source_temperature,0.6093413006946028,-0.04105251528161247
1.0,policy::source_tau0.8__topm__h_tau0.9,source_temperature,0.6179625838275704,-0.03243123214864485
1.0,policy::source_tau0.8__topm__h_tau1.1,source_temperature,0.6155508001750591,-0.03484301580115612
1.0,policy::source_tau0.8__topm__h_tau1.25,source_temperature,0.5988236816696355,-0.05157013430657975
1.0,policy::source_tau0.8__topm__original,source_temperature,0.6198407802240187,-0.03055303575219659
1.0,policy::source_tau0.8__topm__power0.5,source_temperature,0.6181385761260765,-0.032255239850138784
1.0,policy::source_tau0.8__topm__power0.75,source_temperature,0.6210127300112607,-0.02938108596495459
1.0,policy::source_tau0.8__topm__power1.25,source_temperature,0.6157019916013862,-0.034691824374829094
1.0,policy::source_tau0.8__topm__power1.5,source_temperature,0.6085916706155144,-0.041802145360700815
1.0,policy::source_tau0.8__topm__uniform0.02,source_temperature,0.6232952856362389,-0.027098530339976334
1.0,policy::source_tau0.8__topm__uniform0.05,source_temperature,0.6226143873523955,-0.02777942862381977
1.0,policy::source_tau0.8__topm__uniform0.1,source_temperature,0.6209985618950612,-0.029395254081154065
1.0,policy::source_tau0.8__topm__uniform0.2,source_temperature,0.6167976919798899,-0.03359612399632539
1.0,policy::source_tau0.9__full__accept_clip0.02,source_temperature,0.6277775524618512,-0.022616263514364077
1.0,policy::source_tau0.9__full__accept_clip0.05,source_temperature,0.6261364653590903,-0.024257350617124973
1.0,policy::source_tau0.9__full__accept_clip0.1,source_temperature,0.6245067098979569,-0.025887106078258393
1.0,policy::source_tau0.9__full__bonus1.25,source_temperature,0.6238580341610869,-0.02653578181512839
1.0,policy::source_tau0.9__full__bonus1.5,source_temperature,0.6243854077904948,-0.026008408185720477
1.0,policy::source_tau0.9__full__bonus2,source_temperature,0.624811528457492,-0.025582287518723268
1.0,policy::source_tau0.9__full__bonus3,source_temperature,0.6255460970418004,-0.024847718934414842
1.0,policy::source_tau0.9__full__expected_mix0.25,source_temperature,0.6306418111377784,-0.019752004838436865
1.0,policy::source_tau0.9__full__expected_mix0.5,source_temperature,0.6243890991152401,-0.026004716860975163
1.0,policy::source_tau0.9__full__expected_mix0.75,source_temperature,0.6177353068277328,-0.03265850914848245
1.0,policy::source_tau0.9__full__expected_rejection,source_temperature,0.608343691246609,-0.04205012472960623
1.0,policy::source_tau0.9__full__h_tau0.8,source_temperature,0.6052200802264465,-0.045173735749768795
1.0,policy::source_tau0.9__full__h_tau0.9,source_temperature,0.617938959266956,-0.032454856709259294
1.0,policy::source_tau0.9__full__h_tau1.1,source_temperature,0.6183736512857904,-0.0320201646904249
1.0,policy::source_tau0.9__full__h_tau1.25,source_temperature,0.6038646358070572,-0.04652918016915808
1.0,policy::source_tau0.9__full__original,source_temperature,0.623047659049886,-0.027346156926329246
1.0,policy::source_tau0.9__full__power0.5,source_temperature,0.6242478548059858,-0.026145961170229493
1.0,policy::source_tau0.9__full__power0.75,source_temperature,0.6263656217470221,-0.02402819422919311
1.0,policy::source_tau0.9__full__power1.25,source_temperature,0.6156884735172851,-0.0347053424589302
1.0,policy::source_tau0.9__full__power1.5,source_temperature,0.607568986637036,-0.042824829339179304
1.0,policy::source_tau0.9__full__uniform0.02,source_temperature,0.6267431933231352,-0.023650622653080045
1.0,policy::source_tau0.9__full__uniform0.05,source_temperature,0.6285417097474127,-0.021852106228802515
1.0,policy::source_tau0.9__full__uniform0.1,source_temperature,0.6293994179032361,-0.020994398072979203
1.0,policy::source_tau0.9__full__uniform0.2,source_temperature,0.6250292047619262,-0.025364611214289012
1.0,policy::source_tau0.9__topm__accept_clip0.02,source_temperature,0.624959192141796,-0.0254346238344193
1.0,policy::source_tau0.9__topm__accept_clip0.05,source_temperature,0.6250560491058055,-0.025337766870409784
1.0,policy::source_tau0.9__topm__accept_clip0.1,source_temperature,0.6225984178783808,-0.02779539809783449
1.0,policy::source_tau0.9__topm__bonus1.25,source_temperature,0.6229295061866905,-0.027464309789524743
1.0,policy::source_tau0.9__topm__bonus1.5,source_temperature,0.6232716307801859,-0.02712218519602938
1.0,policy::source_tau0.9__topm__bonus2,source_temperature,0.6244279546876075,-0.025965861288607783
1.0,policy::source_tau0.9__topm__bonus3,source_temperature,0.6237408968934265,-0.026652919082788773
1.0,policy::source_tau0.9__topm__expected_mix0.25,source_temperature,0.6287585959655987,-0.021635220010616574
1.0,policy::source_tau0.9__topm__expected_mix0.5,source_temperature,0.6233357790681101,-0.027058036908105154
1.0,policy::source_tau0.9__topm__expected_mix0.75,source_temperature,0.6148535402889943,-0.03554027568722096
1.0,policy::source_tau0.9__topm__expected_rejection,source_temperature,0.6040614544973355,-0.04633236147887976
1.0,policy::source_tau0.9__topm__h_tau0.8,source_temperature,0.6040126339906319,-0.046381181985583386
1.0,policy::source_tau0.9__topm__h_tau0.9,source_temperature,0.6167918487108941,-0.033601967265321164
1.0,policy::source_tau0.9__topm__h_tau1.1,source_temperature,0.6171268820582673,-0.033266933917947994
1.0,policy::source_tau0.9__topm__h_tau1.25,source_temperature,0.6012138973783148,-0.049179918597900496
1.0,policy::source_tau0.9__topm__original,source_temperature,0.6223230745314381,-0.02807074144477717
1.0,policy::source_tau0.9__topm__power0.5,source_temperature,0.623308663609966,-0.02708515236624931
1.0,policy::source_tau0.9__topm__power0.75,source_temperature,0.6241783103260654,-0.02621550565014985
1.0,policy::source_tau0.9__topm__power1.25,source_temperature,0.6145590776863293,-0.035834738289885926
1.0,policy::source_tau0.9__topm__power1.5,source_temperature,0.6054838482260592,-0.0449099677501561
1.0,policy::source_tau0.9__topm__uniform0.02,source_temperature,0.6255428376593425,-0.024850978316872774
1.0,policy::source_tau0.9__topm__uniform0.05,source_temperature,0.6278075985034106,-0.02258621747280465
1.0,policy::source_tau0.9__topm__uniform0.1,source_temperature,0.6260280355671363,-0.024365780409078996
1.0,policy::source_tau0.9__topm__uniform0.2,source_temperature,0.6226860248639335,-0.02770779111228172
1.0,policy::source_tau1.1__full__accept_clip0.02,source_temperature,0.6140598572336687,-0.036333958742546524
1.0,policy::source_tau1.1__full__accept_clip0.05,source_temperature,0.6151613813040078,-0.03523243467220749
1.0,policy::source_tau1.1__full__accept_clip0.1,source_temperature,0.6151653635883728,-0.035228452387842446
1.0,policy::source_tau1.1__full__bonus1.25,source_temperature,0.608443068899284,-0.04195074707693125
1.0,policy::source_tau1.1__full__bonus1.5,source_temperature,0.6093299424367007,-0.04106387353951457
1.0,policy::source_tau1.1__full__bonus2,source_temperature,0.6110826827582576,-0.03931113321795765
1.0,policy::source_tau1.1__full__bonus3,source_temperature,0.6126419254575997,-0.037751890518615605
1.0,policy::source_tau1.1__full__expected_mix0.25,source_temperature,0.6207833481755454,-0.029610467800669893
1.0,policy::source_tau1.1__full__expected_mix0.5,source_temperature,0.6195979608788491,-0.030795855097366154
1.0,policy::source_tau1.1__full__expected_mix0.75,source_temperature,0.6138056629846692,-0.03658815299154605
1.0,policy::source_tau1.1__full__expected_rejection,source_temperature,0.6026071122344671,-0.047786703741748204
1.0,policy::source_tau1.1__full__h_tau0.8,source_temperature,0.5814393964830288,-0.06895441949318648
1.0,policy::source_tau1.1__full__h_tau0.9,source_temperature,0.598525678117094,-0.051868137859121255
1.0,policy::source_tau1.1__full__h_tau1.1,source_temperature,0.608809639446614,-0.041584176529601224
1.0,policy::source_tau1.1__full__h_tau1.25,source_temperature,0.5934067651040987,-0.05698705087211653
1.0,policy::source_tau1.1__full__original,source_temperature,0.6081652557653805,-0.042228560210834765
1.0,policy::source_tau1.1__full__power0.5,source_temperature,0.6191799859867526,-0.03121382998946265
1.0,policy::source_tau1.1__full__power0.75,source_temperature,0.6161438107702482,-0.034250005205967105
1.0,policy::source_tau1.1__full__power1.25,source_temperature,0.5960318913770043,-0.054361924599210965
1.0,policy::source_tau1.1__full__power1.5,source_temperature,0.5836388321064139,-0.06675498386980139
1.0,policy::source_tau1.1__full__uniform0.02,source_temperature,0.6126004487249299,-0.03779336725128535
1.0,policy::source_tau1.1__full__uniform0.05,source_temperature,0.6160116865323887,-0.03438212944382657
1.0,policy::source_tau1.1__full__uniform0.1,source_temperature,0.619237469461298,-0.031156346514917277
1.0,policy::source_tau1.1__full__uniform0.2,source_temperature,0.6189398195637027,-0.031453996412512564
1.0,policy::source_tau1.1__topm__accept_clip0.02,source_temperature,0.6085618166727308,-0.04183199930348447
1.0,policy::source_tau1.1__topm__accept_clip0.05,source_temperature,0.6106667673586397,-0.03972704861757559
1.0,policy::source_tau1.1__topm__accept_clip0.1,source_temperature,0.609755142044624,-0.04063867393159126
1.0,policy::source_tau1.1__topm__bonus1.25,source_temperature,0.6063978458000607,-0.04399597017615453
1.0,policy::source_tau1.1__topm__bonus1.5,source_temperature,0.6075873065044194,-0.04280650947179587
1.0,policy::source_tau1.1__topm__bonus2,source_temperature,0.6088597790546731,-0.04153403692154212
1.0,policy::source_tau1.1__topm__bonus3,source_temperature,0.6101771935708193,-0.04021662240539592
1.0,policy::source_tau1.1__topm__expected_mix0.25,source_temperature,0.6177561791422036,-0.03263763683401166
1.0,policy::source_tau1.1__topm__expected_mix0.5,source_temperature,0.6154878049668271,-0.03490601100938817
1.0,policy::source_tau1.1__topm__expected_mix0.75,source_temperature,0.6083760090772625,-0.042017806898952736
1.0,policy::source_tau1.1__topm__expected_rejection,source_temperature,0.5959430100107328,-0.05445080596548246
1.0,policy::source_tau1.1__topm__h_tau0.8,source_temperature,0.5752457515939671,-0.07514806438224819
1.0,policy::source_tau1.1__topm__h_tau0.9,source_temperature,0.5938025747932437,-0.05659124118297154
1.0,policy::source_tau1.1__topm__h_tau1.1,source_temperature,0.6046140516385938,-0.04577976433762143
1.0,policy::source_tau1.1__topm__h_tau1.25,source_temperature,0.587336399796947,-0.0630574161792683
1.0,policy::source_tau1.1__topm__original,source_temperature,0.6043799812779452,-0.04601383469827003
1.0,policy::source_tau1.1__topm__power0.5,source_temperature,0.6157342201980678,-0.03465959577814748
1.0,policy::source_tau1.1__topm__power0.75,source_temperature,0.6137494327082619,-0.036644383267953384
1.0,policy::source_tau1.1__topm__power1.25,source_temperature,0.5902916630937712,-0.06010215288244403
1.0,policy::source_tau1.1__topm__power1.5,source_temperature,0.5770687585146583,-0.07332505746155693
1.0,policy::source_tau1.1__topm__uniform0.02,source_temperature,0.6098879713614234,-0.0405058446147919
1.0,policy::source_tau1.1__topm__uniform0.05,source_temperature,0.612253614954711,-0.03814020102150428
1.0,policy::source_tau1.1__topm__uniform0.1,source_temperature,0.6155632509979807,-0.03483056497823456
1.0,policy::source_tau1.1__topm__uniform0.2,source_temperature,0.6170973428352051,-0.03329647314101014
1.0,policy::twosided0.1__full__accept_clip0.02,bounded_subtraction,0.6437965713255733,-0.006597244650641931
1.0,policy::twosided0.1__full__accept_clip0.05,bounded_subtraction,0.6439334563747179,-0.0064603596014973785
1.0,policy::twosided0.1__full__accept_clip0.1,bounded_subtraction,0.6420357922731381,-0.008358023703077144
1.0,policy::twosided0.1__full__bonus1.25,bounded_subtraction,0.6364793994475201,-0.013914416528695184
1.0,policy::twosided0.1__full__bonus1.5,bounded_subtraction,0.6376469187647418,-0.012746897211473485
1.0,policy::twosided0.1__full__bonus2,bounded_subtraction,0.6391128457050955,-0.011280970271119739
1.0,policy::twosided0.1__full__bonus3,bounded_subtraction,0.6401714040899138,-0.010222411886301463
1.0,policy::twosided0.1__full__expected_mix0.25,bounded_subtraction,0.6488594931596793,-0.0015343228165359823
1.0,policy::twosided0.1__full__expected_mix0.5,bounded_subtraction,0.6444410831328351,-0.00595273284338016
1.0,policy::twosided0.1__full__expected_mix0.75,bounded_subtraction,0.6362064900874488,-0.014187325888766478
1.0,policy::twosided0.1__full__expected_rejection,bounded_subtraction,0.6214579768048687,-0.028935839171346567
1.0,policy::twosided0.1__full__h_tau0.8,bounded_subtraction,0.6117364189399663,-0.03865739703624893
1.0,policy::twosided0.1__full__h_tau0.9,bounded_subtraction,0.6295878444339296,-0.020805971542285695
1.0,policy::twosided0.1__full__h_tau1.1,bounded_subtraction,0.6334774113967216,-0.016916404579493616
1.0,policy::twosided0.1__full__h_tau1.25,bounded_subtraction,0.6192599431298134,-0.0311338728464019
1.0,policy::twosided0.1__full__original,bounded_subtraction,0.6358977481290753,-0.01449606784713997
1.0,policy::twosided0.1__full__power0.5,bounded_subtraction,0.6410000256304581,-0.009393790345757158
1.0,policy::twosided0.1__full__power0.75,bounded_subtraction,0.6416979644629038,-0.008695851513311426
1.0,policy::twosided0.1__full__power1.25,bounded_subtraction,0.6260177344097493,-0.02437608156646598
1.0,policy::twosided0.1__full__power1.5,bounded_subtraction,0.6154911217358282,-0.034902694240387055
1.0,policy::twosided0.1__full__uniform0.02,bounded_subtraction,0.6406367648297515,-0.009757051146463747
1.0,policy::twosided0.1__full__uniform0.05,bounded_subtraction,0.6435086412642484,-0.006885174711966813
1.0,policy::twosided0.1__full__uniform0.1,bounded_subtraction,0.6463630178242089,-0.004030798152006354
1.0,policy::twosided0.1__full__uniform0.2,bounded_subtraction,0.6421210449986765,-0.008272770977538757
1.0,policy::twosided0.1__topm__accept_clip0.02,bounded_subtraction,0.6401001395048765,-0.01029367647133872
1.0,policy::twosided0.1__topm__accept_clip0.05,bounded_subtraction,0.6419802205844961,-0.008413595391719153
1.0,policy::twosided0.1__topm__accept_clip0.1,bounded_subtraction,0.6403165605528045,-0.010077255423410758
1.0,policy::twosided0.1__topm__bonus1.25,bounded_subtraction,0.6366707044683595,-0.013723111507855767
1.0,policy::twosided0.1__topm__bonus1.5,bounded_subtraction,0.6373287611771713,-0.013065054799043962
1.0,policy::twosided0.1__topm__bonus2,bounded_subtraction,0.6377339314745641,-0.01265988450165112
1.0,policy::twosided0.1__topm__bonus3,bounded_subtraction,0.6383259827279952,-0.012067833248220028
1.0,policy::twosided0.1__topm__expected_mix0.25,bounded_subtraction,0.6481836321086888,-0.0022101838675264718
1.0,policy::twosided0.1__topm__expected_mix0.5,bounded_subtraction,0.6412789446605766,-0.009114871315638706
1.0,policy::twosided0.1__topm__expected_mix0.75,bounded_subtraction,0.6304148239946361,-0.019978991981579153
1.0,policy::twosided0.1__topm__expected_rejection,bounded_subtraction,0.6164362619094972,-0.033957554066718076
1.0,policy::twosided0.1__topm__h_tau0.8,bounded_subtraction,0.6088116275196774,-0.04158218845653783
1.0,policy::twosided0.1__topm__h_tau0.9,bounded_subtraction,0.6280186279591787,-0.02237518801703653
1.0,policy::twosided0.1__topm__h_tau1.1,bounded_subtraction,0.6304144176512207,-0.019979398324994513
1.0,policy::twosided0.1__topm__h_tau1.25,bounded_subtraction,0.614844124417413,-0.03554969155880228
1.0,policy::twosided0.1__topm__original,bounded_subtraction,0.6353526485250582,-0.015041167451157023
1.0,policy::twosided0.1__topm__power0.5,bounded_subtraction,0.639169345909715,-0.011224470066500292
1.0,policy::twosided0.1__topm__power0.75,bounded_subtraction,0.6386497653548648,-0.011744050621350421
1.0,policy::twosided0.1__topm__power1.25,bounded_subtraction,0.6243943491869646,-0.02599946678925069
1.0,policy::twosided0.1__topm__power1.5,bounded_subtraction,0.6122348501249171,-0.03815896585129819
1.0,policy::twosided0.1__topm__uniform0.02,bounded_subtraction,0.6395242947945255,-0.010869521181689712
1.0,policy::twosided0.1__topm__uniform0.05,bounded_subtraction,0.6410859308700545,-0.009307885106160763
1.0,policy::twosided0.1__topm__uniform0.1,bounded_subtraction,0.6422080590065878,-0.008185756969627422
1.0,policy::twosided0.1__topm__uniform0.2,bounded_subtraction,0.6403573261595181,-0.010036489816697136
1.0,policy::twosided0.25__full__accept_clip0.02,bounded_subtraction,0.6408827802261096,-0.0095110357501057
1.0,policy::twosided0.25__full__accept_clip0.05,bounded_subtraction,0.646318277194726,-0.004075538781489252
1.0,policy::twosided0.25__full__accept_clip0.1,bounded_subtraction,0.6434542392705334,-0.006939576705681905
1.0,policy::twosided0.25__full__bonus1.25,bounded_subtraction,0.635175858275231,-0.01521795770098422
1.0,policy::twosided0.25__full__bonus1.5,bounded_subtraction,0.6362739658882989,-0.014119850087916386
1.0,policy::twosided0.25__full__bonus2,bounded_subtraction,0.6372005904049036,-0.01319322557131164
1.0,policy::twosided0.25__full__bonus3,bounded_subtraction,0.6378937920505652,-0.012500023925650083
1.0,policy::twosided0.25__full__expected_mix0.25,bounded_subtraction,0.6502838333358536,-0.00010998264036166105
1.0,policy::twosided0.25__full__expected_mix0.5,bounded_subtraction,0.6481369206187886,-0.0022568953574266803
1.0,policy::twosided0.25__full__expected_mix0.75,bounded_subtraction,0.6373703398464033,-0.013023476129811917
1.0,policy::twosided0.25__full__expected_rejection,bounded_subtraction,0.6215115667205416,-0.02888224925567362
1.0,policy::twosided0.25__full__h_tau0.8,bounded_subtraction,0.6073754817150174,-0.04301833426119783
1.0,policy::twosided0.25__full__h_tau0.9,bounded_subtraction,0.6249232953225764,-0.025470520653638862
1.0,policy::twosided0.25__full__h_tau1.1,bounded_subtraction,0.6329152234876421,-0.017478592488573197
1.0,policy::twosided0.25__full__h_tau1.25,bounded_subtraction,0.6200034826752632,-0.030390333300952088
1.0,policy::twosided0.25__full__original,bounded_subtraction,0.6334355775887938,-0.016958238387421498
1.0,policy::twosided0.25__full__power0.5,bounded_subtraction,0.64202079640778,-0.00837301956843528
1.0,policy::twosided0.25__full__power0.75,bounded_subtraction,0.6417329826610891,-0.008660833315126126
1.0,policy::twosided0.25__full__power1.25,bounded_subtraction,0.622099915916217,-0.02829390005999821
1.0,policy::twosided0.25__full__power1.5,bounded_subtraction,0.6104756518454372,-0.03991816413077809
1.0,policy::twosided0.25__full__uniform0.02,bounded_subtraction,0.638799231423782,-0.01159458455243323
1.0,policy::twosided0.25__full__uniform0.05,bounded_subtraction,0.6429357616395909,-0.007458054336624387
1.0,policy::twosided0.25__full__uniform0.1,bounded_subtraction,0.6450480793566546,-0.005345736619560615
1.0,policy::twosided0.25__full__uniform0.2,bounded_subtraction,0.6464377008271023,-0.003956115149112982
1.0,policy::twosided0.25__topm__accept_clip0.02,bounded_subtraction,0.6371160616962198,-0.013277754279995446
1.0,policy::twosided0.25__topm__accept_clip0.05,bounded_subtraction,0.6434605100643441,-0.006933305911871135
1.0,policy::twosided0.25__topm__accept_clip0.1,bounded_subtraction,0.6393613300659893,-0.011032485910225986
1.0,policy::twosided0.25__topm__bonus1.25,bounded_subtraction,0.6333546180931878,-0.017039197883027435
1.0,policy::twosided0.25__topm__bonus1.5,bounded_subtraction,0.6335247990416005,-0.016869016934614733
1.0,policy::twosided0.25__topm__bonus2,bounded_subtraction,0.6340578955709181,-0.01633592040529719
1.0,policy::twosided0.25__topm__bonus3,bounded_subtraction,0.6353381778001578,-0.015055638176057484
1.0,policy::twosided0.25__topm__expected_mix0.25,bounded_subtraction,0.6497409583078991,-0.0006528576683161313
1.0,policy::twosided0.25__topm__expected_mix0.5,bounded_subtraction,0.6440494532262362,-0.006344362749979071
1.0,policy::twosided0.25__topm__expected_mix0.75,bounded_subtraction,0.630811822433284,-0.01958199354293122
1.0,policy::twosided0.25__topm__expected_rejection,bounded_subtraction,0.6173420866323047,-0.03305172934391054
1.0,policy::twosided0.25__topm__h_tau0.8,bounded_subtraction,0.6026187220328737,-0.04777509394334156
1.0,policy::twosided0.25__topm__h_tau0.9,bounded_subtraction,0.6233258348273932,-0.02706798114882203
1.0,policy::twosided0.25__topm__h_tau1.1,bounded_subtraction,0.6286053892099573,-0.021788426766257918
1.0,policy::twosided0.25__topm__h_tau1.25,bounded_subtraction,0.6156282021076835,-0.03476561386853172
1.0,policy::twosided0.25__topm__original,bounded_subtraction,0.6313304039048337,-0.019063412071381514
1.0,policy::twosided0.25__topm__power0.5,bounded_subtraction,0.641141084160338,-0.009252731815877269
1.0,policy::twosided0.25__topm__power0.75,bounded_subtraction,0.6390137758752837,-0.011380040100931521
1.0,policy::twosided0.25__topm__power1.25,bounded_subtraction,0.6186307958806486,-0.03176302009556664
1.0,policy::twosided0.25__topm__power1.5,bounded_subtraction,0.6084443711859021,-0.04194944479031315
1.0,policy::twosided0.25__topm__uniform0.02,bounded_subtraction,0.6370494166344566,-0.013344399341758684
1.0,policy::twosided0.25__topm__uniform0.05,bounded_subtraction,0.6392253928129532,-0.011168423163262053
1.0,policy::twosided0.25__topm__uniform0.1,bounded_subtraction,0.6430880876524179,-0.007305728323797389
1.0,policy::twosided0.25__topm__uniform0.2,bounded_subtraction,0.6443604493997523,-0.006033366576462917
1.0,policy::twosided0.5__full__accept_clip0.02,bounded_subtraction,0.6370845116905386,-0.01330930428567667
1.0,policy::twosided0.5__full__accept_clip0.05,bounded_subtraction,0.6396448004087082,-0.01074901556750707
1.0,policy::twosided0.5__full__accept_clip0.1,bounded_subtraction,0.6385391751964924,-0.01185464077972287
1.0,policy::twosided0.5__full__bonus1.25,bounded_subtraction,0.6318276107253954,-0.018566205250819867
1.0,policy::twosided0.5__full__bonus1.5,bounded_subtraction,0.632796636849768,-0.017597179126447315
1.0,policy::twosided0.5__full__bonus2,bounded_subtraction,0.6338472762836351,-0.01654653969258013
1.0,policy::twosided0.5__full__bonus3,bounded_subtraction,0.6348924096827353,-0.015501406293479958
1.0,policy::twosided0.5__full__expected_mix0.25,bounded_subtraction,0.6451192134248535,-0.005274602551361807
1.0,policy::twosided0.5__full__expected_mix0.5,bounded_subtraction,0.6406700021914432,-0.00972381378477205
1.0,policy::twosided0.5__full__expected_mix0.75,bounded_subtraction,0.634172108840133,-0.016221707136082286
1.0,policy::twosided0.5__full__expected_rejection,bounded_subtraction,0.6176982262868876,-0.03269558968932762
1.0,policy::twosided0.5__full__h_tau0.8,bounded_subtraction,0.6000716849912114,-0.05032213098500382
1.0,policy::twosided0.5__full__h_tau0.9,bounded_subtraction,0.6193329799568094,-0.031060836019405902
1.0,policy::twosided0.5__full__h_tau1.1,bounded_subtraction,0.627693168141308,-0.022700647834907217
1.0,policy::twosided0.5__full__h_tau1.25,bounded_subtraction,0.6147974992518755,-0.035596316724339716
1.0,policy::twosided0.5__full__original,bounded_subtraction,0.6297344491871679,-0.02065936678904734
1.0,policy::twosided0.5__full__power0.5,bounded_subtraction,0.638749515360094,-0.011644300616121317
1.0,policy::twosided0.5__full__power0.75,bounded_subtraction,0.6361783141857651,-0.014215501790450169
1.0,policy::twosided0.5__full__power1.25,bounded_subtraction,0.6153060375036792,-0.03508777847253608
1.0,policy::twosided0.5__full__power1.5,bounded_subtraction,0.6041933681727409,-0.04620044780347432
1.0,policy::twosided0.5__full__uniform0.02,bounded_subtraction,0.6353381928977,-0.015055623078515268
1.0,policy::twosided0.5__full__uniform0.05,bounded_subtraction,0.6384591140606188,-0.011934701915596424
1.0,policy::twosided0.5__full__uniform0.1,bounded_subtraction,0.6407879362331722,-0.009605879743043055
1.0,policy::twosided0.5__full__uniform0.2,bounded_subtraction,0.6442090267229605,-0.006184789253254719
1.0,policy::twosided0.5__topm__accept_clip0.02,bounded_subtraction,0.6326818437191248,-0.017711972257090425
1.0,policy::twosided0.5__topm__accept_clip0.05,bounded_subtraction,0.6385054762926377,-0.011888339683577609
1.0,policy::twosided0.5__topm__accept_clip0.1,bounded_subtraction,0.6358855535522779,-0.014508262423937324
1.0,policy::twosided0.5__topm__bonus1.25,bounded_subtraction,0.6290514664722173,-0.021342349503997937
1.0,policy::twosided0.5__topm__bonus1.5,bounded_subtraction,0.6296914444891751,-0.020702371487040128
1.0,policy::twosided0.5__topm__bonus2,bounded_subtraction,0.6313603861442019,-0.019033429832013393
1.0,policy::twosided0.5__topm__bonus3,bounded_subtraction,0.6328838860562644,-0.017509929919950817
1.0,policy::twosided0.5__topm__expected_mix0.25,bounded_subtraction,0.6438973693444865,-0.0064964466317287695
1.0,policy::twosided0.5__topm__expected_mix0.5,bounded_subtraction,0.6396426513790505,-0.010751164597164742
1.0,policy::twosided0.5__topm__expected_mix0.75,bounded_subtraction,0.6303822635600005,-0.020011552416214773
1.0,policy::twosided0.5__topm__expected_rejection,bounded_subtraction,0.6141566902951303,-0.03623712568108495
1.0,policy::twosided0.5__topm__h_tau0.8,bounded_subtraction,0.5957519722526948,-0.054641843723520434
1.0,policy::twosided0.5__topm__h_tau0.9,bounded_subtraction,0.6141632850967759,-0.03623053087943939
1.0,policy::twosided0.5__topm__h_tau1.1,bounded_subtraction,0.6245879827234107,-0.02580583325280461
1.0,policy::twosided0.5__topm__h_tau1.25,bounded_subtraction,0.610052551923428,-0.04034126405278726
1.0,policy::twosided0.5__topm__original,bounded_subtraction,0.6264624884303769,-0.023931327545838377
1.0,policy::twosided0.5__topm__power0.5,bounded_subtraction,0.6359136013621075,-0.014480214614107756
1.0,policy::twosided0.5__topm__power0.75,bounded_subtraction,0.6356607460082874,-0.014733069967927892
1.0,policy::twosided0.5__topm__power1.25,bounded_subtraction,0.6120642525172806,-0.03832956345893468
1.0,policy::twosided0.5__topm__power1.5,bounded_subtraction,0.5998703573388647,-0.05052345863735053
1.0,policy::twosided0.5__topm__uniform0.02,bounded_subtraction,0.6328147965025923,-0.017579019473622948
1.0,policy::twosided0.5__topm__uniform0.05,bounded_subtraction,0.6353620090817377,-0.015031806894477584
1.0,policy::twosided0.5__topm__uniform0.1,bounded_subtraction,0.6393416030673703,-0.01105221290884495
1.0,policy::twosided0.5__topm__uniform0.2,bounded_subtraction,0.6414769340808196,-0.008916881895395634
1.0,policy::twosided1__full__accept_clip0.02,bounded_subtraction,0.6227336959741813,-0.027660120002033994
1.0,policy::twosided1__full__accept_clip0.05,bounded_subtraction,0.6254443023847769,-0.024949513591438377
1.0,policy::twosided1__full__accept_clip0.1,bounded_subtraction,0.623954666291185,-0.02643914968503025
1.0,policy::twosided1__full__bonus1.25,bounded_subtraction,0.61673476481978,-0.033659051156435305
1.0,policy::twosided1__full__bonus1.5,bounded_subtraction,0.6181258222144931,-0.03226799376172218
1.0,policy::twosided1__full__bonus2,bounded_subtraction,0.6195657814039774,-0.030828034572237817
1.0,policy::twosided1__full__bonus3,bounded_subtraction,0.620016760107143,-0.030377055869072245
1.0,policy::twosided1__full__expected_mix0.25,bounded_subtraction,0.6322951229052446,-0.018098693070970673
1.0,policy::twosided1__full__expected_mix0.5,bounded_subtraction,0.6292311793673824,-0.021162636608832885
1.0,policy::twosided1__full__expected_mix0.75,bounded_subtraction,0.6226763794273745,-0.027717436548840735
1.0,policy::twosided1__full__expected_rejection,bounded_subtraction,0.604227048985201,-0.046166766991014296
1.0,policy::twosided1__full__h_tau0.8,bounded_subtraction,0.5888981735792032,-0.06149564239701211
1.0,policy::twosided1__full__h_tau0.9,bounded_subtraction,0.6042265669533754,-0.04616724902283986
1.0,policy::twosided1__full__h_tau1.1,bounded_subtraction,0.6147089788283151,-0.03568483714790016
1.0,policy::twosided1__full__h_tau1.25,bounded_subtraction,0.6019747941406477,-0.048419021835567566
1.0,policy::twosided1__full__original,bounded_subtraction,0.6147474478535193,-0.03564636812269595
1.0,policy::twosided1__full__power0.5,bounded_subtraction,0.6251638620959926,-0.025229953880222644
1.0,policy::twosided1__full__power0.75,bounded_subtraction,0.6234348290172838,-0.026958986958931508
1.0,policy::twosided1__full__power1.25,bounded_subtraction,0.599822142792377,-0.05057167318383826
1.0,policy::twosided1__full__power1.5,bounded_subtraction,0.5900581404953795,-0.06033567548083574
1.0,policy::twosided1__full__uniform0.02,bounded_subtraction,0.6207409037941737,-0.02965291218204158
1.0,policy::twosided1__full__uniform0.05,bounded_subtraction,0.6252901293123035,-0.025103686663911717
1.0,policy::twosided1__full__uniform0.1,bounded_subtraction,0.6279776219073906,-0.02241619406882467
1.0,policy::twosided1__full__uniform0.2,bounded_subtraction,0.6279331912285456,-0.022460624747669633
1.0,policy::twosided1__topm__accept_clip0.02,bounded_subtraction,0.6174606729696608,-0.03293314300655448
1.0,policy::twosided1__topm__accept_clip0.05,bounded_subtraction,0.6212199723652805,-0.02917384361093478
1.0,policy::twosided1__topm__accept_clip0.1,bounded_subtraction,0.6201229084427544,-0.030270907533460845
1.0,policy::twosided1__topm__bonus1.25,bounded_subtraction,0.6136135369319944,-0.036780279044220876
1.0,policy::twosided1__topm__bonus1.5,bounded_subtraction,0.6150754369325099,-0.035318379043705384
1.0,policy::twosided1__topm__bonus2,bounded_subtraction,0.6175709535915769,-0.032822862384638385
1.0,policy::twosided1__topm__bonus3,bounded_subtraction,0.6187799775162419,-0.03161383845997334
1.0,policy::twosided1__topm__expected_mix0.25,bounded_subtraction,0.6306839926878496,-0.01970982328836568
1.0,policy::twosided1__topm__expected_mix0.5,bounded_subtraction,0.6262441877234339,-0.02414962825278133
1.0,policy::twosided1__topm__expected_mix0.75,bounded_subtraction,0.619110010405327,-0.03128380557088828
1.0,policy::twosided1__topm__expected_rejection,bounded_subtraction,0.6027454013252848,-0.047648414650930504
1.0,policy::twosided1__topm__h_tau0.8,bounded_subtraction,0.584832181603289,-0.06556163437292628
1.0,policy::twosided1__topm__h_tau0.9,bounded_subtraction,0.6008667729080714,-0.04952704306814382
1.0,policy::twosided1__topm__h_tau1.1,bounded_subtraction,0.6114784187853228,-0.03891539719089243
1.0,policy::twosided1__topm__h_tau1.25,bounded_subtraction,0.595729710067219,-0.054664105908996286
1.0,policy::twosided1__topm__original,bounded_subtraction,0.6112259783525787,-0.039167837623636514
1.0,policy::twosided1__topm__power0.5,bounded_subtraction,0.6223668796694657,-0.028026936306749572
1.0,policy::twosided1__topm__power0.75,bounded_subtraction,0.6203981158567219,-0.029995700119493374
1.0,policy::twosided1__topm__power1.25,bounded_subtraction,0.5959235688541681,-0.05447024712204718
1.0,policy::twosided1__topm__power1.5,bounded_subtraction,0.5858853699722405,-0.06450844600397476
1.0,policy::twosided1__topm__uniform0.02,bounded_subtraction,0.6161042386519717,-0.034289577324243536
1.0,policy::twosided1__topm__uniform0.05,bounded_subtraction,0.6215130370492901,-0.0288807789269252
1.0,policy::twosided1__topm__uniform0.1,bounded_subtraction,0.6255599398913465,-0.024833876084868756
1.0,policy::twosided1__topm__uniform0.2,bounded_subtraction,0.6249205984769951,-0.025473217499220158
1.0,policy::uncertainty0.01__full__accept_clip0.02,bounded_subtraction,0.6418779253748266,-0.008515890601388687
1.0,policy::uncertainty0.01__full__accept_clip0.05,bounded_subtraction,0.6432150451372137,-0.007178770839001536
1.0,policy::uncertainty0.01__full__accept_clip0.1,bounded_subtraction,0.6433939878288788,-0.006999828147336462
1.0,policy::uncertainty0.01__full__bonus1.25,bounded_subtraction,0.6363644893818867,-0.01402932659432854
1.0,policy::uncertainty0.01__full__bonus1.5,bounded_subtraction,0.6370615545324916,-0.01333226144372368
1.0,policy::uncertainty0.01__full__bonus2,bounded_subtraction,0.6367981182677227,-0.01359569770849256
1.0,policy::uncertainty0.01__full__bonus3,bounded_subtraction,0.637246114041472,-0.013147701934743239
1.0,policy::uncertainty0.01__full__expected_mix0.25,bounded_subtraction,0.6451310808606937,-0.005262735115521555
1.0,policy::uncertainty0.01__full__expected_mix0.5,bounded_subtraction,0.6411381104885688,-0.009255705487646426
1.0,policy::uncertainty0.01__full__expected_mix0.75,bounded_subtraction,0.6317471067974689,-0.018646709178746335
1.0,policy::uncertainty0.01__full__expected_rejection,bounded_subtraction,0.6197059000785493,-0.03068791589766595
1.0,policy::uncertainty0.01__full__h_tau0.8,bounded_subtraction,0.6155588842380046,-0.03483493173821062
1.0,policy::uncertainty0.01__full__h_tau0.9,bounded_subtraction,0.6301075303876533,-0.020286285588561936
1.0,policy::uncertainty0.01__full__h_tau1.1,bounded_subtraction,0.6332582608775884,-0.017135555098626853
1.0,policy::uncertainty0.01__full__h_tau1.25,bounded_subtraction,0.6200256825836414,-0.030368133392573826
1.0,policy::uncertainty0.01__full__original,bounded_subtraction,0.6349268794710539,-0.0154669365051614
1.0,policy::uncertainty0.01__full__power0.5,bounded_subtraction,0.6399549946545886,-0.010438821321626657
1.0,policy::uncertainty0.01__full__power0.75,bounded_subtraction,0.6410923547345075,-0.00930146124170772
1.0,policy::uncertainty0.01__full__power1.25,bounded_subtraction,0.6257976711003788,-0.0245961448758365
1.0,policy::uncertainty0.01__full__power1.5,bounded_subtraction,0.6152330759494911,-0.0351607400267242
1.0,policy::uncertainty0.01__full__uniform0.02,bounded_subtraction,0.6400914001657472,-0.01030241581046809
1.0,policy::uncertainty0.01__full__uniform0.05,bounded_subtraction,0.6432922270058747,-0.007101588970340522
1.0,policy::uncertainty0.01__full__uniform0.1,bounded_subtraction,0.6450605075238189,-0.005333308452396324
1.0,policy::uncertainty0.01__full__uniform0.2,bounded_subtraction,0.6452150337981142,-0.005178782178101082
1.0,policy::uncertainty0.01__topm__accept_clip0.02,bounded_subtraction,0.6349158552837708,-0.015477960692444448
1.0,policy::uncertainty0.01__topm__accept_clip0.05,bounded_subtraction,0.6355050317996856,-0.014888784176529613
1.0,policy::uncertainty0.01__topm__accept_clip0.1,bounded_subtraction,0.6317705494880678,-0.018623266488147494
1.0,policy::uncertainty0.01__topm__bonus1.25,bounded_subtraction,0.6323793054888842,-0.018014510487331048
1.0,policy::uncertainty0.01__topm__bonus1.5,bounded_subtraction,0.6329957463381705,-0.0173980696380448
1.0,policy::uncertainty0.01__topm__bonus2,bounded_subtraction,0.6343689134387678,-0.016024902537447483
1.0,policy::uncertainty0.01__topm__bonus3,bounded_subtraction,0.633841823471832,-0.016551992504383217
1.0,policy::uncertainty0.01__topm__expected_mix0.25,bounded_subtraction,0.6381671168315878,-0.012226699144627484
1.0,policy::uncertainty0.01__topm__expected_mix0.5,bounded_subtraction,0.6318040340848826,-0.018589781891332646
1.0,policy::uncertainty0.01__topm__expected_mix0.75,bounded_subtraction,0.6200978159488006,-0.030296000027414616
1.0,policy::uncertainty0.01__topm__expected_rejection,bounded_subtraction,0.6066612505447782,-0.04373256543143711
1.0,policy::uncertainty0.01__topm__h_tau0.8,bounded_subtraction,0.6056448193666931,-0.04474899660952214
1.0,policy::uncertainty0.01__topm__h_tau0.9,bounded_subtraction,0.6240852393838514,-0.026308576592363853
1.0,policy::uncertainty0.01__topm__h_tau1.1,bounded_subtraction,0.6259546441370429,-0.024439171839172324
1.0,policy::uncertainty0.01__topm__h_tau1.25,bounded_subtraction,0.6070528062310891,-0.04334100974512611
1.0,policy::uncertainty0.01__topm__original,bounded_subtraction,0.6304621483900548,-0.019931667586160495
1.0,policy::uncertainty0.01__topm__power0.5,bounded_subtraction,0.6340303002164701,-0.01636351575974515
1.0,policy::uncertainty0.01__topm__power0.75,bounded_subtraction,0.6356454166122268,-0.014748399363988418
1.0,policy::uncertainty0.01__topm__power1.25,bounded_subtraction,0.6189039772000631,-0.03148983877615219
1.0,policy::uncertainty0.01__topm__power1.5,bounded_subtraction,0.6082431009198909,-0.042150715056324395
1.0,policy::uncertainty0.01__topm__uniform0.02,bounded_subtraction,0.6350597531513289,-0.015334062824886363
1.0,policy::uncertainty0.01__topm__uniform0.05,bounded_subtraction,0.6355488940704007,-0.014844921905814545
1.0,policy::uncertainty0.01__topm__uniform0.1,bounded_subtraction,0.6365334721671765,-0.013860343809038778
1.0,policy::uncertainty0.01__topm__uniform0.2,bounded_subtraction,0.635328315696336,-0.015065500279879296
1.0,policy::uncertainty0.03__full__accept_clip0.02,bounded_subtraction,0.650976186170899,0.0005823701946837678
1.0,policy::uncertainty0.03__full__accept_clip0.05,bounded_subtraction,0.6531711574407834,0.002777341464568095
1.0,policy::uncertainty0.03__full__accept_clip0.1,bounded_subtraction,0.6550951351230379,0.004701319146822591
1.0,policy::uncertainty0.03__full__bonus1.25,bounded_subtraction,0.6450396295195225,-0.005354186456692722
1.0,policy::uncertainty0.03__full__bonus1.5,bounded_subtraction,0.6463355627891036,-0.004058253187111616
1.0,policy::uncertainty0.03__full__bonus2,bounded_subtraction,0.6460447953022183,-0.004349020673997006
1.0,policy::uncertainty0.03__full__bonus3,bounded_subtraction,0.6434872729156824,-0.006906543060532844
1.0,policy::uncertainty0.03__full__expected_mix0.25,bounded_subtraction,0.6563065673979065,0.005912751421691231
1.0,policy::uncertainty0.03__full__expected_mix0.5,bounded_subtraction,0.6542038628296385,0.0038100468534232323
1.0,policy::uncertainty0.03__full__expected_mix0.75,bounded_subtraction,0.646579150352819,-0.003814665623396274
1.0,policy::uncertainty0.03__full__expected_rejection,bounded_subtraction,0.630821284277434,-0.01957253169878126
1.0,policy::uncertainty0.03__full__h_tau0.8,bounded_subtraction,0.6256173663443484,-0.02477644963186687
1.0,policy::uncertainty0.03__full__h_tau0.9,bounded_subtraction,0.6396807729066,-0.010713043069615291
1.0,policy::uncertainty0.03__full__h_tau1.1,bounded_subtraction,0.6439551223258011,-0.006438693650414162
1.0,policy::uncertainty0.03__full__h_tau1.25,bounded_subtraction,0.6334309179742301,-0.01696289800198514
1.0,policy::uncertainty0.03__full__original,bounded_subtraction,0.6445608329976622,-0.0058329829785530585
1.0,policy::uncertainty0.03__full__power0.5,bounded_subtraction,0.6491289007825496,-0.0012649151936656722
1.0,policy::uncertainty0.03__full__power0.75,bounded_subtraction,0.6513243149473694,0.0009304989711541589
1.0,policy::uncertainty0.03__full__power1.25,bounded_subtraction,0.6354907800132351,-0.014903035962980149
1.0,policy::uncertainty0.03__full__power1.5,bounded_subtraction,0.624989602018511,-0.025404213957704314
1.0,policy::uncertainty0.03__full__uniform0.02,bounded_subtraction,0.6504438494417873,5.003346557208577e-05
1.0,policy::uncertainty0.03__full__uniform0.05,bounded_subtraction,0.6535796151855103,0.0031857992092950704
1.0,policy::uncertainty0.03__full__uniform0.1,bounded_subtraction,0.6557366982051085,0.005342882228893231
1.0,policy::uncertainty0.03__full__uniform0.2,bounded_subtraction,0.6546958834807225,0.004302067504507234
1.0,policy::uncertainty0.03__topm__accept_clip0.02,bounded_subtraction,0.6445629821937462,-0.005830833782469069
1.0,policy::uncertainty0.03__topm__accept_clip0.05,bounded_subtraction,0.64690537960018,-0.003488436376035242
1.0,policy::uncertainty0.03__topm__accept_clip0.1,bounded_subtraction,0.6432289056331507,-0.0071649103430645456
1.0,policy::uncertainty0.03__topm__bonus1.25,bounded_subtraction,0.6413488315349682,-0.009044984441247017
1.0,policy::uncertainty0.03__topm__bonus1.5,bounded_subtraction,0.642580087037503,-0.007813728938712239
1.0,policy::uncertainty0.03__topm__bonus2,bounded_subtraction,0.6440650503533544,-0.006328765622860888
1.0,policy::uncertainty0.03__topm__bonus3,bounded_subtraction,0.6439975384888131,-0.006396277487402124
1.0,policy::uncertainty0.03__topm__expected_mix0.25,bounded_subtraction,0.6523350663033518,0.0019412503271365456
1.0,policy::uncertainty0.03__topm__expected_mix0.5,bounded_subtraction,0.6450682288064422,-0.0053255871697730495
1.0,policy::uncertainty0.03__topm__expected_mix0.75,bounded_subtraction,0.6345300396122253,-0.015863776363989945
1.0,policy::uncertainty0.03__topm__expected_rejection,bounded_subtraction,0.6168980544268159,-0.03349576154939937
1.0,policy::uncertainty0.03__topm__h_tau0.8,bounded_subtraction,0.6116046566242914,-0.03878915935192384
1.0,policy::uncertainty0.03__topm__h_tau0.9,bounded_subtraction,0.630072442833086,-0.020321373143129207
1.0,policy::uncertainty0.03__topm__h_tau1.1,bounded_subtraction,0.6356958691081215,-0.01469794686809378
1.0,policy::uncertainty0.03__topm__h_tau1.25,bounded_subtraction,0.61855635699767,-0.031837458978545286
1.0,policy::uncertainty0.03__topm__original,bounded_subtraction,0.6394644643220894,-0.010929351654125896
1.0,policy::uncertainty0.03__topm__power0.5,bounded_subtraction,0.6459654454743062,-0.004428370501909029
1.0,policy::uncertainty0.03__topm__power0.75,bounded_subtraction,0.6459124804092204,-0.004481335566994815
1.0,policy::uncertainty0.03__topm__power1.25,bounded_subtraction,0.6271856118029622,-0.02320820417325309
1.0,policy::uncertainty0.03__topm__power1.5,bounded_subtraction,0.6142338669747532,-0.03615994900146202
1.0,policy::uncertainty0.03__topm__uniform0.02,bounded_subtraction,0.645405703559597,-0.004988112416618229
1.0,policy::uncertainty0.03__topm__uniform0.05,bounded_subtraction,0.6478469809944151,-0.0025468349818001945
1.0,policy::uncertainty0.03__topm__uniform0.1,bounded_subtraction,0.6493552495171333,-0.0010385664590819577
1.0,policy::uncertainty0.03__topm__uniform0.2,bounded_subtraction,0.6489560297667599,-0.0014377862094553384
1.0,policy::uncertainty0.1__full__accept_clip0.02,bounded_subtraction,0.6553076079956671,0.004913792019451857
1.0,policy::uncertainty0.1__full__accept_clip0.05,bounded_subtraction,0.6574661510196502,0.007072335043434963
1.0,policy::uncertainty0.1__full__accept_clip0.1,bounded_subtraction,0.6597170195552126,0.009323203578997297
1.0,policy::uncertainty0.1__full__bonus1.25,bounded_subtraction,0.6484821608987316,-0.0019116550774836982
1.0,policy::uncertainty0.1__full__bonus1.5,bounded_subtraction,0.6482645635824783,-0.002129252393736958
1.0,policy::uncertainty0.1__full__bonus2,bounded_subtraction,0.6470387847315913,-0.003355031244623996
1.0,policy::uncertainty0.1__full__bonus3,bounded_subtraction,0.6446053925937979,-0.0057884233824173625
1.0,policy::uncertainty0.1__full__expected_mix0.25,bounded_subtraction,0.6622312686021129,0.011837452625897638
1.0,policy::uncertainty0.1__full__expected_mix0.5,bounded_subtraction,0.6631959642721658,0.0128021482959505
1.0,policy::uncertainty0.1__full__expected_mix0.75,bounded_subtraction,0.6561168980537734,0.005723082077558117
1.0,policy::uncertainty0.1__full__expected_rejection,bounded_subtraction,0.6386130075706032,-0.01178080840561202
1.0,policy::uncertainty0.1__full__h_tau0.8,bounded_subtraction,0.629481063894226,-0.020912752081989283
1.0,policy::uncertainty0.1__full__h_tau0.9,bounded_subtraction,0.6424328216342182,-0.00796099434199704
1.0,policy::uncertainty0.1__full__h_tau1.1,bounded_subtraction,0.6494020311043663,-0.000991784871848922
1.0,policy::uncertainty0.1__full__h_tau1.25,bounded_subtraction,0.6408619881970606,-0.009531827779154622
1.0,policy::uncertainty0.1__full__original,bounded_subtraction,0.648926519614424,-0.001467296361791215
1.0,policy::uncertainty0.1__full__power0.5,bounded_subtraction,0.6581806596230766,0.00778684364686133
1.0,policy::uncertainty0.1__full__power0.75,bounded_subtraction,0.6567229967878887,0.0063291808116734405
1.0,policy::uncertainty0.1__full__power1.25,bounded_subtraction,0.6376567207432267,-0.012737095232988604
1.0,policy::uncertainty0.1__full__power1.5,bounded_subtraction,0.6275727227714599,-0.02282109320475534
1.0,policy::uncertainty0.1__full__uniform0.02,bounded_subtraction,0.6535582568701079,0.0031644408938926727
1.0,policy::uncertainty0.1__full__uniform0.05,bounded_subtraction,0.6565672209349647,0.006173404958749407
1.0,policy::uncertainty0.1__full__uniform0.1,bounded_subtraction,0.6588061227581363,0.008412306781921064
1.0,policy::uncertainty0.1__full__uniform0.2,bounded_subtraction,0.6582928011900211,0.007898985213805831
1.0,policy::uncertainty0.1__topm__accept_clip0.02,bounded_subtraction,0.6459635482030941,-0.004430267773121166
1.0,policy::uncertainty0.1__topm__accept_clip0.05,bounded_subtraction,0.650192236240056,-0.00020157973615930747
1.0,policy::uncertainty0.1__topm__accept_clip0.1,bounded_subtraction,0.6528234100864765,0.002429594110261224
1.0,policy::uncertainty0.1__topm__bonus1.25,bounded_subtraction,0.6429083063331325,-0.0074855096430828105
1.0,policy::uncertainty0.1__topm__bonus1.5,bounded_subtraction,0.6446014240360881,-0.005792391940127151
1.0,policy::uncertainty0.1__topm__bonus2,bounded_subtraction,0.6465335177460123,-0.003860298230202952
1.0,policy::uncertainty0.1__topm__bonus3,bounded_subtraction,0.6483174244395703,-0.0020763915366449615
1.0,policy::uncertainty0.1__topm__expected_mix0.25,bounded_subtraction,0.6610835900951082,0.010689774118892936
1.0,policy::uncertainty0.1__topm__expected_mix0.5,bounded_subtraction,0.6594349735377519,0.009041157561536672
1.0,policy::uncertainty0.1__topm__expected_mix0.75,bounded_subtraction,0.6512579433828446,0.0008641274066293336
1.0,policy::uncertainty0.1__topm__expected_rejection,bounded_subtraction,0.6312431709538336,-0.019150645022381618
1.0,policy::uncertainty0.1__topm__h_tau0.8,bounded_subtraction,0.607971568576807,-0.04242224739940825
1.0,policy::uncertainty0.1__topm__h_tau0.9,bounded_subtraction,0.6285008876035888,-0.021892928372626463
1.0,policy::uncertainty0.1__topm__h_tau1.1,bounded_subtraction,0.6399835105001781,-0.010410305476037163
1.0,policy::uncertainty0.1__topm__h_tau1.25,bounded_subtraction,0.6237107957946539,-0.026683020181561323
1.0,policy::uncertainty0.1__topm__original,bounded_subtraction,0.639886392523683,-0.010507423452532305
1.0,policy::uncertainty0.1__topm__power0.5,bounded_subtraction,0.6577308361562346,0.00733702018001936
1.0,policy::uncertainty0.1__topm__power0.75,bounded_subtraction,0.6531896484982764,0.00279583252206117
1.0,policy::uncertainty0.1__topm__power1.25,bounded_subtraction,0.6244021205249988,-0.02599169545121649
1.0,policy::uncertainty0.1__topm__power1.5,bounded_subtraction,0.6130726244795679,-0.037321191496647366
1.0,policy::uncertainty0.1__topm__uniform0.02,bounded_subtraction,0.6474131958657862,-0.0029806201104290997
1.0,policy::uncertainty0.1__topm__uniform0.05,bounded_subtraction,0.6521091329735644,0.00171531699734917
1.0,policy::uncertainty0.1__topm__uniform0.1,bounded_subtraction,0.6555608375378856,0.005167021561670371
1.0,policy::uncertainty0.1__topm__uniform0.2,bounded_subtraction,0.6582631216391751,0.007869305662959847
1.0,policy::z_gate0.2__full__accept_clip0.02,local_gate,0.6304179454037875,-0.01997587057242778
1.0,policy::z_gate0.2__full__accept_clip0.05,local_gate,0.630394336291851,-0.01999947968436422
1.0,policy::z_gate0.2__full__accept_clip0.1,local_gate,0.6285446668714204,-0.02184914910479485
1.0,policy::z_gate0.2__full__bonus1.25,local_gate,0.6241630420072332,-0.026230773968982102
1.0,policy::z_gate0.2__full__bonus1.5,local_gate,0.6252539077030628,-0.02513990827315249
1.0,policy::z_gate0.2__full__bonus2,local_gate,0.6269535526644368,-0.02344026331177851
1.0,policy::z_gate0.2__full__bonus3,local_gate,0.6277977618201703,-0.02259605415604493
1.0,policy::z_gate0.2__full__expected_mix0.25,local_gate,0.6342124079047677,-0.016181408071447523
1.0,policy::z_gate0.2__full__expected_mix0.5,local_gate,0.6312433873273754,-0.019150428648839868
1.0,policy::z_gate0.2__full__expected_mix0.75,local_gate,0.623774104850948,-0.026619711125267287
1.0,policy::z_gate0.2__full__expected_rejection,local_gate,0.6120756981419512,-0.03831811783426409
1.0,policy::z_gate0.2__full__h_tau0.8,local_gate,0.598877016488454,-0.05151679948776122
1.0,policy::z_gate0.2__full__h_tau0.9,local_gate,0.6149869892463863,-0.03540682672982898
1.0,policy::z_gate0.2__full__h_tau1.1,local_gate,0.6211503051411243,-0.029243510835090913
1.0,policy::z_gate0.2__full__h_tau1.25,local_gate,0.6065040279066181,-0.0438897880695972
1.0,policy::z_gate0.2__full__original,local_gate,0.6229268655182323,-0.027466950457982975
1.0,policy::z_gate0.2__full__power0.5,local_gate,0.6295436214321618,-0.020850194544053458
1.0,policy::z_gate0.2__full__power0.75,local_gate,0.6289571914604604,-0.0214366245157549
1.0,policy::z_gate0.2__full__power1.25,local_gate,0.6128086148825709,-0.03758520109364438
1.0,policy::z_gate0.2__full__power1.5,local_gate,0.6033487432460742,-0.047045072730141024
1.0,policy::z_gate0.2__full__uniform0.02,local_gate,0.6272982112382295,-0.023095604737985775
1.0,policy::z_gate0.2__full__uniform0.05,local_gate,0.6314599507829718,-0.01893386519324347
1.0,policy::z_gate0.2__full__uniform0.1,local_gate,0.6336747405336669,-0.01671907544254836
1.0,policy::z_gate0.2__full__uniform0.2,local_gate,0.631597987846938,-0.01879582812927727
1.0,policy::z_gate0.2__topm__accept_clip0.02,local_gate,0.6252264625595552,-0.0251673534166601
1.0,policy::z_gate0.2__topm__accept_clip0.05,local_gate,0.627097470472661,-0.023296345503554305
1.0,policy::z_gate0.2__topm__accept_clip0.1,local_gate,0.6255908902787923,-0.02480292569742293
1.0,policy::z_gate0.2__topm__bonus1.25,local_gate,0.622589409713832,-0.02780440626238323
1.0,policy::z_gate0.2__topm__bonus1.5,local_gate,0.6239080643174776,-0.026485751658737677
1.0,policy::z_gate0.2__topm__bonus2,local_gate,0.6246487234538489,-0.025745092522366342
1.0,policy::z_gate0.2__topm__bonus3,local_gate,0.6247108575352428,-0.02568295844097246
1.0,policy::z_gate0.2__topm__expected_mix0.25,local_gate,0.6318662100057763,-0.01852760597043901
1.0,policy::z_gate0.2__topm__expected_mix0.5,local_gate,0.6270573780951127,-0.023336437881102512
1.0,policy::z_gate0.2__topm__expected_mix0.75,local_gate,0.617762204646088,-0.032631611330127264
1.0,policy::z_gate0.2__topm__expected_rejection,local_gate,0.605563035694004,-0.04483078028221121
1.0,policy::z_gate0.2__topm__h_tau0.8,local_gate,0.5969383057475827,-0.0534555102286326
1.0,policy::z_gate0.2__topm__h_tau0.9,local_gate,0.6132599249921585,-0.03713389098405673
1.0,policy::z_gate0.2__topm__h_tau1.1,local_gate,0.6180440622652319,-0.032349753710983364
1.0,policy::z_gate0.2__topm__h_tau1.25,local_gate,0.6024676704010178,-0.047926145575197476
1.0,policy::z_gate0.2__topm__original,local_gate,0.6216544083658324,-0.02873940761038285
1.0,policy::z_gate0.2__topm__power0.5,local_gate,0.6276281887937822,-0.022765627182433024
1.0,policy::z_gate0.2__topm__power0.75,local_gate,0.626059044682347,-0.024334771293868296
1.0,policy::z_gate0.2__topm__power1.25,local_gate,0.6103932759707037,-0.040000540005511565
1.0,policy::z_gate0.2__topm__power1.5,local_gate,0.6012542364560268,-0.04913957952018844
1.0,policy::z_gate0.2__topm__uniform0.02,local_gate,0.6252014973883295,-0.02519231858788573
1.0,policy::z_gate0.2__topm__uniform0.05,local_gate,0.6285536568090228,-0.021840159167192508
1.0,policy::z_gate0.2__topm__uniform0.1,local_gate,0.6295263556515868,-0.020867460324628495
1.0,policy::z_gate0.2__topm__uniform0.2,local_gate,0.629386264526897,-0.021007551449318207
1.0,policy::z_gate0.4__full__accept_clip0.02,local_gate,0.6396892186576907,-0.010704597318524578
1.0,policy::z_gate0.4__full__accept_clip0.05,local_gate,0.640511863150085,-0.009881952826130247
1.0,policy::z_gate0.4__full__accept_clip0.1,local_gate,0.6381741838284674,-0.012219632147747905
1.0,policy::z_gate0.4__full__bonus1.25,local_gate,0.6331230860288289,-0.01727072994738632
1.0,policy::z_gate0.4__full__bonus1.5,local_gate,0.6342103796371656,-0.016183436339049617
1.0,policy::z_gate0.4__full__bonus2,local_gate,0.6352512595370369,-0.01514255643917839
1.0,policy::z_gate0.4__full__bonus3,local_gate,0.6354925915538773,-0.014901224422337989
1.0,policy::z_gate0.4__full__expected_mix0.25,local_gate,0.6436315017866118,-0.006762314189603491
1.0,policy::z_gate0.4__full__expected_mix0.5,local_gate,0.6410363792269067,-0.009357436749308556
1.0,policy::z_gate0.4__full__expected_mix0.75,local_gate,0.6327156563884634,-0.017678159587751874
1.0,policy::z_gate0.4__full__expected_rejection,local_gate,0.6204520353175221,-0.02994178065869313
1.0,policy::z_gate0.4__full__h_tau0.8,local_gate,0.6073572890092938,-0.04303652696692151
1.0,policy::z_gate0.4__full__h_tau0.9,local_gate,0.6237830920648801,-0.02661072391133512
1.0,policy::z_gate0.4__full__h_tau1.1,local_gate,0.6286007692430118,-0.02179304673320348
1.0,policy::z_gate0.4__full__h_tau1.25,local_gate,0.6132991722480996,-0.03709464372811566
1.0,policy::z_gate0.4__full__original,local_gate,0.6312285919457415,-0.019165224030473715
1.0,policy::z_gate0.4__full__power0.5,local_gate,0.637760929271719,-0.012632886704496249
1.0,policy::z_gate0.4__full__power0.75,local_gate,0.6366509953900963,-0.013742820586118976
1.0,policy::z_gate0.4__full__power1.25,local_gate,0.6213320768689949,-0.02906173910722032
1.0,policy::z_gate0.4__full__power1.5,local_gate,0.6118896915077103,-0.03850412446850493
1.0,policy::z_gate0.4__full__uniform0.02,local_gate,0.6369891495994178,-0.013404666376797492
1.0,policy::z_gate0.4__full__uniform0.05,local_gate,0.6403599541371267,-0.01003386183908861
1.0,policy::z_gate0.4__full__uniform0.1,local_gate,0.6437660483033315,-0.006627767672883755
1.0,policy::z_gate0.4__full__uniform0.2,local_gate,0.6412105193985623,-0.009183296577652933
1.0,policy::z_gate0.4__topm__accept_clip0.02,local_gate,0.6342435358061452,-0.01615028017007003
1.0,policy::z_gate0.4__topm__accept_clip0.05,local_gate,0.636410216245675,-0.013983599730540308
1.0,policy::z_gate0.4__topm__accept_clip0.1,local_gate,0.6351950165285735,-0.015198799447641798
1.0,policy::z_gate0.4__topm__bonus1.25,local_gate,0.6308539160444698,-0.01953989993174543
1.0,policy::z_gate0.4__topm__bonus1.5,local_gate,0.6321879740567189,-0.01820584191949637
1.0,policy::z_gate0.4__topm__bonus2,local_gate,0.631998913200287,-0.018394902775928257
1.0,policy::z_gate0.4__topm__bonus3,local_gate,0.6330467573708561,-0.017347058605359122
1.0,policy::z_gate0.4__topm__expected_mix0.25,local_gate,0.6411950063759988,-0.009198809600216462
1.0,policy::z_gate0.4__topm__expected_mix0.5,local_gate,0.6373750317128353,-0.01301878426337999
1.0,policy::z_gate0.4__topm__expected_mix0.75,local_gate,0.6273045051487284,-0.023089310827486886
1.0,policy::z_gate0.4__topm__expected_rejection,local_gate,0.6139848928030751,-0.03640892317314015
1.0,policy::z_gate0.4__topm__h_tau0.8,local_gate,0.6055762299726188,-0.04481758600359642
1.0,policy::z_gate0.4__topm__h_tau0.9,local_gate,0.6223443859764182,-0.028049429999797093
1.0,policy::z_gate0.4__topm__h_tau1.1,local_gate,0.6258536780247851,-0.024540137951430174
1.0,policy::z_gate0.4__topm__h_tau1.25,local_gate,0.6099786289883001,-0.04041518698791513
1.0,policy::z_gate0.4__topm__original,local_gate,0.6290257770341393,-0.02136803894207595
1.0,policy::z_gate0.4__topm__power0.5,local_gate,0.6352640605264223,-0.015129755449793003
1.0,policy::z_gate0.4__topm__power0.75,local_gate,0.63406498654552,-0.016328829430695246
1.0,policy::z_gate0.4__topm__power1.25,local_gate,0.6181515648654109,-0.032242251110804365
1.0,policy::z_gate0.4__topm__power1.5,local_gate,0.6097858533832551,-0.04060796259296018
1.0,policy::z_gate0.4__topm__uniform0.02,local_gate,0.6342326545565785,-0.01616116141963675
1.0,policy::z_gate0.4__topm__uniform0.05,local_gate,0.6375027286715004,-0.012891087304714888
1.0,policy::z_gate0.4__topm__uniform0.1,local_gate,0.639752935853085,-0.010640880123130247
1.0,policy::z_gate0.4__topm__uniform0.2,local_gate,0.6380875310452351,-0.012306284930980183
1.0,policy::z_gate0.6__full__accept_clip0.02,local_gate,0.6501971394953435,-0.00019667648087173806
1.0,policy::z_gate0.6__full__accept_clip0.05,local_gate,0.6518250110157169,0.0014311950395016204
1.0,policy::z_gate0.6__full__accept_clip0.1,local_gate,0.6492108048749281,-0.001183011101287157
1.0,policy::z_gate0.6__full__bonus1.25,local_gate,0.6439318920157101,-0.006461923960505156
1.0,policy::z_gate0.6__full__bonus1.5,local_gate,0.644924498523709,-0.005469317452506228
1.0,policy::z_gate0.6__full__bonus2,local_gate,0.6456567158770614,-0.004737100099153846
1.0,policy::z_gate0.6__full__bonus3,local_gate,0.6467407565013293,-0.0036530594748859224
1.0,policy::z_gate0.6__full__expected_mix0.25,local_gate,0.6543429537823343,0.003949137806119052
1.0,policy::z_gate0.6__full__expected_mix0.5,local_gate,0.6504359698595245,4.2153883309192786e-05
1.0,policy::z_gate0.6__full__expected_mix0.75,local_gate,0.6429779381530054,-0.007415877823209849
1.0,policy::z_gate0.6__full__expected_rejection,local_gate,0.6294827384057883,-0.020911077570426984
1.0,policy::z_gate0.6__full__h_tau0.8,local_gate,0.6190605151957156,-0.03133330078049967
1.0,policy::z_gate0.6__full__h_tau0.9,local_gate,0.6339131728415017,-0.016480643134713535
1.0,policy::z_gate0.6__full__h_tau1.1,local_gate,0.640475385005952,-0.009918430970263237
1.0,policy::z_gate0.6__full__h_tau1.25,local_gate,0.6243316959691559,-0.02606212000705932
1.0,policy::z_gate0.6__full__original,local_gate,0.6421900729700815,-0.008203743006133801
1.0,policy::z_gate0.6__full__power0.5,local_gate,0.6499444056426001,-0.00044941033361511895
1.0,policy::z_gate0.6__full__power0.75,local_gate,0.6484846325719358,-0.0019091834042794797
1.0,policy::z_gate0.6__full__power1.25,local_gate,0.6323544019784669,-0.018039413997748333
1.0,policy::z_gate0.6__full__power1.5,local_gate,0.6214998590691891,-0.02889395690702612
1.0,policy::z_gate0.6__full__uniform0.02,local_gate,0.6466122233297317,-0.003781592646483589
1.0,policy::z_gate0.6__full__uniform0.05,local_gate,0.6509577601907532,0.0005639442145379814
1.0,policy::z_gate0.6__full__uniform0.1,local_gate,0.6539528269730199,0.003559010996804668
1.0,policy::z_gate0.6__full__uniform0.2,local_gate,0.6508939738162433,0.0005001578400279927
1.0,policy::z_gate0.6__topm__accept_clip0.02,local_gate,0.6433327950062646,-0.007061020969950649
1.0,policy::z_gate0.6__topm__accept_clip0.05,local_gate,0.6475139446002373,-0.002879871375978005
1.0,policy::z_gate0.6__topm__accept_clip0.1,local_gate,0.6451737171713128,-0.005220098804902484
1.0,policy::z_gate0.6__topm__bonus1.25,local_gate,0.6407755116518218,-0.009618304324393478
1.0,policy::z_gate0.6__topm__bonus1.5,local_gate,0.6418985787334127,-0.008495237242802545
1.0,policy::z_gate0.6__topm__bonus2,local_gate,0.6426838182760805,-0.0077099977001348075
1.0,policy::z_gate0.6__topm__bonus3,local_gate,0.6439631295633005,-0.006430686412914777
1.0,policy::z_gate0.6__topm__expected_mix0.25,local_gate,0.6523046361247534,0.0019108201485381615
1.0,policy::z_gate0.6__topm__expected_mix0.5,local_gate,0.6480714276008207,-0.0023223883753945573
1.0,policy::z_gate0.6__topm__expected_mix0.75,local_gate,0.638921818711158,-0.01147199726505721
1.0,policy::z_gate0.6__topm__expected_rejection,local_gate,0.6235998731682755,-0.026793942807939786
1.0,policy::z_gate0.6__topm__h_tau0.8,local_gate,0.6156713870530303,-0.034722428923185
1.0,policy::z_gate0.6__topm__h_tau0.9,local_gate,0.6307299490647743,-0.019663866911440953
1.0,policy::z_gate0.6__topm__h_tau1.1,local_gate,0.6373246124694265,-0.013069203506788751
1.0,policy::z_gate0.6__topm__h_tau1.25,local_gate,0.620364809650248,-0.030029006325967278
1.0,policy::z_gate0.6__topm__original,local_gate,0.6380009614606335,-0.012392854515581808
1.0,policy::z_gate0.6__topm__power0.5,local_gate,0.6459282234349062,-0.004465592541309071
1.0,policy::z_gate0.6__topm__power0.75,local_gate,0.6452700311510243,-0.005123784825190936
1.0,policy::z_gate0.6__topm__power1.25,local_gate,0.6303100799219392,-0.020083736054276047
1.0,policy::z_gate0.6__topm__power1.5,local_gate,0.6192767912946098,-0.031117024681605487
1.0,policy::z_gate0.6__topm__uniform0.02,local_gate,0.6438654627923782,-0.0065283531838370434
1.0,policy::z_gate0.6__topm__uniform0.05,local_gate,0.6473653493312789,-0.0030284666449363895
1.0,policy::z_gate0.6__topm__uniform0.1,local_gate,0.6489618030128483,-0.0014320129633669243
1.0,policy::z_gate0.6__topm__uniform0.2,local_gate,0.6481816513753222,-0.0022121646008930185
