T,policy,family,coverage,gain_vs_proxy
0.5,policy::anchor_peak__full__accept_clip0.02,bounded_subtraction,0.8612375728556522,-0.027224767188521626
0.5,policy::anchor_peak__full__accept_clip0.05,bounded_subtraction,0.8585576113712633,-0.029904728672910497
0.5,policy::anchor_peak__full__accept_clip0.1,bounded_subtraction,0.8584773527628281,-0.029984987281345687
0.5,policy::anchor_peak__full__bonus1.25,bounded_subtraction,0.8546059869478613,-0.03385635309631252
0.5,policy::anchor_peak__full__bonus1.5,bounded_subtraction,0.854824515005819,-0.033637825038354774
0.5,policy::anchor_peak__full__bonus2,bounded_subtraction,0.8554226627171544,-0.0330396773270194
0.5,policy::anchor_peak__full__bonus3,bounded_subtraction,0.8558551932983718,-0.03260714674580201
0.5,policy::anchor_peak__full__expected_mix0.25,bounded_subtraction,0.8651700952331892,-0.023292244810984575
0.5,policy::anchor_peak__full__expected_mix0.5,bounded_subtraction,0.8650538222598816,-0.023408517784292204
0.5,policy::anchor_peak__full__expected_mix0.75,bounded_subtraction,0.8645920119248811,-0.023870328119292683
0.5,policy::anchor_peak__full__expected_rejection,bounded_subtraction,0.8625803536708468,-0.02588198637332695
0.5,policy::anchor_peak__full__h_tau0.8,bounded_subtraction,0.8483627441954147,-0.040099595848759106
0.5,policy::anchor_peak__full__h_tau0.9,bounded_subtraction,0.8531581449808485,-0.03530419506332527
0.5,policy::anchor_peak__full__h_tau1.1,bounded_subtraction,0.8563113938467135,-0.032150946197460284
0.5,policy::anchor_peak__full__h_tau1.25,bounded_subtraction,0.8531159227340532,-0.03534641731012056
0.5,policy::anchor_peak__full__original,bounded_subtraction,0.8548544864036747,-0.03360785364049912
0.5,policy::anchor_peak__full__power0.5,bounded_subtraction,0.8587440122218756,-0.02971832782229822
0.5,policy::anchor_peak__full__power0.75,bounded_subtraction,0.8556250951349292,-0.032837244909244556
0.5,policy::anchor_peak__full__power1.25,bounded_subtraction,0.8497382177917926,-0.0387241222523812
0.5,policy::anchor_peak__full__power1.5,bounded_subtraction,0.8460998412962316,-0.04236249874794218
0.5,policy::anchor_peak__full__uniform0.02,bounded_subtraction,0.8619144268243965,-0.02654791321977734
0.5,policy::anchor_peak__full__uniform0.05,bounded_subtraction,0.8629454249235722,-0.025516915120601613
0.5,policy::anchor_peak__full__uniform0.1,bounded_subtraction,0.8602154237818684,-0.028246916262305355
0.5,policy::anchor_peak__full__uniform0.2,bounded_subtraction,0.8571806523280853,-0.031281687716088524
0.5,policy::anchor_peak__topm__accept_clip0.02,bounded_subtraction,0.8612343237039941,-0.027228016340179684
0.5,policy::anchor_peak__topm__accept_clip0.05,bounded_subtraction,0.8585656204964827,-0.02989671954769113
0.5,policy::anchor_peak__topm__accept_clip0.1,bounded_subtraction,0.8583097459045694,-0.03015259413960436
0.5,policy::anchor_peak__topm__bonus1.25,bounded_subtraction,0.8546104943481317,-0.03385184569604205
0.5,policy::anchor_peak__topm__bonus1.5,bounded_subtraction,0.8548290222411752,-0.03363331780299861
0.5,policy::anchor_peak__topm__bonus2,bounded_subtraction,0.8554189868881532,-0.03304335315602058
0.5,policy::anchor_peak__topm__bonus3,bounded_subtraction,0.8555156969431624,-0.032946643101011364
0.5,policy::anchor_peak__topm__expected_mix0.25,bounded_subtraction,0.865030197195112,-0.02343214284906181
0.5,policy::anchor_peak__topm__expected_mix0.5,bounded_subtraction,0.8652552002824347,-0.02320713976173905
0.5,policy::anchor_peak__topm__expected_mix0.75,bounded_subtraction,0.8643150691974286,-0.024147270846745172
0.5,policy::anchor_peak__topm__expected_rejection,bounded_subtraction,0.8625321743171104,-0.025930165727063414
0.5,policy::anchor_peak__topm__h_tau0.8,bounded_subtraction,0.8483610485674472,-0.040101291476726586
0.5,policy::anchor_peak__topm__h_tau0.9,bounded_subtraction,0.8531792989171364,-0.035283041127037396
0.5,policy::anchor_peak__topm__h_tau1.1,bounded_subtraction,0.8561967015845993,-0.03226563845957453
0.5,policy::anchor_peak__topm__h_tau1.25,bounded_subtraction,0.8531408908833369,-0.035321449160836904
0.5,policy::anchor_peak__topm__original,bounded_subtraction,0.8548579415975819,-0.03360439844659191
0.5,policy::anchor_peak__topm__power0.5,bounded_subtraction,0.858505522929562,-0.029956817114611844
0.5,policy::anchor_peak__topm__power0.75,bounded_subtraction,0.8556292445740052,-0.03283309547016855
0.5,policy::anchor_peak__topm__power1.25,bounded_subtraction,0.8497382177452265,-0.03872412229894728
0.5,policy::anchor_peak__topm__power1.5,bounded_subtraction,0.8461065222214532,-0.042355817822720576
0.5,policy::anchor_peak__topm__uniform0.02,bounded_subtraction,0.861826126766235,-0.026636213277938747
0.5,policy::anchor_peak__topm__uniform0.05,bounded_subtraction,0.8629197920914292,-0.025542547952744576
0.5,policy::anchor_peak__topm__uniform0.1,bounded_subtraction,0.8596540727115818,-0.028808267332592008
0.5,policy::anchor_peak__topm__uniform0.2,bounded_subtraction,0.8572147528980132,-0.031247587146160605
0.5,policy::anchor_y__full__accept_clip0.02,bounded_subtraction,0.8843502819296898,-0.004112058114484007
0.5,policy::anchor_y__full__accept_clip0.05,bounded_subtraction,0.8801666848860232,-0.008295655158150561
0.5,policy::anchor_y__full__accept_clip0.1,bounded_subtraction,0.8790382772661669,-0.009424062778006892
0.5,policy::anchor_y__full__bonus1.25,bounded_subtraction,0.8794379583729428,-0.009024381671230985
0.5,policy::anchor_y__full__bonus1.5,bounded_subtraction,0.8791621791155508,-0.009300160928622958
0.5,policy::anchor_y__full__bonus2,bounded_subtraction,0.8795415419692076,-0.008920798074966152
0.5,policy::anchor_y__full__bonus3,bounded_subtraction,0.8801728468861277,-0.008289493158046057
0.5,policy::anchor_y__full__expected_mix0.25,bounded_subtraction,0.8873647401044573,-0.001097599939716476
0.5,policy::anchor_y__full__expected_mix0.5,bounded_subtraction,0.886526223982329,-0.0019361160618447393
0.5,policy::anchor_y__full__expected_mix0.75,bounded_subtraction,0.8854703663330055,-0.0029919737111683276
0.5,policy::anchor_y__full__expected_rejection,bounded_subtraction,0.882866980962454,-0.0055953590817198195
0.5,policy::anchor_y__full__h_tau0.8,bounded_subtraction,0.8724721211415838,-0.015990218902590003
0.5,policy::anchor_y__full__h_tau0.9,bounded_subtraction,0.8775311658756693,-0.010931174168504532
0.5,policy::anchor_y__full__h_tau1.1,bounded_subtraction,0.8796983422286502,-0.008763997815523616
0.5,policy::anchor_y__full__h_tau1.25,bounded_subtraction,0.8768753225337915,-0.01158701751038227
0.5,policy::anchor_y__full__original,bounded_subtraction,0.8794011345613371,-0.009061205482836732
0.5,policy::anchor_y__full__power0.5,bounded_subtraction,0.8796932803745718,-0.008769059669601953
0.5,policy::anchor_y__full__power0.75,bounded_subtraction,0.8809576484245495,-0.007504691619624304
0.5,policy::anchor_y__full__power1.25,bounded_subtraction,0.8744940677561462,-0.01396827228802755
0.5,policy::anchor_y__full__power1.5,bounded_subtraction,0.8686408098786943,-0.019821530165479495
0.5,policy::anchor_y__full__uniform0.02,bounded_subtraction,0.8861532573306674,-0.002309082713506383
0.5,policy::anchor_y__full__uniform0.05,bounded_subtraction,0.8839695873661568,-0.004492752678016965
0.5,policy::anchor_y__full__uniform0.1,bounded_subtraction,0.8811159036869649,-0.007346436357208885
0.5,policy::anchor_y__full__uniform0.2,bounded_subtraction,0.8758348013538986,-0.01262753869027522
0.5,policy::anchor_y__topm__accept_clip0.02,bounded_subtraction,0.8843335079469754,-0.004128832097198387
0.5,policy::anchor_y__topm__accept_clip0.05,bounded_subtraction,0.8801721983072799,-0.008290141736893908
0.5,policy::anchor_y__topm__accept_clip0.1,bounded_subtraction,0.8788696372171467,-0.009592702827027066
0.5,policy::anchor_y__topm__bonus1.25,bounded_subtraction,0.8780368720029488,-0.010425468041225017
0.5,policy::anchor_y__topm__bonus1.5,bounded_subtraction,0.8776399755641017,-0.010822364480072122
0.5,policy::anchor_y__topm__bonus2,bounded_subtraction,0.878105798309232,-0.010356541734941827
0.5,policy::anchor_y__topm__bonus3,bounded_subtraction,0.8783905662112894,-0.010071773832884379
0.5,policy::anchor_y__topm__expected_mix0.25,bounded_subtraction,0.8872615313912092,-0.001200808652964569
0.5,policy::anchor_y__topm__expected_mix0.5,bounded_subtraction,0.8865406745149046,-0.0019216655292692009
0.5,policy::anchor_y__topm__expected_mix0.75,bounded_subtraction,0.8865640654369529,-0.0018982746072209178
0.5,policy::anchor_y__topm__expected_rejection,bounded_subtraction,0.8827922215779566,-0.005670118466217233
0.5,policy::anchor_y__topm__h_tau0.8,bounded_subtraction,0.8710317890157677,-0.01743055102840607
0.5,policy::anchor_y__topm__h_tau0.9,bounded_subtraction,0.8761130787832978,-0.012349261260875988
0.5,policy::anchor_y__topm__h_tau1.1,bounded_subtraction,0.8796980570086693,-0.008764283035504472
0.5,policy::anchor_y__topm__h_tau1.25,bounded_subtraction,0.8769583107166458,-0.011504029327528031
0.5,policy::anchor_y__topm__original,bounded_subtraction,0.8779755901919096,-0.010486749852264166
0.5,policy::anchor_y__topm__power0.5,bounded_subtraction,0.8797690810058327,-0.008693259038341061
0.5,policy::anchor_y__topm__power0.75,bounded_subtraction,0.8810147391482911,-0.0074476008958827
0.5,policy::anchor_y__topm__power1.25,bounded_subtraction,0.8746098207135972,-0.01385251933057663
0.5,policy::anchor_y__topm__power1.5,bounded_subtraction,0.868587773768168,-0.01987456627600581
0.5,policy::anchor_y__topm__uniform0.02,bounded_subtraction,0.8846862190159569,-0.0037761210282168944
0.5,policy::anchor_y__topm__uniform0.05,bounded_subtraction,0.8839673526669725,-0.004494987377201332
0.5,policy::anchor_y__topm__uniform0.1,bounded_subtraction,0.8789822256648938,-0.00948011437927998
0.5,policy::anchor_y__topm__uniform0.2,bounded_subtraction,0.874325166774973,-0.014137173269200831
0.5,policy::argmax_diff__full__accept_clip0.02,local_gate,0.893473242890007,0.005010902845833165
0.5,policy::argmax_diff__full__accept_clip0.05,local_gate,0.8919960645716889,0.003533724527515103
0.5,policy::argmax_diff__full__accept_clip0.1,local_gate,0.8916972095329171,0.003234869488743297
0.5,policy::argmax_diff__full__bonus1.25,local_gate,0.8668417595651221,-0.021620580479051688
0.5,policy::argmax_diff__full__bonus1.5,local_gate,0.8665514123502687,-0.021910927693905125
0.5,policy::argmax_diff__full__bonus2,local_gate,0.8669488058666558,-0.021513534177518
0.5,policy::argmax_diff__full__bonus3,local_gate,0.8676646000564535,-0.020797739987720276
0.5,policy::argmax_diff__full__expected_mix0.25,local_gate,0.8980646162143026,0.009602276170128765
0.5,policy::argmax_diff__full__expected_mix0.5,local_gate,0.8957599841539694,0.007297644109795609
0.5,policy::argmax_diff__full__expected_mix0.75,local_gate,0.8940101291904619,0.005547789146288062
0.5,policy::argmax_diff__full__expected_rejection,local_gate,0.8917721585328909,0.0033098184887171422
0.5,policy::argmax_diff__full__h_tau0.8,local_gate,0.8574629688415504,-0.030999371202623416
0.5,policy::argmax_diff__full__h_tau0.9,local_gate,0.8637188602427317,-0.024743479801442092
0.5,policy::argmax_diff__full__h_tau1.1,local_gate,0.8687755321794369,-0.019686807864736866
0.5,policy::argmax_diff__full__h_tau1.25,local_gate,0.8680611182954369,-0.02040122174873693
0.5,policy::argmax_diff__full__original,local_gate,0.8673170120728205,-0.021145327971353267
0.5,policy::argmax_diff__full__power0.5,local_gate,0.8688810994212911,-0.01958124062288269
0.5,policy::argmax_diff__full__power0.75,local_gate,0.868662523076328,-0.01979981696784583
0.5,policy::argmax_diff__full__power1.25,local_gate,0.8614828122528196,-0.026979527791354152
0.5,policy::argmax_diff__full__power1.5,local_gate,0.8568367272872747,-0.031625612756899124
0.5,policy::argmax_diff__full__uniform0.02,local_gate,0.8951556767686611,0.006693336724487353
0.5,policy::argmax_diff__full__uniform0.05,local_gate,0.8975188340482788,0.00905649400410502
0.5,policy::argmax_diff__full__uniform0.1,local_gate,0.8943366086941053,0.005874268649931458
0.5,policy::argmax_diff__full__uniform0.2,local_gate,0.8913040056060111,0.002841665561837292
0.5,policy::argmax_diff__topm__accept_clip0.02,local_gate,0.8933013609128393,0.0048390208686655
0.5,policy::argmax_diff__topm__accept_clip0.05,local_gate,0.8919248922899281,0.0034625522457543134
0.5,policy::argmax_diff__topm__accept_clip0.1,local_gate,0.8915591250032256,0.003096784959051857
0.5,policy::argmax_diff__topm__bonus1.25,local_gate,0.8653302775741278,-0.023132062470045955
0.5,policy::argmax_diff__topm__bonus1.5,local_gate,0.8649287974997961,-0.023533542544377672
0.5,policy::argmax_diff__topm__bonus2,local_gate,0.865325219009975,-0.023137121034198738
0.5,policy::argmax_diff__topm__bonus3,local_gate,0.8657130847170879,-0.022749255327085938
0.5,policy::argmax_diff__topm__expected_mix0.25,local_gate,0.897871718527056,0.009409378482882258
0.5,policy::argmax_diff__topm__expected_mix0.5,local_gate,0.8956778953312037,0.0072155552870298845
0.5,policy::argmax_diff__topm__expected_mix0.75,local_gate,0.8939205681058429,0.005458228061669068
0.5,policy::argmax_diff__topm__expected_rejection,local_gate,0.8914303137767483,0.0029679737325745137
0.5,policy::argmax_diff__topm__h_tau0.8,local_gate,0.855906750387952,-0.03255558965622174
0.5,policy::argmax_diff__topm__h_tau0.9,local_gate,0.8623347213699035,-0.02612761867427027
0.5,policy::argmax_diff__topm__h_tau1.1,local_gate,0.8688013722702185,-0.019660967773955318
0.5,policy::argmax_diff__topm__h_tau1.25,local_gate,0.867860316899795,-0.020602023144378756
0.5,policy::argmax_diff__topm__original,local_gate,0.8657999752247928,-0.022662364819380998
0.5,policy::argmax_diff__topm__power0.5,local_gate,0.8689566667992409,-0.01950567324493291
0.5,policy::argmax_diff__topm__power0.75,local_gate,0.8686714815043008,-0.019790858539872946
0.5,policy::argmax_diff__topm__power1.25,local_gate,0.8614639052555647,-0.026998434788609083
0.5,policy::argmax_diff__topm__power1.5,local_gate,0.8569615430859895,-0.03150079695818431
0.5,policy::argmax_diff__topm__uniform0.02,local_gate,0.8936073922425241,0.005145052198350264
0.5,policy::argmax_diff__topm__uniform0.05,local_gate,0.8959572464377239,0.007494906393550105
0.5,policy::argmax_diff__topm__uniform0.1,local_gate,0.8943102154190287,0.005847875374854872
0.5,policy::argmax_diff__topm__uniform0.2,local_gate,0.8896797840482442,0.0012174440040704226
0.5,policy::argmax_same__full__accept_clip0.02,local_gate,0.884293082989236,-0.004169257054937758
0.5,policy::argmax_same__full__accept_clip0.05,local_gate,0.8799186680029514,-0.008543672041222417
0.5,policy::argmax_same__full__accept_clip0.1,local_gate,0.8777021430242935,-0.010760197019880291
0.5,policy::argmax_same__full__bonus1.25,local_gate,0.8759635132671769,-0.012498826776996874
0.5,policy::argmax_same__full__bonus1.5,local_gate,0.8763783361647889,-0.012084003879384908
0.5,policy::argmax_same__full__bonus2,local_gate,0.8768592085928115,-0.01160313145136227
0.5,policy::argmax_same__full__bonus3,local_gate,0.8773112631210815,-0.011151076923092251
0.5,policy::argmax_same__full__expected_mix0.25,local_gate,0.8868178306066979,-0.0016445094374758495
0.5,policy::argmax_same__full__expected_mix0.5,local_gate,0.8868399526295431,-0.0016223874146307216
0.5,policy::argmax_same__full__expected_mix0.75,local_gate,0.8866708193067812,-0.0017915207373926378
0.5,policy::argmax_same__full__expected_rejection,local_gate,0.8838441963161507,-0.00461814372802305
0.5,policy::argmax_same__full__h_tau0.8,local_gate,0.8679789616132806,-0.020483378430893207
0.5,policy::argmax_same__full__h_tau0.9,local_gate,0.8742570185081479,-0.014205321536025939
0.5,policy::argmax_same__full__h_tau1.1,local_gate,0.8778791583802599,-0.010583181663913921
0.5,policy::argmax_same__full__h_tau1.25,local_gate,0.876407650033774,-0.012054690010399827
0.5,policy::argmax_same__full__original,local_gate,0.8759240661313469,-0.012538273912826914
0.5,policy::argmax_same__full__power0.5,local_gate,0.8781147104930188,-0.01034762955115498
0.5,policy::argmax_same__full__power0.75,local_gate,0.8771986278984233,-0.011263712145750504
0.5,policy::argmax_same__full__power1.25,local_gate,0.8705065075174245,-0.01795583252674926
0.5,policy::argmax_same__full__power1.5,local_gate,0.8656348501151098,-0.022827489929064027
0.5,policy::argmax_same__full__uniform0.02,local_gate,0.884624739172994,-0.0038376008711797915
0.5,policy::argmax_same__full__uniform0.05,local_gate,0.8840014300814616,-0.004460909962712201
0.5,policy::argmax_same__full__uniform0.1,local_gate,0.8815395285584454,-0.006922811485728375
0.5,policy::argmax_same__full__uniform0.2,local_gate,0.8761821749119488,-0.012280165132224963
0.5,policy::argmax_same__topm__accept_clip0.02,local_gate,0.8842292013728712,-0.004233138671302594
0.5,policy::argmax_same__topm__accept_clip0.05,local_gate,0.8793280241985265,-0.009134315845647278
0.5,policy::argmax_same__topm__accept_clip0.1,local_gate,0.8776217592593254,-0.010840580784848397
0.5,policy::argmax_same__topm__bonus1.25,local_gate,0.875627914614199,-0.012834425429974816
0.5,policy::argmax_same__topm__bonus1.5,local_gate,0.8759216204126696,-0.01254071963150416
0.5,policy::argmax_same__topm__bonus2,local_gate,0.8765150596025965,-0.011947280441577335
0.5,policy::argmax_same__topm__bonus3,local_gate,0.8769572110227145,-0.011505129021459282
0.5,policy::argmax_same__topm__expected_mix0.25,local_gate,0.8866631310484392,-0.0017992089957346025
0.5,policy::argmax_same__topm__expected_mix0.5,local_gate,0.8867946355679281,-0.001667704476245646
0.5,policy::argmax_same__topm__expected_mix0.75,local_gate,0.883889718773683,-0.00457262127049074
0.5,policy::argmax_same__topm__expected_rejection,local_gate,0.8837386184611526,-0.004723721583021145
0.5,policy::argmax_same__topm__h_tau0.8,local_gate,0.8679798140862292,-0.02048252595794464
0.5,policy::argmax_same__topm__h_tau0.9,local_gate,0.8743040062520172,-0.014158333792156585
0.5,policy::argmax_same__topm__h_tau1.1,local_gate,0.877873937791065,-0.010588402253108753
0.5,policy::argmax_same__topm__h_tau1.25,local_gate,0.8764876044669276,-0.011974735577246154
0.5,policy::argmax_same__topm__original,local_gate,0.875579768361756,-0.012882571682417798
0.5,policy::argmax_same__topm__power0.5,local_gate,0.8783574185418394,-0.01010492150233444
0.5,policy::argmax_same__topm__power0.75,local_gate,0.8772780021939653,-0.011184337850208448
0.5,policy::argmax_same__topm__power1.25,local_gate,0.8705071876051417,-0.017955152439032118
0.5,policy::argmax_same__topm__power1.5,local_gate,0.8655731288635438,-0.02288921118063003
0.5,policy::argmax_same__topm__uniform0.02,local_gate,0.8845880698071734,-0.0038742702370003768
0.5,policy::argmax_same__topm__uniform0.05,local_gate,0.8840337113940226,-0.004428628650151145
0.5,policy::argmax_same__topm__uniform0.1,local_gate,0.8815242854061613,-0.0069380546380124475
0.5,policy::argmax_same__topm__uniform0.2,local_gate,0.8762635147809169,-0.012198825263256885
0.5,policy::capped_negative0.1__full__accept_clip0.02,bounded_subtraction,0.8986422530197415,0.010179912975567751
0.5,policy::capped_negative0.1__full__accept_clip0.05,bounded_subtraction,0.8951873446320817,0.0067250045879079234
0.5,policy::capped_negative0.1__full__accept_clip0.1,bounded_subtraction,0.8948439874465665,0.006381647402392665
0.5,policy::capped_negative0.1__full__bonus1.25,bounded_subtraction,0.87760982656479,-0.010852513479383763
0.5,policy::capped_negative0.1__full__bonus1.5,bounded_subtraction,0.8778919524498139,-0.010570387594359909
0.5,policy::capped_negative0.1__full__bonus2,bounded_subtraction,0.8782026922100422,-0.01025964783413158
0.5,policy::capped_negative0.1__full__bonus3,bounded_subtraction,0.878402924102289,-0.010059415941884753
0.5,policy::capped_negative0.1__full__expected_mix0.25,bounded_subtraction,0.9058358078033591,0.017373467759185357
0.5,policy::capped_negative0.1__full__expected_mix0.5,bounded_subtraction,0.905078554130385,0.016616214086211167
0.5,policy::capped_negative0.1__full__expected_mix0.75,bounded_subtraction,0.9044413051453207,0.015978965101146936
0.5,policy::capped_negative0.1__full__expected_rejection,bounded_subtraction,0.9004195701631759,0.011957230119002071
0.5,policy::capped_negative0.1__full__h_tau0.8,bounded_subtraction,0.8735773445268074,-0.01488499551736644
0.5,policy::capped_negative0.1__full__h_tau0.9,bounded_subtraction,0.8791524151815924,-0.00930992486258142
0.5,policy::capped_negative0.1__full__h_tau1.1,bounded_subtraction,0.8805432806772492,-0.007919059366924608
0.5,policy::capped_negative0.1__full__h_tau1.25,bounded_subtraction,0.8792905195783846,-0.009171820465789238
0.5,policy::capped_negative0.1__full__original,bounded_subtraction,0.8779937129508149,-0.01046862709335894
0.5,policy::capped_negative0.1__full__power0.5,bounded_subtraction,0.8795505664928435,-0.008911773551330326
0.5,policy::capped_negative0.1__full__power0.75,bounded_subtraction,0.8787563750714855,-0.009705964972688275
0.5,policy::capped_negative0.1__full__power1.25,bounded_subtraction,0.8748416482168971,-0.013620691827276654
0.5,policy::capped_negative0.1__full__power1.5,bounded_subtraction,0.8721703537686861,-0.01629198627548767
0.5,policy::capped_negative0.1__full__uniform0.02,bounded_subtraction,0.9016408814594136,0.013178541415239775
0.5,policy::capped_negative0.1__full__uniform0.05,bounded_subtraction,0.9007002983099999,0.012237958265826077
0.5,policy::capped_negative0.1__full__uniform0.1,bounded_subtraction,0.8974251323110978,0.00896279226692398
0.5,policy::capped_negative0.1__full__uniform0.2,bounded_subtraction,0.8937559138487363,0.005293573804562524
0.5,policy::capped_negative0.1__topm__accept_clip0.02,bounded_subtraction,0.8984143338022544,0.009951993758080646
0.5,policy::capped_negative0.1__topm__accept_clip0.05,bounded_subtraction,0.8951791060376264,0.006716765993452611
0.5,policy::capped_negative0.1__topm__accept_clip0.1,bounded_subtraction,0.8947792870166577,0.006316946972483861
0.5,policy::capped_negative0.1__topm__bonus1.25,bounded_subtraction,0.877606652709973,-0.010855687334200836
0.5,policy::capped_negative0.1__topm__bonus1.5,bounded_subtraction,0.877886921866568,-0.010575418177605767
0.5,policy::capped_negative0.1__topm__bonus2,bounded_subtraction,0.8781972186618836,-0.010265121382290188
0.5,policy::capped_negative0.1__topm__bonus3,bounded_subtraction,0.8784424375206894,-0.010019902523484392
0.5,policy::capped_negative0.1__topm__expected_mix0.25,bounded_subtraction,0.905698909299628,0.017236569255454248
0.5,policy::capped_negative0.1__topm__expected_mix0.5,bounded_subtraction,0.9053645627783953,0.016902222734221484
0.5,policy::capped_negative0.1__topm__expected_mix0.75,bounded_subtraction,0.9032459932855976,0.014783653241423833
0.5,policy::capped_negative0.1__topm__expected_rejection,bounded_subtraction,0.9003633573632867,0.011901017319112861
0.5,policy::capped_negative0.1__topm__h_tau0.8,bounded_subtraction,0.8736211866593022,-0.014841153384871575
0.5,policy::capped_negative0.1__topm__h_tau0.9,bounded_subtraction,0.8791721975784349,-0.009290142465738893
0.5,policy::capped_negative0.1__topm__h_tau1.1,bounded_subtraction,0.8805380913216736,-0.007924248722500193
0.5,policy::capped_negative0.1__topm__h_tau1.25,bounded_subtraction,0.8793193284491043,-0.009143011595069472
0.5,policy::capped_negative0.1__topm__original,bounded_subtraction,0.8779909977683341,-0.010471342275839679
0.5,policy::capped_negative0.1__topm__power0.5,bounded_subtraction,0.8793336535879777,-0.009128686456196133
0.5,policy::capped_negative0.1__topm__power0.75,bounded_subtraction,0.8787470422921417,-0.00971529775203206
0.5,policy::capped_negative0.1__topm__power1.25,bounded_subtraction,0.8749279351116405,-0.013534404932533328
0.5,policy::capped_negative0.1__topm__power1.5,bounded_subtraction,0.8722693124638632,-0.016193027580310604
0.5,policy::capped_negative0.1__topm__uniform0.02,bounded_subtraction,0.9016416466306381,0.013179306586464268
0.5,policy::capped_negative0.1__topm__uniform0.05,bounded_subtraction,0.9006799621390217,0.01221762209484789
0.5,policy::capped_negative0.1__topm__uniform0.1,bounded_subtraction,0.8973670924096122,0.008904752365438418
0.5,policy::capped_negative0.1__topm__uniform0.2,bounded_subtraction,0.893565363758479,0.005103023714305155
0.5,policy::capped_negative0.25__full__accept_clip0.02,bounded_subtraction,0.9059912513416791,0.017528911297505334
0.5,policy::capped_negative0.25__full__accept_clip0.05,bounded_subtraction,0.903908616777525,0.015446276733351194
0.5,policy::capped_negative0.25__full__accept_clip0.1,bounded_subtraction,0.9008282543094648,0.01236591426529099
0.5,policy::capped_negative0.25__full__bonus1.25,bounded_subtraction,0.8835552702634762,-0.004907069780697548
0.5,policy::capped_negative0.25__full__bonus1.5,bounded_subtraction,0.8839404081013911,-0.00452193194278272
0.5,policy::capped_negative0.25__full__bonus2,bounded_subtraction,0.8840297465580157,-0.0044325934861580985
0.5,policy::capped_negative0.25__full__bonus3,bounded_subtraction,0.884230038825298,-0.004232301218875745
0.5,policy::capped_negative0.25__full__expected_mix0.25,bounded_subtraction,0.9123325597606347,0.02387021971646086
0.5,policy::capped_negative0.25__full__expected_mix0.5,bounded_subtraction,0.9117959114285237,0.023333571384349883
0.5,policy::capped_negative0.25__full__expected_mix0.75,bounded_subtraction,0.9115839347192816,0.02312159467510777
0.5,policy::capped_negative0.25__full__expected_rejection,bounded_subtraction,0.9067758336717971,0.018313493627623356
0.5,policy::capped_negative0.25__full__h_tau0.8,bounded_subtraction,0.8759077742334197,-0.012554565810754093
0.5,policy::capped_negative0.25__full__h_tau0.9,bounded_subtraction,0.8809393486273769,-0.007522991416796909
0.5,policy::capped_negative0.25__full__h_tau1.1,bounded_subtraction,0.8878844505481205,-0.0005778894960533076
0.5,policy::capped_negative0.25__full__h_tau1.25,bounded_subtraction,0.884276080597859,-0.004186259446314788
0.5,policy::capped_negative0.25__full__original,bounded_subtraction,0.8839922299387728,-0.004470110105400993
0.5,policy::capped_negative0.25__full__power0.5,bounded_subtraction,0.8839968297043369,-0.004465510339836887
0.5,policy::capped_negative0.25__full__power0.75,bounded_subtraction,0.8848657826515857,-0.003596557392588129
0.5,policy::capped_negative0.25__full__power1.25,bounded_subtraction,0.8778329399975755,-0.010629400046598292
0.5,policy::capped_negative0.25__full__power1.5,bounded_subtraction,0.8734841536011578,-0.014978186443015962
0.5,policy::capped_negative0.25__full__uniform0.02,bounded_subtraction,0.9091116400238816,0.02064929997970777
0.5,policy::capped_negative0.25__full__uniform0.05,bounded_subtraction,0.9103719383577036,0.021909598313529788
0.5,policy::capped_negative0.25__full__uniform0.1,bounded_subtraction,0.906298097261599,0.017835757217425252
0.5,policy::capped_negative0.25__full__uniform0.2,bounded_subtraction,0.9015512266680404,0.013088886623866647
0.5,policy::capped_negative0.25__topm__accept_clip0.02,bounded_subtraction,0.9051635170612776,0.01670117701710383
0.5,policy::capped_negative0.25__topm__accept_clip0.05,bounded_subtraction,0.9040082853828233,0.015545945338649503
0.5,policy::capped_negative0.25__topm__accept_clip0.1,bounded_subtraction,0.9001654704178519,0.011703130373678095
0.5,policy::capped_negative0.25__topm__bonus1.25,bounded_subtraction,0.8835552701470609,-0.00490706989711287
0.5,policy::capped_negative0.25__topm__bonus1.5,bounded_subtraction,0.8839404078168203,-0.004521932227353531
0.5,policy::capped_negative0.25__topm__bonus2,bounded_subtraction,0.8840236467020651,-0.004438693342108668
0.5,policy::capped_negative0.25__topm__bonus3,bounded_subtraction,0.8842793028708807,-0.004183037173293047
0.5,policy::capped_negative0.25__topm__expected_mix0.25,bounded_subtraction,0.9105745113953261,0.022112171351152288
0.5,policy::capped_negative0.25__topm__expected_mix0.5,bounded_subtraction,0.9117296399703407,0.02326729992616694
0.5,policy::capped_negative0.25__topm__expected_mix0.75,bounded_subtraction,0.9100370692978629,0.021574729253689084
0.5,policy::capped_negative0.25__topm__expected_rejection,bounded_subtraction,0.9067298913123247,0.01826755126815094
0.5,policy::capped_negative0.25__topm__h_tau0.8,bounded_subtraction,0.8759024953993756,-0.012559844644798202
0.5,policy::capped_negative0.25__topm__h_tau0.9,bounded_subtraction,0.8809812004565027,-0.0074811395876710485
0.5,policy::capped_negative0.25__topm__h_tau1.1,bounded_subtraction,0.8880806183681207,-0.0003817216760531039
0.5,policy::capped_negative0.25__topm__h_tau1.25,bounded_subtraction,0.8843076372876227,-0.004154702756551054
0.5,policy::capped_negative0.25__topm__original,bounded_subtraction,0.8839298151859023,-0.004532524858271492
0.5,policy::capped_negative0.25__topm__power0.5,bounded_subtraction,0.8837937424640526,-0.00466859758012117
0.5,policy::capped_negative0.25__topm__power0.75,bounded_subtraction,0.8847424200387783,-0.0037199200053954495
0.5,policy::capped_negative0.25__topm__power1.25,bounded_subtraction,0.8778426341366242,-0.01061970590754957
0.5,policy::capped_negative0.25__topm__power1.5,bounded_subtraction,0.8735766662325964,-0.014885673811577349
0.5,policy::capped_negative0.25__topm__uniform0.02,bounded_subtraction,0.9092458673509056,0.02078352730673183
0.5,policy::capped_negative0.25__topm__uniform0.05,bounded_subtraction,0.9103594668225207,0.021897126778346876
0.5,policy::capped_negative0.25__topm__uniform0.1,bounded_subtraction,0.9058979830634034,0.01743564301922962
0.5,policy::capped_negative0.25__topm__uniform0.2,bounded_subtraction,0.901547499307286,0.013085159263112156
0.5,policy::capped_negative0.5__full__accept_clip0.02,bounded_subtraction,0.9099574051345976,0.02149506509042376
0.5,policy::capped_negative0.5__full__accept_clip0.05,bounded_subtraction,0.9079642517361252,0.019501911691951368
0.5,policy::capped_negative0.5__full__accept_clip0.1,bounded_subtraction,0.9047758604323334,0.016313520388159586
0.5,policy::capped_negative0.5__full__bonus1.25,bounded_subtraction,0.887168091373709,-0.0012942486704647926
0.5,policy::capped_negative0.5__full__bonus1.5,bounded_subtraction,0.8875346866559755,-0.0009276533881983351
0.5,policy::capped_negative0.5__full__bonus2,bounded_subtraction,0.8878741720761392,-0.0005881679680346252
0.5,policy::capped_negative0.5__full__bonus3,bounded_subtraction,0.8874964031940006,-0.0009659368501732102
0.5,policy::capped_negative0.5__full__expected_mix0.25,bounded_subtraction,0.9139349140821039,0.02547257403793013
0.5,policy::capped_negative0.5__full__expected_mix0.5,bounded_subtraction,0.9167786068531016,0.028316266808927848
0.5,policy::capped_negative0.5__full__expected_mix0.75,bounded_subtraction,0.9135493110332402,0.025086970989066426
0.5,policy::capped_negative0.5__full__expected_rejection,bounded_subtraction,0.9086909674824006,0.020228627438226843
0.5,policy::capped_negative0.5__full__h_tau0.8,bounded_subtraction,0.878288368408008,-0.010173971636165846
0.5,policy::capped_negative0.5__full__h_tau0.9,bounded_subtraction,0.88421505251565,-0.004247287528523769
0.5,policy::capped_negative0.5__full__h_tau1.1,bounded_subtraction,0.8886837362409631,0.0002213961967892919
0.5,policy::capped_negative0.5__full__h_tau1.25,bounded_subtraction,0.8870625940156351,-0.001399746028538651
0.5,policy::capped_negative0.5__full__original,bounded_subtraction,0.8874406214208914,-0.001021718623282375
0.5,policy::capped_negative0.5__full__power0.5,bounded_subtraction,0.8882812104024471,-0.0001811296417266739
0.5,policy::capped_negative0.5__full__power0.75,bounded_subtraction,0.8882683065779048,-0.00019403346626900575
0.5,policy::capped_negative0.5__full__power1.25,bounded_subtraction,0.8814397696667506,-0.007022570377423154
0.5,policy::capped_negative0.5__full__power1.5,bounded_subtraction,0.8757263486749615,-0.01273599136921233
0.5,policy::capped_negative0.5__full__uniform0.02,bounded_subtraction,0.9135463360544078,0.025083996010234033
0.5,policy::capped_negative0.5__full__uniform0.05,bounded_subtraction,0.9133660031929943,0.024903663148820532
0.5,policy::capped_negative0.5__full__uniform0.1,bounded_subtraction,0.9072625440469034,0.018800204002729637
0.5,policy::capped_negative0.5__full__uniform0.2,bounded_subtraction,0.9023226961756948,0.013860356131521034
0.5,policy::capped_negative0.5__topm__accept_clip0.02,bounded_subtraction,0.9099601418977137,0.02149780185353989
0.5,policy::capped_negative0.5__topm__accept_clip0.05,bounded_subtraction,0.90804305924303,0.019580719198856178
0.5,policy::capped_negative0.5__topm__accept_clip0.1,bounded_subtraction,0.9046720508880975,0.016209710843923752
0.5,policy::capped_negative0.5__topm__bonus1.25,bounded_subtraction,0.8871880243202568,-0.0012743157239170078
0.5,policy::capped_negative0.5__topm__bonus1.5,bounded_subtraction,0.8875546193179523,-0.0009077207262214726
0.5,policy::capped_negative0.5__topm__bonus2,bounded_subtraction,0.88789500682751,-0.0005673332166638012
0.5,policy::capped_negative0.5__topm__bonus3,bounded_subtraction,0.8875656001673164,-0.0008967398768573442
0.5,policy::capped_negative0.5__topm__expected_mix0.25,bounded_subtraction,0.9140062896700966,0.02554394962592277
0.5,policy::capped_negative0.5__topm__expected_mix0.5,bounded_subtraction,0.9167868267929276,0.028324486748753763
0.5,policy::capped_negative0.5__topm__expected_mix0.75,bounded_subtraction,0.9119789465480257,0.0235166065038519
0.5,policy::capped_negative0.5__topm__expected_rejection,bounded_subtraction,0.9086348039065484,0.02017246386237459
0.5,policy::capped_negative0.5__topm__h_tau0.8,bounded_subtraction,0.87813637099089,-0.010325969053283757
0.5,policy::capped_negative0.5__topm__h_tau0.9,bounded_subtraction,0.8840245057473131,-0.004437834296860732
0.5,policy::capped_negative0.5__topm__h_tau1.1,bounded_subtraction,0.8886677155268515,0.00020537548267773875
0.5,policy::capped_negative0.5__topm__h_tau1.25,bounded_subtraction,0.8870071661435297,-0.0014551739006440911
0.5,policy::capped_negative0.5__topm__original,bounded_subtraction,0.8874678318445336,-0.0009945081996401983
0.5,policy::capped_negative0.5__topm__power0.5,bounded_subtraction,0.8879399396174044,-0.0005224004267694315
0.5,policy::capped_negative0.5__topm__power0.75,bounded_subtraction,0.8882939629228155,-0.00016837712135830962
0.5,policy::capped_negative0.5__topm__power1.25,bounded_subtraction,0.8814521085742902,-0.007010231469883554
0.5,policy::capped_negative0.5__topm__power1.5,bounded_subtraction,0.8758273598831909,-0.012634980160982856
0.5,policy::capped_negative0.5__topm__uniform0.02,bounded_subtraction,0.9135693257676843,0.025106985723510555
0.5,policy::capped_negative0.5__topm__uniform0.05,bounded_subtraction,0.9133713639199799,0.02490902387580607
0.5,policy::capped_negative0.5__topm__uniform0.1,bounded_subtraction,0.907505497310799,0.0190431572666252
0.5,policy::capped_negative0.5__topm__uniform0.2,bounded_subtraction,0.902355434419355,0.013893094375181159
0.5,policy::capped_negative1__full__accept_clip0.02,bounded_subtraction,0.9120622935882503,0.023599953544076513
0.5,policy::capped_negative1__full__accept_clip0.05,bounded_subtraction,0.907530114262891,0.019067774218717193
0.5,policy::capped_negative1__full__accept_clip0.1,bounded_subtraction,0.9043021320343197,0.015839791990145957
0.5,policy::capped_negative1__full__bonus1.25,bounded_subtraction,0.8881243326260635,-0.00033800741811029766
0.5,policy::capped_negative1__full__bonus1.5,bounded_subtraction,0.8881102182850348,-0.00035212175913901245
0.5,policy::capped_negative1__full__bonus2,bounded_subtraction,0.8886040819411953,0.00014174189702154116
0.5,policy::capped_negative1__full__bonus3,bounded_subtraction,0.8890246167018683,0.0005622766576944827
0.5,policy::capped_negative1__full__expected_mix0.25,bounded_subtraction,0.9173114883763648,0.028849148332190988
0.5,policy::capped_negative1__full__expected_mix0.5,bounded_subtraction,0.9157932806467441,0.027330940602570353
0.5,policy::capped_negative1__full__expected_mix0.75,bounded_subtraction,0.9146926341816335,0.026230294137459698
0.5,policy::capped_negative1__full__expected_rejection,bounded_subtraction,0.9089336971331973,0.02047135708902348
0.5,policy::capped_negative1__full__h_tau0.8,bounded_subtraction,0.877259556406043,-0.011202783638130764
0.5,policy::capped_negative1__full__h_tau0.9,bounded_subtraction,0.8841703709473833,-0.004291969096790527
0.5,policy::capped_negative1__full__h_tau1.1,bounded_subtraction,0.8909035812694825,0.0024412412253087545
0.5,policy::capped_negative1__full__h_tau1.25,bounded_subtraction,0.8886970983604634,0.0002347583162896072
0.5,policy::capped_negative1__full__original,bounded_subtraction,0.8880266937024184,-0.0004356463417554135
0.5,policy::capped_negative1__full__power0.5,bounded_subtraction,0.8898438228628556,0.0013814828186817785
0.5,policy::capped_negative1__full__power0.75,bounded_subtraction,0.8892000171708048,0.0007376771266309756
0.5,policy::capped_negative1__full__power1.25,bounded_subtraction,0.8812116842658513,-0.007250655778322512
0.5,policy::capped_negative1__full__power1.5,bounded_subtraction,0.8753430989646217,-0.01311924107955209
0.5,policy::capped_negative1__full__uniform0.02,bounded_subtraction,0.9146814176242274,0.026219077580053596
0.5,policy::capped_negative1__full__uniform0.05,bounded_subtraction,0.9151295340731274,0.026667194028953567
0.5,policy::capped_negative1__full__uniform0.1,bounded_subtraction,0.9090541770198517,0.020591836975677902
0.5,policy::capped_negative1__full__uniform0.2,bounded_subtraction,0.9044653257422486,0.01600298569807479
0.5,policy::capped_negative1__topm__accept_clip0.02,bounded_subtraction,0.9120313127864299,0.02356897274225611
0.5,policy::capped_negative1__topm__accept_clip0.05,bounded_subtraction,0.9059948001905171,0.017532460146343354
0.5,policy::capped_negative1__topm__accept_clip0.1,bounded_subtraction,0.9039248961358612,0.015462556091687452
0.5,policy::capped_negative1__topm__bonus1.25,bounded_subtraction,0.8881287955640572,-0.00033354448011657656
0.5,policy::capped_negative1__topm__bonus1.5,bounded_subtraction,0.8881234797013786,-0.0003388603427951775
0.5,policy::capped_negative1__topm__bonus2,bounded_subtraction,0.8885966269735046,0.00013428692933081798
0.5,policy::capped_negative1__topm__bonus3,bounded_subtraction,0.8887225254948516,0.00026018545067785226
0.5,policy::capped_negative1__topm__expected_mix0.25,bounded_subtraction,0.9154311049916296,0.026968764947455814
0.5,policy::capped_negative1__topm__expected_mix0.5,bounded_subtraction,0.9157784512194593,0.02731611117528554
0.5,policy::capped_negative1__topm__expected_mix0.75,bounded_subtraction,0.9120401348069589,0.023577794762785098
0.5,policy::capped_negative1__topm__expected_rejection,bounded_subtraction,0.9098139849623336,0.021351644918159773
0.5,policy::capped_negative1__topm__h_tau0.8,bounded_subtraction,0.8772726737474174,-0.01118966629675644
0.5,policy::capped_negative1__topm__h_tau0.9,bounded_subtraction,0.8841261109514139,-0.00433622909275988
0.5,policy::capped_negative1__topm__h_tau1.1,bounded_subtraction,0.8908947193752551,0.0024323793310813135
0.5,policy::capped_negative1__topm__h_tau1.25,bounded_subtraction,0.8884507777945926,-1.156224958120955e-05
0.5,policy::capped_negative1__topm__original,bounded_subtraction,0.888012179594855,-0.00045016044931878163
0.5,policy::capped_negative1__topm__power0.5,bounded_subtraction,0.889352651042669,0.0008903109984952362
0.5,policy::capped_negative1__topm__power0.75,bounded_subtraction,0.8892106616504317,0.000748321606257929
0.5,policy::capped_negative1__topm__power1.25,bounded_subtraction,0.8812116994338994,-0.0072506406102743615
0.5,policy::capped_negative1__topm__power1.5,bounded_subtraction,0.8754240618337314,-0.013038278210442344
0.5,policy::capped_negative1__topm__uniform0.02,bounded_subtraction,0.91486984546905,0.026407505424876243
0.5,policy::capped_negative1__topm__uniform0.05,bounded_subtraction,0.9151348775703765,0.02667253752620269
0.5,policy::capped_negative1__topm__uniform0.1,bounded_subtraction,0.9090486282742466,0.020586288230072802
0.5,policy::capped_negative1__topm__uniform0.2,bounded_subtraction,0.9041898625776572,0.015727522533483418
0.5,policy::complement__full__accept_clip0.02,bounded_subtraction,0.8699031368557888,-0.018559203188385
0.5,policy::complement__full__accept_clip0.05,bounded_subtraction,0.8650757539216491,-0.023386586122524644
0.5,policy::complement__full__accept_clip0.1,bounded_subtraction,0.8630831830174341,-0.02537915702673965
0.5,policy::complement__full__bonus1.25,bounded_subtraction,0.8619835679077366,-0.026478772136437234
0.5,policy::complement__full__bonus1.5,bounded_subtraction,0.8622342210836034,-0.026228118960570423
0.5,policy::complement__full__bonus2,bounded_subtraction,0.8628287353386725,-0.025633604705501245
0.5,policy::complement__full__bonus3,bounded_subtraction,0.8634783669941877,-0.02498397304998612
0.5,policy::complement__full__expected_mix0.25,bounded_subtraction,0.8727776636925115,-0.015684676351662263
0.5,policy::complement__full__expected_mix0.5,bounded_subtraction,0.873048165855055,-0.015414174189118834
0.5,policy::complement__full__expected_mix0.75,bounded_subtraction,0.8730293842494192,-0.015432955794754566
0.5,policy::complement__full__expected_rejection,bounded_subtraction,0.8694298256176068,-0.01903251442656695
0.5,policy::complement__full__h_tau0.8,bounded_subtraction,0.8564207033739712,-0.032041636670202545
0.5,policy::complement__full__h_tau0.9,bounded_subtraction,0.8609879079746993,-0.02747443206947453
0.5,policy::complement__full__h_tau1.1,bounded_subtraction,0.8643128176581683,-0.02414952238600554
0.5,policy::complement__full__h_tau1.25,bounded_subtraction,0.8611965707226634,-0.02726576932151037
0.5,policy::complement__full__original,bounded_subtraction,0.8621977490098685,-0.02626459103430534
0.5,policy::complement__full__power0.5,bounded_subtraction,0.8667710257438224,-0.021691314300351427
0.5,policy::complement__full__power0.75,bounded_subtraction,0.8643450081268034,-0.02411733191737042
0.5,policy::complement__full__power1.25,bounded_subtraction,0.857790221283661,-0.03067211876051279
0.5,policy::complement__full__power1.5,bounded_subtraction,0.8540694957233028,-0.034392844320870974
0.5,policy::complement__full__uniform0.02,bounded_subtraction,0.8700767566334904,-0.018385583410683415
0.5,policy::complement__full__uniform0.05,bounded_subtraction,0.8686701335685387,-0.019792206475635066
0.5,policy::complement__full__uniform0.1,bounded_subtraction,0.8671977834775113,-0.021264556566662485
0.5,policy::complement__full__uniform0.2,bounded_subtraction,0.8616733235267638,-0.026789016517409947
0.5,policy::complement__topm__accept_clip0.02,bounded_subtraction,0.8698887710116419,-0.018573569032531934
0.5,policy::complement__topm__accept_clip0.05,bounded_subtraction,0.8641060936191667,-0.02435624642500711
0.5,policy::complement__topm__accept_clip0.1,bounded_subtraction,0.8627535865255661,-0.025708753518607685
0.5,policy::complement__topm__bonus1.25,bounded_subtraction,0.8619785154248367,-0.02648382461933707
0.5,policy::complement__topm__bonus1.5,bounded_subtraction,0.8622291684099191,-0.02623317163425465
0.5,policy::complement__topm__bonus2,bounded_subtraction,0.8628231211621026,-0.025639218882071213
0.5,policy::complement__topm__bonus3,bounded_subtraction,0.8634993558532617,-0.02496298419091214
0.5,policy::complement__topm__expected_mix0.25,bounded_subtraction,0.8726621793072603,-0.015800160736913482
0.5,policy::complement__topm__expected_mix0.5,bounded_subtraction,0.8730048843259057,-0.015457455718268065
0.5,policy::complement__topm__expected_mix0.75,bounded_subtraction,0.8727642369479385,-0.015698103096235316
0.5,policy::complement__topm__expected_rejection,bounded_subtraction,0.8694019443124452,-0.019060395731728574
0.5,policy::complement__topm__h_tau0.8,bounded_subtraction,0.8564291215380462,-0.032033218506127614
0.5,policy::complement__topm__h_tau0.9,bounded_subtraction,0.8609857053685632,-0.027476634675610567
0.5,policy::complement__topm__h_tau1.1,bounded_subtraction,0.8643107187339905,-0.024151621310183335
0.5,policy::complement__topm__h_tau1.25,bounded_subtraction,0.861175449238184,-0.027286890805989783
0.5,policy::complement__topm__original,bounded_subtraction,0.8621926996015271,-0.02626964044264668
0.5,policy::complement__topm__power0.5,bounded_subtraction,0.8664067363711678,-0.022055603673005963
0.5,policy::complement__topm__power0.75,bounded_subtraction,0.8644203515598279,-0.02404198848434591
0.5,policy::complement__topm__power1.25,bounded_subtraction,0.8577895621237732,-0.030672777920400573
0.5,policy::complement__topm__power1.5,bounded_subtraction,0.8538116580103494,-0.034650682033824376
0.5,policy::complement__topm__uniform0.02,bounded_subtraction,0.8700137179272078,-0.018448622116965963
0.5,policy::complement__topm__uniform0.05,bounded_subtraction,0.8686685672341594,-0.019793772810014376
0.5,policy::complement__topm__uniform0.1,bounded_subtraction,0.8671309711501551,-0.021331368894018654
0.5,policy::complement__topm__uniform0.2,bounded_subtraction,0.8617218082457591,-0.026740531798414735
0.5,policy::complement_power0.5__full__accept_clip0.02,bounded_subtraction,0.9175900293018829,0.029127689257709144
0.5,policy::complement_power0.5__full__accept_clip0.05,bounded_subtraction,0.9133892654606097,0.02492692541643593
0.5,policy::complement_power0.5__full__accept_clip0.1,bounded_subtraction,0.9117680806693735,0.023305740625199745
0.5,policy::complement_power0.5__full__bonus1.25,bounded_subtraction,0.890703050283703,0.002240710239529209
0.5,policy::complement_power0.5__full__bonus1.5,bounded_subtraction,0.890934826693207,0.002472486649033212
0.5,policy::complement_power0.5__full__bonus2,bounded_subtraction,0.8911530244508103,0.0026906844066365565
0.5,policy::complement_power0.5__full__bonus3,bounded_subtraction,0.8916854256328315,0.0032230855886576926
0.5,policy::complement_power0.5__full__expected_mix0.25,bounded_subtraction,0.9215282210273199,0.03306588098314611
0.5,policy::complement_power0.5__full__expected_mix0.5,bounded_subtraction,0.9206142609826585,0.032151920938484735
0.5,policy::complement_power0.5__full__expected_mix0.75,bounded_subtraction,0.9163205971889269,0.027858257144753096
0.5,policy::complement_power0.5__full__expected_rejection,bounded_subtraction,0.914419004265778,0.025956664221604253
0.5,policy::complement_power0.5__full__h_tau0.8,bounded_subtraction,0.8797811451401191,-0.008681194904054723
0.5,policy::complement_power0.5__full__h_tau0.9,bounded_subtraction,0.8870964933340596,-0.0013658467101141936
0.5,policy::complement_power0.5__full__h_tau1.1,bounded_subtraction,0.893029901044194,0.004567561000020204
0.5,policy::complement_power0.5__full__h_tau1.25,bounded_subtraction,0.8897225151747584,0.0012601751305846287
0.5,policy::complement_power0.5__full__original,bounded_subtraction,0.8896805757538786,0.0012182357097048069
0.5,policy::complement_power0.5__full__power0.5,bounded_subtraction,0.8921548648808197,0.0036925248366459495
0.5,policy::complement_power0.5__full__power0.75,bounded_subtraction,0.8931588837669413,0.00469654372276751
0.5,policy::complement_power0.5__full__power1.25,bounded_subtraction,0.8834213939379446,-0.005040946106229183
0.5,policy::complement_power0.5__full__power1.5,bounded_subtraction,0.8776491849654168,-0.01081315507875702
0.5,policy::complement_power0.5__full__uniform0.02,bounded_subtraction,0.9198085284866115,0.03134618844243775
0.5,policy::complement_power0.5__full__uniform0.05,bounded_subtraction,0.9195251868019712,0.031062846757797358
0.5,policy::complement_power0.5__full__uniform0.1,bounded_subtraction,0.9167731349400222,0.028310794895848423
0.5,policy::complement_power0.5__full__uniform0.2,bounded_subtraction,0.9103626174342316,0.021900277390057843
0.5,policy::complement_power0.5__topm__accept_clip0.02,bounded_subtraction,0.9159414172037408,0.02747907715956699
0.5,policy::complement_power0.5__topm__accept_clip0.05,bounded_subtraction,0.9122646796810994,0.023802339636925574
0.5,policy::complement_power0.5__topm__accept_clip0.1,bounded_subtraction,0.9118325473593449,0.023370207315171143
0.5,policy::complement_power0.5__topm__bonus1.25,bounded_subtraction,0.888982180006588,0.0005198399624142258
0.5,policy::complement_power0.5__topm__bonus1.5,bounded_subtraction,0.889092486146966,0.0006301461027922173
0.5,policy::complement_power0.5__topm__bonus2,bounded_subtraction,0.8893203187598349,0.0008579787156610674
0.5,policy::complement_power0.5__topm__bonus3,bounded_subtraction,0.8895019275774729,0.0010395875332991356
0.5,policy::complement_power0.5__topm__expected_mix0.25,bounded_subtraction,0.918327239695634,0.02986489965146022
0.5,policy::complement_power0.5__topm__expected_mix0.5,bounded_subtraction,0.9204499430351669,0.031987602990993125
0.5,policy::complement_power0.5__topm__expected_mix0.75,bounded_subtraction,0.9148424774397167,0.026380137395542902
0.5,policy::complement_power0.5__topm__expected_rejection,bounded_subtraction,0.913363545197919,0.024901205153745165
0.5,policy::complement_power0.5__topm__h_tau0.8,bounded_subtraction,0.8796898590337909,-0.00877248101038286
0.5,policy::complement_power0.5__topm__h_tau0.9,bounded_subtraction,0.8870925076127832,-0.0013698324313905497
0.5,policy::complement_power0.5__topm__h_tau1.1,bounded_subtraction,0.8916640125108233,0.0032016724666494856
0.5,policy::complement_power0.5__topm__h_tau1.25,bounded_subtraction,0.8895423610968803,0.001080021052706548
0.5,policy::complement_power0.5__topm__original,bounded_subtraction,0.8879222758153396,-0.0005400642288342361
0.5,policy::complement_power0.5__topm__power0.5,bounded_subtraction,0.8920786633718831,0.0036163233277093365
0.5,policy::complement_power0.5__topm__power0.75,bounded_subtraction,0.8931078159466145,0.004645475902440688
0.5,policy::complement_power0.5__topm__power1.25,bounded_subtraction,0.8833748938484509,-0.005087446195722878
0.5,policy::complement_power0.5__topm__power1.5,bounded_subtraction,0.8776487008894913,-0.010813639154682475
0.5,policy::complement_power0.5__topm__uniform0.02,bounded_subtraction,0.9198596840210026,0.031397343976828807
0.5,policy::complement_power0.5__topm__uniform0.05,bounded_subtraction,0.9195421035743616,0.03107976353018782
0.5,policy::complement_power0.5__topm__uniform0.1,bounded_subtraction,0.9165899787977871,0.02812763875361335
0.5,policy::complement_power0.5__topm__uniform0.2,bounded_subtraction,0.9097592263874861,0.021296886343312282
0.5,policy::complement_power1__full__accept_clip0.02,bounded_subtraction,0.9174722231949268,0.029009883150753035
0.5,policy::complement_power1__full__accept_clip0.05,bounded_subtraction,0.9151205637864817,0.026658223742307863
0.5,policy::complement_power1__full__accept_clip0.1,bounded_subtraction,0.9110227212741061,0.022560381229932314
0.5,policy::complement_power1__full__bonus1.25,bounded_subtraction,0.8905730334250199,0.0021106933808461292
0.5,policy::complement_power1__full__bonus1.5,bounded_subtraction,0.8908260522327689,0.002363712188595102
0.5,policy::complement_power1__full__bonus2,bounded_subtraction,0.8912398859660144,0.0027775459218406517
0.5,policy::complement_power1__full__bonus3,bounded_subtraction,0.8917486840929332,0.003286344048759382
0.5,policy::complement_power1__full__expected_mix0.25,bounded_subtraction,0.9208726940861243,0.03241035404195047
0.5,policy::complement_power1__full__expected_mix0.5,bounded_subtraction,0.9215822008555979,0.03311986081142415
0.5,policy::complement_power1__full__expected_mix0.75,bounded_subtraction,0.9174952766665029,0.029032936622329086
0.5,policy::complement_power1__full__expected_rejection,bounded_subtraction,0.9147021721724633,0.02623983212828951
0.5,policy::complement_power1__full__h_tau0.8,bounded_subtraction,0.8797149392481234,-0.008747400796050409
0.5,policy::complement_power1__full__h_tau0.9,bounded_subtraction,0.8867890324691606,-0.001673307575013161
0.5,policy::complement_power1__full__h_tau1.1,bounded_subtraction,0.892929529185154,0.00446718914098021
0.5,policy::complement_power1__full__h_tau1.25,bounded_subtraction,0.8922428054417859,0.0037804653976121205
0.5,policy::complement_power1__full__original,bounded_subtraction,0.8895261783942779,0.0010638383501041515
0.5,policy::complement_power1__full__power0.5,bounded_subtraction,0.8925123644791395,0.0040500244349657155
0.5,policy::complement_power1__full__power0.75,bounded_subtraction,0.8927503556231298,0.004288015578955973
0.5,policy::complement_power1__full__power1.25,bounded_subtraction,0.8827536120295629,-0.005708728014610864
0.5,policy::complement_power1__full__power1.5,bounded_subtraction,0.8774150519591987,-0.011047288084975126
0.5,policy::complement_power1__full__uniform0.02,bounded_subtraction,0.9196580947250923,0.031195754680918508
0.5,policy::complement_power1__full__uniform0.05,bounded_subtraction,0.919962816955809,0.031500476911635156
0.5,policy::complement_power1__full__uniform0.1,bounded_subtraction,0.9178457171470911,0.029383377102917274
0.5,policy::complement_power1__full__uniform0.2,bounded_subtraction,0.9116131878838774,0.02315084783970356
0.5,policy::complement_power1__topm__accept_clip0.02,bounded_subtraction,0.9172352278432104,0.02877288779903664
0.5,policy::complement_power1__topm__accept_clip0.05,bounded_subtraction,0.9134668974396174,0.025004557395443605
0.5,policy::complement_power1__topm__accept_clip0.1,bounded_subtraction,0.9109898020130511,0.022527461968877338
0.5,policy::complement_power1__topm__bonus1.25,bounded_subtraction,0.8902482851386021,0.0017859450944283095
0.5,policy::complement_power1__topm__bonus1.5,bounded_subtraction,0.8903798335737445,0.001917493529570713
0.5,policy::complement_power1__topm__bonus2,bounded_subtraction,0.8909108127622878,0.002448472718113992
0.5,policy::complement_power1__topm__bonus3,bounded_subtraction,0.8910688116052848,0.0026064715611110456
0.5,policy::complement_power1__topm__expected_mix0.25,bounded_subtraction,0.9189033175445658,0.030440977500391986
0.5,policy::complement_power1__topm__expected_mix0.5,bounded_subtraction,0.9201583532280345,0.03169601318386073
0.5,policy::complement_power1__topm__expected_mix0.75,bounded_subtraction,0.9163098678523072,0.027847527808133377
0.5,policy::complement_power1__topm__expected_rejection,bounded_subtraction,0.9145276697699299,0.026065329725756148
0.5,policy::complement_power1__topm__h_tau0.8,bounded_subtraction,0.8796447098821327,-0.008817630162041068
0.5,policy::complement_power1__topm__h_tau0.9,bounded_subtraction,0.8865832182304414,-0.0018791218137323984
0.5,policy::complement_power1__topm__h_tau1.1,bounded_subtraction,0.8931563219504932,0.004693981906319422
0.5,policy::complement_power1__topm__h_tau1.25,bounded_subtraction,0.8906699505500842,0.002207610505910451
0.5,policy::complement_power1__topm__original,bounded_subtraction,0.8891923964717359,0.0007300564275620758
0.5,policy::complement_power1__topm__power0.5,bounded_subtraction,0.892155842722802,0.0036935026786282243
0.5,policy::complement_power1__topm__power0.75,bounded_subtraction,0.8928109483963356,0.004348608352161776
0.5,policy::complement_power1__topm__power1.25,bounded_subtraction,0.8827443815281646,-0.005717958516009203
0.5,policy::complement_power1__topm__power1.5,bounded_subtraction,0.8774156628691807,-0.01104667717499308
0.5,policy::complement_power1__topm__uniform0.02,bounded_subtraction,0.9193302446221184,0.030867904577944638
0.5,policy::complement_power1__topm__uniform0.05,bounded_subtraction,0.9199576881943081,0.03149534815013433
0.5,policy::complement_power1__topm__uniform0.1,bounded_subtraction,0.9175029039412839,0.029040563897110072
0.5,policy::complement_power1__topm__uniform0.2,bounded_subtraction,0.910890171753287,0.022427831709113222
0.5,policy::complement_power2__full__accept_clip0.02,bounded_subtraction,0.917269674485636,0.028807334441462218
0.5,policy::complement_power2__full__accept_clip0.05,bounded_subtraction,0.912922209130145,0.024459869085971198
0.5,policy::complement_power2__full__accept_clip0.1,bounded_subtraction,0.9093426646020012,0.0208803245578274
0.5,policy::complement_power2__full__bonus1.25,bounded_subtraction,0.889830648574526,0.0013683085303521914
0.5,policy::complement_power2__full__bonus1.5,bounded_subtraction,0.890070530525536,0.0016081904813621817
0.5,policy::complement_power2__full__bonus2,bounded_subtraction,0.8905451677692515,0.0020828277250777294
0.5,policy::complement_power2__full__bonus3,bounded_subtraction,0.8907111324148554,0.0022487923706816515
0.5,policy::complement_power2__full__expected_mix0.25,bounded_subtraction,0.9217048918416264,0.03324255179745261
0.5,policy::complement_power2__full__expected_mix0.5,bounded_subtraction,0.9200266781712638,0.03156433812709003
0.5,policy::complement_power2__full__expected_mix0.75,bounded_subtraction,0.9189741944392479,0.03051185439507409
0.5,policy::complement_power2__full__expected_rejection,bounded_subtraction,0.914464649487473,0.026002309443299176
0.5,policy::complement_power2__full__h_tau0.8,bounded_subtraction,0.8780896296287162,-0.01037271041545762
0.5,policy::complement_power2__full__h_tau0.9,bounded_subtraction,0.8865869618365427,-0.0018753782076310621
0.5,policy::complement_power2__full__h_tau1.1,bounded_subtraction,0.8941461032490114,0.005683763204837655
0.5,policy::complement_power2__full__h_tau1.25,bounded_subtraction,0.8928118699436451,0.004349529899471349
0.5,policy::complement_power2__full__original,bounded_subtraction,0.890040487991369,0.0015781479471952409
0.5,policy::complement_power2__full__power0.5,bounded_subtraction,0.891409706184082,0.002947366139908203
0.5,policy::complement_power2__full__power0.75,bounded_subtraction,0.8920286915873954,0.003566351543221602
0.5,policy::complement_power2__full__power1.25,bounded_subtraction,0.8819778146515158,-0.0064845253926579804
0.5,policy::complement_power2__full__power1.5,bounded_subtraction,0.8761985292270733,-0.012263810817100484
0.5,policy::complement_power2__full__uniform0.02,bounded_subtraction,0.9185462326103586,0.030083892566184822
0.5,policy::complement_power2__full__uniform0.05,bounded_subtraction,0.9188847295939067,0.030422389549732864
0.5,policy::complement_power2__full__uniform0.1,bounded_subtraction,0.9170882127623694,0.02862587271819561
0.5,policy::complement_power2__full__uniform0.2,bounded_subtraction,0.9112431823385627,0.022780842294388925
0.5,policy::complement_power2__topm__accept_clip0.02,bounded_subtraction,0.9170694974459838,0.02860715740180997
0.5,policy::complement_power2__topm__accept_clip0.05,bounded_subtraction,0.9129201201128635,0.024457780068689705
0.5,policy::complement_power2__topm__accept_clip0.1,bounded_subtraction,0.9090582035620929,0.02059586351791909
0.5,policy::complement_power2__topm__bonus1.25,bounded_subtraction,0.8897617512587711,0.0012994112145973125
0.5,policy::complement_power2__topm__bonus1.5,bounded_subtraction,0.8900012801609153,0.001538940116741494
0.5,policy::complement_power2__topm__bonus2,bounded_subtraction,0.890471098207856,0.0020087581636821783
0.5,policy::complement_power2__topm__bonus3,bounded_subtraction,0.8906428546005674,0.0021805145563935646
0.5,policy::complement_power2__topm__expected_mix0.25,bounded_subtraction,0.9200056113350197,0.03154327129084589
0.5,policy::complement_power2__topm__expected_mix0.5,bounded_subtraction,0.9199862469491071,0.03152390690493334
0.5,policy::complement_power2__topm__expected_mix0.75,bounded_subtraction,0.9161954026529892,0.027733062608815362
0.5,policy::complement_power2__topm__expected_rejection,bounded_subtraction,0.9140333534777387,0.025571013433564938
0.5,policy::complement_power2__topm__h_tau0.8,bounded_subtraction,0.8779474526375841,-0.010514887406589679
0.5,policy::complement_power2__topm__h_tau0.9,bounded_subtraction,0.8866009112017342,-0.0018614288424395609
0.5,policy::complement_power2__topm__h_tau1.1,bounded_subtraction,0.8941648995454498,0.005702559501275961
0.5,policy::complement_power2__topm__h_tau1.25,bounded_subtraction,0.8930256879862747,0.004563347942100893
0.5,policy::complement_power2__topm__original,bounded_subtraction,0.8899506865848356,0.0014883465406617669
0.5,policy::complement_power2__topm__power0.5,bounded_subtraction,0.891416404296728,0.0029540642525541783
0.5,policy::complement_power2__topm__power0.75,bounded_subtraction,0.8919461822200543,0.0034838421758804916
0.5,policy::complement_power2__topm__power1.25,bounded_subtraction,0.8819841191978945,-0.006478220846279248
0.5,policy::complement_power2__topm__power1.5,bounded_subtraction,0.8762175545880699,-0.012244785456103857
0.5,policy::complement_power2__topm__uniform0.02,bounded_subtraction,0.9182064736161202,0.029744133571946385
0.5,policy::complement_power2__topm__uniform0.05,bounded_subtraction,0.9187989816029438,0.030336641558770028
0.5,policy::complement_power2__topm__uniform0.1,bounded_subtraction,0.9167684971350974,0.028306157090923656
0.5,policy::complement_power2__topm__uniform0.2,bounded_subtraction,0.9112655816346981,0.02280324159052427
0.5,policy::complement_power4__full__accept_clip0.02,bounded_subtraction,0.9100101537511113,0.02154781370693748
0.5,policy::complement_power4__full__accept_clip0.05,bounded_subtraction,0.9078995053868085,0.019437165342634732
0.5,policy::complement_power4__full__accept_clip0.1,bounded_subtraction,0.9043586911161547,0.015896351071980952
0.5,policy::complement_power4__full__bonus1.25,bounded_subtraction,0.885772472697818,-0.00268986734635579
0.5,policy::complement_power4__full__bonus1.5,bounded_subtraction,0.8859842999149175,-0.0024780401292563425
0.5,policy::complement_power4__full__bonus2,bounded_subtraction,0.8866861207832566,-0.0017762192609172
0.5,policy::complement_power4__full__bonus3,bounded_subtraction,0.8859566111213041,-0.00250572892286971
0.5,policy::complement_power4__full__expected_mix0.25,bounded_subtraction,0.917823255691061,0.029360915646887253
0.5,policy::complement_power4__full__expected_mix0.5,bounded_subtraction,0.9165953753074476,0.02813303526327382
0.5,policy::complement_power4__full__expected_mix0.75,bounded_subtraction,0.9163686928293518,0.027906352785178057
0.5,policy::complement_power4__full__expected_rejection,bounded_subtraction,0.9113333450609669,0.022871005016793067
0.5,policy::complement_power4__full__h_tau0.8,bounded_subtraction,0.8772390943434305,-0.01122324570074329
0.5,policy::complement_power4__full__h_tau0.9,bounded_subtraction,0.8823706427238703,-0.0060916973203034575
0.5,policy::complement_power4__full__h_tau1.1,bounded_subtraction,0.8906742604227347,0.002211920378560883
0.5,policy::complement_power4__full__h_tau1.25,bounded_subtraction,0.8880778033262086,-0.0003845367179652337
0.5,policy::complement_power4__full__original,bounded_subtraction,0.8856966253988979,-0.002765714645275863
0.5,policy::complement_power4__full__power0.5,bounded_subtraction,0.8891640240421211,0.0007016839979473444
0.5,policy::complement_power4__full__power0.75,bounded_subtraction,0.8878703949324077,-0.000591945111766079
0.5,policy::complement_power4__full__power1.25,bounded_subtraction,0.8802665312171737,-0.008195808827000106
0.5,policy::complement_power4__full__power1.5,bounded_subtraction,0.8731207030369157,-0.015341637007258102
0.5,policy::complement_power4__full__uniform0.02,bounded_subtraction,0.9108950138933157,0.022432673849141938
0.5,policy::complement_power4__full__uniform0.05,bounded_subtraction,0.9106094465719797,0.022147106527805938
0.5,policy::complement_power4__full__uniform0.1,bounded_subtraction,0.9085431139207529,0.02008077387657914
0.5,policy::complement_power4__full__uniform0.2,bounded_subtraction,0.9030416050631904,0.01457926501901663
0.5,policy::complement_power4__topm__accept_clip0.02,bounded_subtraction,0.9096462619034951,0.021183921859321275
0.5,policy::complement_power4__topm__accept_clip0.05,bounded_subtraction,0.9078226739826865,0.019360333938512664
0.5,policy::complement_power4__topm__accept_clip0.1,bounded_subtraction,0.9044472575815938,0.01598491753742004
0.5,policy::complement_power4__topm__bonus1.25,bounded_subtraction,0.8857423935833943,-0.0027199464607794432
0.5,policy::complement_power4__topm__bonus1.5,bounded_subtraction,0.8859822639533146,-0.0024800760908592068
0.5,policy::complement_power4__topm__bonus2,bounded_subtraction,0.8866925682871982,-0.0017697717569755689
0.5,policy::complement_power4__topm__bonus3,bounded_subtraction,0.8859545753783304,-0.0025077646658433483
0.5,policy::complement_power4__topm__expected_mix0.25,bounded_subtraction,0.9155893413935206,0.027127001349346758
0.5,policy::complement_power4__topm__expected_mix0.5,bounded_subtraction,0.9165602104516168,0.02809787040744305
0.5,policy::complement_power4__topm__expected_mix0.75,bounded_subtraction,0.9153550821889699,0.02689274214479609
0.5,policy::complement_power4__topm__expected_rejection,bounded_subtraction,0.9111968344630867,0.022734494418912954
0.5,policy::complement_power4__topm__h_tau0.8,bounded_subtraction,0.8771993341637692,-0.01126300588040463
0.5,policy::complement_power4__topm__h_tau0.9,bounded_subtraction,0.8823393769906578,-0.006122963053516006
0.5,policy::complement_power4__topm__h_tau1.1,bounded_subtraction,0.890432286620497,0.0019699465763232116
0.5,policy::complement_power4__topm__h_tau1.25,bounded_subtraction,0.8881190681786315,-0.00034327186554228284
0.5,policy::complement_power4__topm__original,bounded_subtraction,0.8856682628500313,-0.002794077194142486
0.5,policy::complement_power4__topm__power0.5,bounded_subtraction,0.8892427511055243,0.0007804110613505166
0.5,policy::complement_power4__topm__power0.75,bounded_subtraction,0.8876535494835752,-0.0008087905605985712
0.5,policy::complement_power4__topm__power1.25,bounded_subtraction,0.8802315276987396,-0.008230812345434213
0.5,policy::complement_power4__topm__power1.5,bounded_subtraction,0.8731213138255413,-0.015341026218632536
0.5,policy::complement_power4__topm__uniform0.02,bounded_subtraction,0.9109027372419017,0.022440397197727946
0.5,policy::complement_power4__topm__uniform0.05,bounded_subtraction,0.9106851163858981,0.022222776341724315
0.5,policy::complement_power4__topm__uniform0.1,bounded_subtraction,0.9085539752284105,0.020091635184236734
0.5,policy::complement_power4__topm__uniform0.2,bounded_subtraction,0.9031786252646423,0.014716285220468528
0.5,policy::epeak0.5__full__accept_clip0.02,local_gate,0.8739125733997178,-0.014549766644455953
0.5,policy::epeak0.5__full__accept_clip0.05,local_gate,0.8713085506402922,-0.01715378940388157
0.5,policy::epeak0.5__full__accept_clip0.1,local_gate,0.8696557549354167,-0.0188065851087571
0.5,policy::epeak0.5__full__bonus1.25,local_gate,0.8645382508825223,-0.02392408916165145
0.5,policy::epeak0.5__full__bonus1.5,local_gate,0.8649955554243053,-0.023466784619868508
0.5,policy::epeak0.5__full__bonus2,local_gate,0.8652928622741247,-0.023169477770049074
0.5,policy::epeak0.5__full__bonus3,local_gate,0.8657703174710558,-0.022692022573117976
0.5,policy::epeak0.5__full__expected_mix0.25,local_gate,0.8773464351466892,-0.011115904897484596
0.5,policy::epeak0.5__full__expected_mix0.5,local_gate,0.876978031529635,-0.011484308514538744
0.5,policy::epeak0.5__full__expected_mix0.75,local_gate,0.8757095012660518,-0.012752838778121944
0.5,policy::epeak0.5__full__expected_rejection,local_gate,0.8725963142022111,-0.015866025841962728
0.5,policy::epeak0.5__full__h_tau0.8,local_gate,0.8579915457003372,-0.030470794343836594
0.5,policy::epeak0.5__full__h_tau0.9,local_gate,0.8628876528134708,-0.025574687230702997
0.5,policy::epeak0.5__full__h_tau1.1,local_gate,0.8662162345012061,-0.022246105542967687
0.5,policy::epeak0.5__full__h_tau1.25,local_gate,0.864943121011003,-0.02351921903317078
0.5,policy::epeak0.5__full__original,local_gate,0.86493073954094,-0.023531600503233774
0.5,policy::epeak0.5__full__power0.5,local_gate,0.8677061697378877,-0.02075617030628607
0.5,policy::epeak0.5__full__power0.75,local_gate,0.8655656681247014,-0.022896671919472422
0.5,policy::epeak0.5__full__power1.25,local_gate,0.8599136406016443,-0.028548699442529468
0.5,policy::epeak0.5__full__power1.5,local_gate,0.8560443337196413,-0.03241800632453251
0.5,policy::epeak0.5__full__uniform0.02,local_gate,0.8743266566978155,-0.014135683346358285
0.5,policy::epeak0.5__full__uniform0.05,local_gate,0.874375369528697,-0.014086970515476804
0.5,policy::epeak0.5__full__uniform0.1,local_gate,0.8720618334860069,-0.01640050655816694
0.5,policy::epeak0.5__full__uniform0.2,local_gate,0.8672141697899466,-0.021248170254227206
0.5,policy::epeak0.5__topm__accept_clip0.02,local_gate,0.8736503367702015,-0.014812003273972252
0.5,policy::epeak0.5__topm__accept_clip0.05,local_gate,0.8704056579987969,-0.018056682045376915
0.5,policy::epeak0.5__topm__accept_clip0.1,local_gate,0.8694404081321204,-0.01902193191205337
0.5,policy::epeak0.5__topm__bonus1.25,local_gate,0.8641022281434421,-0.02436011190073173
0.5,policy::epeak0.5__topm__bonus1.5,local_gate,0.8643320045144203,-0.02413033552975352
0.5,policy::epeak0.5__topm__bonus2,local_gate,0.8647418781080011,-0.02372046193617272
0.5,policy::epeak0.5__topm__bonus3,local_gate,0.8652094301302573,-0.023252909913916486
0.5,policy::epeak0.5__topm__expected_mix0.25,local_gate,0.8772331635272024,-0.011229176516971417
0.5,policy::epeak0.5__topm__expected_mix0.5,local_gate,0.8771072965124949,-0.011355043531678932
0.5,policy::epeak0.5__topm__expected_mix0.75,local_gate,0.8728943209672422,-0.015568019076931616
0.5,policy::epeak0.5__topm__expected_rejection,local_gate,0.8723843850695523,-0.0160779549746215
0.5,policy::epeak0.5__topm__h_tau0.8,local_gate,0.8578333457864058,-0.030628994257767994
0.5,policy::epeak0.5__topm__h_tau0.9,local_gate,0.8629018651591148,-0.02556047488505897
0.5,policy::epeak0.5__topm__h_tau1.1,local_gate,0.8662162343789113,-0.022246105665262528
0.5,policy::epeak0.5__topm__h_tau1.25,local_gate,0.8650482801967907,-0.023414059847383095
0.5,policy::epeak0.5__topm__original,local_gate,0.8644251239818442,-0.02403721606232956
0.5,policy::epeak0.5__topm__power0.5,local_gate,0.8677635643457994,-0.020698775698374416
0.5,policy::epeak0.5__topm__power0.75,local_gate,0.8656300847387325,-0.022832255305441307
0.5,policy::epeak0.5__topm__power1.25,local_gate,0.8598782798513572,-0.028584060192816563
0.5,policy::epeak0.5__topm__power1.5,local_gate,0.8561253539821476,-0.032336986062026174
0.5,policy::epeak0.5__topm__uniform0.02,local_gate,0.874136689466132,-0.014325650578041804
0.5,policy::epeak0.5__topm__uniform0.05,local_gate,0.8742338188076272,-0.01422852123654661
0.5,policy::epeak0.5__topm__uniform0.1,local_gate,0.8720009015311475,-0.016461438513026283
0.5,policy::epeak0.5__topm__uniform0.2,local_gate,0.8672462878366887,-0.021216052207485125
0.5,policy::epeak0.7__full__accept_clip0.02,local_gate,0.8872590728041079,-0.0012032672400659195
0.5,policy::epeak0.7__full__accept_clip0.05,local_gate,0.8834759487847268,-0.004986391259446998
0.5,policy::epeak0.7__full__accept_clip0.1,local_gate,0.8819131706495844,-0.0065491693945893825
0.5,policy::epeak0.7__full__bonus1.25,local_gate,0.8732724806575349,-0.01518985938663886
0.5,policy::epeak0.7__full__bonus1.5,local_gate,0.8729235775222572,-0.01553876252191655
0.5,policy::epeak0.7__full__bonus2,local_gate,0.8734384856680371,-0.015023854376136736
0.5,policy::epeak0.7__full__bonus3,local_gate,0.8738341031277739,-0.014628236916399917
0.5,policy::epeak0.7__full__expected_mix0.25,local_gate,0.8901072732585089,0.0016449332143351203
0.5,policy::epeak0.7__full__expected_mix0.5,local_gate,0.889590702985285,0.0011283629411111828
0.5,policy::epeak0.7__full__expected_mix0.75,local_gate,0.888104247936983,-0.00035809210719084383
0.5,policy::epeak0.7__full__expected_rejection,local_gate,0.8840808926954478,-0.004381447348726031
0.5,policy::epeak0.7__full__h_tau0.8,local_gate,0.8655755790214402,-0.02288676102273357
0.5,policy::epeak0.7__full__h_tau0.9,local_gate,0.8716933717087592,-0.016768968335414636
0.5,policy::epeak0.7__full__h_tau1.1,local_gate,0.8744001839272774,-0.01406215611689643
0.5,policy::epeak0.7__full__h_tau1.25,local_gate,0.8733246879776569,-0.015137652066516849
0.5,policy::epeak0.7__full__original,local_gate,0.8736112187463245,-0.014851121297849268
0.5,policy::epeak0.7__full__power0.5,local_gate,0.8757129708613992,-0.012749369182774584
0.5,policy::epeak0.7__full__power0.75,local_gate,0.8742376498893664,-0.014224690154807429
0.5,policy::epeak0.7__full__power1.25,local_gate,0.8684405934292934,-0.02002174661488043
0.5,policy::epeak0.7__full__power1.5,local_gate,0.863395952524497,-0.025066387519676825
0.5,policy::epeak0.7__full__uniform0.02,local_gate,0.8868126033487217,-0.0016497366954520976
0.5,policy::epeak0.7__full__uniform0.05,local_gate,0.8865074871808971,-0.0019548528632766793
0.5,policy::epeak0.7__full__uniform0.1,local_gate,0.8840123898706729,-0.004449950173500916
0.5,policy::epeak0.7__full__uniform0.2,local_gate,0.8776762735174953,-0.010786066526678462
0.5,policy::epeak0.7__topm__accept_clip0.02,local_gate,0.8869907555201135,-0.0014715845240602654
0.5,policy::epeak0.7__topm__accept_clip0.05,local_gate,0.8827152774061154,-0.005747062638058353
0.5,policy::epeak0.7__topm__accept_clip0.1,local_gate,0.8816865935858288,-0.006775746458345
0.5,policy::epeak0.7__topm__bonus1.25,local_gate,0.8728364578996402,-0.015625882144533643
0.5,policy::epeak0.7__topm__bonus1.5,local_gate,0.8722600264242262,-0.016202313619947617
0.5,policy::epeak0.7__topm__bonus2,local_gate,0.8728875013984332,-0.015574838645740607
0.5,policy::epeak0.7__topm__bonus3,local_gate,0.8732916689407381,-0.015170671103435729
0.5,policy::epeak0.7__topm__expected_mix0.25,local_gate,0.8899882524881502,0.0015259124439763738
0.5,policy::epeak0.7__topm__expected_mix0.5,local_gate,0.8896887671165654,0.0012264270723916226
0.5,policy::epeak0.7__topm__expected_mix0.75,local_gate,0.885300473206152,-0.0031618668380217763
0.5,policy::epeak0.7__topm__expected_rejection,local_gate,0.883875377220301,-0.004586962823872831
0.5,policy::epeak0.7__topm__h_tau0.8,local_gate,0.8654173791075087,-0.023044960936665082
0.5,policy::epeak0.7__topm__h_tau0.9,local_gate,0.8716925928839062,-0.01676974716026758
0.5,policy::epeak0.7__topm__h_tau1.1,local_gate,0.8743956352125026,-0.014066704831671162
0.5,policy::epeak0.7__topm__h_tau1.25,local_gate,0.8733048836879596,-0.015157456356214238
0.5,policy::epeak0.7__topm__original,local_gate,0.8731664968664412,-0.015295843177732582
0.5,policy::epeak0.7__topm__power0.5,local_gate,0.8757941318908161,-0.012668208153357674
0.5,policy::epeak0.7__topm__power0.75,local_gate,0.8743700121802496,-0.014092327863924226
0.5,policy::epeak0.7__topm__power1.25,local_gate,0.8684030419254716,-0.020059298118702218
0.5,policy::epeak0.7__topm__power1.5,local_gate,0.8634708723889569,-0.02499146765521687
0.5,policy::epeak0.7__topm__uniform0.02,local_gate,0.8867040649513368,-0.0017582750928369917
0.5,policy::epeak0.7__topm__uniform0.05,local_gate,0.8863662642363257,-0.0020960758078480968
0.5,policy::epeak0.7__topm__uniform0.1,local_gate,0.8839804615112062,-0.004481878532967554
0.5,policy::epeak0.7__topm__uniform0.2,local_gate,0.8776341932477343,-0.010828146796439508
0.5,policy::epeak0.9__full__accept_clip0.02,local_gate,0.8944044760738222,0.005942136029648437
0.5,policy::epeak0.9__full__accept_clip0.05,local_gate,0.8932758754787684,0.004813535434594618
0.5,policy::epeak0.9__full__accept_clip0.1,local_gate,0.8941891192811317,0.005726779236957857
0.5,policy::epeak0.9__full__bonus1.25,local_gate,0.88173552207989,-0.00672681796428376
0.5,policy::epeak0.9__full__bonus1.5,local_gate,0.8813984237380037,-0.007063916306170093
0.5,policy::epeak0.9__full__bonus2,local_gate,0.8820353213276163,-0.006427018716557487
0.5,policy::epeak0.9__full__bonus3,local_gate,0.8824604152912444,-0.006001924752929377
0.5,policy::epeak0.9__full__expected_mix0.25,local_gate,0.8998670512911482,0.011404711246974397
0.5,policy::epeak0.9__full__expected_mix0.5,local_gate,0.8994295493607912,0.010967209316617432
0.5,policy::epeak0.9__full__expected_mix0.75,local_gate,0.897181773880553,0.008719433836379187
0.5,policy::epeak0.9__full__expected_rejection,local_gate,0.893640504332966,0.005178164288792253
0.5,policy::epeak0.9__full__h_tau0.8,local_gate,0.871787129730069,-0.016675210314104794
0.5,policy::epeak0.9__full__h_tau0.9,local_gate,0.8778341132468133,-0.01062822679736053
0.5,policy::epeak0.9__full__h_tau1.1,local_gate,0.8811719350787294,-0.007290404965444419
0.5,policy::epeak0.9__full__h_tau1.25,local_gate,0.88041228274047,-0.008050057303703784
0.5,policy::epeak0.9__full__original,local_gate,0.8808163888959089,-0.00764595114826494
0.5,policy::epeak0.9__full__power0.5,local_gate,0.884527024373118,-0.003935315671055761
0.5,policy::epeak0.9__full__power0.75,local_gate,0.8830417892374762,-0.005420550806697566
0.5,policy::epeak0.9__full__power1.25,local_gate,0.8747662102435529,-0.013696129800620849
0.5,policy::epeak0.9__full__power1.5,local_gate,0.869270912488769,-0.019191427555404816
0.5,policy::epeak0.9__full__uniform0.02,local_gate,0.8976257332439731,0.009163393199799308
0.5,policy::epeak0.9__full__uniform0.05,local_gate,0.8987164452756866,0.010254105231512822
0.5,policy::epeak0.9__full__uniform0.1,local_gate,0.8959794896253843,0.007517149581210525
0.5,policy::epeak0.9__full__uniform0.2,local_gate,0.8895771121385567,0.001114772094382932
0.5,policy::epeak0.9__topm__accept_clip0.02,local_gate,0.8941848378959072,0.005722497851733399
0.5,policy::epeak0.9__topm__accept_clip0.05,local_gate,0.8926249399875659,0.004162599943392076
0.5,policy::epeak0.9__topm__accept_clip0.1,local_gate,0.8940043362834582,0.005541996239284419
0.5,policy::epeak0.9__topm__bonus1.25,local_gate,0.8799027797952886,-0.008559560248885156
0.5,policy::epeak0.9__topm__bonus1.5,local_gate,0.8794445643542611,-0.009017775689912688
0.5,policy::epeak0.9__topm__bonus2,local_gate,0.8801940287723009,-0.008268311271872886
0.5,policy::epeak0.9__topm__bonus3,local_gate,0.8806276728961073,-0.007834667148066465
0.5,policy::epeak0.9__topm__expected_mix0.25,local_gate,0.8980266814619116,0.009564341417737765
0.5,policy::epeak0.9__topm__expected_mix0.5,local_gate,0.8995600878033125,0.011097747759138743
0.5,policy::epeak0.9__topm__expected_mix0.75,local_gate,0.8957462804395329,0.0072839403953590676
0.5,policy::epeak0.9__topm__expected_rejection,local_gate,0.8934629832198662,0.005000643175692376
0.5,policy::epeak0.9__topm__h_tau0.8,local_gate,0.8702359107418738,-0.018226429302300007
0.5,policy::epeak0.9__topm__h_tau0.9,local_gate,0.8763992954191677,-0.01206304462500607
0.5,policy::epeak0.9__topm__h_tau1.1,local_gate,0.8811618421335963,-0.007300497910577519
0.5,policy::epeak0.9__topm__h_tau1.25,local_gate,0.880062359987128,-0.008399980057045786
0.5,policy::epeak0.9__topm__original,local_gate,0.8789749474893189,-0.009487392554854868
0.5,policy::epeak0.9__topm__power0.5,local_gate,0.8847972003529069,-0.0036651396912669165
0.5,policy::epeak0.9__topm__power0.75,local_gate,0.8831733290670458,-0.0052890109771279725
0.5,policy::epeak0.9__topm__power1.25,local_gate,0.8747286587397309,-0.013733681304442857
0.5,policy::epeak0.9__topm__power1.5,local_gate,0.8693192321003544,-0.01914310794381935
0.5,policy::epeak0.9__topm__uniform0.02,local_gate,0.8961353407832715,0.007673000739097713
0.5,policy::epeak0.9__topm__uniform0.05,local_gate,0.897183877027666,0.008721536983492206
0.5,policy::epeak0.9__topm__uniform0.1,local_gate,0.8944449042736942,0.005982564229520371
0.5,policy::epeak0.9__topm__uniform0.2,local_gate,0.888056302891859,-0.00040603715231479764
0.5,policy::floor0.25__full__accept_clip0.02,bounded_subtraction,0.9128829633536202,0.024420623309446388
0.5,policy::floor0.25__full__accept_clip0.05,bounded_subtraction,0.9073044415445832,0.018842101500409436
0.5,policy::floor0.25__full__accept_clip0.1,bounded_subtraction,0.9044581628278969,0.015995822783723135
0.5,policy::floor0.25__full__bonus1.25,bounded_subtraction,0.8892987446537052,0.0008364046095313826
0.5,policy::floor0.25__full__bonus1.5,bounded_subtraction,0.8893627487714021,0.0009004087272282968
0.5,policy::floor0.25__full__bonus2,bounded_subtraction,0.8895848135338742,0.001122473489700404
0.5,policy::floor0.25__full__bonus3,bounded_subtraction,0.888595228861086,0.00013288881691220222
0.5,policy::floor0.25__full__expected_mix0.25,bounded_subtraction,0.9204915818517808,0.03202924180760702
0.5,policy::floor0.25__full__expected_mix0.5,bounded_subtraction,0.918699204713303,0.030236864669129226
0.5,policy::floor0.25__full__expected_mix0.75,bounded_subtraction,0.9170675420824127,0.02860520203823891
0.5,policy::floor0.25__full__expected_rejection,bounded_subtraction,0.9120797528081395,0.023617412763965673
0.5,policy::floor0.25__full__h_tau0.8,bounded_subtraction,0.8809898277728284,-0.007472512271345377
0.5,policy::floor0.25__full__h_tau0.9,bounded_subtraction,0.8863393755555498,-0.002122964488624035
0.5,policy::floor0.25__full__h_tau1.1,bounded_subtraction,0.8921192335898972,0.0036568935457234053
0.5,policy::floor0.25__full__h_tau1.25,bounded_subtraction,0.8876828801573806,-0.0007794598867931768
0.5,policy::floor0.25__full__original,bounded_subtraction,0.8895586039967374,0.0010962639525635698
0.5,policy::floor0.25__full__power0.5,bounded_subtraction,0.8893426107565146,0.0008802707123407583
0.5,policy::floor0.25__full__power0.75,bounded_subtraction,0.8899186872224475,0.001456347178273698
0.5,policy::floor0.25__full__power1.25,bounded_subtraction,0.8836261347838485,-0.004836205260325244
0.5,policy::floor0.25__full__power1.5,bounded_subtraction,0.8783100108995295,-0.010152329144644257
0.5,policy::floor0.25__full__uniform0.02,bounded_subtraction,0.917445176737203,0.028982836693029257
0.5,policy::floor0.25__full__uniform0.05,bounded_subtraction,0.918202849800185,0.02974050975601117
0.5,policy::floor0.25__full__uniform0.1,bounded_subtraction,0.9115031626326309,0.023040822588457077
0.5,policy::floor0.25__full__uniform0.2,bounded_subtraction,0.9053669416599633,0.01690460161578955
0.5,policy::floor0.25__topm__accept_clip0.02,bounded_subtraction,0.912866894240179,0.02440455419600518
0.5,policy::floor0.25__topm__accept_clip0.05,bounded_subtraction,0.9073651639559608,0.018902823911786992
0.5,policy::floor0.25__topm__accept_clip0.1,bounded_subtraction,0.9043719359400574,0.015909595895883588
0.5,policy::floor0.25__topm__bonus1.25,bounded_subtraction,0.8892872467396948,0.0008249066955210438
0.5,policy::floor0.25__topm__bonus1.5,bounded_subtraction,0.8893518081939811,0.0008894681498072821
0.5,policy::floor0.25__topm__bonus2,bounded_subtraction,0.8895619118383421,0.001099571794168308
0.5,policy::floor0.25__topm__bonus3,bounded_subtraction,0.888644888672213,0.00018254862803923633
0.5,policy::floor0.25__topm__expected_mix0.25,bounded_subtraction,0.9186984995756088,0.030236159531434992
0.5,policy::floor0.25__topm__expected_mix0.5,bounded_subtraction,0.9186820171304169,0.03021967708624307
0.5,policy::floor0.25__topm__expected_mix0.75,bounded_subtraction,0.9133987312583727,0.024936391214198883
0.5,policy::floor0.25__topm__expected_rejection,bounded_subtraction,0.9120909399337797,0.02362859988960586
0.5,policy::floor0.25__topm__h_tau0.8,bounded_subtraction,0.8801627241585819,-0.008299615885591916
0.5,policy::floor0.25__topm__h_tau0.9,bounded_subtraction,0.8862650034561055,-0.0021973365880683104
0.5,policy::floor0.25__topm__h_tau1.1,bounded_subtraction,0.8923351052573629,0.0038727652131891332
0.5,policy::floor0.25__topm__h_tau1.25,bounded_subtraction,0.8878782910913564,-0.0005840489528173842
0.5,policy::floor0.25__topm__original,bounded_subtraction,0.8895549418905606,0.0010926018463868203
0.5,policy::floor0.25__topm__power0.5,bounded_subtraction,0.8891550529764365,0.0006927129322626957
0.5,policy::floor0.25__topm__power0.75,bounded_subtraction,0.8897953247242075,0.001332984680033733
0.5,policy::floor0.25__topm__power1.25,bounded_subtraction,0.88363540090734,-0.004826939136833741
0.5,policy::floor0.25__topm__power1.5,bounded_subtraction,0.8782355064153737,-0.010226833628800058
0.5,policy::floor0.25__topm__uniform0.02,bounded_subtraction,0.9175059361136241,0.029043596069450284
0.5,policy::floor0.25__topm__uniform0.05,bounded_subtraction,0.9181588764163344,0.02969653637216063
0.5,policy::floor0.25__topm__uniform0.1,bounded_subtraction,0.9116108508635856,0.023148510819411827
0.5,policy::floor0.25__topm__uniform0.2,bounded_subtraction,0.9053165304899504,0.01685419044577663
0.5,policy::floor0.5__full__accept_clip0.02,bounded_subtraction,0.9166822064292743,0.028219866385100545
0.5,policy::floor0.5__full__accept_clip0.05,bounded_subtraction,0.9132080283361181,0.024745688291944345
0.5,policy::floor0.5__full__accept_clip0.1,bounded_subtraction,0.9094004215713086,0.020938081527134833
0.5,policy::floor0.5__full__bonus1.25,bounded_subtraction,0.8904737470995949,0.0020114070554211327
0.5,policy::floor0.5__full__bonus1.5,bounded_subtraction,0.88998733450358,0.001524994459406237
0.5,policy::floor0.5__full__bonus2,bounded_subtraction,0.8904373108639076,0.0019749708197338567
0.5,policy::floor0.5__full__bonus3,bounded_subtraction,0.8905852562405973,0.0021229161964234633
0.5,policy::floor0.5__full__expected_mix0.25,bounded_subtraction,0.921625356513429,0.033163016469255235
0.5,policy::floor0.5__full__expected_mix0.5,bounded_subtraction,0.9205072805631889,0.032044940519015075
0.5,policy::floor0.5__full__expected_mix0.75,bounded_subtraction,0.9173190379834031,0.028856697939229292
0.5,policy::floor0.5__full__expected_rejection,bounded_subtraction,0.9124233729915977,0.02396103294742391
0.5,policy::floor0.5__full__h_tau0.8,bounded_subtraction,0.8808594155304805,-0.0076029245136932655
0.5,policy::floor0.5__full__h_tau0.9,bounded_subtraction,0.8871139424489902,-0.0013483975951835703
0.5,policy::floor0.5__full__h_tau1.1,bounded_subtraction,0.8932678234929353,0.004805483448761527
0.5,policy::floor0.5__full__h_tau1.25,bounded_subtraction,0.8899669872167483,0.0015046471725744803
0.5,policy::floor0.5__full__original,bounded_subtraction,0.8904232913473626,0.0019609513031888515
0.5,policy::floor0.5__full__power0.5,bounded_subtraction,0.8916401790772167,0.0031778390330429174
0.5,policy::floor0.5__full__power0.75,bounded_subtraction,0.8915973699710452,0.0031350299268714243
0.5,policy::floor0.5__full__power1.25,bounded_subtraction,0.8839596748783916,-0.004502665165782238
0.5,policy::floor0.5__full__power1.5,bounded_subtraction,0.878480996236577,-0.009981343807596743
0.5,policy::floor0.5__full__uniform0.02,bounded_subtraction,0.9189268650020936,0.030464524957919847
0.5,policy::floor0.5__full__uniform0.05,bounded_subtraction,0.9208711923815562,0.03240885233738244
0.5,policy::floor0.5__full__uniform0.1,bounded_subtraction,0.9160054061211902,0.027543066077016398
0.5,policy::floor0.5__full__uniform0.2,bounded_subtraction,0.9096316565240009,0.021169316479827116
0.5,policy::floor0.5__topm__accept_clip0.02,bounded_subtraction,0.9160891571065901,0.02762681706241632
0.5,policy::floor0.5__topm__accept_clip0.05,bounded_subtraction,0.9129360090407057,0.024473668996531917
0.5,policy::floor0.5__topm__accept_clip0.1,bounded_subtraction,0.9092187766605699,0.020756436616396146
0.5,policy::floor0.5__topm__bonus1.25,bounded_subtraction,0.8903309190031851,0.001868578959011269
0.5,policy::floor0.5__topm__bonus1.5,bounded_subtraction,0.8898522872236986,0.0013899471795247864
0.5,policy::floor0.5__topm__bonus2,bounded_subtraction,0.8902758072294263,0.0018134671852525486
0.5,policy::floor0.5__topm__bonus3,bounded_subtraction,0.8904514209001558,0.0019890808559820394
0.5,policy::floor0.5__topm__expected_mix0.25,bounded_subtraction,0.9215189916303721,0.033056651586198305
0.5,policy::floor0.5__topm__expected_mix0.5,bounded_subtraction,0.9205297057905046,0.032067365746330845
0.5,policy::floor0.5__topm__expected_mix0.75,bounded_subtraction,0.9146251021504521,0.026162762106278326
0.5,policy::floor0.5__topm__expected_rejection,bounded_subtraction,0.9134588951204747,0.02499655507630094
0.5,policy::floor0.5__topm__h_tau0.8,bounded_subtraction,0.8808243060555829,-0.007638033988590864
0.5,policy::floor0.5__topm__h_tau0.9,bounded_subtraction,0.886734279678842,-0.001728060365331796
0.5,policy::floor0.5__topm__h_tau1.1,bounded_subtraction,0.8932561058782111,0.004793765834037345
0.5,policy::floor0.5__topm__h_tau1.25,bounded_subtraction,0.8899743052165754,0.001511965172401597
0.5,policy::floor0.5__topm__original,bounded_subtraction,0.8903190246301698,0.0018566845859959713
0.5,policy::floor0.5__topm__power0.5,bounded_subtraction,0.8912856645764391,0.0028233245322653033
0.5,policy::floor0.5__topm__power0.75,bounded_subtraction,0.8916022714885584,0.003139931444384625
0.5,policy::floor0.5__topm__power1.25,bounded_subtraction,0.8837998152956904,-0.004662524748483388
0.5,policy::floor0.5__topm__power1.5,bounded_subtraction,0.8784441744577863,-0.010018165586387462
0.5,policy::floor0.5__topm__uniform0.02,bounded_subtraction,0.9188056657137894,0.030343325669615617
0.5,policy::floor0.5__topm__uniform0.05,bounded_subtraction,0.9207373899986788,0.03227504995450503
0.5,policy::floor0.5__topm__uniform0.1,bounded_subtraction,0.9159352321809855,0.0274728921368117
0.5,policy::floor0.5__topm__uniform0.2,bounded_subtraction,0.9093531978039255,0.020890857759751746
0.5,policy::floor0.75__full__accept_clip0.02,bounded_subtraction,0.9181332331942563,0.029670893150082533
0.5,policy::floor0.75__full__accept_clip0.05,bounded_subtraction,0.9147173101421229,0.026254970097949082
0.5,policy::floor0.75__full__accept_clip0.1,bounded_subtraction,0.9107399001996291,0.022277560155455345
0.5,policy::floor0.75__full__bonus1.25,bounded_subtraction,0.8909291105906177,0.0024667705464439527
0.5,policy::floor0.75__full__bonus1.5,bounded_subtraction,0.8905350042534572,0.0020726642092834258
0.5,policy::floor0.75__full__bonus2,bounded_subtraction,0.8907465702928774,0.0022842302487036115
0.5,policy::floor0.75__full__bonus3,bounded_subtraction,0.891395176722684,0.0029328366785101867
0.5,policy::floor0.75__full__expected_mix0.25,bounded_subtraction,0.9235464025020287,0.03508406245785489
0.5,policy::floor0.75__full__expected_mix0.5,bounded_subtraction,0.9200534520313438,0.03159111198717002
0.5,policy::floor0.75__full__expected_mix0.75,bounded_subtraction,0.9170225145209754,0.028560174476801592
0.5,policy::floor0.75__full__expected_rejection,bounded_subtraction,0.9138304210662311,0.025368081022057343
0.5,policy::floor0.75__full__h_tau0.8,bounded_subtraction,0.880957787194327,-0.007504552849846746
0.5,policy::floor0.75__full__h_tau0.9,bounded_subtraction,0.8874786574584081,-0.000983682585765644
0.5,policy::floor0.75__full__h_tau1.1,bounded_subtraction,0.8935416754105096,0.005079335366335758
0.5,policy::floor0.75__full__h_tau1.25,bounded_subtraction,0.890392274650896,0.0019299346067221945
0.5,policy::floor0.75__full__original,bounded_subtraction,0.890776137878009,0.0023137978338352294
0.5,policy::floor0.75__full__power0.5,bounded_subtraction,0.8915372310654824,0.0030748910213086456
0.5,policy::floor0.75__full__power0.75,bounded_subtraction,0.8910392535997705,0.0025769135555967493
0.5,policy::floor0.75__full__power1.25,bounded_subtraction,0.8850996457390223,-0.003362694305151459
0.5,policy::floor0.75__full__power1.5,bounded_subtraction,0.8787893786950831,-0.00967296134909068
0.5,policy::floor0.75__full__uniform0.02,bounded_subtraction,0.9204489315509552,0.0319865915067814
0.5,policy::floor0.75__full__uniform0.05,bounded_subtraction,0.9206370072377345,0.03217466719356066
0.5,policy::floor0.75__full__uniform0.1,bounded_subtraction,0.9150699487202789,0.02660760867610512
0.5,policy::floor0.75__full__uniform0.2,bounded_subtraction,0.9101273907705835,0.021665050726409674
0.5,policy::floor0.75__topm__accept_clip0.02,bounded_subtraction,0.9165788090011497,0.02811646895697595
0.5,policy::floor0.75__topm__accept_clip0.05,bounded_subtraction,0.912659863704131,0.0241975236599572
0.5,policy::floor0.75__topm__accept_clip0.1,bounded_subtraction,0.9100747969813577,0.021612456937183944
0.5,policy::floor0.75__topm__bonus1.25,bounded_subtraction,0.8904763734481121,0.0020140334039383534
0.5,policy::floor0.75__topm__bonus1.5,bounded_subtraction,0.890082267001592,0.001619926957418194
0.5,policy::floor0.75__topm__bonus2,bounded_subtraction,0.8902561710428274,0.0017938309986536005
0.5,policy::floor0.75__topm__bonus3,bounded_subtraction,0.8905794220007978,0.0021170819566239674
0.5,policy::floor0.75__topm__expected_mix0.25,bounded_subtraction,0.9204638281896772,0.03200148814550341
0.5,policy::floor0.75__topm__expected_mix0.5,bounded_subtraction,0.920146161924096,0.03168382187992225
0.5,policy::floor0.75__topm__expected_mix0.75,bounded_subtraction,0.9154725653535294,0.027010225309355596
0.5,policy::floor0.75__topm__expected_rejection,bounded_subtraction,0.9128177618576924,0.024355421813518574
0.5,policy::floor0.75__topm__h_tau0.8,bounded_subtraction,0.8808732453077592,-0.007589094736414559
0.5,policy::floor0.75__topm__h_tau0.9,bounded_subtraction,0.8876203646541829,-0.0008419753899908677
0.5,policy::floor0.75__topm__h_tau1.1,bounded_subtraction,0.8921318419702853,0.0036695019261114847
0.5,policy::floor0.75__topm__h_tau1.25,bounded_subtraction,0.8904738497265561,0.0020115096823822842
0.5,policy::floor0.75__topm__original,bounded_subtraction,0.8905896652750128,0.002127325230839028
0.5,policy::floor0.75__topm__power0.5,bounded_subtraction,0.8915642053574115,0.0031018653132377505
0.5,policy::floor0.75__topm__power0.75,bounded_subtraction,0.890996475801665,0.002534135757491174
0.5,policy::floor0.75__topm__power1.25,bounded_subtraction,0.8850855683392057,-0.0033767717049680845
0.5,policy::floor0.75__topm__power1.5,bounded_subtraction,0.8786274626468995,-0.009834877397274289
0.5,policy::floor0.75__topm__uniform0.02,bounded_subtraction,0.9203299407813035,0.03186760073712969
0.5,policy::floor0.75__topm__uniform0.05,bounded_subtraction,0.920190181527077,0.031727841482903196
0.5,policy::floor0.75__topm__uniform0.1,bounded_subtraction,0.9159996920436959,0.02753735199952212
0.5,policy::floor0.75__topm__uniform0.2,bounded_subtraction,0.9094102861792968,0.020947946135122963
0.5,policy::floor0.9__full__accept_clip0.02,bounded_subtraction,0.91709691784305,0.028634577798876237
0.5,policy::floor0.9__full__accept_clip0.05,bounded_subtraction,0.9134744509817356,0.025012110937561838
0.5,policy::floor0.9__full__accept_clip0.1,bounded_subtraction,0.9115208349933506,0.023058494949176778
0.5,policy::floor0.9__full__bonus1.25,bounded_subtraction,0.8911455152163481,0.0026831751721743125
0.5,policy::floor0.9__full__bonus1.5,bounded_subtraction,0.8907571745658679,0.0022948345216941
0.5,policy::floor0.9__full__bonus2,bounded_subtraction,0.890983136112378,0.002520796068204212
0.5,policy::floor0.9__full__bonus3,bounded_subtraction,0.891625395559035,0.0031630555148611794
0.5,policy::floor0.9__full__expected_mix0.25,bounded_subtraction,0.9216549932989061,0.03319265325473231
0.5,policy::floor0.9__full__expected_mix0.5,bounded_subtraction,0.9203435812178841,0.03188124117371027
0.5,policy::floor0.9__full__expected_mix0.75,bounded_subtraction,0.916945573160949,0.028483233116775253
0.5,policy::floor0.9__full__expected_rejection,bounded_subtraction,0.9128747425250261,0.024412402480852302
0.5,policy::floor0.9__full__h_tau0.8,bounded_subtraction,0.8802615090243865,-0.008200831019787302
0.5,policy::floor0.9__full__h_tau0.9,bounded_subtraction,0.8877009365165821,-0.0007614035275916864
0.5,policy::floor0.9__full__h_tau1.1,bounded_subtraction,0.8916041294141867,0.0031417893700128596
0.5,policy::floor0.9__full__h_tau1.25,bounded_subtraction,0.8896798194404364,0.0012174793962625996
0.5,policy::floor0.9__full__original,bounded_subtraction,0.8912462087807684,0.0027838687365946413
0.5,policy::floor0.9__full__power0.5,bounded_subtraction,0.8920639092790712,0.003601569234897406
0.5,policy::floor0.9__full__power0.75,bounded_subtraction,0.8918353106735475,0.003372970629373695
0.5,policy::floor0.9__full__power1.25,bounded_subtraction,0.8838018075108057,-0.004660532533368067
0.5,policy::floor0.9__full__power1.5,bounded_subtraction,0.8776026474058312,-0.010859692638342633
0.5,policy::floor0.9__full__uniform0.02,bounded_subtraction,0.9206181508752456,0.032155810831071774
0.5,policy::floor0.9__full__uniform0.05,bounded_subtraction,0.9195410632299559,0.031078723185782087
0.5,policy::floor0.9__full__uniform0.1,bounded_subtraction,0.9176868074707109,0.02922446742653706
0.5,policy::floor0.9__full__uniform0.2,bounded_subtraction,0.9100765986875137,0.02161425864333988
0.5,policy::floor0.9__topm__accept_clip0.02,bounded_subtraction,0.9170599010303382,0.028597560986164394
0.5,policy::floor0.9__topm__accept_clip0.05,bounded_subtraction,0.9128855396109811,0.024423199566807274
0.5,policy::floor0.9__topm__accept_clip0.1,bounded_subtraction,0.9113703735985362,0.02290803355436244
0.5,policy::floor0.9__topm__bonus1.25,bounded_subtraction,0.8896301913211491,0.0011678512769752736
0.5,policy::floor0.9__topm__bonus1.5,bounded_subtraction,0.8891207338149415,0.0006583937707677068
0.5,policy::floor0.9__topm__bonus2,bounded_subtraction,0.889430124529375,0.0009677844852011841
0.5,policy::floor0.9__topm__bonus3,bounded_subtraction,0.890115194227842,0.0016528541836682287
0.5,policy::floor0.9__topm__expected_mix0.25,bounded_subtraction,0.919760474229814,0.0312981341856402
0.5,policy::floor0.9__topm__expected_mix0.5,bounded_subtraction,0.9203031573255094,0.03184081728133559
0.5,policy::floor0.9__topm__expected_mix0.75,bounded_subtraction,0.9154903674880797,0.027028027443905867
0.5,policy::floor0.9__topm__expected_rejection,bounded_subtraction,0.9122889079337438,0.02382656788957005
0.5,policy::floor0.9__topm__h_tau0.8,bounded_subtraction,0.8787164180946649,-0.009745921949508851
0.5,policy::floor0.9__topm__h_tau0.9,bounded_subtraction,0.8863197059442713,-0.002142634099902452
0.5,policy::floor0.9__topm__h_tau1.1,bounded_subtraction,0.8915790828909964,0.0031167428468226177
0.5,policy::floor0.9__topm__h_tau1.25,bounded_subtraction,0.8896847767940669,0.0012224367498930855
0.5,policy::floor0.9__topm__original,bounded_subtraction,0.8897221859646619,0.0012598459204881118
0.5,policy::floor0.9__topm__power0.5,bounded_subtraction,0.8922010624189717,0.003738722374797887
0.5,policy::floor0.9__topm__power0.75,bounded_subtraction,0.8919193412867001,0.0034570012425263474
0.5,policy::floor0.9__topm__power1.25,bounded_subtraction,0.883753533973534,-0.004708806070639837
0.5,policy::floor0.9__topm__power1.5,bounded_subtraction,0.8775760489636497,-0.01088629108052408
0.5,policy::floor0.9__topm__uniform0.02,bounded_subtraction,0.9192974581745863,0.03083511813041251
0.5,policy::floor0.9__topm__uniform0.05,bounded_subtraction,0.9194224767120246,0.0309601366678508
0.5,policy::floor0.9__topm__uniform0.1,bounded_subtraction,0.9160876334955571,0.027625293451383315
0.5,policy::floor0.9__topm__uniform0.2,bounded_subtraction,0.9078409517698602,0.019378611725686445
0.5,policy::interval0.05__full__accept_clip0.02,rank_only,0.8609754493541534,-0.027486890690020416
0.5,policy::interval0.05__full__accept_clip0.05,rank_only,0.8600528587003439,-0.028409481343829923
0.5,policy::interval0.05__full__accept_clip0.1,rank_only,0.8605924164955887,-0.027869923548585085
0.5,policy::interval0.05__full__bonus1.25,rank_only,0.8531474462478348,-0.03531489379633901
0.5,policy::interval0.05__full__bonus1.5,rank_only,0.8528183673911612,-0.03564397265301256
0.5,policy::interval0.05__full__bonus2,rank_only,0.8530164119114286,-0.035445928132745164
0.5,policy::interval0.05__full__bonus3,rank_only,0.8537319114012283,-0.03473042864294551
0.5,policy::interval0.05__full__expected_mix0.25,rank_only,0.8645050452500675,-0.023957294794106243
0.5,policy::interval0.05__full__expected_mix0.5,rank_only,0.8652056567939794,-0.023256683250194365
0.5,policy::interval0.05__full__expected_mix0.75,rank_only,0.8639958240297583,-0.024466516014415518
0.5,policy::interval0.05__full__expected_rejection,rank_only,0.8619328670002043,-0.026529473043969465
0.5,policy::interval0.05__full__h_tau0.8,rank_only,0.8435448386732343,-0.04491750137093953
0.5,policy::interval0.05__full__h_tau0.9,rank_only,0.850795376535684,-0.03766696350848975
0.5,policy::interval0.05__full__h_tau1.1,rank_only,0.8523105638572426,-0.03615177618693122
0.5,policy::interval0.05__full__h_tau1.25,rank_only,0.85064603710461,-0.03781630293956384
0.5,policy::interval0.05__full__original,rank_only,0.8519150399297069,-0.03654730011446694
0.5,policy::interval0.05__full__power0.5,rank_only,0.8569463326107318,-0.03151600743344196
0.5,policy::interval0.05__full__power0.75,rank_only,0.8547870661235701,-0.033675273920603654
0.5,policy::interval0.05__full__power1.25,rank_only,0.8450227928784776,-0.0434395471656962
0.5,policy::interval0.05__full__power1.5,rank_only,0.839657120512189,-0.0488052195319848
0.5,policy::interval0.05__full__uniform0.02,rank_only,0.8620394712889743,-0.026422868755199502
0.5,policy::interval0.05__full__uniform0.05,rank_only,0.8640211887842837,-0.024441151259890104
0.5,policy::interval0.05__full__uniform0.1,rank_only,0.8620284225031732,-0.02643391754100055
0.5,policy::interval0.05__full__uniform0.2,rank_only,0.8603607097758396,-0.028101630268334232
0.5,policy::interval0.05__topm__accept_clip0.02,rank_only,0.8609866136891575,-0.027475726355016272
0.5,policy::interval0.05__topm__accept_clip0.05,rank_only,0.859373547179414,-0.029088792864759738
0.5,policy::interval0.05__topm__accept_clip0.1,rank_only,0.8605510585958026,-0.027911281448371184
0.5,policy::interval0.05__topm__bonus1.25,rank_only,0.8517430908884476,-0.03671924915572622
0.5,policy::interval0.05__topm__bonus1.5,rank_only,0.8512923922421011,-0.03716994780207272
0.5,policy::interval0.05__topm__bonus2,rank_only,0.8515698427516869,-0.03689249729248689
0.5,policy::interval0.05__topm__bonus3,rank_only,0.8523272030647058,-0.03613513697946802
0.5,policy::interval0.05__topm__expected_mix0.25,rank_only,0.8643914328761357,-0.024070907168038058
0.5,policy::interval0.05__topm__expected_mix0.5,rank_only,0.8651520189075134,-0.023310321136660428
0.5,policy::interval0.05__topm__expected_mix0.75,rank_only,0.8625272046604258,-0.02593513538374803
0.5,policy::interval0.05__topm__expected_rejection,rank_only,0.8618570760845388,-0.026605263959635028
0.5,policy::interval0.05__topm__h_tau0.8,rank_only,0.8421543103711024,-0.04630802967307135
0.5,policy::interval0.05__topm__h_tau0.9,rank_only,0.8494047515284027,-0.039057588515771124
0.5,policy::interval0.05__topm__h_tau1.1,rank_only,0.8523236931454732,-0.03613864689870061
0.5,policy::interval0.05__topm__h_tau1.25,rank_only,0.850133065494782,-0.038329274549391834
0.5,policy::interval0.05__topm__original,rank_only,0.8504906236656945,-0.03797171637847929
0.5,policy::interval0.05__topm__power0.5,rank_only,0.8569450972488882,-0.03151724279528556
0.5,policy::interval0.05__topm__power0.75,rank_only,0.8547803914416858,-0.033681948602487966
0.5,policy::interval0.05__topm__power1.25,rank_only,0.8450456086014573,-0.043416731442716516
0.5,policy::interval0.05__topm__power1.5,rank_only,0.8397118625240455,-0.04875047752012829
0.5,policy::interval0.05__topm__uniform0.02,rank_only,0.8606512612897966,-0.02781107875437716
0.5,policy::interval0.05__topm__uniform0.05,rank_only,0.8626383223651344,-0.025824017679039413
0.5,policy::interval0.05__topm__uniform0.1,rank_only,0.8605746190225264,-0.027887721021647383
0.5,policy::interval0.05__topm__uniform0.2,rank_only,0.8579775054399184,-0.03048483460425544
0.5,policy::interval0.1__full__accept_clip0.02,rank_only,0.8621967436232093,-0.026265596420964488
0.5,policy::interval0.1__full__accept_clip0.05,rank_only,0.8612547792626598,-0.027207560781513984
0.5,policy::interval0.1__full__accept_clip0.1,rank_only,0.8618294059463685,-0.026632934097805316
0.5,policy::interval0.1__full__bonus1.25,rank_only,0.8545686171103624,-0.03389372293381143
0.5,policy::interval0.1__full__bonus1.5,rank_only,0.8542381581556026,-0.03422418188857124
0.5,policy::interval0.1__full__bonus2,rank_only,0.8542180388470263,-0.0342443011971475
0.5,policy::interval0.1__full__bonus3,rank_only,0.8549575809327712,-0.033504759111402604
0.5,policy::interval0.1__full__expected_mix0.25,rank_only,0.865964802803934,-0.02249753724023984
0.5,policy::interval0.1__full__expected_mix0.5,rank_only,0.8665484713898315,-0.021913868654342306
0.5,policy::interval0.1__full__expected_mix0.75,rank_only,0.8649877296359146,-0.023474610408259156
0.5,policy::interval0.1__full__expected_rejection,rank_only,0.8631140102427266,-0.02534832980144719
0.5,policy::interval0.1__full__h_tau0.8,rank_only,0.8450216032184135,-0.04344073682576033
0.5,policy::interval0.1__full__h_tau0.9,rank_only,0.8520191773607675,-0.036443162683406305
0.5,policy::interval0.1__full__h_tau1.1,rank_only,0.8538001725528814,-0.03466216749129236
0.5,policy::interval0.1__full__h_tau1.25,rank_only,0.8522220819093359,-0.03624025813483789
0.5,policy::interval0.1__full__original,rank_only,0.8533328168023394,-0.03512952324183438
0.5,policy::interval0.1__full__power0.5,rank_only,0.8584496864348398,-0.030012653609334028
0.5,policy::interval0.1__full__power0.75,rank_only,0.8562841688566505,-0.03217817118752331
0.5,policy::interval0.1__full__power1.25,rank_only,0.8462348959427253,-0.04222744410144852
0.5,policy::interval0.1__full__power1.5,rank_only,0.8411171631295314,-0.04734517691464235
0.5,policy::interval0.1__full__uniform0.02,rank_only,0.8633147712063672,-0.025147568837806555
0.5,policy::interval0.1__full__uniform0.05,rank_only,0.8651708110090804,-0.02329152903509335
0.5,policy::interval0.1__full__uniform0.1,rank_only,0.8632129505357637,-0.025249389508410047
0.5,policy::interval0.1__full__uniform0.2,rank_only,0.8616050294920057,-0.026857310552168112
0.5,policy::interval0.1__topm__accept_clip0.02,rank_only,0.8622079273678225,-0.026254412676351313
0.5,policy::interval0.1__topm__accept_clip0.05,rank_only,0.8605754760718931,-0.027886863972280684
0.5,policy::interval0.1__topm__accept_clip0.1,rank_only,0.8617880488226848,-0.02667429122148901
0.5,policy::interval0.1__topm__bonus1.25,rank_only,0.8531642616534649,-0.035298078390708865
0.5,policy::interval0.1__topm__bonus1.5,rank_only,0.8527121829160877,-0.035750157128086046
0.5,policy::interval0.1__topm__bonus2,rank_only,0.8527714695192196,-0.03569087052495423
0.5,policy::interval0.1__topm__bonus3,rank_only,0.8535528724211283,-0.034909467623045476
0.5,policy::interval0.1__topm__expected_mix0.25,rank_only,0.865842087746657,-0.02262025229751674
0.5,policy::interval0.1__topm__expected_mix0.5,rank_only,0.8665039359009636,-0.021958404143210153
0.5,policy::interval0.1__topm__expected_mix0.75,rank_only,0.8635600166962868,-0.024902323347887
0.5,policy::interval0.1__topm__expected_rejection,rank_only,0.863038219430541,-0.02542412061363275
0.5,policy::interval0.1__topm__h_tau0.8,rank_only,0.8434761606051484,-0.04498617943902539
0.5,policy::interval0.1__topm__h_tau0.9,rank_only,0.8506300777286316,-0.03783226231554215
0.5,policy::interval0.1__topm__h_tau1.1,rank_only,0.853808960431542,-0.03465337961263182
0.5,policy::interval0.1__topm__h_tau1.25,rank_only,0.8517091098726518,-0.03675323017152199
0.5,policy::interval0.1__topm__original,rank_only,0.8519083812005391,-0.03655395884363466
0.5,policy::interval0.1__topm__power0.5,rank_only,0.8584484510729962,-0.030013888971177627
0.5,policy::interval0.1__topm__power0.75,rank_only,0.8562765247843814,-0.03218581525979236
0.5,policy::interval0.1__topm__power1.25,rank_only,0.84625338975041,-0.042208950293763814
0.5,policy::interval0.1__topm__power1.5,rank_only,0.8411675637388736,-0.04729477630530021
0.5,policy::interval0.1__topm__uniform0.02,rank_only,0.8619222145789207,-0.026540125465253084
0.5,policy::interval0.1__topm__uniform0.05,rank_only,0.8637836070091318,-0.024678733035041978
0.5,policy::interval0.1__topm__uniform0.1,rank_only,0.861780852072854,-0.02668148797131975
0.5,policy::interval0.1__topm__uniform0.2,rank_only,0.859363564147648,-0.029098775896525764
0.5,policy::interval0.25__full__accept_clip0.02,rank_only,0.8691180637071123,-0.019344276337061483
0.5,policy::interval0.25__full__accept_clip0.05,rank_only,0.8671092850051005,-0.021353055039073254
0.5,policy::interval0.25__full__accept_clip0.1,rank_only,0.8659717229745542,-0.022490617069619634
0.5,policy::interval0.25__full__bonus1.25,rank_only,0.8583307073007689,-0.030131632743404912
0.5,policy::interval0.25__full__bonus1.5,rank_only,0.857998888367213,-0.03046345167696074
0.5,policy::interval0.25__full__bonus2,rank_only,0.8579789150555582,-0.03048342498861556
0.5,policy::interval0.25__full__bonus3,rank_only,0.8586587892847475,-0.02980355075942631
0.5,policy::interval0.25__full__expected_mix0.25,rank_only,0.8728663382789156,-0.015596001765258216
0.5,policy::interval0.25__full__expected_mix0.5,rank_only,0.8730102195164198,-0.01545212052775402
0.5,policy::interval0.25__full__expected_mix0.75,rank_only,0.8701422979450257,-0.01832004209914806
0.5,policy::interval0.25__full__expected_rejection,rank_only,0.8675378717617943,-0.020924468282379483
0.5,policy::interval0.25__full__h_tau0.8,rank_only,0.8494031488334812,-0.03905919121069257
0.5,policy::interval0.25__full__h_tau0.9,rank_only,0.8561093710014389,-0.03235296904273488
0.5,policy::interval0.25__full__h_tau1.1,rank_only,0.8577544615310686,-0.03070787851310519
0.5,policy::interval0.25__full__h_tau1.25,rank_only,0.856295745617887,-0.032166594426286776
0.5,policy::interval0.25__full__original,rank_only,0.8570949101753333,-0.031367429868840446
0.5,policy::interval0.25__full__power0.5,rank_only,0.8618988472570047,-0.026563492787169074
0.5,policy::interval0.25__full__power0.75,rank_only,0.8601201884770158,-0.028342151567158025
0.5,policy::interval0.25__full__power1.25,rank_only,0.8504079288582054,-0.03805441118596842
0.5,policy::interval0.25__full__power1.5,rank_only,0.8452468520754101,-0.04321548796876373
0.5,policy::interval0.25__full__uniform0.02,rank_only,0.8701131749175822,-0.01834916512659157
0.5,policy::interval0.25__full__uniform0.05,rank_only,0.8713399641704648,-0.017122375873709017
0.5,policy::interval0.25__full__uniform0.1,rank_only,0.8695973040467682,-0.018865035997405633
0.5,policy::interval0.25__full__uniform0.2,rank_only,0.8660574465097144,-0.022404893534459402
0.5,policy::interval0.25__topm__accept_clip0.02,rank_only,0.8691798334467075,-0.01928250659746633
0.5,policy::interval0.25__topm__accept_clip0.05,rank_only,0.8665648422107337,-0.021897497833440083
0.5,policy::interval0.25__topm__accept_clip0.1,rank_only,0.8658266705276297,-0.022635669516544055
0.5,policy::interval0.25__topm__bonus1.25,rank_only,0.8569263520508319,-0.031535987993341896
0.5,policy::interval0.25__topm__bonus1.5,rank_only,0.85647291322036,-0.03198942682381378
0.5,policy::interval0.25__topm__bonus2,rank_only,0.856536530951233,-0.03192580909294074
0.5,policy::interval0.25__topm__bonus3,rank_only,0.8572540809342044,-0.031208259109969383
0.5,policy::interval0.25__topm__expected_mix0.25,rank_only,0.8727436230819403,-0.01571871696223348
0.5,policy::interval0.25__topm__expected_mix0.5,rank_only,0.8729656661967229,-0.015496673847450904
0.5,policy::interval0.25__topm__expected_mix0.75,rank_only,0.8687158799421757,-0.019746460101998098
0.5,policy::interval0.25__topm__expected_rejection,rank_only,0.8673730038554908,-0.021089336188683028
0.5,policy::interval0.25__topm__h_tau0.8,rank_only,0.8478574128363463,-0.04060492720782749
0.5,policy::interval0.25__topm__h_tau0.9,rank_only,0.8547010410397868,-0.03376129900438696
0.5,policy::interval0.25__topm__h_tau1.1,rank_only,0.8577632295895586,-0.030699110454615153
0.5,policy::interval0.25__topm__h_tau1.25,rank_only,0.8557835758930233,-0.03267876415115045
0.5,policy::interval0.25__topm__original,rank_only,0.8557209813138711,-0.032741358730302705
0.5,policy::interval0.25__topm__power0.5,rank_only,0.8621689960008495,-0.026293344043324285
0.5,policy::interval0.25__topm__power0.75,rank_only,0.8601150738509893,-0.028347266193184506
0.5,policy::interval0.25__topm__power1.25,rank_only,0.8504222552876509,-0.038040084756522874
0.5,policy::interval0.25__topm__power1.5,rank_only,0.8452972525812719,-0.04316508746290193
0.5,policy::interval0.25__topm__uniform0.02,rank_only,0.8687208589726823,-0.01974148107149154
0.5,policy::interval0.25__topm__uniform0.05,rank_only,0.8701943966525464,-0.018267943391627406
0.5,policy::interval0.25__topm__uniform0.1,rank_only,0.8681949917403072,-0.02026734830386656
0.5,policy::interval0.25__topm__uniform0.2,rank_only,0.8639057259405875,-0.02455661410358634
0.5,policy::interval0.5__full__accept_clip0.02,rank_only,0.8758112422794998,-0.01265109776467399
0.5,policy::interval0.5__full__accept_clip0.05,rank_only,0.8730543523344414,-0.015407987709732396
0.5,policy::interval0.5__full__accept_clip0.1,rank_only,0.8718501059408317,-0.016612234103342116
0.5,policy::interval0.5__full__bonus1.25,rank_only,0.86293962566258,-0.025522714381593814
0.5,policy::interval0.5__full__bonus1.5,rank_only,0.8626067620743427,-0.025855577969831067
0.5,policy::interval0.5__full__bonus2,rank_only,0.8629265383341495,-0.025535801710024342
0.5,policy::interval0.5__full__bonus3,rank_only,0.8635189578546787,-0.0249433821894951
0.5,policy::interval0.5__full__expected_mix0.25,rank_only,0.8798302142116012,-0.008632125832572557
0.5,policy::interval0.5__full__expected_mix0.5,rank_only,0.8797002811294355,-0.008762058914738247
0.5,policy::interval0.5__full__expected_mix0.75,rank_only,0.8778681021378388,-0.010594237906334958
0.5,policy::interval0.5__full__expected_rejection,rank_only,0.8757021333931774,-0.01276020665099642
0.5,policy::interval0.5__full__h_tau0.8,rank_only,0.8535457475660919,-0.034916592478081876
0.5,policy::interval0.5__full__h_tau0.9,rank_only,0.8601747197046634,-0.028287620339510378
0.5,policy::interval0.5__full__h_tau1.1,rank_only,0.8631088202159638,-0.02535351982820999
0.5,policy::interval0.5__full__h_tau1.25,rank_only,0.8620210156318842,-0.026441324412289635
0.5,policy::interval0.5__full__original,rank_only,0.8617038262556262,-0.026758513788547544
0.5,policy::interval0.5__full__power0.5,rank_only,0.8667000458303468,-0.021762294213827027
0.5,policy::interval0.5__full__power0.75,rank_only,0.864855191605217,-0.023607148438956838
0.5,policy::interval0.5__full__power1.25,rank_only,0.8550798770952239,-0.033382462948949865
0.5,policy::interval0.5__full__power1.5,rank_only,0.8501680670506754,-0.03829427299349841
0.5,policy::interval0.5__full__uniform0.02,rank_only,0.8767223611116783,-0.011739978932495454
0.5,policy::interval0.5__full__uniform0.05,rank_only,0.8778995404479368,-0.01056279959623696
0.5,policy::interval0.5__full__uniform0.1,rank_only,0.8760215798500829,-0.012440760194090905
0.5,policy::interval0.5__full__uniform0.2,rank_only,0.8710599383126542,-0.017402401731519634
0.5,policy::interval0.5__topm__accept_clip0.02,rank_only,0.8758319660031862,-0.012630374040987546
0.5,policy::interval0.5__topm__accept_clip0.05,rank_only,0.8724517637813715,-0.016010576262802334
0.5,policy::interval0.5__topm__accept_clip0.1,rank_only,0.871748959334592,-0.016713380709581838
0.5,policy::interval0.5__topm__bonus1.25,rank_only,0.8614967290515424,-0.026965610992631395
0.5,policy::interval0.5__topm__bonus1.5,rank_only,0.8610422454629089,-0.02742009458126493
0.5,policy::interval0.5__topm__bonus2,rank_only,0.8614456129722039,-0.027016727071969893
0.5,policy::interval0.5__topm__bonus3,rank_only,0.8620757081042301,-0.026386631939943728
0.5,policy::interval0.5__topm__expected_mix0.25,rank_only,0.8797259784469723,-0.00873636159720148
0.5,policy::interval0.5__topm__expected_mix0.5,rank_only,0.8796674299502344,-0.008794910093939401
0.5,policy::interval0.5__topm__expected_mix0.75,rank_only,0.8764386814182666,-0.012023658625907152
0.5,policy::interval0.5__topm__expected_rejection,rank_only,0.8755318924788043,-0.01293044756536954
0.5,policy::interval0.5__topm__h_tau0.8,rank_only,0.8519866918374469,-0.036475648206726885
0.5,policy::interval0.5__topm__h_tau0.9,rank_only,0.8588124111856178,-0.029649928858555996
0.5,policy::interval0.5__topm__h_tau1.1,rank_only,0.8631174888639099,-0.02534485118026386
0.5,policy::interval0.5__topm__h_tau1.25,rank_only,0.8617960458079295,-0.026666294236244337
0.5,policy::interval0.5__topm__original,rank_only,0.8602913563690489,-0.02817098367512494
0.5,policy::interval0.5__topm__power0.5,rank_only,0.8669701948010522,-0.021492145243121596
0.5,policy::interval0.5__topm__power0.75,rank_only,0.8649857871834175,-0.02347655286075634
0.5,policy::interval0.5__topm__power1.25,rank_only,0.8550581150728612,-0.03340422497131257
0.5,policy::interval0.5__topm__power1.5,rank_only,0.8502169999672801,-0.03824534007689373
0.5,policy::interval0.5__topm__uniform0.02,rank_only,0.8752911749442431,-0.01317116509993066
0.5,policy::interval0.5__topm__uniform0.05,rank_only,0.8767115688896348,-0.011750771154539041
0.5,policy::interval0.5__topm__uniform0.1,rank_only,0.8745678593783798,-0.013894480665794018
0.5,policy::interval0.5__topm__uniform0.2,rank_only,0.8689440402747357,-0.019518299769438086
0.5,policy::interval0.75__full__accept_clip0.02,rank_only,0.880514862159667,-0.007947477884506782
0.5,policy::interval0.75__full__accept_clip0.05,rank_only,0.8784455899196036,-0.01001675012457015
0.5,policy::interval0.75__full__accept_clip0.1,rank_only,0.8775623366758547,-0.010900003368319089
0.5,policy::interval0.75__full__bonus1.25,rank_only,0.8671625694594746,-0.02129977058469923
0.5,policy::interval0.75__full__bonus1.5,rank_only,0.8668262402063011,-0.021636099837872735
0.5,policy::interval0.75__full__bonus2,rank_only,0.8671078869728592,-0.02135445307131456
0.5,policy::interval0.75__full__bonus3,rank_only,0.8676997206379219,-0.020762619406251903
0.5,policy::interval0.75__full__expected_mix0.25,rank_only,0.8850999692556865,-0.0033623707884873344
0.5,policy::interval0.75__full__expected_mix0.5,rank_only,0.8847399580632005,-0.0037223819809732994
0.5,policy::interval0.75__full__expected_mix0.75,rank_only,0.8828065521761873,-0.005655787867986484
0.5,policy::interval0.75__full__expected_rejection,rank_only,0.8805071233474665,-0.00795521669670729
0.5,policy::interval0.75__full__h_tau0.8,rank_only,0.8558660471911786,-0.032596292852995146
0.5,policy::interval0.75__full__h_tau0.9,rank_only,0.8625143401041131,-0.025947999940060695
0.5,policy::interval0.75__full__h_tau1.1,rank_only,0.8658718907809925,-0.022590449263181323
0.5,policy::interval0.75__full__h_tau1.25,rank_only,0.8648222655446017,-0.02364007449957206
0.5,policy::interval0.75__full__original,rank_only,0.8659264533452259,-0.022535886698947905
0.5,policy::interval0.75__full__power0.5,rank_only,0.8696863549252862,-0.01877598511888756
0.5,policy::interval0.75__full__power0.75,rank_only,0.867557921477146,-0.020904418567027738
0.5,policy::interval0.75__full__power1.25,rank_only,0.8594471044523355,-0.029015235591838273
0.5,policy::interval0.75__full__power1.5,rank_only,0.8534361095695572,-0.035026230474616615
0.5,policy::interval0.75__full__uniform0.02,rank_only,0.882021819153153,-0.006440520891020762
0.5,policy::interval0.75__full__uniform0.05,rank_only,0.8832275788446655,-0.0052347611995082755
0.5,policy::interval0.75__full__uniform0.1,rank_only,0.8812850636095874,-0.007177276434586433
0.5,policy::interval0.75__full__uniform0.2,rank_only,0.8770047512233252,-0.011457588820848574
0.5,policy::interval0.75__topm__accept_clip0.02,rank_only,0.8804162942032693,-0.008046045840904514
0.5,policy::interval0.75__topm__accept_clip0.05,rank_only,0.8777733924329234,-0.010688947611250388
0.5,policy::interval0.75__topm__accept_clip0.1,rank_only,0.8773808171834743,-0.011081522860699522
0.5,policy::interval0.75__topm__bonus1.25,rank_only,0.8656398599596897,-0.022822480084484065
0.5,policy::interval0.75__topm__bonus1.5,rank_only,0.8651820604964208,-0.023280279547753024
0.5,policy::interval0.75__topm__bonus2,rank_only,0.8655428849674957,-0.02291945507667814
0.5,policy::interval0.75__topm__bonus3,rank_only,0.8661766580071925,-0.022285682036981336
0.5,policy::interval0.75__topm__expected_mix0.25,rank_only,0.8849879063729806,-0.0034744336711931556
0.5,policy::interval0.75__topm__expected_mix0.5,rank_only,0.8846970962451042,-0.0037652437990696175
0.5,policy::interval0.75__topm__expected_mix0.75,rank_only,0.8813771317190787,-0.0070852083250950715
0.5,policy::interval0.75__topm__expected_rejection,rank_only,0.8803370069264627,-0.008125333117711131
0.5,policy::interval0.75__topm__h_tau0.8,rank_only,0.8543221168954931,-0.034140223148680704
0.5,policy::interval0.75__topm__h_tau0.9,rank_only,0.8611605742084981,-0.027301765835675673
0.5,policy::interval0.75__topm__h_tau1.1,rank_only,0.8658905862876631,-0.02257175375651066
0.5,policy::interval0.75__topm__h_tau1.25,rank_only,0.8645960932054052,-0.02386624683876859
0.5,policy::interval0.75__topm__original,rank_only,0.8643946912476399,-0.02406764879653389
0.5,policy::interval0.75__topm__power0.5,rank_only,0.8699565037718153,-0.018505836272358467
0.5,policy::interval0.75__topm__power0.75,rank_only,0.8676458981950629,-0.02081644184911091
0.5,policy::interval0.75__topm__power1.25,rank_only,0.8594019220022237,-0.029060418041950142
0.5,policy::interval0.75__topm__power1.5,rank_only,0.853485040618225,-0.03497729942594874
0.5,policy::interval0.75__topm__uniform0.02,rank_only,0.8805048721153901,-0.007957467928783712
0.5,policy::interval0.75__topm__uniform0.05,rank_only,0.8819741529748638,-0.006488187069309981
0.5,policy::interval0.75__topm__uniform0.1,rank_only,0.879751879866573,-0.008710460177600798
0.5,policy::interval0.75__topm__uniform0.2,rank_only,0.8748729601548079,-0.013589379889365927
0.5,policy::interval0__full__accept_clip0.02,rank_only,0.8561439763428674,-0.03231836370130636
0.5,policy::interval0__full__accept_clip0.05,rank_only,0.8547318020973329,-0.03373053794684089
0.5,policy::interval0__full__accept_clip0.1,rank_only,0.8570967819433628,-0.031365558100810986
0.5,policy::interval0__full__bonus1.25,rank_only,0.8513688521389685,-0.03709348790520528
0.5,policy::interval0__full__bonus1.5,rank_only,0.8516472414432932,-0.036815098600880614
0.5,policy::interval0__full__bonus2,rank_only,0.8518384494534598,-0.036623890590714026
0.5,policy::interval0__full__bonus3,rank_only,0.8525533606758646,-0.03590897936830917
0.5,policy::interval0__full__expected_mix0.25,rank_only,0.8618535062306456,-0.026608833813528188
0.5,policy::interval0__full__expected_mix0.5,rank_only,0.8628172254798803,-0.025645114564293525
0.5,policy::interval0__full__expected_mix0.75,rank_only,0.8619774096077879,-0.02648493043638589
0.5,policy::interval0__full__expected_rejection,rank_only,0.8599877622497256,-0.028474577794448175
0.5,policy::interval0__full__h_tau0.8,rank_only,0.8422653283033756,-0.046197011740798155
0.5,policy::interval0__full__h_tau0.9,rank_only,0.8488330201821019,-0.039629319862071855
0.5,policy::interval0__full__h_tau1.1,rank_only,0.8511476714213558,-0.03731466862281796
0.5,policy::interval0__full__h_tau1.25,rank_only,0.8494144932185589,-0.03904784682561491
0.5,policy::interval0__full__original,rank_only,0.8501315930445681,-0.0383307469996057
0.5,policy::interval0__full__power0.5,rank_only,0.855198660654108,-0.0332636793900658
0.5,policy::interval0__full__power0.75,rank_only,0.8530254386940781,-0.035436901350095695
0.5,policy::interval0__full__power1.25,rank_only,0.8438124393527479,-0.04464990069142594
0.5,policy::interval0__full__power1.5,rank_only,0.8383874690875486,-0.05007487095662522
0.5,policy::interval0__full__uniform0.02,rank_only,0.8584836881086179,-0.029978651935555933
0.5,policy::interval0__full__uniform0.05,rank_only,0.8593352461227799,-0.0291270939213939
0.5,policy::interval0__full__uniform0.1,rank_only,0.8573800731406062,-0.031082266903567635
0.5,policy::interval0__full__uniform0.2,rank_only,0.85576499946951,-0.03269734057466378
0.5,policy::interval0__topm__accept_clip0.02,rank_only,0.8561523753817127,-0.032309964662461055
0.5,policy::interval0__topm__accept_clip0.05,rank_only,0.8540521653159922,-0.03441017472818164
0.5,policy::interval0__topm__accept_clip0.1,rank_only,0.8570477816589772,-0.03141455838519658
0.5,policy::interval0__topm__bonus1.25,rank_only,0.849964171470017,-0.03849816857415678
0.5,policy::interval0__topm__bonus1.5,rank_only,0.850120940898592,-0.03834139914558177
0.5,policy::interval0__topm__bonus2,rank_only,0.8503915548049447,-0.03807078523922913
0.5,policy::interval0__topm__bonus3,rank_only,0.8511483266897042,-0.0373140133544696
0.5,policy::interval0__topm__expected_mix0.25,rank_only,0.8617312369465955,-0.026731103097578313
0.5,policy::interval0__topm__expected_mix0.5,rank_only,0.8627962810715049,-0.025666058972668937
0.5,policy::interval0__topm__expected_mix0.75,rank_only,0.8605252665116535,-0.027937073532520285
0.5,policy::interval0__topm__expected_rejection,rank_only,0.8599000200898494,-0.028562319954324344
0.5,policy::interval0__topm__h_tau0.8,rank_only,0.8408321805847538,-0.04763015945941995
0.5,policy::interval0__topm__h_tau0.9,rank_only,0.8473928469934716,-0.04106949305070218
0.5,policy::interval0__topm__h_tau1.1,rank_only,0.8511521842879621,-0.03731015575621166
0.5,policy::interval0__topm__h_tau1.25,rank_only,0.8489015216510638,-0.03956081839310999
0.5,policy::interval0__topm__original,rank_only,0.8487068515627127,-0.03975548848146104
0.5,policy::interval0__topm__power0.5,rank_only,0.8551968212714511,-0.03326551877272266
0.5,policy::interval0__topm__power0.75,rank_only,0.8530187639804442,-0.03544357606372961
0.5,policy::interval0__topm__power1.25,rank_only,0.8438363389601977,-0.044626001083976075
0.5,policy::interval0__topm__power1.5,rank_only,0.8384422111173151,-0.0500201289268587
0.5,policy::interval0__topm__uniform0.02,rank_only,0.8570865283151603,-0.03137581172901349
0.5,policy::interval0__topm__uniform0.05,rank_only,0.8579470748961253,-0.030515265148048476
0.5,policy::interval0__topm__uniform0.1,rank_only,0.8559199206178354,-0.0325424194263384
0.5,policy::interval0__topm__uniform0.2,rank_only,0.8534332330488292,-0.03502910699534456
0.5,policy::interval1__full__accept_clip0.02,rank_only,0.916238892384429,0.027776552340255223
0.5,policy::interval1__full__accept_clip0.05,rank_only,0.9136179843035522,0.02515564425937844
0.5,policy::interval1__full__accept_clip0.1,rank_only,0.9124112453642234,0.023948905320049563
0.5,policy::interval1__full__bonus1.25,rank_only,0.8912724774777048,0.0028101374335309792
0.5,policy::interval1__full__bonus1.5,rank_only,0.8909100264692156,0.002447686425041784
0.5,policy::interval1__full__bonus2,rank_only,0.8911680135194984,0.002705673475324577
0.5,policy::interval1__full__bonus3,rank_only,0.8918041947298961,0.0033418546857223452
0.5,policy::interval1__full__expected_mix0.25,rank_only,0.9210252937194844,0.03256295367531059
0.5,policy::interval1__full__expected_mix0.5,rank_only,0.9201060847162006,0.0316437446720268
0.5,policy::interval1__full__expected_mix0.75,rank_only,0.9169661724836432,0.028503832439469412
0.5,policy::interval1__full__expected_rejection,rank_only,0.9138058477909301,0.02534350774675631
0.5,policy::interval1__full__h_tau0.8,rank_only,0.880232692719841,-0.008229647324332845
0.5,policy::interval1__full__h_tau0.9,rank_only,0.8876422436397051,-0.0008200964044686732
0.5,policy::interval1__full__h_tau1.1,rank_only,0.891593342139124,0.003131002094950208
0.5,policy::interval1__full__h_tau1.25,rank_only,0.889905206583907,0.0014428665397332452
0.5,policy::interval1__full__original,rank_only,0.8903037805400196,0.0018414404958457808
0.5,policy::interval1__full__power0.5,rank_only,0.8920235403416157,0.003561200297441891
0.5,policy::interval1__full__power0.75,rank_only,0.8917462975591164,0.0032839575149425926
0.5,policy::interval1__full__power1.25,rank_only,0.8835060829832292,-0.004956257060944602
0.5,policy::interval1__full__power1.5,rank_only,0.877670481746957,-0.010791858297216739
0.5,policy::interval1__full__uniform0.02,rank_only,0.9196305428121474,0.031168202767973607
0.5,policy::interval1__full__uniform0.05,rank_only,0.9210466725835312,0.03258433253935744
0.5,policy::interval1__full__uniform0.1,rank_only,0.9177689014330432,0.029306561388869445
0.5,policy::interval1__full__uniform0.2,rank_only,0.909971025944602,0.021508685900428204
0.5,policy::interval1__topm__accept_clip0.02,rank_only,0.9159386829697072,0.02747634292553336
0.5,policy::interval1__topm__accept_clip0.05,rank_only,0.9129614248886759,0.02449908484450214
0.5,policy::interval1__topm__accept_clip0.1,rank_only,0.9122324617249922,0.02377012168081838
0.5,policy::interval1__topm__bonus1.25,rank_only,0.8894400896842259,0.0009777496400521501
0.5,policy::interval1__topm__bonus1.5,rank_only,0.8889561684889244,0.0004938284447506547
0.5,policy::interval1__topm__bonus2,rank_only,0.8893083994837927,0.000846059439618907
0.5,policy::interval1__topm__bonus3,rank_only,0.8899714537252754,0.001509113681101626
0.5,policy::interval1__topm__expected_mix0.25,rank_only,0.9187963131390557,0.03033397309488195
0.5,policy::interval1__topm__expected_mix0.5,rank_only,0.9200398307960463,0.03157749075187255
0.5,policy::interval1__topm__expected_mix0.75,rank_only,0.9155084601493483,0.027046120105174487
0.5,policy::interval1__topm__expected_rejection,rank_only,0.9132483992368052,0.024786059192631438
0.5,policy::interval1__topm__h_tau0.8,rank_only,0.8786814759329538,-0.009780864111220033
0.5,policy::interval1__topm__h_tau0.9,rank_only,0.8861867481649297,-0.0022755918792440877
0.5,policy::interval1__topm__h_tau1.1,rank_only,0.8915987635327938,0.003136423488619977
0.5,policy::interval1__topm__h_tau1.25,rank_only,0.8897051132788636,0.001242773234689798
0.5,policy::interval1__topm__original,rank_only,0.8884623400441738,0.0
0.5,policy::interval1__topm__power0.5,rank_only,0.8922936892601341,0.003831349215960289
0.5,policy::interval1__topm__power0.75,rank_only,0.8919280520515749,0.0034657120074010894
0.5,policy::interval1__topm__power1.25,rank_only,0.8834576754515808,-0.005004664592592967
0.5,policy::interval1__topm__power1.5,rank_only,0.8777194127249233,-0.010742927319250528
0.5,policy::interval1__topm__uniform0.02,rank_only,0.9180987926504177,0.029636452606243924
0.5,policy::interval1__topm__uniform0.05,rank_only,0.919209846170636,0.030747506126462154
0.5,policy::interval1__topm__uniform0.1,rank_only,0.916227252715228,0.027764912671054187
0.5,policy::interval1__topm__uniform0.2,rank_only,0.9078358501410095,0.019373510096835744
0.5,policy::keep12__full__accept_clip0.02,rank_only,0.9160596022536809,0.02759726220950709
0.5,policy::keep12__full__accept_clip0.05,rank_only,0.9134286233894211,0.02496628334524731
0.5,policy::keep12__full__accept_clip0.1,rank_only,0.9124112462955459,0.023948906251372137
0.5,policy::keep12__full__bonus1.25,rank_only,0.8908982827725404,0.002435942728366558
0.5,policy::keep12__full__bonus1.5,rank_only,0.8905353705053796,0.0020730304612057715
0.5,policy::keep12__full__bonus2,rank_only,0.8908038750497005,0.002341535005526696
0.5,policy::keep12__full__bonus3,rank_only,0.8914384868136397,0.0029761467694658927
0.5,policy::keep12__full__expected_mix0.25,rank_only,0.9207372831432947,0.032274943099120934
0.5,policy::keep12__full__expected_mix0.5,rank_only,0.9198373145010006,0.0313749744568268
0.5,policy::keep12__full__expected_mix0.75,rank_only,0.9167062683323551,0.02824392828818134
0.5,policy::keep12__full__expected_rejection,rank_only,0.913540447323659,0.02507810727948523
0.5,policy::keep12__full__h_tau0.8,rank_only,0.879628305408227,-0.008834034635946786
0.5,policy::keep12__full__h_tau0.9,rank_only,0.8873047515358813,-0.0011575885082925064
0.5,policy::keep12__full__h_tau1.1,rank_only,0.891218970710137,0.002756630665963211
0.5,policy::keep12__full__h_tau1.25,rank_only,0.8895525795040554,0.0010902394598816256
0.5,policy::keep12__full__original,rank_only,0.8899295856537646,0.0014672456095907727
0.5,policy::keep12__full__power0.5,rank_only,0.8919243716737916,0.003462031629617779
0.5,policy::keep12__full__power0.75,rank_only,0.8913859291634418,0.002923589119268044
0.5,policy::keep12__full__power1.25,rank_only,0.8829004807076586,-0.005561859336515207
0.5,policy::keep12__full__power1.5,rank_only,0.8770423853990532,-0.011419954645120578
0.5,policy::keep12__full__uniform0.02,rank_only,0.919614711943096,0.03115237189892217
0.5,policy::keep12__full__uniform0.05,rank_only,0.9210476179276846,0.032585277883510844
0.5,policy::keep12__full__uniform0.1,rank_only,0.9177689014330432,0.029306561388869445
0.5,policy::keep12__full__uniform0.2,rank_only,0.909971025944602,0.021508685900428204
0.5,policy::keep12__topm__accept_clip0.02,rank_only,0.9157883159951881,0.02732597595101427
0.5,policy::keep12__topm__accept_clip0.05,rank_only,0.9127720639745449,0.02430972393037112
0.5,policy::keep12__topm__accept_clip0.1,rank_only,0.9122324627409805,0.023770122696806673
0.5,policy::keep12__topm__bonus1.25,rank_only,0.8890658949790616,0.00060355493488784
0.5,policy::keep12__topm__bonus1.5,rank_only,0.8885815125250884,0.00011917248091464216
0.5,policy::keep12__topm__bonus2,rank_only,0.8889337050652713,0.0004713650210974585
0.5,policy::keep12__topm__bonus3,rank_only,0.889605745809019,0.0011434057648451734
0.5,policy::keep12__topm__expected_mix0.25,rank_only,0.9185083025628661,0.030045962518692293
0.5,policy::keep12__topm__expected_mix0.5,rank_only,0.9197710605808465,0.03130872053667266
0.5,policy::keep12__topm__expected_mix0.75,rank_only,0.9152490319762329,0.02678669193205907
0.5,policy::keep12__topm__expected_rejection,rank_only,0.912982998769534,0.024520658725360245
0.5,policy::keep12__topm__h_tau0.8,rank_only,0.8780809362535582,-0.010381403790615584
0.5,policy::keep12__topm__h_tau0.9,rank_only,0.885849256061106,-0.00261308398306781
0.5,policy::keep12__topm__h_tau1.1,rank_only,0.8912243921038068,0.00276205205963298
0.5,policy::keep12__topm__h_tau1.25,rank_only,0.8893524862836777,0.0008901462395038973
0.5,policy::keep12__topm__original,rank_only,0.888127624535683,-0.00033471550849084597
0.5,policy::keep12__topm__power0.5,rank_only,0.8921945205923099,0.003732180548136066
0.5,policy::keep12__topm__power0.75,rank_only,0.8915571277071768,0.0030947876630029736
0.5,policy::keep12__topm__power1.25,rank_only,0.8828559208082288,-0.005606419235944959
0.5,policy::keep12__topm__power1.5,rank_only,0.8770913162923537,-0.011371023751820086
0.5,policy::keep12__topm__uniform0.02,rank_only,0.9180829617813662,0.029620621737192376
0.5,policy::keep12__topm__uniform0.05,rank_only,0.9192107914630492,0.03074845141887539
0.5,policy::keep12__topm__uniform0.1,rank_only,0.916227252715228,0.027764912671054187
0.5,policy::keep12__topm__uniform0.2,rank_only,0.9078358501410095,0.019373510096835744
0.5,policy::keep1__full__accept_clip0.02,rank_only,0.8779041237776304,-0.010558216266543408
0.5,policy::keep1__full__accept_clip0.05,rank_only,0.8788925861373419,-0.009569753906831902
0.5,policy::keep1__full__accept_clip0.1,rank_only,0.8799911552601855,-0.00847118478398834
0.5,policy::keep1__full__bonus1.25,rank_only,0.8538458376827862,-0.03461650236138758
0.5,policy::keep1__full__bonus1.5,rank_only,0.8535218294866582,-0.03494051055751557
0.5,policy::keep1__full__bonus2,rank_only,0.8537390837531614,-0.03472325629101236
0.5,policy::keep1__full__bonus3,rank_only,0.8544545659398993,-0.03400777410427447
0.5,policy::keep1__full__expected_mix0.25,rank_only,0.8826524554822472,-0.005809884561926548
0.5,policy::keep1__full__expected_mix0.5,rank_only,0.8835723650314338,-0.004889975012740022
0.5,policy::keep1__full__expected_mix0.75,rank_only,0.8825462431050786,-0.005916096939095228
0.5,policy::keep1__full__expected_rejection,rank_only,0.8805635392728176,-0.007898800771356185
0.5,policy::keep1__full__h_tau0.8,rank_only,0.8434307019430458,-0.04503163810112798
0.5,policy::keep1__full__h_tau0.9,rank_only,0.85046705051703,-0.037995289527143816
0.5,policy::keep1__full__h_tau1.1,rank_only,0.8538655414263072,-0.034596798617866575
0.5,policy::keep1__full__h_tau1.25,rank_only,0.8542431435734561,-0.034219196470717694
0.5,policy::keep1__full__original,rank_only,0.852608405653946,-0.03585393439022777
0.5,policy::keep1__full__power0.5,rank_only,0.8575525397016075,-0.030909800342566296
0.5,policy::keep1__full__power0.75,rank_only,0.8555112593217921,-0.03295108072238173
0.5,policy::keep1__full__power1.25,rank_only,0.8459462550365526,-0.04251608500762116
0.5,policy::keep1__full__power1.5,rank_only,0.8399621660178249,-0.048500174026348875
0.5,policy::keep1__full__uniform0.02,rank_only,0.8807303143306232,-0.007732025713550583
0.5,policy::keep1__full__uniform0.05,rank_only,0.8826706776130965,-0.005791662431077316
0.5,policy::keep1__full__uniform0.1,rank_only,0.8808946629861494,-0.0075676770580244135
0.5,policy::keep1__full__uniform0.2,rank_only,0.8793868260946122,-0.009075513949561631
0.5,policy::keep1__topm__accept_clip0.02,rank_only,0.877912369312062,-0.010549970732111835
0.5,policy::keep1__topm__accept_clip0.05,rank_only,0.8782052725992819,-0.010257067444891854
0.5,policy::keep1__topm__accept_clip0.1,rank_only,0.8799370782621279,-0.008525261782045934
0.5,policy::keep1__topm__bonus1.25,rank_only,0.8524414824010093,-0.03602085764316454
0.5,policy::keep1__topm__bonus1.5,rank_only,0.8519958543291315,-0.036466485715042296
0.5,policy::keep1__topm__bonus2,rank_only,0.852292514584953,-0.03616982545922076
0.5,policy::keep1__topm__bonus3,rank_only,0.8530498574340455,-0.035412482610128304
0.5,policy::keep1__topm__expected_mix0.25,rank_only,0.8807933058627461,-0.007669034181427725
0.5,policy::keep1__topm__expected_mix0.5,rank_only,0.8835125220605191,-0.004949817983654681
0.5,policy::keep1__topm__expected_mix0.75,rank_only,0.8810940998853052,-0.007368240158868611
0.5,policy::keep1__topm__expected_rejection,rank_only,0.8804757969255682,-0.007986543118605582
0.5,policy::keep1__topm__h_tau0.8,rank_only,0.8418876784867345,-0.04657466155743928
0.5,policy::keep1__topm__h_tau0.9,rank_only,0.849033403088747,-0.03942893695542682
0.5,policy::keep1__topm__h_tau1.1,rank_only,0.8538700543860459,-0.034592285658127886
0.5,policy::keep1__topm__h_tau1.25,rank_only,0.8537301718507406,-0.034732168193433166
0.5,policy::keep1__topm__original,rank_only,0.8511839896768564,-0.037278350367317414
0.5,policy::keep1__topm__power0.5,rank_only,0.8575507003965609,-0.0309116396476129
0.5,policy::keep1__topm__power0.75,rank_only,0.8555026383826875,-0.03295970166148632
0.5,policy::keep1__topm__power1.25,rank_only,0.8459690712364514,-0.04249326880772242
0.5,policy::keep1__topm__power1.5,rank_only,0.8400169080475915,-0.048445431996582244
0.5,policy::keep1__topm__uniform0.02,rank_only,0.8793299406758726,-0.009132399368301236
0.5,policy::keep1__topm__uniform0.05,rank_only,0.8812744400453275,-0.007187899998846281
0.5,policy::keep1__topm__uniform0.1,rank_only,0.8794554365851085,-0.009006903459065296
0.5,policy::keep1__topm__uniform0.2,rank_only,0.8770114870895841,-0.011450852954589696
0.5,policy::keep2__full__accept_clip0.02,rank_only,0.8875901819881337,-0.0008721580560401287
0.5,policy::keep2__full__accept_clip0.05,rank_only,0.8880556700396989,-0.0004066700044749183
0.5,policy::keep2__full__accept_clip0.1,rank_only,0.8889744452030993,0.0005121051589255243
0.5,policy::keep2__full__bonus1.25,rank_only,0.8623545183854961,-0.026107821658677643
0.5,policy::keep2__full__bonus1.5,rank_only,0.8620291599033372,-0.02643318014083662
0.5,policy::keep2__full__bonus2,rank_only,0.8622464580453433,-0.026215881998830515
0.5,policy::keep2__full__bonus3,rank_only,0.8629627430764699,-0.025499596967703875
0.5,policy::keep2__full__expected_mix0.25,rank_only,0.8918211482287866,0.0033588081846127604
0.5,policy::keep2__full__expected_mix0.5,rank_only,0.8922924583980536,0.003830118353879808
0.5,policy::keep2__full__expected_mix0.75,rank_only,0.8903661490978327,0.0019038090536589447
0.5,policy::keep2__full__expected_rejection,rank_only,0.8885032092502521,4.08692060782645e-05
0.5,policy::keep2__full__h_tau0.8,rank_only,0.8513196987199738,-0.037142641324199976
0.5,policy::keep2__full__h_tau0.9,rank_only,0.8584767961157895,-0.029985543928384262
0.5,policy::keep2__full__h_tau1.1,rank_only,0.8624136829959869,-0.02604865704818693
0.5,policy::keep2__full__h_tau1.25,rank_only,0.8608945652817359,-0.02756777476243788
0.5,policy::keep2__full__original,rank_only,0.8611171087159597,-0.027345231328214092
0.5,policy::keep2__full__power0.5,rank_only,0.8652521169669551,-0.02321022307721865
0.5,policy::keep2__full__power0.75,rank_only,0.8632517351026961,-0.025210604941477643
0.5,policy::keep2__full__power1.25,rank_only,0.8544825968302818,-0.033979743213891966
0.5,policy::keep2__full__power1.5,rank_only,0.8478586140251687,-0.04060372601900508
0.5,policy::keep2__full__uniform0.02,rank_only,0.8909273193174606,0.002464979273286816
0.5,policy::keep2__full__uniform0.05,rank_only,0.893648335727206,0.005185995683032241
0.5,policy::keep2__full__uniform0.1,rank_only,0.8914408618761439,0.0029785218319701157
0.5,policy::keep2__full__uniform0.2,rank_only,0.8876462723530417,-0.0008160676911320719
0.5,policy::keep2__topm__accept_clip0.02,rank_only,0.8876136012000332,-0.0008487388441406063
0.5,policy::keep2__topm__accept_clip0.05,rank_only,0.8871595667606622,-0.0013027732835115824
0.5,policy::keep2__topm__accept_clip0.1,rank_only,0.8889052824238464,0.0004429423796725729
0.5,policy::keep2__topm__bonus1.25,rank_only,0.860965336892582,-0.02749700315159176
0.5,policy::keep2__topm__bonus1.5,rank_only,0.8605183584958682,-0.027943981548305574
0.5,policy::keep2__topm__bonus2,rank_only,0.8608150626271929,-0.02764727741698092
0.5,policy::keep2__topm__bonus3,rank_only,0.8615732083594789,-0.026889131684694867
0.5,policy::keep2__topm__expected_mix0.25,rank_only,0.8899530775691198,0.0014907375249459953
0.5,policy::keep2__topm__expected_mix0.5,rank_only,0.8922280765909683,0.0037657365467944626
0.5,policy::keep2__topm__expected_mix0.75,rank_only,0.8889081011112309,0.0004457610670570711
0.5,policy::keep2__topm__expected_rejection,rank_only,0.888407445147915,-5.489489625876143e-05
0.5,policy::keep2__topm__h_tau0.8,rank_only,0.849780416501069,-0.038681923543104846
0.5,policy::keep2__topm__h_tau0.9,rank_only,0.8570359493547595,-0.03142639068941433
0.5,policy::keep2__topm__h_tau1.1,rank_only,0.8624175782522417,-0.026044761791932047
0.5,policy::keep2__topm__h_tau1.25,rank_only,0.8603815934814101,-0.028080746562763714
0.5,policy::keep2__topm__original,rank_only,0.8597078666452339,-0.028754473398939884
0.5,policy::keep2__topm__power0.5,rank_only,0.8652502777136486,-0.023212062330525196
0.5,policy::keep2__topm__power0.75,rank_only,0.8632428003078838,-0.025219539736289986
0.5,policy::keep2__topm__power1.25,rank_only,0.8544963137640265,-0.03396602628014733
0.5,policy::keep2__topm__power1.5,rank_only,0.8479133560549352,-0.04054898398923856
0.5,policy::keep2__topm__uniform0.02,rank_only,0.8895349124365545,0.0010725723923806774
0.5,policy::keep2__topm__uniform0.05,rank_only,0.892246535764335,0.0037841957201611987
0.5,policy::keep2__topm__uniform0.1,rank_only,0.8899900046745316,0.0015276646303578056
0.5,policy::keep2__topm__uniform0.2,rank_only,0.8852647406970571,-0.0031975993471167197
0.5,policy::keep3__full__accept_clip0.02,rank_only,0.8948401056309487,0.006377765586774942
0.5,policy::keep3__full__accept_clip0.05,rank_only,0.8947237277259296,0.00626138768175577
0.5,policy::keep3__full__accept_clip0.1,rank_only,0.8954608533226007,0.006998513278426932
0.5,policy::keep3__full__bonus1.25,rank_only,0.8689304145962359,-0.019531925447937915
0.5,policy::keep3__full__bonus1.5,rank_only,0.8686002372669099,-0.019862102777263857
0.5,policy::keep3__full__bonus2,rank_only,0.8685690235888122,-0.01989331645536163
0.5,policy::keep3__full__bonus3,rank_only,0.8692271443124167,-0.019235195731757138
0.5,policy::keep3__full__expected_mix0.25,rank_only,0.8987705879809386,0.01030824793676477
0.5,policy::keep3__full__expected_mix0.5,rank_only,0.898819085076232,0.01035674503205819
0.5,policy::keep3__full__expected_mix0.75,rank_only,0.8969883391486527,0.008525999104478932
0.5,policy::keep3__full__expected_rejection,rank_only,0.8939159665289862,0.005453626484812402
0.5,policy::keep3__full__h_tau0.8,rank_only,0.8581623706243915,-0.030299969419782302
0.5,policy::keep3__full__h_tau0.9,rank_only,0.865068550106001,-0.02339378993817276
0.5,policy::keep3__full__h_tau1.1,rank_only,0.8695887426857009,-0.018873597358472938
0.5,policy::keep3__full__h_tau1.25,rank_only,0.8678922209276018,-0.020570119116572028
0.5,policy::keep3__full__original,rank_only,0.8676947753163309,-0.020767564727842913
0.5,policy::keep3__full__power0.5,rank_only,0.872010373944464,-0.01645196609970978
0.5,policy::keep3__full__power0.75,rank_only,0.8699287206872864,-0.018533619356887354
0.5,policy::keep3__full__power1.25,rank_only,0.860940764266418,-0.027521575777755825
0.5,policy::keep3__full__power1.5,rank_only,0.8546832264201729,-0.03377911362400088
0.5,policy::keep3__full__uniform0.02,rank_only,0.8976869554150247,0.009224615370850953
0.5,policy::keep3__full__uniform0.05,rank_only,0.900342886604113,0.011880546559939198
0.5,policy::keep3__full__uniform0.1,rank_only,0.8980818476396755,0.009619507595501675
0.5,policy::keep3__full__uniform0.2,rank_only,0.8939562803771698,0.005493940332995995
0.5,policy::keep3__topm__accept_clip0.02,rank_only,0.8948617907149393,0.006399450670765527
0.5,policy::keep3__topm__accept_clip0.05,rank_only,0.894068045326626,0.005605705282452189
0.5,policy::keep3__topm__accept_clip0.1,rank_only,0.8953890162378749,0.006926676193701131
0.5,policy::keep3__topm__bonus1.25,rank_only,0.8675399045679629,-0.020922435476210866
0.5,policy::keep3__topm__bonus1.5,rank_only,0.8670882570659355,-0.021374082978238285
0.5,policy::keep3__topm__bonus2,rank_only,0.8671362995894422,-0.021326040454731632
0.5,policy::keep3__topm__bonus3,rank_only,0.8678362813258229,-0.02062605871835088
0.5,policy::keep3__topm__expected_mix0.25,rank_only,0.8969112272234456,0.008448887179271836
0.5,policy::keep3__topm__expected_mix0.5,rank_only,0.8987562066591326,0.010293866614958791
0.5,policy::keep3__topm__expected_mix0.75,rank_only,0.895556293445861,0.00709395340168717
0.5,policy::keep3__topm__expected_rejection,rank_only,0.8938057862893154,0.005343446245141603
0.5,policy::keep3__topm__h_tau0.8,rank_only,0.856623088477127,-0.03183925156704681
0.5,policy::keep3__topm__h_tau0.9,rank_only,0.8636458857183416,-0.024816454325832238
0.5,policy::keep3__topm__h_tau1.1,rank_only,0.8695995983334137,-0.018862741710760078
0.5,policy::keep3__topm__h_tau1.25,rank_only,0.8673817517709486,-0.02108058827322523
0.5,policy::keep3__topm__original,rank_only,0.8662841854861957,-0.022178154557978114
0.5,policy::keep3__topm__power0.5,rank_only,0.8720085345747423,-0.016453805469431537
0.5,policy::keep3__topm__power0.75,rank_only,0.8699657739396405,-0.01849656610453332
0.5,policy::keep3__topm__power1.25,rank_only,0.8609545005927912,-0.027507839451382576
0.5,policy::keep3__topm__power1.5,rank_only,0.8547379684320295,-0.033724371612144255
0.5,policy::keep3__topm__uniform0.02,rank_only,0.8963017229205573,0.007839382876383527
0.5,policy::keep3__topm__uniform0.05,rank_only,0.8989456479376171,0.010483307893443317
0.5,policy::keep3__topm__uniform0.1,rank_only,0.8966382180336827,0.008175877989508917
0.5,policy::keep3__topm__uniform0.2,rank_only,0.8916947313831647,0.003232391338990892
0.5,policy::keep5__full__accept_clip0.02,rank_only,0.9102893443145582,0.02182700427038442
0.5,policy::keep5__full__accept_clip0.05,rank_only,0.9097680720924497,0.021305732048275905
0.5,policy::keep5__full__accept_clip0.1,rank_only,0.9095028842944908,0.021040544250316984
0.5,policy::keep5__full__bonus1.25,rank_only,0.8846152402487902,-0.0038470997953835573
0.5,policy::keep5__full__bonus1.5,rank_only,0.8842900878875839,-0.004172252156589895
0.5,policy::keep5__full__bonus2,rank_only,0.8842644476375923,-0.004197892406581527
0.5,policy::keep5__full__bonus3,rank_only,0.8849011708203159,-0.003561169223857852
0.5,policy::keep5__full__expected_mix0.25,rank_only,0.9147857484333414,0.02632340838916758
0.5,policy::keep5__full__expected_mix0.5,rank_only,0.9142425799286504,0.02578023988447664
0.5,policy::keep5__full__expected_mix0.75,rank_only,0.9115396491502297,0.023077309106055877
0.5,policy::keep5__full__expected_rejection,rank_only,0.9075767395875397,0.019114399543365912
0.5,policy::keep5__full__h_tau0.8,rank_only,0.873411862699496,-0.015050477344677793
0.5,policy::keep5__full__h_tau0.9,rank_only,0.8808722700154403,-0.007590070028733464
0.5,policy::keep5__full__h_tau1.1,rank_only,0.8847400999556453,-0.0037222400885285056
0.5,policy::keep5__full__h_tau1.25,rank_only,0.882844750894788,-0.0056175891493858154
0.5,policy::keep5__full__original,rank_only,0.883381152843541,-0.005081187200632775
0.5,policy::keep5__full__power0.5,rank_only,0.8865372068372303,-0.0019251332069435412
0.5,policy::keep5__full__power0.75,rank_only,0.8849774954888838,-0.0034848445552899676
0.5,policy::keep5__full__power1.25,rank_only,0.8763693118641638,-0.012093028180010013
0.5,policy::keep5__full__power1.5,rank_only,0.8706066626922094,-0.01785567735196436
0.5,policy::keep5__full__uniform0.02,rank_only,0.9135977464255817,0.025135406381407877
0.5,policy::keep5__full__uniform0.05,rank_only,0.9160635969158755,0.027601256871701674
0.5,policy::keep5__full__uniform0.1,rank_only,0.9134873015088076,0.025024961464633844
0.5,policy::keep5__full__uniform0.2,rank_only,0.9074584588590164,0.018996118814842644
0.5,policy::keep5__topm__accept_clip0.02,rank_only,0.9103265595226304,0.021864219478456626
0.5,policy::keep5__topm__accept_clip0.05,rank_only,0.9091020462493886,0.020639706205214825
0.5,policy::keep5__topm__accept_clip0.1,rank_only,0.9094243883231384,0.02096204827896464
0.5,policy::keep5__topm__bonus1.25,rank_only,0.882910350475533,-0.0055519895686407805
0.5,policy::keep5__topm__bonus1.5,rank_only,0.8824637279383327,-0.005998612105841072
0.5,policy::keep5__topm__bonus2,rank_only,0.8825215291353659,-0.005940810908807936
0.5,policy::keep5__topm__bonus3,rank_only,0.883195928117195,-0.005266411926978742
0.5,policy::keep5__topm__expected_mix0.25,rank_only,0.912627458783124,0.02416511873895022
0.5,policy::keep5__topm__expected_mix0.5,rank_only,0.914179384116212,0.02571704407203823
0.5,policy::keep5__topm__expected_mix0.75,rank_only,0.9098337512871151,0.021371411242941285
0.5,policy::keep5__topm__expected_rejection,rank_only,0.9071045835801896,0.018642243536015846
0.5,policy::keep5__topm__h_tau0.8,rank_only,0.8718684133070385,-0.016593926737135334
0.5,policy::keep5__topm__h_tau0.9,rank_only,0.879347123448347,-0.009115216595826814
0.5,policy::keep5__topm__h_tau1.1,rank_only,0.8847585041098462,-0.0037038359343275484
0.5,policy::keep5__topm__h_tau1.25,rank_only,0.8826201025196422,-0.005842237524531613
0.5,policy::keep5__topm__original,rank_only,0.8816561831992781,-0.006806156844895717
0.5,policy::keep5__topm__power0.5,rank_only,0.8865353677590442,-0.0019269722851296134
0.5,policy::keep5__topm__power0.75,rank_only,0.8851548515376719,-0.0033074885065018655
0.5,policy::keep5__topm__power1.25,rank_only,0.8763739466039546,-0.01208839344021917
0.5,policy::keep5__topm__power1.5,rank_only,0.8706570632379053,-0.017805276806268533
0.5,policy::keep5__topm__uniform0.02,rank_only,0.912194896223173,0.023732556178999165
0.5,policy::keep5__topm__uniform0.05,rank_only,0.9143634267695634,0.0259010867253896
0.5,policy::keep5__topm__uniform0.1,rank_only,0.9120607572369867,0.02359841719281286
0.5,policy::keep5__topm__uniform0.2,rank_only,0.9052180421092367,0.01675570206506294
0.5,policy::keep8__full__accept_clip0.02,rank_only,0.9159224151246829,0.027460075080509072
0.5,policy::keep8__full__accept_clip0.05,rank_only,0.9135231537663909,0.025060813722217135
0.5,policy::keep8__full__accept_clip0.1,rank_only,0.9123886928689359,0.023926352824762076
0.5,policy::keep8__full__bonus1.25,rank_only,0.8901705041516852,0.0017081641075114007
0.5,policy::keep8__full__bonus1.5,rank_only,0.8898200500826545,0.0013577100384807306
0.5,policy::keep8__full__bonus2,rank_only,0.8901024254123601,0.0016400853681862726
0.5,policy::keep8__full__bonus3,rank_only,0.8907349352765809,0.002272595232407082
0.5,policy::keep8__full__expected_mix0.25,rank_only,0.9206031803951173,0.032140840350943556
0.5,policy::keep8__full__expected_mix0.5,rank_only,0.9196110752730848,0.03114873522891104
0.5,policy::keep8__full__expected_mix0.75,rank_only,0.9163974302940706,0.02793509024989682
0.5,policy::keep8__full__expected_rejection,rank_only,0.9132181109142481,0.0247557708700743
0.5,policy::keep8__full__h_tau0.8,rank_only,0.8790870103478036,-0.009375329696370227
0.5,policy::keep8__full__h_tau0.9,rank_only,0.8867208262875111,-0.0017415137566626493
0.5,policy::keep8__full__h_tau1.1,rank_only,0.8905322725233622,0.0020699324791884077
0.5,policy::keep8__full__h_tau1.25,rank_only,0.8888999855885117,0.0004376455443378946
0.5,policy::keep8__full__original,rank_only,0.8892020242463639,0.0007396842021900607
0.5,policy::keep8__full__power0.5,rank_only,0.8920256784192924,0.0035633383751185743
0.5,policy::keep8__full__power0.75,rank_only,0.890890379926367,0.0024280398821932003
0.5,policy::keep8__full__power1.25,rank_only,0.8822444441490488,-0.006217895895125003
0.5,policy::keep8__full__power1.5,rank_only,0.8763820390479755,-0.012080300996198279
0.5,policy::keep8__full__uniform0.02,rank_only,0.9195158846634724,0.031053544619298656
0.5,policy::keep8__full__uniform0.05,rank_only,0.9209838673437954,0.032521527299621655
0.5,policy::keep8__full__uniform0.1,rank_only,0.9180622966092323,0.02959995656505854
0.5,policy::keep8__full__uniform0.2,rank_only,0.9100356923891882,0.02157335234501445
0.5,policy::keep8__topm__accept_clip0.02,rank_only,0.9155482801059615,0.02708594006178766
0.5,policy::keep8__topm__accept_clip0.05,rank_only,0.9127398339387452,0.024277493894571456
0.5,policy::keep8__topm__accept_clip0.1,rank_only,0.9121674566309168,0.023705116586743014
0.5,policy::keep8__topm__bonus1.25,rank_only,0.8882993652369487,-0.00016297480722504698
0.5,policy::keep8__topm__bonus1.5,rank_only,0.8878274410022722,-0.0006348990419016154
0.5,policy::keep8__topm__bonus2,rank_only,0.8881919822151453,-0.00027035782902851135
0.5,policy::keep8__topm__bonus3,rank_only,0.8888634432541829,0.00040110321000907945
0.5,policy::keep8__topm__expected_mix0.25,rank_only,0.9183713798718113,0.029909039827637485
0.5,policy::keep8__topm__expected_mix0.5,rank_only,0.9195501295127716,0.031087789468597804
0.5,policy::keep8__topm__expected_mix0.75,rank_only,0.9149400652258306,0.026477725181656808
0.5,policy::keep8__topm__expected_rejection,rank_only,0.912737860413871,0.024275520369697157
0.5,policy::keep8__topm__h_tau0.8,rank_only,0.8775355437080008,-0.010926796336172995
0.5,policy::keep8__topm__h_tau0.9,rank_only,0.8851945358192322,-0.0032678042249415507
0.5,policy::keep8__topm__h_tau1.1,rank_only,0.8905377137079165,0.0020753736637426634
0.5,policy::keep8__topm__h_tau1.25,rank_only,0.8886998924361715,0.0002375523919977418
0.5,policy::keep8__topm__original,rank_only,0.8873108052008354,-0.0011515348433384087
0.5,policy::keep8__topm__power0.5,rank_only,0.8920244432096893,0.003562103165515529
0.5,policy::keep8__topm__power0.75,rank_only,0.8910239101690273,0.002561570124853474
0.5,policy::keep8__topm__power1.25,rank_only,0.8822303223420352,-0.006232017702138548
0.5,policy::keep8__topm__power1.5,rank_only,0.8764329200692493,-0.01202941997492446
0.5,policy::keep8__topm__uniform0.02,rank_only,0.9179435309491929,0.029481190905019106
0.5,policy::keep8__topm__uniform0.05,rank_only,0.9191047437891351,0.0306424037449613
0.5,policy::keep8__topm__uniform0.1,rank_only,0.9164682280891584,0.028005888044984606
0.5,policy::keep8__topm__uniform0.2,rank_only,0.907844100901498,0.019381760857324237
0.5,policy::lambda0.1__full__accept_clip0.02,bounded_subtraction,0.9027212524799269,0.014258912435753057
0.5,policy::lambda0.1__full__accept_clip0.05,bounded_subtraction,0.8984590512341629,0.009996711189989127
0.5,policy::lambda0.1__full__accept_clip0.1,bounded_subtraction,0.8987841407390994,0.01032180069492561
0.5,policy::lambda0.1__full__bonus1.25,bounded_subtraction,0.8816675947809568,-0.006794745263216995
0.5,policy::lambda0.1__full__bonus1.5,bounded_subtraction,0.8814092371667732,-0.007053102877400574
0.5,policy::lambda0.1__full__bonus2,bounded_subtraction,0.8817993717621923,-0.0066629682819815406
0.5,policy::lambda0.1__full__bonus3,bounded_subtraction,0.8822766238520771,-0.006185716192096735
0.5,policy::lambda0.1__full__expected_mix0.25,bounded_subtraction,0.9064366179165249,0.017974277872351063
0.5,policy::lambda0.1__full__expected_mix0.5,bounded_subtraction,0.905207387840651,0.01674504779647723
0.5,policy::lambda0.1__full__expected_mix0.75,bounded_subtraction,0.9020808691053488,0.013618529061175
0.5,policy::lambda0.1__full__expected_rejection,bounded_subtraction,0.8986355692094863,0.010173229165312492
0.5,policy::lambda0.1__full__h_tau0.8,bounded_subtraction,0.8735483055406117,-0.014914034503562101
0.5,policy::lambda0.1__full__h_tau0.9,bounded_subtraction,0.8793806991835849,-0.009081640860588935
0.5,policy::lambda0.1__full__h_tau1.1,bounded_subtraction,0.8830709177491742,-0.005391422294999559
0.5,policy::lambda0.1__full__h_tau1.25,bounded_subtraction,0.8836364368325205,-0.004825903211653326
0.5,policy::lambda0.1__full__original,bounded_subtraction,0.881509356661589,-0.006952983382584765
0.5,policy::lambda0.1__full__power0.5,bounded_subtraction,0.8847244032712753,-0.0037379367728984647
0.5,policy::lambda0.1__full__power0.75,bounded_subtraction,0.8834055557105963,-0.00505678433357748
0.5,policy::lambda0.1__full__power1.25,bounded_subtraction,0.8773158330807359,-0.011146506963437885
0.5,policy::lambda0.1__full__power1.5,bounded_subtraction,0.8726847604658037,-0.015777579578370116
0.5,policy::lambda0.1__full__uniform0.02,bounded_subtraction,0.9046824521374257,0.016220112093251915
0.5,policy::lambda0.1__full__uniform0.05,bounded_subtraction,0.9059912536289658,0.017528913584792027
0.5,policy::lambda0.1__full__uniform0.1,bounded_subtraction,0.901272160415501,0.012809820371327163
0.5,policy::lambda0.1__full__uniform0.2,bounded_subtraction,0.8961997656336778,0.007737425589503966
0.5,policy::lambda0.1__topm__accept_clip0.02,bounded_subtraction,0.9011767961075683,0.012714456063394497
0.5,policy::lambda0.1__topm__accept_clip0.05,bounded_subtraction,0.89829223023275,0.009829890188576162
0.5,policy::lambda0.1__topm__accept_clip0.1,bounded_subtraction,0.8986399827638918,0.010177642719717994
0.5,policy::lambda0.1__topm__bonus1.25,bounded_subtraction,0.8801482559970324,-0.008314084047141401
0.5,policy::lambda0.1__topm__bonus1.5,bounded_subtraction,0.8797588977545864,-0.008703442289587415
0.5,policy::lambda0.1__topm__bonus2,bounded_subtraction,0.8802598900930529,-0.00820244995112085
0.5,policy::lambda0.1__topm__bonus3,bounded_subtraction,0.8803791681500966,-0.008083171894077146
0.5,policy::lambda0.1__topm__expected_mix0.25,bounded_subtraction,0.9047380847197826,0.016275744675608772
0.5,policy::lambda0.1__topm__expected_mix0.5,bounded_subtraction,0.9048700220955079,0.016407682051334138
0.5,policy::lambda0.1__topm__expected_mix0.75,bounded_subtraction,0.9006532859475491,0.012190945903375328
0.5,policy::lambda0.1__topm__expected_rejection,bounded_subtraction,0.898430612250896,0.00996827220672225
0.5,policy::lambda0.1__topm__h_tau0.8,bounded_subtraction,0.8718773704253072,-0.016584969618866574
0.5,policy::lambda0.1__topm__h_tau0.9,bounded_subtraction,0.8779855220637138,-0.010476817980459963
0.5,policy::lambda0.1__topm__h_tau1.1,bounded_subtraction,0.8830552033952078,-0.005407136648965971
0.5,policy::lambda0.1__topm__h_tau1.25,bounded_subtraction,0.8836129790668565,-0.004849360977317252
0.5,policy::lambda0.1__topm__original,bounded_subtraction,0.8799861116826597,-0.008476228361514071
0.5,policy::lambda0.1__topm__power0.5,bounded_subtraction,0.8847622426423563,-0.003700097401817537
0.5,policy::lambda0.1__topm__power0.75,bounded_subtraction,0.8833183429897941,-0.005143997054379734
0.5,policy::lambda0.1__topm__power1.25,bounded_subtraction,0.8773177401212978,-0.011144599922875975
0.5,policy::lambda0.1__topm__power1.5,bounded_subtraction,0.872497481833729,-0.0159648582104448
0.5,policy::lambda0.1__topm__uniform0.02,bounded_subtraction,0.9031897254944424,0.014727385450268637
0.5,policy::lambda0.1__topm__uniform0.05,bounded_subtraction,0.9058485001875218,0.01738616014334804
0.5,policy::lambda0.1__topm__uniform0.1,bounded_subtraction,0.8994978116180381,0.011035471573864308
0.5,policy::lambda0.1__topm__uniform0.2,bounded_subtraction,0.8937077943655489,0.0052454543213751315
0.5,policy::lambda0.25__full__accept_clip0.02,bounded_subtraction,0.8955911242422584,0.007128784198084603
0.5,policy::lambda0.25__full__accept_clip0.05,bounded_subtraction,0.8924442457718917,0.003981905727717949
0.5,policy::lambda0.25__full__accept_clip0.1,bounded_subtraction,0.8908364002919281,0.0023740602477543282
0.5,policy::lambda0.25__full__bonus1.25,bounded_subtraction,0.8760759775821974,-0.012386362461976441
0.5,policy::lambda0.25__full__bonus1.5,bounded_subtraction,0.8763689697184729,-0.012093370325700903
0.5,policy::lambda0.25__full__bonus2,bounded_subtraction,0.8769216378662074,-0.011540702177966433
0.5,policy::lambda0.25__full__bonus3,bounded_subtraction,0.8752846369385487,-0.01317770310562505
0.5,policy::lambda0.25__full__expected_mix0.25,bounded_subtraction,0.9007284622080933,0.012266122163919535
0.5,policy::lambda0.25__full__expected_mix0.5,bounded_subtraction,0.8961274865531662,0.007665146508992415
0.5,policy::lambda0.25__full__expected_mix0.75,bounded_subtraction,0.8946517650012299,0.0061894249570561
0.5,policy::lambda0.25__full__expected_rejection,bounded_subtraction,0.8914189722089045,0.0029566321647307436
0.5,policy::lambda0.25__full__h_tau0.8,bounded_subtraction,0.8678058008750456,-0.02065653916912824
0.5,policy::lambda0.25__full__h_tau0.9,bounded_subtraction,0.8726807885603332,-0.01578155148384064
0.5,policy::lambda0.25__full__h_tau1.1,bounded_subtraction,0.8789088353674501,-0.009553504676723668
0.5,policy::lambda0.25__full__h_tau1.25,bounded_subtraction,0.875459728775007,-0.013002611269166797
0.5,policy::lambda0.25__full__original,bounded_subtraction,0.8759689214696198,-0.012493418574553994
0.5,policy::lambda0.25__full__power0.5,bounded_subtraction,0.8786865667924119,-0.009775773251761932
0.5,policy::lambda0.25__full__power0.75,bounded_subtraction,0.8781290940745676,-0.010333245969606164
0.5,policy::lambda0.25__full__power1.25,bounded_subtraction,0.8694494027531433,-0.019012937291030485
0.5,policy::lambda0.25__full__power1.5,bounded_subtraction,0.8653338442101893,-0.023128495833984464
0.5,policy::lambda0.25__full__uniform0.02,bounded_subtraction,0.8979163445621903,0.009454004518016479
0.5,policy::lambda0.25__full__uniform0.05,bounded_subtraction,0.8987300377070807,0.010267697662906916
0.5,policy::lambda0.25__full__uniform0.1,bounded_subtraction,0.8951475281638256,0.006685188119651797
0.5,policy::lambda0.25__full__uniform0.2,bounded_subtraction,0.890187144718685,0.0017248046745111933
0.5,policy::lambda0.25__topm__accept_clip0.02,bounded_subtraction,0.8942245664106943,0.005762226366520462
0.5,policy::lambda0.25__topm__accept_clip0.05,bounded_subtraction,0.8924653767916091,0.004003036747435296
0.5,policy::lambda0.25__topm__accept_clip0.1,bounded_subtraction,0.8907104724556503,0.002248132411476478
0.5,policy::lambda0.25__topm__bonus1.25,bounded_subtraction,0.8746880370634099,-0.013774302980763875
0.5,policy::lambda0.25__topm__bonus1.5,bounded_subtraction,0.8750026183893688,-0.013459721654805024
0.5,policy::lambda0.25__topm__bonus2,bounded_subtraction,0.8744369417768478,-0.014025398267325961
0.5,policy::lambda0.25__topm__bonus3,bounded_subtraction,0.8739147245786826,-0.014547615465491215
0.5,policy::lambda0.25__topm__expected_mix0.25,bounded_subtraction,0.8971133689648234,0.008651028920649617
0.5,policy::lambda0.25__topm__expected_mix0.5,bounded_subtraction,0.8960637798304056,0.007601439786231845
0.5,policy::lambda0.25__topm__expected_mix0.75,bounded_subtraction,0.8932586372246614,0.004796297180487574
0.5,policy::lambda0.25__topm__expected_rejection,bounded_subtraction,0.8910762005056301,0.0026138604614562855
0.5,policy::lambda0.25__topm__h_tau0.8,bounded_subtraction,0.8678047871873709,-0.02065755285680293
0.5,policy::lambda0.25__topm__h_tau0.9,bounded_subtraction,0.8723994246539403,-0.016062915390233523
0.5,policy::lambda0.25__topm__h_tau1.1,bounded_subtraction,0.8774906361272511,-0.010971703916922704
0.5,policy::lambda0.25__topm__h_tau1.25,bounded_subtraction,0.8754649223214728,-0.012997417722701021
0.5,policy::lambda0.25__topm__original,bounded_subtraction,0.8745927915839135,-0.01386954846026034
0.5,policy::lambda0.25__topm__power0.5,bounded_subtraction,0.878271632370769,-0.010190707673404797
0.5,policy::lambda0.25__topm__power0.75,bounded_subtraction,0.8778201456527921,-0.010642194391381699
0.5,policy::lambda0.25__topm__power1.25,bounded_subtraction,0.8692801544813614,-0.01918218556281237
0.5,policy::lambda0.25__topm__power1.5,bounded_subtraction,0.8653072435496583,-0.023155096494515526
0.5,policy::lambda0.25__topm__uniform0.02,bounded_subtraction,0.8979515187798544,0.009489178735680559
0.5,policy::lambda0.25__topm__uniform0.05,bounded_subtraction,0.8987496858091228,0.010287345764949052
0.5,policy::lambda0.25__topm__uniform0.1,bounded_subtraction,0.8951179148319325,0.006655574787758689
0.5,policy::lambda0.25__topm__uniform0.2,bounded_subtraction,0.8878871565504372,-0.0005751834937366418
0.5,policy::lambda0.5__full__accept_clip0.02,bounded_subtraction,0.882925234985839,-0.005537105058334824
0.5,policy::lambda0.5__full__accept_clip0.05,bounded_subtraction,0.8825999536523972,-0.005862386391776608
0.5,policy::lambda0.5__full__accept_clip0.1,bounded_subtraction,0.8805035864580635,-0.007958753586110312
0.5,policy::lambda0.5__full__bonus1.25,bounded_subtraction,0.8678872896084201,-0.020575050435753695
0.5,policy::lambda0.5__full__bonus1.5,bounded_subtraction,0.8674512029653284,-0.021011137078845388
0.5,policy::lambda0.5__full__bonus2,bounded_subtraction,0.8679099318812784,-0.020552408162895386
0.5,policy::lambda0.5__full__bonus3,bounded_subtraction,0.867874528871159,-0.02058781117301478
0.5,policy::lambda0.5__full__expected_mix0.25,bounded_subtraction,0.8885800189663271,0.00011767892215330811
0.5,policy::lambda0.5__full__expected_mix0.5,bounded_subtraction,0.8867711778579201,-0.0016911621862536474
0.5,policy::lambda0.5__full__expected_mix0.75,bounded_subtraction,0.8854729962612526,-0.00298934378292115
0.5,policy::lambda0.5__full__expected_rejection,bounded_subtraction,0.8832103858615038,-0.005251954182669993
0.5,policy::lambda0.5__full__h_tau0.8,bounded_subtraction,0.8603560901628581,-0.028106249881315715
0.5,policy::lambda0.5__full__h_tau0.9,bounded_subtraction,0.8647374830703664,-0.02372485697380744
0.5,policy::lambda0.5__full__h_tau1.1,bounded_subtraction,0.8703190260343114,-0.018143314009862355
0.5,policy::lambda0.5__full__h_tau1.25,bounded_subtraction,0.8660126759056523,-0.022449664138521452
0.5,policy::lambda0.5__full__original,bounded_subtraction,0.8677364843611635,-0.02072585568301033
0.5,policy::lambda0.5__full__power0.5,bounded_subtraction,0.8701562695679943,-0.018306070476179492
0.5,policy::lambda0.5__full__power0.75,bounded_subtraction,0.8686546662120539,-0.0198076738321199
0.5,policy::lambda0.5__full__power1.25,bounded_subtraction,0.8609124662150985,-0.027549873829075255
0.5,policy::lambda0.5__full__power1.5,bounded_subtraction,0.8578101597576248,-0.030652180286549036
0.5,policy::lambda0.5__full__uniform0.02,bounded_subtraction,0.888419599389294,-4.27406548797471e-05
0.5,policy::lambda0.5__full__uniform0.05,bounded_subtraction,0.8860641555327634,-0.002398184511410384
0.5,policy::lambda0.5__full__uniform0.1,bounded_subtraction,0.8821476899034499,-0.006314650140723854
0.5,policy::lambda0.5__full__uniform0.2,bounded_subtraction,0.8802887120254048,-0.008173628018768975
0.5,policy::lambda0.5__topm__accept_clip0.02,bounded_subtraction,0.8828829955142892,-0.005579344529884622
0.5,policy::lambda0.5__topm__accept_clip0.05,bounded_subtraction,0.8808902922439563,-0.007572047800217474
0.5,policy::lambda0.5__topm__accept_clip0.1,bounded_subtraction,0.880445146852385,-0.00801719319178884
0.5,policy::lambda0.5__topm__bonus1.25,bounded_subtraction,0.8680270603947846,-0.020435279649389182
0.5,policy::lambda0.5__topm__bonus1.5,bounded_subtraction,0.8676174471133681,-0.020844892930805714
0.5,policy::lambda0.5__topm__bonus2,bounded_subtraction,0.8680756145322603,-0.02038672551191345
0.5,policy::lambda0.5__topm__bonus3,bounded_subtraction,0.8680392670423738,-0.02042307300180002
0.5,policy::lambda0.5__topm__expected_mix0.25,bounded_subtraction,0.8872567187696152,-0.0012056212745585881
0.5,policy::lambda0.5__topm__expected_mix0.5,bounded_subtraction,0.8862919686175141,-0.0021703714266596563
0.5,policy::lambda0.5__topm__expected_mix0.75,bounded_subtraction,0.8854342435856696,-0.0030280964585042147
0.5,policy::lambda0.5__topm__expected_rejection,bounded_subtraction,0.8828883934145524,-0.005573946629621407
0.5,policy::lambda0.5__topm__h_tau0.8,bounded_subtraction,0.8603307671986689,-0.028131572845504937
0.5,policy::lambda0.5__topm__h_tau0.9,bounded_subtraction,0.8647360081956738,-0.023726331848500037
0.5,policy::lambda0.5__topm__h_tau1.1,bounded_subtraction,0.8689135695700847,-0.019548770474089094
0.5,policy::lambda0.5__topm__h_tau1.25,bounded_subtraction,0.8662061459506285,-0.02225619409354529
0.5,policy::lambda0.5__topm__original,bounded_subtraction,0.8679335130400534,-0.020528827004120398
0.5,policy::lambda0.5__topm__power0.5,bounded_subtraction,0.8700804180355851,-0.01838192200858868
0.5,policy::lambda0.5__topm__power0.75,bounded_subtraction,0.8686577767668584,-0.01980456327731539
0.5,policy::lambda0.5__topm__power1.25,bounded_subtraction,0.8609315769698517,-0.027530763074322118
0.5,policy::lambda0.5__topm__power1.5,bounded_subtraction,0.857895064521383,-0.030567275522790816
0.5,policy::lambda0.5__topm__uniform0.02,bounded_subtraction,0.8880807784409002,-0.000381561603273628
0.5,policy::lambda0.5__topm__uniform0.05,bounded_subtraction,0.8860515064440896,-0.0024108336000842057
0.5,policy::lambda0.5__topm__uniform0.1,bounded_subtraction,0.8820594263392862,-0.006402913704887547
0.5,policy::lambda0.5__topm__uniform0.2,bounded_subtraction,0.8800732784260901,-0.008389061618083726
0.5,policy::lambda0.75__full__accept_clip0.02,bounded_subtraction,0.8708577851075532,-0.01760455493662061
0.5,policy::lambda0.75__full__accept_clip0.05,bounded_subtraction,0.8669991375932539,-0.021463202450919927
0.5,policy::lambda0.75__full__accept_clip0.1,bounded_subtraction,0.8672112398261334,-0.021251100218040442
0.5,policy::lambda0.75__full__bonus1.25,bounded_subtraction,0.8593084059617815,-0.029153934082392308
0.5,policy::lambda0.75__full__bonus1.5,bounded_subtraction,0.8595711037899292,-0.028891236254244612
0.5,policy::lambda0.75__full__bonus2,bounded_subtraction,0.8601462770638842,-0.028316062980289547
0.5,policy::lambda0.75__full__bonus3,bounded_subtraction,0.8601691532826642,-0.028293186761509603
0.5,policy::lambda0.75__full__expected_mix0.25,bounded_subtraction,0.873725438539518,-0.014736901504655786
0.5,policy::lambda0.75__full__expected_mix0.5,bounded_subtraction,0.8739236985390697,-0.014538641505104088
0.5,policy::lambda0.75__full__expected_mix0.75,bounded_subtraction,0.8726622314538656,-0.015800108590308226
0.5,policy::lambda0.75__full__expected_rejection,bounded_subtraction,0.8686739727502508,-0.01978836729392297
0.5,policy::lambda0.75__full__h_tau0.8,bounded_subtraction,0.8530649933354856,-0.035397346708688215
0.5,policy::lambda0.75__full__h_tau0.9,bounded_subtraction,0.8583053618985299,-0.030156978145643887
0.5,policy::lambda0.75__full__h_tau1.1,bounded_subtraction,0.86129079965274,-0.02717154039143377
0.5,policy::lambda0.75__full__h_tau1.25,bounded_subtraction,0.859389222510486,-0.029073117533687798
0.5,policy::lambda0.75__full__original,bounded_subtraction,0.8595757953330564,-0.0288865447111174
0.5,policy::lambda0.75__full__power0.5,bounded_subtraction,0.8630131388906211,-0.025449201153552647
0.5,policy::lambda0.75__full__power0.75,bounded_subtraction,0.8603953278653286,-0.02806701217884522
0.5,policy::lambda0.75__full__power1.25,bounded_subtraction,0.8540409210392518,-0.034421419004922016
0.5,policy::lambda0.75__full__power1.5,bounded_subtraction,0.8506040262957281,-0.03785831374844573
0.5,policy::lambda0.75__full__uniform0.02,bounded_subtraction,0.8725095019150602,-0.015952838129113633
0.5,policy::lambda0.75__full__uniform0.05,bounded_subtraction,0.8721769588304438,-0.01628538121373002
0.5,policy::lambda0.75__full__uniform0.1,bounded_subtraction,0.8685082483575584,-0.01995409168661544
0.5,policy::lambda0.75__full__uniform0.2,bounded_subtraction,0.8651694842481715,-0.023292855796002265
0.5,policy::lambda0.75__topm__accept_clip0.02,bounded_subtraction,0.870827620491765,-0.017634719552408806
0.5,policy::lambda0.75__topm__accept_clip0.05,bounded_subtraction,0.8670069028831405,-0.021455437161033264
0.5,policy::lambda0.75__topm__accept_clip0.1,bounded_subtraction,0.8672127544138818,-0.021249585630292
0.5,policy::lambda0.75__topm__bonus1.25,bounded_subtraction,0.8593070343248006,-0.029155305719373192
0.5,policy::lambda0.75__topm__bonus1.5,bounded_subtraction,0.8595697315398845,-0.02889260850428932
0.5,policy::lambda0.75__topm__bonus2,bounded_subtraction,0.8601214417548849,-0.028340898289288874
0.5,policy::lambda0.75__topm__bonus3,bounded_subtraction,0.8601538823332209,-0.028308457710952917
0.5,policy::lambda0.75__topm__expected_mix0.25,bounded_subtraction,0.873661205370246,-0.01480113467392774
0.5,policy::lambda0.75__topm__expected_mix0.5,bounded_subtraction,0.8727393774537102,-0.015722962590463574
0.5,policy::lambda0.75__topm__expected_mix0.75,bounded_subtraction,0.8715770741736536,-0.016885265870520194
0.5,policy::lambda0.75__topm__expected_rejection,bounded_subtraction,0.8696726328774027,-0.018789707166771086
0.5,policy::lambda0.75__topm__h_tau0.8,bounded_subtraction,0.8530649909648462,-0.03539734907932757
0.5,policy::lambda0.75__topm__h_tau0.9,bounded_subtraction,0.8583030212462549,-0.030159318797918888
0.5,policy::lambda0.75__topm__h_tau1.1,bounded_subtraction,0.8612827175067053,-0.02717962253746853
0.5,policy::lambda0.75__topm__h_tau1.25,bounded_subtraction,0.8579888595567018,-0.030473480487472004
0.5,policy::lambda0.75__topm__original,bounded_subtraction,0.859573548521108,-0.028888791523065782
0.5,policy::lambda0.75__topm__power0.5,bounded_subtraction,0.8626361177014223,-0.025826222342751448
0.5,policy::lambda0.75__topm__power0.75,bounded_subtraction,0.8604042500404848,-0.028058090003688974
0.5,policy::lambda0.75__topm__power1.25,bounded_subtraction,0.8540779877083675,-0.03438435233580628
0.5,policy::lambda0.75__topm__power1.5,bounded_subtraction,0.8506175179968108,-0.03784482204736295
0.5,policy::lambda0.75__topm__uniform0.02,bounded_subtraction,0.8724966004088983,-0.015965739635275478
0.5,policy::lambda0.75__topm__uniform0.05,bounded_subtraction,0.8721824562502684,-0.016279883793905436
0.5,policy::lambda0.75__topm__uniform0.1,bounded_subtraction,0.8683460896883763,-0.02011625035579745
0.5,policy::lambda0.75__topm__uniform0.2,bounded_subtraction,0.8650006739336791,-0.023461666110494717
0.5,policy::proxy__full__accept_clip0.02,proxy_allocation,0.916238892384429,0.027776552340255223
0.5,policy::proxy__full__accept_clip0.05,proxy_allocation,0.9136179843035522,0.02515564425937844
0.5,policy::proxy__full__accept_clip0.1,proxy_allocation,0.9124112453642234,0.023948905320049563
0.5,policy::proxy__full__bonus1.25,proxy_allocation,0.8912724774777048,0.0028101374335309792
0.5,policy::proxy__full__bonus1.5,proxy_allocation,0.8909100264692156,0.002447686425041784
0.5,policy::proxy__full__bonus2,proxy_allocation,0.8911680135194984,0.002705673475324577
0.5,policy::proxy__full__bonus3,proxy_allocation,0.8918041947298961,0.0033418546857223452
0.5,policy::proxy__full__expected_mix0.25,proxy_allocation,0.9210252937194844,0.03256295367531059
0.5,policy::proxy__full__expected_mix0.5,proxy_allocation,0.9201060847162006,0.0316437446720268
0.5,policy::proxy__full__expected_mix0.75,proxy_allocation,0.9169661724836432,0.028503832439469412
0.5,policy::proxy__full__expected_rejection,proxy_allocation,0.9138058477909301,0.02534350774675631
0.5,policy::proxy__full__h_tau0.8,proxy_allocation,0.880232692719841,-0.008229647324332845
0.5,policy::proxy__full__h_tau0.9,proxy_allocation,0.8876422436397051,-0.0008200964044686732
0.5,policy::proxy__full__h_tau1.1,proxy_allocation,0.891593342139124,0.003131002094950208
0.5,policy::proxy__full__h_tau1.25,proxy_allocation,0.889905206583907,0.0014428665397332452
0.5,policy::proxy__full__original,proxy_allocation,0.8903037805400196,0.0018414404958457808
0.5,policy::proxy__full__power0.5,proxy_allocation,0.8920235403416157,0.003561200297441891
0.5,policy::proxy__full__power0.75,proxy_allocation,0.8917462975591164,0.0032839575149425926
0.5,policy::proxy__full__power1.25,proxy_allocation,0.8835060829832292,-0.004956257060944602
0.5,policy::proxy__full__power1.5,proxy_allocation,0.877670481746957,-0.010791858297216739
0.5,policy::proxy__full__uniform0.02,proxy_allocation,0.9196305428121474,0.031168202767973607
0.5,policy::proxy__full__uniform0.05,proxy_allocation,0.9210466725835312,0.03258433253935744
0.5,policy::proxy__full__uniform0.1,proxy_allocation,0.9177689014330432,0.029306561388869445
0.5,policy::proxy__full__uniform0.2,proxy_allocation,0.909971025944602,0.021508685900428204
0.5,policy::proxy__topm__accept_clip0.02,proxy_allocation,0.9159386829697072,0.02747634292553336
0.5,policy::proxy__topm__accept_clip0.05,proxy_allocation,0.9129614248886759,0.02449908484450214
0.5,policy::proxy__topm__accept_clip0.1,proxy_allocation,0.9122324617249922,0.02377012168081838
0.5,policy::proxy__topm__bonus1.25,proxy_allocation,0.8894400896842259,0.0009777496400521501
0.5,policy::proxy__topm__bonus1.5,proxy_allocation,0.8889561684889244,0.0004938284447506547
0.5,policy::proxy__topm__bonus2,proxy_allocation,0.8893083994837927,0.000846059439618907
0.5,policy::proxy__topm__bonus3,proxy_allocation,0.8899714537252754,0.001509113681101626
0.5,policy::proxy__topm__expected_mix0.25,proxy_allocation,0.9187963131390557,0.03033397309488195
0.5,policy::proxy__topm__expected_mix0.5,proxy_allocation,0.9200398307960463,0.03157749075187255
0.5,policy::proxy__topm__expected_mix0.75,proxy_allocation,0.9155084601493483,0.027046120105174487
0.5,policy::proxy__topm__expected_rejection,proxy_allocation,0.9132483992368052,0.024786059192631438
0.5,policy::proxy__topm__h_tau0.8,proxy_allocation,0.8786814759329538,-0.009780864111220033
0.5,policy::proxy__topm__h_tau0.9,proxy_allocation,0.8861867481649297,-0.0022755918792440877
0.5,policy::proxy__topm__h_tau1.1,proxy_allocation,0.8915987635327938,0.003136423488619977
0.5,policy::proxy__topm__h_tau1.25,proxy_allocation,0.8897051132788636,0.001242773234689798
0.5,policy::proxy__topm__original,proxy_allocation,0.8884623400441738,0.0
0.5,policy::proxy__topm__power0.5,proxy_allocation,0.8922936892601341,0.003831349215960289
0.5,policy::proxy__topm__power0.75,proxy_allocation,0.8919280520515749,0.0034657120074010894
0.5,policy::proxy__topm__power1.25,proxy_allocation,0.8834576754515808,-0.005004664592592967
0.5,policy::proxy__topm__power1.5,proxy_allocation,0.8777194127249233,-0.010742927319250528
0.5,policy::proxy__topm__uniform0.02,proxy_allocation,0.9180987926504177,0.029636452606243924
0.5,policy::proxy__topm__uniform0.05,proxy_allocation,0.919209846170636,0.030747506126462154
0.5,policy::proxy__topm__uniform0.1,proxy_allocation,0.916227252715228,0.027764912671054187
0.5,policy::proxy__topm__uniform0.2,proxy_allocation,0.9078358501410095,0.019373510096835744
0.5,policy::qpeak0.5__full__accept_clip0.02,local_gate,0.8721424332228107,-0.016319906821363084
0.5,policy::qpeak0.5__full__accept_clip0.05,local_gate,0.8694068600434394,-0.019055480000734426
0.5,policy::qpeak0.5__full__accept_clip0.1,local_gate,0.8698453451035926,-0.018616994940581222
0.5,policy::qpeak0.5__full__bonus1.25,local_gate,0.8649120350741453,-0.023550304970028524
0.5,policy::qpeak0.5__full__bonus1.5,local_gate,0.8653095228963069,-0.023152817147866878
0.5,policy::qpeak0.5__full__bonus2,local_gate,0.8657538860491286,-0.022708453995045175
0.5,policy::qpeak0.5__full__bonus3,local_gate,0.8663556757551472,-0.022106664289026634
0.5,policy::qpeak0.5__full__expected_mix0.25,local_gate,0.8744501550354096,-0.014012185008764222
0.5,policy::qpeak0.5__full__expected_mix0.5,local_gate,0.8742598708694481,-0.014202469174725674
0.5,policy::qpeak0.5__full__expected_mix0.75,local_gate,0.874095113838532,-0.014367226205641792
0.5,policy::qpeak0.5__full__expected_rejection,local_gate,0.8713410514654679,-0.017121288578705873
0.5,policy::qpeak0.5__full__h_tau0.8,local_gate,0.8569078940113652,-0.03155444603280855
0.5,policy::qpeak0.5__full__h_tau0.9,local_gate,0.8626956705910895,-0.025766669453084257
0.5,policy::qpeak0.5__full__h_tau1.1,local_gate,0.866140427517532,-0.02232191252664184
0.5,policy::qpeak0.5__full__h_tau1.25,local_gate,0.8654482981016779,-0.0230140419424959
0.5,policy::qpeak0.5__full__original,local_gate,0.8648583569313942,-0.02360398311277956
0.5,policy::qpeak0.5__full__power0.5,local_gate,0.867108350017988,-0.021353990026185765
0.5,policy::qpeak0.5__full__power0.75,local_gate,0.8667484078589092,-0.02171393218526463
0.5,policy::qpeak0.5__full__power1.25,local_gate,0.85997885570483,-0.02848348433934378
0.5,policy::qpeak0.5__full__power1.5,local_gate,0.8551586110380874,-0.03330372900608636
0.5,policy::qpeak0.5__full__uniform0.02,local_gate,0.8711683096337596,-0.01729403041041422
0.5,policy::qpeak0.5__full__uniform0.05,local_gate,0.8729122952245285,-0.015550044819645281
0.5,policy::qpeak0.5__full__uniform0.1,local_gate,0.8711573536069575,-0.01730498643721634
0.5,policy::qpeak0.5__full__uniform0.2,local_gate,0.8680220049225778,-0.020440335121596043
0.5,policy::qpeak0.5__topm__accept_clip0.02,local_gate,0.8719535982400439,-0.016508741804129867
0.5,policy::qpeak0.5__topm__accept_clip0.05,local_gate,0.8691647102379185,-0.019297629806255268
0.5,policy::qpeak0.5__topm__accept_clip0.1,local_gate,0.8697074526993137,-0.018754887344860083
0.5,policy::qpeak0.5__topm__bonus1.25,local_gate,0.8633952109103525,-0.025067129133821253
0.5,policy::qpeak0.5__topm__bonus1.5,local_gate,0.8636715816333729,-0.024790758410800917
0.5,policy::qpeak0.5__topm__bonus2,local_gate,0.8642135695338493,-0.02424877051032448
0.5,policy::qpeak0.5__topm__bonus3,local_gate,0.8648388515654841,-0.02362348847868967
0.5,policy::qpeak0.5__topm__expected_mix0.25,local_gate,0.8743697389210735,-0.01409260112310029
0.5,policy::qpeak0.5__topm__expected_mix0.5,local_gate,0.8744387377363124,-0.014023602307861371
0.5,policy::qpeak0.5__topm__expected_mix0.75,local_gate,0.8717375069974524,-0.016724833046721344
0.5,policy::qpeak0.5__topm__expected_rejection,local_gate,0.8711547018479465,-0.01730763819622727
0.5,policy::qpeak0.5__topm__h_tau0.8,local_gate,0.8553630191541233,-0.03309932089005052
0.5,policy::qpeak0.5__topm__h_tau0.9,local_gate,0.8613182545415266,-0.02714408550264724
0.5,policy::qpeak0.5__topm__h_tau1.1,local_gate,0.8661306582284133,-0.022331681815760507
0.5,policy::qpeak0.5__topm__h_tau1.25,local_gate,0.865534403925792,-0.022927936118381842
0.5,policy::qpeak0.5__topm__original,local_gate,0.863331312416321,-0.025131027627852798
0.5,policy::qpeak0.5__topm__power0.5,local_gate,0.8674624517723382,-0.02099988827183563
0.5,policy::qpeak0.5__topm__power0.75,local_gate,0.8667331707568361,-0.021729169287337702
0.5,policy::qpeak0.5__topm__power1.25,local_gate,0.8599318099134724,-0.028530530130701393
0.5,policy::qpeak0.5__topm__power1.5,local_gate,0.8550462501019481,-0.03341608994222567
0.5,policy::qpeak0.5__topm__uniform0.02,local_gate,0.8698584859522864,-0.018603854091887362
0.5,policy::qpeak0.5__topm__uniform0.05,local_gate,0.8713844111909148,-0.017077928853258983
0.5,policy::qpeak0.5__topm__uniform0.1,local_gate,0.8704158929458113,-0.01804644709836245
0.5,policy::qpeak0.5__topm__uniform0.2,local_gate,0.866762486407851,-0.021699853636322763
0.5,policy::qpeak0.7__full__accept_clip0.02,local_gate,0.8898113756237813,0.001349035579607527
0.5,policy::qpeak0.7__full__accept_clip0.05,local_gate,0.8866185686022993,-0.001843771441874531
0.5,policy::qpeak0.7__full__accept_clip0.1,local_gate,0.8879779087673291,-0.0004844312768447212
0.5,policy::qpeak0.7__full__bonus1.25,local_gate,0.8769536568009244,-0.011508683243249385
0.5,policy::qpeak0.7__full__bonus1.5,local_gate,0.8773563379290802,-0.011106002115093605
0.5,policy::qpeak0.7__full__bonus2,local_gate,0.877553201063086,-0.010909138981087807
0.5,policy::qpeak0.7__full__bonus3,local_gate,0.8775813368347022,-0.010881003209471607
0.5,policy::qpeak0.7__full__expected_mix0.25,local_gate,0.893893742552923,0.0054314025087491835
0.5,policy::qpeak0.7__full__expected_mix0.5,local_gate,0.8932006515475714,0.004738311503397652
0.5,policy::qpeak0.7__full__expected_mix0.75,local_gate,0.8922877985206126,0.003825458476438781
0.5,policy::qpeak0.7__full__expected_rejection,local_gate,0.8892690416518231,0.000806701607649285
0.5,policy::qpeak0.7__full__h_tau0.8,local_gate,0.8674017506766194,-0.021060589367554394
0.5,policy::qpeak0.7__full__h_tau0.9,local_gate,0.8736483280660303,-0.014814011978143471
0.5,policy::qpeak0.7__full__h_tau1.1,local_gate,0.8769583252710755,-0.011504014773098259
0.5,policy::qpeak0.7__full__h_tau1.25,local_gate,0.874256821148314,-0.014205518895859748
0.5,policy::qpeak0.7__full__original,local_gate,0.8769319076136779,-0.011530432430495896
0.5,policy::qpeak0.7__full__power0.5,local_gate,0.8782111153281178,-0.010251224716055996
0.5,policy::qpeak0.7__full__power0.75,local_gate,0.8782370494114393,-0.010225290632734474
0.5,policy::qpeak0.7__full__power1.25,local_gate,0.8701869702385968,-0.01827536980557698
0.5,policy::qpeak0.7__full__power1.5,local_gate,0.8647696892409125,-0.023692650803261328
0.5,policy::qpeak0.7__full__uniform0.02,local_gate,0.8926235142185339,0.004161174174360127
0.5,policy::qpeak0.7__full__uniform0.05,local_gate,0.8921422667172735,0.003679926673099687
0.5,policy::qpeak0.7__full__uniform0.1,local_gate,0.8888479935486249,0.0003856535044510778
0.5,policy::qpeak0.7__full__uniform0.2,local_gate,0.8839436650439032,-0.004518675000270589
0.5,policy::qpeak0.7__topm__accept_clip0.02,local_gate,0.8894722112095143,0.001009871165340459
0.5,policy::qpeak0.7__topm__accept_clip0.05,local_gate,0.8842127430748048,-0.004249596969368996
0.5,policy::qpeak0.7__topm__accept_clip0.1,local_gate,0.887901512329438,-0.0005608277147357565
0.5,policy::qpeak0.7__topm__bonus1.25,local_gate,0.8751137162322147,-0.013348623811959115
0.5,policy::qpeak0.7__topm__bonus1.5,local_gate,0.875395280261229,-0.013067059782944757
0.5,policy::qpeak0.7__topm__bonus2,local_gate,0.8756962597412828,-0.012766080302890948
0.5,policy::qpeak0.7__topm__bonus3,local_gate,0.8757485952620253,-0.012713744782148484
0.5,policy::qpeak0.7__topm__expected_mix0.25,local_gate,0.8920650200176715,0.0036026799734977244
0.5,policy::qpeak0.7__topm__expected_mix0.5,local_gate,0.8934085649938092,0.004946224949635369
0.5,policy::qpeak0.7__topm__expected_mix0.75,local_gate,0.8909573020800853,0.0024949620359114855
0.5,policy::qpeak0.7__topm__expected_rejection,local_gate,0.8891198525106668,0.0006575124664930376
0.5,policy::qpeak0.7__topm__h_tau0.8,local_gate,0.8658577306817797,-0.022604609362394057
0.5,policy::qpeak0.7__topm__h_tau0.9,local_gate,0.8723200074755294,-0.01614233256864439
0.5,policy::qpeak0.7__topm__h_tau1.1,local_gate,0.8769485561109092,-0.011513783933264632
0.5,policy::qpeak0.7__topm__h_tau1.25,local_gate,0.874385186920566,-0.0140771531236078
0.5,policy::qpeak0.7__topm__original,local_gate,0.8750817467306449,-0.013380593313528921
0.5,policy::qpeak0.7__topm__power0.5,local_gate,0.878294897224232,-0.010167442819941752
0.5,policy::qpeak0.7__topm__power0.75,local_gate,0.8782370618923018,-0.01022527815187202
0.5,policy::qpeak0.7__topm__power1.25,local_gate,0.8701473850271435,-0.018314955017030288
0.5,policy::qpeak0.7__topm__power1.5,local_gate,0.8648180160712995,-0.023644323972874304
0.5,policy::qpeak0.7__topm__uniform0.02,local_gate,0.8911100466306975,0.0026477065865236904
0.5,policy::qpeak0.7__topm__uniform0.05,local_gate,0.8906609845471234,0.0021986445029495982
0.5,policy::qpeak0.7__topm__uniform0.1,local_gate,0.887297107306873,-0.0011652327373008475
0.5,policy::qpeak0.7__topm__uniform0.2,local_gate,0.8825817878290103,-0.0058805522151634815
0.5,policy::qpeak0.9__full__accept_clip0.02,local_gate,0.9075339972072924,0.01907165716311865
0.5,policy::qpeak0.9__full__accept_clip0.05,local_gate,0.9041677874437235,0.01570544739954971
0.5,policy::qpeak0.9__full__accept_clip0.1,local_gate,0.9051911673733977,0.016728827329223872
0.5,policy::qpeak0.9__full__bonus1.25,local_gate,0.8875979064812383,-0.0008644335629355293
0.5,policy::qpeak0.9__full__bonus1.5,local_gate,0.8872464247231721,-0.001215915321001737
0.5,policy::qpeak0.9__full__bonus2,local_gate,0.8874355784250623,-0.001026761619111527
0.5,policy::qpeak0.9__full__bonus3,local_gate,0.8880671777198442,-0.00039516232432956766
0.5,policy::qpeak0.9__full__expected_mix0.25,local_gate,0.9124939027745957,0.02403156273042195
0.5,policy::qpeak0.9__full__expected_mix0.5,local_gate,0.9102679606596518,0.021805620615477972
0.5,policy::qpeak0.9__full__expected_mix0.75,local_gate,0.9076800274338583,0.019217687389684546
0.5,policy::qpeak0.9__full__expected_rejection,local_gate,0.9044470276508989,0.015984687606725112
0.5,policy::qpeak0.9__full__h_tau0.8,local_gate,0.8762054386111512,-0.012256901433022604
0.5,policy::qpeak0.9__full__h_tau0.9,local_gate,0.8834210838348411,-0.005041256209332712
0.5,policy::qpeak0.9__full__h_tau1.1,local_gate,0.8880063630262192,-0.0004559770179546341
0.5,policy::qpeak0.9__full__h_tau1.25,local_gate,0.8858666939602632,-0.0025956460839106077
0.5,policy::qpeak0.9__full__original,local_gate,0.8877837428598526,-0.0006785971843211724
0.5,policy::qpeak0.9__full__power0.5,local_gate,0.8884058762887421,-5.646375543166826e-05
0.5,policy::qpeak0.9__full__power0.75,local_gate,0.8879489903975136,-0.0005133496466601661
0.5,policy::qpeak0.9__full__power1.25,local_gate,0.8810815378865647,-0.0073808021576090566
0.5,policy::qpeak0.9__full__power1.5,local_gate,0.8751987371669536,-0.01326360287722017
0.5,policy::qpeak0.9__full__uniform0.02,local_gate,0.9112231517491017,0.02276081170492794
0.5,policy::qpeak0.9__full__uniform0.05,local_gate,0.911448233999395,0.022985893955221215
0.5,policy::qpeak0.9__full__uniform0.1,local_gate,0.9080252982959018,0.019562958251728046
0.5,policy::qpeak0.9__full__uniform0.2,local_gate,0.8997265123781506,0.011264172333976807
0.5,policy::qpeak0.9__topm__accept_clip0.02,local_gate,0.9073429891469846,0.018880649102810843
0.5,policy::qpeak0.9__topm__accept_clip0.05,local_gate,0.9034149683409987,0.014952628296824866
0.5,policy::qpeak0.9__topm__accept_clip0.1,local_gate,0.9051316146972755,0.01666927465310175
0.5,policy::qpeak0.9__topm__bonus1.25,local_gate,0.885757965925554,-0.00270437411861979
0.5,policy::qpeak0.9__topm__bonus1.5,local_gate,0.8852853670683465,-0.003176972975827308
0.5,policy::qpeak0.9__topm__bonus2,local_gate,0.885587087598664,-0.0028752524455097905
0.5,policy::qpeak0.9__topm__bonus3,local_gate,0.8862344359908615,-0.002227904053312302
0.5,policy::qpeak0.9__topm__expected_mix0.25,local_gate,0.9103390789941913,0.021876738950017516
0.5,policy::qpeak0.9__topm__expected_mix0.5,local_gate,0.9101552113806993,0.021692871336525532
0.5,policy::qpeak0.9__topm__expected_mix0.75,local_gate,0.9062292284557243,0.017766888411550497
0.5,policy::qpeak0.9__topm__expected_rejection,local_gate,0.9039383444223434,0.01547600437816965
0.5,policy::qpeak0.9__topm__h_tau0.8,local_gate,0.8746614186378034,-0.013800921406370348
0.5,policy::qpeak0.9__topm__h_tau0.9,local_gate,0.8819934649444331,-0.006468875099740701
0.5,policy::qpeak0.9__topm__h_tau1.1,local_gate,0.8879987219466023,-0.0004636180975714499
0.5,policy::qpeak0.9__topm__h_tau1.25,local_gate,0.8858056302624341,-0.002656709781739708
0.5,policy::qpeak0.9__topm__original,local_gate,0.8859351031821798,-0.0025272368619939645
0.5,policy::qpeak0.9__topm__power0.5,local_gate,0.8886760520098304,0.00021371196565656003
0.5,policy::qpeak0.9__topm__power0.75,local_gate,0.8881410719905958,-0.0003212680535780166
0.5,policy::qpeak0.9__topm__power1.25,local_gate,0.8810485577723053,-0.007413782271868508
0.5,policy::qpeak0.9__topm__power1.5,local_gate,0.8751660373214446,-0.013296302722729192
0.5,policy::qpeak0.9__topm__uniform0.02,local_gate,0.9096981385402836,0.021235798496109792
0.5,policy::qpeak0.9__topm__uniform0.05,local_gate,0.9096716133716124,0.021209273327438605
0.5,policy::qpeak0.9__topm__uniform0.1,local_gate,0.9065174772106286,0.018055137166454793
0.5,policy::qpeak0.9__topm__uniform0.2,local_gate,0.8981691259279254,0.009706785883751623
0.5,policy::residual__full__accept_clip0.02,residual_allocation,0.8599196241951421,-0.028542715849031675
0.5,policy::residual__full__accept_clip0.05,residual_allocation,0.8578709060735007,-0.0305914339706731
0.5,policy::residual__full__accept_clip0.1,residual_allocation,0.8570467537804718,-0.031415586263702
0.5,policy::residual__full__bonus1.25,residual_allocation,0.8519154022999862,-0.0365469377441876
0.5,policy::residual__full__bonus1.5,residual_allocation,0.8523367689883449,-0.03612557105582892
0.5,policy::residual__full__bonus2,residual_allocation,0.8526577173646515,-0.035804622679522335
0.5,policy::residual__full__bonus3,residual_allocation,0.8532030537107608,-0.03525928633341302
0.5,policy::residual__full__expected_mix0.25,residual_allocation,0.8629342608328506,-0.025528079211323162
0.5,policy::residual__full__expected_mix0.5,residual_allocation,0.8625306649768681,-0.02593167506730565
0.5,policy::residual__full__expected_mix0.75,residual_allocation,0.8631668228533619,-0.02529551719081191
0.5,policy::residual__full__expected_rejection,residual_allocation,0.8602826146361807,-0.028179725407993073
0.5,policy::residual__full__h_tau0.8,residual_allocation,0.8454936417929061,-0.0429686982512677
0.5,policy::residual__full__h_tau0.9,residual_allocation,0.8503839734157429,-0.03807836662843089
0.5,policy::residual__full__h_tau1.1,residual_allocation,0.8535959762390216,-0.03486636380515218
0.5,policy::residual__full__h_tau1.25,residual_allocation,0.8518754543766053,-0.036586885667568514
0.5,policy::residual__full__original,residual_allocation,0.8521859091946178,-0.03627643084955601
0.5,policy::residual__full__power0.5,residual_allocation,0.8561428257742879,-0.032319514269885885
0.5,policy::residual__full__power0.75,residual_allocation,0.8530573504406542,-0.035404989603519565
0.5,policy::residual__full__power1.25,residual_allocation,0.8471344898244312,-0.04132785021974261
0.5,policy::residual__full__power1.5,residual_allocation,0.8431988020703407,-0.04526353797383309
0.5,policy::residual__full__uniform0.02,residual_allocation,0.8596627280276501,-0.0287996120165237
0.5,policy::residual__full__uniform0.05,residual_allocation,0.8602327126798535,-0.02822962736432033
0.5,policy::residual__full__uniform0.1,residual_allocation,0.8587255606569061,-0.02973677938726771
0.5,policy::residual__full__uniform0.2,residual_allocation,0.8566224003570257,-0.031839939687148044
0.5,policy::residual__topm__accept_clip0.02,residual_allocation,0.8599195756202037,-0.02854276442397008
0.5,policy::residual__topm__accept_clip0.05,residual_allocation,0.85788997079307,-0.030572369251103848
0.5,policy::residual__topm__accept_clip0.1,residual_allocation,0.8568944796572437,-0.03156786038693005
0.5,policy::residual__topm__bonus1.25,residual_allocation,0.8515904407812172,-0.03687189926295664
0.5,policy::residual__topm__bonus1.5,residual_allocation,0.8520118074766314,-0.03645053256754238
0.5,policy::residual__topm__bonus2,residual_allocation,0.8523272052161633,-0.03613513482801045
0.5,policy::residual__topm__bonus3,residual_allocation,0.852530738372714,-0.03593160167145981
0.5,policy::residual__topm__expected_mix0.25,residual_allocation,0.86278746927873,-0.025674870765443836
0.5,policy::residual__topm__expected_mix0.5,residual_allocation,0.8627373883185017,-0.02572495172567213
0.5,policy::residual__topm__expected_mix0.75,residual_allocation,0.8616878158205132,-0.026774524223660556
0.5,policy::residual__topm__expected_rejection,residual_allocation,0.8599825800402452,-0.0284797600039286
0.5,policy::residual__topm__h_tau0.8,residual_allocation,0.8454936395069325,-0.04296870053724133
0.5,policy::residual__topm__h_tau0.9,residual_allocation,0.8504037556056248,-0.03805858443854904
0.5,policy::residual__topm__h_tau1.1,residual_allocation,0.8533065811937103,-0.035155758850463514
0.5,policy::residual__topm__h_tau1.25,residual_allocation,0.8519021400138318,-0.036560200030341994
0.5,policy::residual__topm__original,residual_allocation,0.8518595621855557,-0.036602777858618096
0.5,policy::residual__topm__power0.5,residual_allocation,0.8560463287014956,-0.03241601134267824
0.5,policy::residual__topm__power0.75,residual_allocation,0.8530520938894932,-0.03541024615468058
0.5,policy::residual__topm__power1.25,residual_allocation,0.8471406040354335,-0.04132173600874034
0.5,policy::residual__topm__power1.5,residual_allocation,0.8432977597864352,-0.04516458025773862
0.5,policy::residual__topm__uniform0.02,residual_allocation,0.8595706406923944,-0.028891699351779376
0.5,policy::residual__topm__uniform0.05,residual_allocation,0.860208393957884,-0.02825394608628984
0.5,policy::residual__topm__uniform0.1,residual_allocation,0.8586911179949955,-0.02977122204917826
0.5,policy::residual__topm__uniform0.2,residual_allocation,0.8567313727308495,-0.031730967313324254
0.5,policy::source_tau0.8__full__accept_clip0.02,source_temperature,0.8491851994627693,-0.039277140581404524
0.5,policy::source_tau0.8__full__accept_clip0.05,source_temperature,0.8483614015555903,-0.04010093848858354
0.5,policy::source_tau0.8__full__accept_clip0.1,source_temperature,0.845392730620515,-0.04306960942365878
0.5,policy::source_tau0.8__full__bonus1.25,source_temperature,0.8422296815742496,-0.04623265846992419
0.5,policy::source_tau0.8__full__bonus1.5,source_temperature,0.842317421574069,-0.04614491847010482
0.5,policy::source_tau0.8__full__bonus2,source_temperature,0.8433173832033312,-0.04514495684084263
0.5,policy::source_tau0.8__full__bonus3,source_temperature,0.8438623958135675,-0.044599944230606314
0.5,policy::source_tau0.8__full__expected_mix0.25,source_temperature,0.8536156068519638,-0.03484673319220999
0.5,policy::source_tau0.8__full__expected_mix0.5,source_temperature,0.8528516273029073,-0.03561071274126648
0.5,policy::source_tau0.8__full__expected_mix0.75,source_temperature,0.8529674731988193,-0.03549486684535452
0.5,policy::source_tau0.8__full__expected_rejection,source_temperature,0.8468070280452816,-0.041655311998892164
0.5,policy::source_tau0.8__full__h_tau0.8,source_temperature,0.8412274098081779,-0.0472349302359959
0.5,policy::source_tau0.8__full__h_tau0.9,source_temperature,0.8423649722063227,-0.04609736783785112
0.5,policy::source_tau0.8__full__h_tau1.1,source_temperature,0.8445655922114264,-0.04389674783274744
0.5,policy::source_tau0.8__full__h_tau1.25,source_temperature,0.8421374510164144,-0.04632488902775944
0.5,policy::source_tau0.8__full__original,source_temperature,0.8421637435370872,-0.046298596507086565
0.5,policy::source_tau0.8__full__power0.5,source_temperature,0.8445098922460912,-0.043952447798082606
0.5,policy::source_tau0.8__full__power0.75,source_temperature,0.8431859206998948,-0.04527641934427895
0.5,policy::source_tau0.8__full__power1.25,source_temperature,0.8397419046114287,-0.04872043543274507
0.5,policy::source_tau0.8__full__power1.5,source_temperature,0.8366814895370335,-0.05178085050714032
0.5,policy::source_tau0.8__full__uniform0.02,source_temperature,0.8517922132896837,-0.03667012675449011
0.5,policy::source_tau0.8__full__uniform0.05,source_temperature,0.8477441082320489,-0.04071823181212486
0.5,policy::source_tau0.8__full__uniform0.1,source_temperature,0.8444707487555869,-0.04399159128858687
0.5,policy::source_tau0.8__full__uniform0.2,source_temperature,0.8415185349960115,-0.04694380504816231
0.5,policy::source_tau0.8__topm__accept_clip0.02,source_temperature,0.8491778213401402,-0.0392845187040336
0.5,policy::source_tau0.8__topm__accept_clip0.05,source_temperature,0.8481895302130124,-0.04027280983116144
0.5,policy::source_tau0.8__topm__accept_clip0.1,source_temperature,0.8454030674300453,-0.04305927261412845
0.5,policy::source_tau0.8__topm__bonus1.25,source_temperature,0.8422135403570477,-0.04624879968712614
0.5,policy::source_tau0.8__topm__bonus1.5,source_temperature,0.842317421574069,-0.04614491847010482
0.5,policy::source_tau0.8__topm__bonus2,source_temperature,0.8433173832033312,-0.04514495684084263
0.5,policy::source_tau0.8__topm__bonus3,source_temperature,0.8438623958135675,-0.044599944230606314
0.5,policy::source_tau0.8__topm__expected_mix0.25,source_temperature,0.8536156066379477,-0.03484673340622613
0.5,policy::source_tau0.8__topm__expected_mix0.5,source_temperature,0.8528456339316988,-0.03561670611247503
0.5,policy::source_tau0.8__topm__expected_mix0.75,source_temperature,0.8515823620263404,-0.03687997801783338
0.5,policy::source_tau0.8__topm__expected_rejection,source_temperature,0.8479070754311033,-0.04055526461307046
0.5,policy::source_tau0.8__topm__h_tau0.8,source_temperature,0.8412258162305535,-0.04723652381362031
0.5,policy::source_tau0.8__topm__h_tau0.9,source_temperature,0.8423649722063227,-0.04609736783785112
0.5,policy::source_tau0.8__topm__h_tau1.1,source_temperature,0.8445655922114264,-0.04389674783274744
0.5,policy::source_tau0.8__topm__h_tau1.25,source_temperature,0.8421374509131362,-0.046324889131037605
0.5,policy::source_tau0.8__topm__original,source_temperature,0.8421637435370872,-0.046298596507086565
0.5,policy::source_tau0.8__topm__power0.5,source_temperature,0.8445098923495715,-0.04395244769460227
0.5,policy::source_tau0.8__topm__power0.75,source_temperature,0.8431859207822087,-0.04527641926196513
0.5,policy::source_tau0.8__topm__power1.25,source_temperature,0.8397470407121473,-0.04871529933202645
0.5,policy::source_tau0.8__topm__power1.5,source_temperature,0.8366814895370335,-0.05178085050714032
0.5,policy::source_tau0.8__topm__uniform0.02,source_temperature,0.8517579260282175,-0.036704414015956255
0.5,policy::source_tau0.8__topm__uniform0.05,source_temperature,0.8477441083355292,-0.04071823170864464
0.5,policy::source_tau0.8__topm__uniform0.1,source_temperature,0.8442055111653816,-0.04425682887879223
0.5,policy::source_tau0.8__topm__uniform0.2,source_temperature,0.8414307945977605,-0.0470315454464133
0.5,policy::source_tau0.9__full__accept_clip0.02,source_temperature,0.8538158601113096,-0.03464647993286418
0.5,policy::source_tau0.9__full__accept_clip0.05,source_temperature,0.8529229818314283,-0.03553935821274545
0.5,policy::source_tau0.9__full__accept_clip0.1,source_temperature,0.8509072789793447,-0.03755506106482909
0.5,policy::source_tau0.9__full__bonus1.25,source_temperature,0.8493223261294524,-0.03914001391472144
0.5,policy::source_tau0.9__full__bonus1.5,source_temperature,0.8494635141558355,-0.03899882588833825
0.5,policy::source_tau0.9__full__bonus2,source_temperature,0.8497996149138233,-0.03866272513035052
0.5,policy::source_tau0.9__full__bonus3,source_temperature,0.8496172825024633,-0.038845057541710526
0.5,policy::source_tau0.9__full__expected_mix0.25,source_temperature,0.8586749576786363,-0.029787382365537463
0.5,policy::source_tau0.9__full__expected_mix0.5,source_temperature,0.8586234157963544,-0.02983892424781942
0.5,policy::source_tau0.9__full__expected_mix0.75,source_temperature,0.8581529394664036,-0.030309400577770207
0.5,policy::source_tau0.9__full__expected_rejection,source_temperature,0.8565251288512897,-0.03193721119288406
0.5,policy::source_tau0.9__full__h_tau0.8,source_temperature,0.8448636816128223,-0.04359865843135147
0.5,policy::source_tau0.9__full__h_tau0.9,source_temperature,0.8487024619386752,-0.039759878105498636
0.5,policy::source_tau0.9__full__h_tau1.1,source_temperature,0.8497576707933991,-0.03870466925077465
0.5,policy::source_tau0.9__full__h_tau1.25,source_temperature,0.8483490276261894,-0.04011331241798444
0.5,policy::source_tau0.9__full__original,source_temperature,0.8487832313785577,-0.03967910866561608
0.5,policy::source_tau0.9__full__power0.5,source_temperature,0.8510326495749593,-0.037429690469214516
0.5,policy::source_tau0.9__full__power0.75,source_temperature,0.8501090048394915,-0.038353335204682315
0.5,policy::source_tau0.9__full__power1.25,source_temperature,0.8440262591642831,-0.044436080879890705
0.5,policy::source_tau0.9__full__power1.5,source_temperature,0.8411930618891164,-0.04726927815505744
0.5,policy::source_tau0.9__full__uniform0.02,source_temperature,0.8576254835397045,-0.030836856504469323
0.5,policy::source_tau0.9__full__uniform0.05,source_temperature,0.8554024370286526,-0.0330599030155212
0.5,policy::source_tau0.9__full__uniform0.1,source_temperature,0.852881945082727,-0.035580394961446826
0.5,policy::source_tau0.9__full__uniform0.2,source_temperature,0.8500163858245755,-0.03844595421959829
0.5,policy::source_tau0.9__topm__accept_clip0.02,source_temperature,0.8538183532868113,-0.034643986757362466
0.5,policy::source_tau0.9__topm__accept_clip0.05,source_temperature,0.8528994543037883,-0.035562885740385464
0.5,policy::source_tau0.9__topm__accept_clip0.1,source_temperature,0.8520612613512268,-0.03640107869294695
0.5,policy::source_tau0.9__topm__bonus1.25,source_temperature,0.849320675032084,-0.03914166501208982
0.5,policy::source_tau0.9__topm__bonus1.5,source_temperature,0.8494632283973522,-0.03899911164682157
0.5,policy::source_tau0.9__topm__bonus2,source_temperature,0.8497993293364303,-0.03866301070774347
0.5,policy::source_tau0.9__topm__bonus3,source_temperature,0.8496126468582744,-0.03884969318589937
0.5,policy::source_tau0.9__topm__expected_mix0.25,source_temperature,0.8587505795232538,-0.02971176052091995
0.5,policy::source_tau0.9__topm__expected_mix0.5,source_temperature,0.8586318228526164,-0.029830517191557382
0.5,policy::source_tau0.9__topm__expected_mix0.75,source_temperature,0.8566669396985248,-0.03179540034564898
0.5,policy::source_tau0.9__topm__expected_rejection,source_temperature,0.8564730981357027,-0.03198924190847108
0.5,policy::source_tau0.9__topm__h_tau0.8,source_temperature,0.8448623099440012,-0.04360003010017255
0.5,policy::source_tau0.9__topm__h_tau0.9,source_temperature,0.8487009402009097,-0.0397613998432641
0.5,policy::source_tau0.9__topm__h_tau1.1,source_temperature,0.849773493599394,-0.03868884644477977
0.5,policy::source_tau0.9__topm__h_tau1.25,source_temperature,0.8484166641651865,-0.04004567587898733
0.5,policy::source_tau0.9__topm__original,source_temperature,0.8487837027770057,-0.03967863726716814
0.5,policy::source_tau0.9__topm__power0.5,source_temperature,0.8510345918972738,-0.037427748146899975
0.5,policy::source_tau0.9__topm__power0.75,source_temperature,0.8501105876015833,-0.03835175244259048
0.5,policy::source_tau0.9__topm__power1.25,source_temperature,0.8440428288711752,-0.04441951117299858
0.5,policy::source_tau0.9__topm__power1.5,source_temperature,0.8411851659970097,-0.04727717404716414
0.5,policy::source_tau0.9__topm__uniform0.02,source_temperature,0.8576256012843195,-0.030836738759854265
0.5,policy::source_tau0.9__topm__uniform0.05,source_temperature,0.8554786748264251,-0.03298366521774865
0.5,policy::source_tau0.9__topm__uniform0.1,source_temperature,0.8528943297936926,-0.035568010250481175
0.5,policy::source_tau0.9__topm__uniform0.2,source_temperature,0.8499566705898897,-0.03850566945428413
0.5,policy::source_tau1.1__full__accept_clip0.02,source_temperature,0.8615873093539956,-0.02687503069017816
0.5,policy::source_tau1.1__full__accept_clip0.05,source_temperature,0.8586255573624155,-0.029836782681758267
0.5,policy::source_tau1.1__full__accept_clip0.1,source_temperature,0.8572994091813432,-0.031162930862830618
0.5,policy::source_tau1.1__full__bonus1.25,source_temperature,0.8542636087513109,-0.03419873129286288
0.5,policy::source_tau1.1__full__bonus1.5,source_temperature,0.8543915881039865,-0.03407075194018727
0.5,policy::source_tau1.1__full__bonus2,source_temperature,0.8555792593402187,-0.03288308070395507
0.5,policy::source_tau1.1__full__bonus3,source_temperature,0.8551095237777865,-0.03335281626638731
0.5,policy::source_tau1.1__full__expected_mix0.25,source_temperature,0.8649675520651507,-0.023494787979023046
0.5,policy::source_tau1.1__full__expected_mix0.5,source_temperature,0.8654279879270783,-0.02303435211709548
0.5,policy::source_tau1.1__full__expected_mix0.75,source_temperature,0.8634133603680306,-0.025048979676143168
0.5,policy::source_tau1.1__full__expected_rejection,source_temperature,0.8608573146046582,-0.027605025439515596
0.5,policy::source_tau1.1__full__h_tau0.8,source_temperature,0.8467525609649497,-0.04170977907922413
0.5,policy::source_tau1.1__full__h_tau0.9,source_temperature,0.8511345981295217,-0.037327741914652046
0.5,policy::source_tau1.1__full__h_tau1.1,source_temperature,0.8574212130380876,-0.03104112700608619
0.5,policy::source_tau1.1__full__h_tau1.25,source_temperature,0.855771553232919,-0.03269078681125481
0.5,policy::source_tau1.1__full__original,source_temperature,0.8542137091898165,-0.034248630854357254
0.5,policy::source_tau1.1__full__power0.5,source_temperature,0.858672696845304,-0.029789643198869786
0.5,policy::source_tau1.1__full__power0.75,source_temperature,0.8562759816173257,-0.03218635842684814
0.5,policy::source_tau1.1__full__power1.25,source_temperature,0.8492894557842546,-0.03917288425991916
0.5,policy::source_tau1.1__full__power1.5,source_temperature,0.8446658363737768,-0.043796503670397
0.5,policy::source_tau1.1__full__uniform0.02,source_temperature,0.8618118603785987,-0.0266504796655751
0.5,policy::source_tau1.1__full__uniform0.05,source_temperature,0.8634084755609539,-0.02505386448321989
0.5,policy::source_tau1.1__full__uniform0.1,source_temperature,0.8616010064548486,-0.026861333589325187
0.5,policy::source_tau1.1__full__uniform0.2,source_temperature,0.8571940600866146,-0.03126827995755921
0.5,policy::source_tau1.1__topm__accept_clip0.02,source_temperature,0.861370188799842,-0.02709215124433184
0.5,policy::source_tau1.1__topm__accept_clip0.05,source_temperature,0.8585383172289838,-0.02992402281519002
0.5,policy::source_tau1.1__topm__accept_clip0.1,source_temperature,0.8574089571661822,-0.031053382877991642
0.5,policy::source_tau1.1__topm__bonus1.25,source_temperature,0.8542824803816119,-0.03417985966256187
0.5,policy::source_tau1.1__topm__bonus1.5,source_temperature,0.8544097701134393,-0.034052569930734466
0.5,policy::source_tau1.1__topm__bonus2,source_temperature,0.8556073078878077,-0.03285503215636609
0.5,policy::source_tau1.1__topm__bonus3,source_temperature,0.8551280640170312,-0.03333427602714256
0.5,policy::source_tau1.1__topm__expected_mix0.25,source_temperature,0.8649431081740285,-0.023519231870145263
0.5,policy::source_tau1.1__topm__expected_mix0.5,source_temperature,0.8648808533974879,-0.023581486646685912
0.5,policy::source_tau1.1__topm__expected_mix0.75,source_temperature,0.862731496689215,-0.025730843354958788
0.5,policy::source_tau1.1__topm__expected_rejection,source_temperature,0.86026516796509,-0.028197172079083788
0.5,policy::source_tau1.1__topm__h_tau0.8,source_temperature,0.8478094929929433,-0.04065284705123051
0.5,policy::source_tau1.1__topm__h_tau0.9,source_temperature,0.8510108366333491,-0.037451503410824705
0.5,policy::source_tau1.1__topm__h_tau1.1,source_temperature,0.8574048184959714,-0.031057521548202405
0.5,policy::source_tau1.1__topm__h_tau1.25,source_temperature,0.854368483681312,-0.034093856362861774
0.5,policy::source_tau1.1__topm__original,source_temperature,0.8542325809783795,-0.034229759065794285
0.5,policy::source_tau1.1__topm__power0.5,source_temperature,0.8577156803046071,-0.030746659739566695
0.5,policy::source_tau1.1__topm__power0.75,source_temperature,0.856277999460515,-0.03218434058365882
0.5,policy::source_tau1.1__topm__power1.25,source_temperature,0.8492564040343659,-0.03920593600980793
0.5,policy::source_tau1.1__topm__power1.5,source_temperature,0.8448434482949757,-0.043618891749198085
0.5,policy::source_tau1.1__topm__uniform0.02,source_temperature,0.8617408490032651,-0.026721491040908707
0.5,policy::source_tau1.1__topm__uniform0.05,source_temperature,0.8624840067627021,-0.0259783332814717
0.5,policy::source_tau1.1__topm__uniform0.1,source_temperature,0.8614116570884898,-0.027050682955684024
0.5,policy::source_tau1.1__topm__uniform0.2,source_temperature,0.8571188369241608,-0.031343503120012994
0.5,policy::twosided0.1__full__accept_clip0.02,bounded_subtraction,0.8991897117548282,0.01072737171065441
0.5,policy::twosided0.1__full__accept_clip0.05,bounded_subtraction,0.8990432368888539,0.01058089684468011
0.5,policy::twosided0.1__full__accept_clip0.1,bounded_subtraction,0.8979007787949373,0.009438438750763556
0.5,policy::twosided0.1__full__bonus1.25,bounded_subtraction,0.8787755140050028,-0.009686826039171037
0.5,policy::twosided0.1__full__bonus1.5,bounded_subtraction,0.8790077260349843,-0.009454614009189455
0.5,policy::twosided0.1__full__bonus2,bounded_subtraction,0.8801656056394168,-0.008296734404756978
0.5,policy::twosided0.1__full__bonus3,bounded_subtraction,0.8802224820920559,-0.008239857952117902
0.5,policy::twosided0.1__full__expected_mix0.25,bounded_subtraction,0.9064229619809843,0.017960621936810472
0.5,policy::twosided0.1__full__expected_mix0.5,bounded_subtraction,0.9086084419733869,0.020146101929213067
0.5,policy::twosided0.1__full__expected_mix0.75,bounded_subtraction,0.9045971242222145,0.016134784178040706
0.5,policy::twosided0.1__full__expected_rejection,bounded_subtraction,0.8998520585494918,0.011389718505318003
0.5,policy::twosided0.1__full__h_tau0.8,bounded_subtraction,0.8690253323240278,-0.019437007720146005
0.5,policy::twosided0.1__full__h_tau0.9,bounded_subtraction,0.8758506712682382,-0.012611668775935558
0.5,policy::twosided0.1__full__h_tau1.1,bounded_subtraction,0.8813463168636992,-0.007116023180474551
0.5,policy::twosided0.1__full__h_tau1.25,bounded_subtraction,0.8817886976013394,-0.006673642442834415
0.5,policy::twosided0.1__full__original,bounded_subtraction,0.878547911836031,-0.009914428208142811
0.5,policy::twosided0.1__full__power0.5,bounded_subtraction,0.8823787407338188,-0.006083599310354959
0.5,policy::twosided0.1__full__power0.75,bounded_subtraction,0.8800421000893963,-0.008420239954777475
0.5,policy::twosided0.1__full__power1.25,bounded_subtraction,0.8709640324887965,-0.01749830755537729
0.5,policy::twosided0.1__full__power1.5,bounded_subtraction,0.8672634144957502,-0.02119892554842362
0.5,policy::twosided0.1__full__uniform0.02,bounded_subtraction,0.9031943697309701,0.014732029686796322
0.5,policy::twosided0.1__full__uniform0.05,bounded_subtraction,0.9020993310116935,0.013636990967519691
0.5,policy::twosided0.1__full__uniform0.1,bounded_subtraction,0.8988742463779384,0.010411906333764653
0.5,policy::twosided0.1__full__uniform0.2,bounded_subtraction,0.8953174915469722,0.006855151502798362
0.5,policy::twosided0.1__topm__accept_clip0.02,bounded_subtraction,0.8992168679338924,0.010754527889718646
0.5,policy::twosided0.1__topm__accept_clip0.05,bounded_subtraction,0.8972904510294909,0.008828110985317106
0.5,policy::twosided0.1__topm__accept_clip0.1,bounded_subtraction,0.8978643733767535,0.009402033332579718
0.5,policy::twosided0.1__topm__bonus1.25,bounded_subtraction,0.8786588817362856,-0.009803458307888202
0.5,policy::twosided0.1__topm__bonus1.5,bounded_subtraction,0.8788910938180073,-0.009571246226166452
0.5,policy::twosided0.1__topm__bonus2,bounded_subtraction,0.8800489736377666,-0.008413366406407219
0.5,policy::twosided0.1__topm__bonus3,bounded_subtraction,0.880155116573961,-0.008307223470212843
0.5,policy::twosided0.1__topm__expected_mix0.25,bounded_subtraction,0.9057801137952907,0.01731777375111687
0.5,policy::twosided0.1__topm__expected_mix0.5,bounded_subtraction,0.9072148688093805,0.018752528765206722
0.5,policy::twosided0.1__topm__expected_mix0.75,bounded_subtraction,0.9039492627861656,0.015486922741991815
0.5,policy::twosided0.1__topm__expected_rejection,bounded_subtraction,0.8996106108107391,0.011148270766565327
0.5,policy::twosided0.1__topm__h_tau0.8,bounded_subtraction,0.8689817201486604,-0.019480619895513418
0.5,policy::twosided0.1__topm__h_tau0.9,bounded_subtraction,0.8759923097375243,-0.012470030306649504
0.5,policy::twosided0.1__topm__h_tau1.1,bounded_subtraction,0.8813554285627803,-0.00710691148139353
0.5,policy::twosided0.1__topm__h_tau1.25,bounded_subtraction,0.8802815622552886,-0.008180777788885152
0.5,policy::twosided0.1__topm__original,bounded_subtraction,0.878537725385037,-0.009924614659136743
0.5,policy::twosided0.1__topm__power0.5,bounded_subtraction,0.8817097919845368,-0.006752548059636987
0.5,policy::twosided0.1__topm__power0.75,bounded_subtraction,0.8800029184024843,-0.008459421641689446
0.5,policy::twosided0.1__topm__power1.25,bounded_subtraction,0.8709807384149251,-0.017481601629248722
0.5,policy::twosided0.1__topm__power1.5,bounded_subtraction,0.8673272207233977,-0.021135119320776052
0.5,policy::twosided0.1__topm__uniform0.02,bounded_subtraction,0.90362097397437,0.01515863393019623
0.5,policy::twosided0.1__topm__uniform0.05,bounded_subtraction,0.9019067607330795,0.013444420688905723
0.5,policy::twosided0.1__topm__uniform0.1,bounded_subtraction,0.8989668964158802,0.010504556371706442
0.5,policy::twosided0.1__topm__uniform0.2,bounded_subtraction,0.8953767405575542,0.0069144005133804365
0.5,policy::twosided0.25__full__accept_clip0.02,bounded_subtraction,0.8971634658070025,0.008701125762828665
0.5,policy::twosided0.25__full__accept_clip0.05,bounded_subtraction,0.8999727101567028,0.011510370112528978
0.5,policy::twosided0.25__full__accept_clip0.1,bounded_subtraction,0.8985789426172759,0.010116602573102096
0.5,policy::twosided0.25__full__bonus1.25,bounded_subtraction,0.8787970191609431,-0.009665320883230688
0.5,policy::twosided0.25__full__bonus1.5,bounded_subtraction,0.8790670856175717,-0.009395254426602051
0.5,policy::twosided0.25__full__bonus2,bounded_subtraction,0.8794952721435316,-0.008967067900642167
0.5,policy::twosided0.25__full__bonus3,bounded_subtraction,0.879946617654118,-0.008515722390055824
0.5,policy::twosided0.25__full__expected_mix0.25,bounded_subtraction,0.9048405402882925,0.016378200244118735
0.5,policy::twosided0.25__full__expected_mix0.5,bounded_subtraction,0.9076596808251711,0.01919734078099733
0.5,policy::twosided0.25__full__expected_mix0.75,bounded_subtraction,0.9029654259951769,0.014503085951003136
0.5,policy::twosided0.25__full__expected_rejection,bounded_subtraction,0.898674898439282,0.010212558395108262
0.5,policy::twosided0.25__full__h_tau0.8,bounded_subtraction,0.8671999007082252,-0.021262439335948624
0.5,policy::twosided0.25__full__h_tau0.9,bounded_subtraction,0.8743997912737863,-0.014062548770387484
0.5,policy::twosided0.25__full__h_tau1.1,bounded_subtraction,0.8816873145168808,-0.006775025527293033
0.5,policy::twosided0.25__full__h_tau1.25,bounded_subtraction,0.8801145015336138,-0.00834783851055998
0.5,policy::twosided0.25__full__original,bounded_subtraction,0.8778323938853174,-0.010629946158856374
0.5,policy::twosided0.25__full__power0.5,bounded_subtraction,0.8823110167258802,-0.0061513233182936
0.5,policy::twosided0.25__full__power0.75,bounded_subtraction,0.8809275536508642,-0.007534786393309623
0.5,policy::twosided0.25__full__power1.25,bounded_subtraction,0.8712899314933746,-0.017172408550799156
0.5,policy::twosided0.25__full__power1.5,bounded_subtraction,0.8671202091383164,-0.02134213090585735
0.5,policy::twosided0.25__full__uniform0.02,bounded_subtraction,0.9005779377846861,0.012115597740512296
0.5,policy::twosided0.25__full__uniform0.05,bounded_subtraction,0.9019170156131436,0.013454675568969843
0.5,policy::twosided0.25__full__uniform0.1,bounded_subtraction,0.8969646858982864,0.00850234585411258
0.5,policy::twosided0.25__full__uniform0.2,bounded_subtraction,0.8916462106389348,0.0031838705947609958
0.5,policy::twosided0.25__topm__accept_clip0.02,bounded_subtraction,0.8972252641965519,0.008762924152378115
0.5,policy::twosided0.25__topm__accept_clip0.05,bounded_subtraction,0.8969019305483379,0.008439590504164096
0.5,policy::twosided0.25__topm__accept_clip0.1,bounded_subtraction,0.8998332059748219,0.011370865930648066
0.5,policy::twosided0.25__topm__bonus1.25,bounded_subtraction,0.8785790751939697,-0.009883264850204077
0.5,policy::twosided0.25__topm__bonus1.5,bounded_subtraction,0.8790634694210521,-0.009398870623121724
0.5,policy::twosided0.25__topm__bonus2,bounded_subtraction,0.8794916529291325,-0.008970687115041343
0.5,policy::twosided0.25__topm__bonus3,bounded_subtraction,0.8798488684281613,-0.008613471616012447
0.5,policy::twosided0.25__topm__expected_mix0.25,bounded_subtraction,0.903289228241262,0.014826888197088217
0.5,policy::twosided0.25__topm__expected_mix0.5,bounded_subtraction,0.9062279230727679,0.0177655830285941
0.5,policy::twosided0.25__topm__expected_mix0.75,bounded_subtraction,0.903506394592506,0.015044054548332242
0.5,policy::twosided0.25__topm__expected_rejection,bounded_subtraction,0.8989250534261125,0.010462713381938715
0.5,policy::twosided0.25__topm__h_tau0.8,bounded_subtraction,0.8673044217603803,-0.021157918283793542
0.5,policy::twosided0.25__topm__h_tau0.9,bounded_subtraction,0.8744006065892617,-0.014061733454912129
0.5,policy::twosided0.25__topm__h_tau1.1,bounded_subtraction,0.8819030614508339,-0.0065592785933399345
0.5,policy::twosided0.25__topm__h_tau1.25,bounded_subtraction,0.8789905301533406,-0.009471809890833183
0.5,policy::twosided0.25__topm__original,bounded_subtraction,0.8778317464015123,-0.010630593642661501
0.5,policy::twosided0.25__topm__power0.5,bounded_subtraction,0.8823098835141177,-0.0061524565300561385
0.5,policy::twosided0.25__topm__power0.75,bounded_subtraction,0.8809313436693995,-0.007530996374774279
0.5,policy::twosided0.25__topm__power1.25,bounded_subtraction,0.8713080207241397,-0.017154319320034084
0.5,policy::twosided0.25__topm__power1.5,bounded_subtraction,0.8672148074194281,-0.021247532624745658
0.5,policy::twosided0.25__topm__uniform0.02,bounded_subtraction,0.9004791385318174,0.012016798487643587
0.5,policy::twosided0.25__topm__uniform0.05,bounded_subtraction,0.9021858042163443,0.013723464172170519
0.5,policy::twosided0.25__topm__uniform0.1,bounded_subtraction,0.8968787085796621,0.008416368535488328
0.5,policy::twosided0.25__topm__uniform0.2,bounded_subtraction,0.8919806191758463,0.0035182791316724638
0.5,policy::twosided0.5__full__accept_clip0.02,bounded_subtraction,0.8936825274628344,0.0052201874186605934
0.5,policy::twosided0.5__full__accept_clip0.05,bounded_subtraction,0.8910112551545051,0.0025489151103312846
0.5,policy::twosided0.5__full__accept_clip0.1,bounded_subtraction,0.89455687475393,0.006094534709756183
0.5,policy::twosided0.5__full__bonus1.25,bounded_subtraction,0.8765017974323871,-0.011960542611786695
0.5,policy::twosided0.5__full__bonus1.5,bounded_subtraction,0.8772091777738462,-0.011253162270327577
0.5,policy::twosided0.5__full__bonus2,bounded_subtraction,0.8775839777436394,-0.010878362300534405
0.5,policy::twosided0.5__full__bonus3,bounded_subtraction,0.8774089385597055,-0.011053401484468317
0.5,policy::twosided0.5__full__expected_mix0.25,bounded_subtraction,0.9026934372275703,0.014231097183396546
0.5,policy::twosided0.5__full__expected_mix0.5,bounded_subtraction,0.9022782830841393,0.013815943039965473
0.5,policy::twosided0.5__full__expected_mix0.75,bounded_subtraction,0.9010205454143274,0.012558205370153619
0.5,policy::twosided0.5__full__expected_rejection,bounded_subtraction,0.8963807905086736,0.007918450464499793
0.5,policy::twosided0.5__full__h_tau0.8,bounded_subtraction,0.8656896529318968,-0.02277268711227698
0.5,policy::twosided0.5__full__h_tau0.9,bounded_subtraction,0.871364359120188,-0.017097980923985845
0.5,policy::twosided0.5__full__h_tau1.1,bounded_subtraction,0.877915526450897,-0.010546813593276805
0.5,policy::twosided0.5__full__h_tau1.25,bounded_subtraction,0.8771063374690864,-0.011356002575087398
0.5,policy::twosided0.5__full__original,bounded_subtraction,0.875246468375217,-0.013215871668956769
0.5,policy::twosided0.5__full__power0.5,bounded_subtraction,0.8787239982778781,-0.009738341766295733
0.5,policy::twosided0.5__full__power0.75,bounded_subtraction,0.8773858584003408,-0.011076481643833014
0.5,policy::twosided0.5__full__power1.25,bounded_subtraction,0.8676488849519375,-0.02081345509223631
0.5,policy::twosided0.5__full__power1.5,bounded_subtraction,0.8639729048845053,-0.024489435159668504
0.5,policy::twosided0.5__full__uniform0.02,bounded_subtraction,0.9003844928334422,0.011922152789268448
0.5,policy::twosided0.5__full__uniform0.05,bounded_subtraction,0.8992459122615348,0.010783572217361037
0.5,policy::twosided0.5__full__uniform0.1,bounded_subtraction,0.8943917987545994,0.005929458710425606
0.5,policy::twosided0.5__full__uniform0.2,bounded_subtraction,0.889124795723464,0.0006624556792902414
0.5,policy::twosided0.5__topm__accept_clip0.02,bounded_subtraction,0.8935623421847677,0.005100002140593918
0.5,policy::twosided0.5__topm__accept_clip0.05,bounded_subtraction,0.8911816015839449,0.0027192615397710895
0.5,policy::twosided0.5__topm__accept_clip0.1,bounded_subtraction,0.8945453647381264,0.00608302469395261
0.5,policy::twosided0.5__topm__bonus1.25,bounded_subtraction,0.874542240334869,-0.013920099709304745
0.5,policy::twosided0.5__topm__bonus1.5,bounded_subtraction,0.8748449845160043,-0.01361735552816945
0.5,policy::twosided0.5__topm__bonus2,bounded_subtraction,0.8756370819754378,-0.012825258068736023
0.5,policy::twosided0.5__topm__bonus3,bounded_subtraction,0.8753471656879017,-0.013115174356272075
0.5,policy::twosided0.5__topm__expected_mix0.25,bounded_subtraction,0.9027180126328295,0.014255672588655677
0.5,policy::twosided0.5__topm__expected_mix0.5,bounded_subtraction,0.9024053111448335,0.013942971100659673
0.5,policy::twosided0.5__topm__expected_mix0.75,bounded_subtraction,0.900953387181327,0.01249104713715321
0.5,policy::twosided0.5__topm__expected_rejection,bounded_subtraction,0.89619938373018,0.007737043686006251
0.5,policy::twosided0.5__topm__h_tau0.8,bounded_subtraction,0.8642828848246513,-0.024179455219522472
0.5,policy::twosided0.5__topm__h_tau0.9,bounded_subtraction,0.8699955055987464,-0.018466834445427405
0.5,policy::twosided0.5__topm__h_tau1.1,bounded_subtraction,0.8778983033786545,-0.010564036665519305
0.5,policy::twosided0.5__topm__h_tau1.25,bounded_subtraction,0.877022273110027,-0.011440066934146786
0.5,policy::twosided0.5__topm__original,bounded_subtraction,0.8732810519588241,-0.015181288085349687
0.5,policy::twosided0.5__topm__power0.5,bounded_subtraction,0.8797025723814544,-0.008759767662719353
0.5,policy::twosided0.5__topm__power0.75,bounded_subtraction,0.8774031883154525,-0.011059151728721295
0.5,policy::twosided0.5__topm__power1.25,bounded_subtraction,0.8674247827325824,-0.021037557311591404
0.5,policy::twosided0.5__topm__power1.5,bounded_subtraction,0.8631868341536424,-0.025275505890531402
0.5,policy::twosided0.5__topm__uniform0.02,bounded_subtraction,0.898886982646,0.010424642601826184
0.5,policy::twosided0.5__topm__uniform0.05,bounded_subtraction,0.8995755861279846,0.011113246083810813
0.5,policy::twosided0.5__topm__uniform0.1,bounded_subtraction,0.8943857984087062,0.005923458364532452
0.5,policy::twosided0.5__topm__uniform0.2,bounded_subtraction,0.8872739478395226,-0.0011883922046511675
0.5,policy::twosided1__full__accept_clip0.02,bounded_subtraction,0.8919461939986779,0.0034838539545041236
0.5,policy::twosided1__full__accept_clip0.05,bounded_subtraction,0.8890711510804902,0.0006088110363163812
0.5,policy::twosided1__full__accept_clip0.1,bounded_subtraction,0.889562337437671,0.0010999973934971985
0.5,policy::twosided1__full__bonus1.25,bounded_subtraction,0.8698874140886856,-0.018574925955488153
0.5,policy::twosided1__full__bonus1.5,bounded_subtraction,0.8696029199839417,-0.018859420060232113
0.5,policy::twosided1__full__bonus2,bounded_subtraction,0.8707409498390303,-0.017721390205143517
0.5,policy::twosided1__full__bonus3,bounded_subtraction,0.8714432854908,-0.017019054553373825
0.5,policy::twosided1__full__expected_mix0.25,bounded_subtraction,0.8940366807814477,0.0055743407372739195
0.5,policy::twosided1__full__expected_mix0.5,bounded_subtraction,0.8983741255001639,0.00991178545599014
0.5,policy::twosided1__full__expected_mix0.75,bounded_subtraction,0.8964093205149807,0.007946980470806886
0.5,policy::twosided1__full__expected_rejection,bounded_subtraction,0.894193749202004,0.005731409157830214
0.5,policy::twosided1__full__h_tau0.8,bounded_subtraction,0.8576713997241686,-0.030790940320005178
0.5,policy::twosided1__full__h_tau0.9,bounded_subtraction,0.8646784203672851,-0.023783919676888643
0.5,policy::twosided1__full__h_tau1.1,bounded_subtraction,0.8734391480148143,-0.015023192029359533
0.5,policy::twosided1__full__h_tau1.25,bounded_subtraction,0.8717040662901409,-0.016758273754032937
0.5,policy::twosided1__full__original,bounded_subtraction,0.8697366107624581,-0.018725729281715675
0.5,policy::twosided1__full__power0.5,bounded_subtraction,0.8721147939919445,-0.016347546052229323
0.5,policy::twosided1__full__power0.75,bounded_subtraction,0.8733189148426358,-0.015143425201537997
0.5,policy::twosided1__full__power1.25,bounded_subtraction,0.8661004844234367,-0.022361855620737114
0.5,policy::twosided1__full__power1.5,bounded_subtraction,0.8591231239455428,-0.029339216098630994
0.5,policy::twosided1__full__uniform0.02,bounded_subtraction,0.8942083333978306,0.005745993353656775
0.5,policy::twosided1__full__uniform0.05,bounded_subtraction,0.893486598563225,0.005024258519051195
0.5,policy::twosided1__full__uniform0.1,bounded_subtraction,0.8894165576230124,0.0009542175788386231
0.5,policy::twosided1__full__uniform0.2,bounded_subtraction,0.8861566019156463,-0.0023057381285275236
0.5,policy::twosided1__topm__accept_clip0.02,bounded_subtraction,0.8919396275591449,0.003477287514971117
0.5,policy::twosided1__topm__accept_clip0.05,bounded_subtraction,0.8872181343964081,-0.0012442056477657282
0.5,policy::twosided1__topm__accept_clip0.1,bounded_subtraction,0.8899685812393703,0.0015062411951964894
0.5,policy::twosided1__topm__bonus1.25,bounded_subtraction,0.8698774408388642,-0.01858489920530959
0.5,policy::twosided1__topm__bonus1.5,bounded_subtraction,0.8692646410694653,-0.019197698974708466
0.5,policy::twosided1__topm__bonus2,bounded_subtraction,0.870710356510188,-0.01775198353398577
0.5,policy::twosided1__topm__bonus3,bounded_subtraction,0.8711242977253699,-0.01733804231880387
0.5,policy::twosided1__topm__expected_mix0.25,bounded_subtraction,0.894955358630568,0.0064930185863941725
0.5,policy::twosided1__topm__expected_mix0.5,bounded_subtraction,0.8984518653955326,0.009989525351358775
0.5,policy::twosided1__topm__expected_mix0.75,bounded_subtraction,0.895357039206758,0.006894699162584228
0.5,policy::twosided1__topm__expected_rejection,bounded_subtraction,0.8946236286653303,0.006161288621156502
0.5,policy::twosided1__topm__h_tau0.8,bounded_subtraction,0.8573729973195676,-0.031089342724606173
0.5,policy::twosided1__topm__h_tau0.9,bounded_subtraction,0.8646505105955806,-0.02381182944859317
0.5,policy::twosided1__topm__h_tau1.1,bounded_subtraction,0.8732651554155961,-0.015197184628577665
0.5,policy::twosided1__topm__h_tau1.25,bounded_subtraction,0.8718594520781083,-0.01660288796606546
0.5,policy::twosided1__topm__original,bounded_subtraction,0.8700726546964167,-0.01838968534775709
0.5,policy::twosided1__topm__power0.5,bounded_subtraction,0.8723728053141699,-0.01608953473000385
0.5,policy::twosided1__topm__power0.75,bounded_subtraction,0.8732760315875101,-0.015186308456663689
0.5,policy::twosided1__topm__power1.25,bounded_subtraction,0.8655502555680051,-0.02291208447616866
0.5,policy::twosided1__topm__power1.5,bounded_subtraction,0.8589461110091691,-0.029516229035004726
0.5,policy::twosided1__topm__uniform0.02,bounded_subtraction,0.893511879150142,0.0050495391059681705
0.5,policy::twosided1__topm__uniform0.05,bounded_subtraction,0.893397337748125,0.004934997703951227
0.5,policy::twosided1__topm__uniform0.1,bounded_subtraction,0.8893614542558694,0.0008991142116956397
0.5,policy::twosided1__topm__uniform0.2,bounded_subtraction,0.8856030880963943,-0.002859251947779473
0.5,policy::uncertainty0.01__full__accept_clip0.02,bounded_subtraction,0.9016517761910747,0.013189436146900935
0.5,policy::uncertainty0.01__full__accept_clip0.05,bounded_subtraction,0.8993882784609781,0.010925938416804337
0.5,policy::uncertainty0.01__full__accept_clip0.1,bounded_subtraction,0.8951035021783511,0.006641162134177314
0.5,policy::uncertainty0.01__full__bonus1.25,bounded_subtraction,0.8813472652127881,-0.007115074831385737
0.5,policy::uncertainty0.01__full__bonus1.5,bounded_subtraction,0.8814552047586801,-0.007007135285493682
0.5,policy::uncertainty0.01__full__bonus2,bounded_subtraction,0.8825408275663835,-0.0059215124777902695
0.5,policy::uncertainty0.01__full__bonus3,bounded_subtraction,0.8826866236201619,-0.0057757164240118675
0.5,policy::uncertainty0.01__full__expected_mix0.25,bounded_subtraction,0.906782825235711,0.018320485191537172
0.5,policy::uncertainty0.01__full__expected_mix0.5,bounded_subtraction,0.9061719836871136,0.01770964364293981
0.5,policy::uncertainty0.01__full__expected_mix0.75,bounded_subtraction,0.904883580831328,0.016421240787154234
0.5,policy::uncertainty0.01__full__expected_rejection,bounded_subtraction,0.8983974331837254,0.009935093139551654
0.5,policy::uncertainty0.01__full__h_tau0.8,bounded_subtraction,0.8720782953975335,-0.01638404464664034
0.5,policy::uncertainty0.01__full__h_tau0.9,bounded_subtraction,0.879276151729246,-0.00918618831492779
0.5,policy::uncertainty0.01__full__h_tau1.1,bounded_subtraction,0.8829165350655576,-0.005545804978616231
0.5,policy::uncertainty0.01__full__h_tau1.25,bounded_subtraction,0.8806697672827459,-0.007792572761427863
0.5,policy::uncertainty0.01__full__original,bounded_subtraction,0.8810319926631527,-0.007430347381021107
0.5,policy::uncertainty0.01__full__power0.5,bounded_subtraction,0.8825545531837419,-0.005907786860431918
0.5,policy::uncertainty0.01__full__power0.75,bounded_subtraction,0.8816944380041036,-0.006767902040070162
0.5,policy::uncertainty0.01__full__power1.25,bounded_subtraction,0.874450741719887,-0.014011598324286778
0.5,policy::uncertainty0.01__full__power1.5,bounded_subtraction,0.869850402667404,-0.018611937376769805
0.5,policy::uncertainty0.01__full__uniform0.02,bounded_subtraction,0.9016488217306382,0.013186481686464413
0.5,policy::uncertainty0.01__full__uniform0.05,bounded_subtraction,0.901738071981341,0.013275731937167246
0.5,policy::uncertainty0.01__full__uniform0.1,bounded_subtraction,0.8965936483003065,0.00813130825613273
0.5,policy::uncertainty0.01__full__uniform0.2,bounded_subtraction,0.891027622418899,0.0025652823747251974
0.5,policy::uncertainty0.01__topm__accept_clip0.02,bounded_subtraction,0.8992131093191398,0.010750769274965988
0.5,policy::uncertainty0.01__topm__accept_clip0.05,bounded_subtraction,0.8954559058348013,0.006993565790627487
0.5,policy::uncertainty0.01__topm__accept_clip0.1,bounded_subtraction,0.8911262123487235,0.002663872304549675
0.5,policy::uncertainty0.01__topm__bonus1.25,bounded_subtraction,0.881343585464856,-0.007118754579317765
0.5,policy::uncertainty0.01__topm__bonus1.5,bounded_subtraction,0.8813215251965515,-0.007140814847622301
0.5,policy::uncertainty0.01__topm__bonus2,bounded_subtraction,0.8824202462979456,-0.0060420937462282165
0.5,policy::uncertainty0.01__topm__bonus3,bounded_subtraction,0.8827729269586648,-0.005689413085508965
0.5,policy::uncertainty0.01__topm__expected_mix0.25,bounded_subtraction,0.9069896212633191,0.018527281219145264
0.5,policy::uncertainty0.01__topm__expected_mix0.5,bounded_subtraction,0.9053636965405532,0.01690135649637936
0.5,policy::uncertainty0.01__topm__expected_mix0.75,bounded_subtraction,0.9000352041971277,0.011572864152953888
0.5,policy::uncertainty0.01__topm__expected_rejection,bounded_subtraction,0.8965930199080013,0.008130679863827539
0.5,policy::uncertainty0.01__topm__h_tau0.8,bounded_subtraction,0.872068648260318,-0.016393691783855746
0.5,policy::uncertainty0.01__topm__h_tau0.9,bounded_subtraction,0.8790042910097635,-0.009458049034410276
0.5,policy::uncertainty0.01__topm__h_tau1.1,bounded_subtraction,0.8839528306162056,-0.004509509427968239
0.5,policy::uncertainty0.01__topm__h_tau1.25,bounded_subtraction,0.8792078049384788,-0.009254535105694961
0.5,policy::uncertainty0.01__topm__original,bounded_subtraction,0.8810341953777241,-0.007428144666449699
0.5,policy::uncertainty0.01__topm__power0.5,bounded_subtraction,0.8822195098612018,-0.006242830182972003
0.5,policy::uncertainty0.01__topm__power0.75,bounded_subtraction,0.8814038014019525,-0.007058538642221279
0.5,policy::uncertainty0.01__topm__power1.25,bounded_subtraction,0.8745325933769585,-0.013929746667215248
0.5,policy::uncertainty0.01__topm__power1.5,bounded_subtraction,0.8706983642427697,-0.017763975801404097
0.5,policy::uncertainty0.01__topm__uniform0.02,bounded_subtraction,0.9029447781838316,0.014482438139657772
0.5,policy::uncertainty0.01__topm__uniform0.05,bounded_subtraction,0.9016033450421245,0.013141004997950678
0.5,policy::uncertainty0.01__topm__uniform0.1,bounded_subtraction,0.8946284241908473,0.006166084146673523
0.5,policy::uncertainty0.01__topm__uniform0.2,bounded_subtraction,0.8850757016171543,-0.0033866384270194727
0.5,policy::uncertainty0.03__full__accept_clip0.02,bounded_subtraction,0.907939031504704,0.019476691460530215
0.5,policy::uncertainty0.03__full__accept_clip0.05,bounded_subtraction,0.9053408257981342,0.016878485753960448
0.5,policy::uncertainty0.03__full__accept_clip0.1,bounded_subtraction,0.9010563594314762,0.012594019387302424
0.5,policy::uncertainty0.03__full__bonus1.25,bounded_subtraction,0.8821956129962893,-0.006266727047884446
0.5,policy::uncertainty0.03__full__bonus1.5,bounded_subtraction,0.8827790854034226,-0.005683254640751145
0.5,policy::uncertainty0.03__full__bonus2,bounded_subtraction,0.8832832586102659,-0.005179081433907884
0.5,policy::uncertainty0.03__full__bonus3,bounded_subtraction,0.8829861654511157,-0.0054761745930580474
0.5,policy::uncertainty0.03__full__expected_mix0.25,bounded_subtraction,0.9108655694830489,0.022403229438875072
0.5,policy::uncertainty0.03__full__expected_mix0.5,bounded_subtraction,0.9123279492052274,0.023865609161053625
0.5,policy::uncertainty0.03__full__expected_mix0.75,bounded_subtraction,0.9111158537259464,0.022653513681772597
0.5,policy::uncertainty0.03__full__expected_rejection,bounded_subtraction,0.9040787467124761,0.01561640666830233
0.5,policy::uncertainty0.03__full__h_tau0.8,bounded_subtraction,0.8730489055083097,-0.015413434535864079
0.5,policy::uncertainty0.03__full__h_tau0.9,bounded_subtraction,0.8776148471450391,-0.01084749289913467
0.5,policy::uncertainty0.03__full__h_tau1.1,bounded_subtraction,0.8862054007377608,-0.0022569393064130194
0.5,policy::uncertainty0.03__full__h_tau1.25,bounded_subtraction,0.8837949481672229,-0.004667391876950866
0.5,policy::uncertainty0.03__full__original,bounded_subtraction,0.8819164954743137,-0.006545844569860071
0.5,policy::uncertainty0.03__full__power0.5,bounded_subtraction,0.887342476523152,-0.00111986352102178
0.5,policy::uncertainty0.03__full__power0.75,bounded_subtraction,0.8856884822344715,-0.002773857809702296
0.5,policy::uncertainty0.03__full__power1.25,bounded_subtraction,0.8730511246460306,-0.015411215398143163
0.5,policy::uncertainty0.03__full__power1.5,bounded_subtraction,0.8659225373608157,-0.02253980268335809
0.5,policy::uncertainty0.03__full__uniform0.02,bounded_subtraction,0.9080384985428479,0.019576158498674112
0.5,policy::uncertainty0.03__full__uniform0.05,bounded_subtraction,0.9101717894905021,0.021709449446328355
0.5,policy::uncertainty0.03__full__uniform0.1,bounded_subtraction,0.9095748458838808,0.02111250583970703
0.5,policy::uncertainty0.03__full__uniform0.2,bounded_subtraction,0.904030895491359,0.015568555447185162
0.5,policy::uncertainty0.03__topm__accept_clip0.02,bounded_subtraction,0.9066116995061186,0.018149359461944847
0.5,policy::uncertainty0.03__topm__accept_clip0.05,bounded_subtraction,0.9000139292582796,0.011551589214105817
0.5,policy::uncertainty0.03__topm__accept_clip0.1,bounded_subtraction,0.8965139129649797,0.008051572920805938
0.5,policy::uncertainty0.03__topm__bonus1.25,bounded_subtraction,0.8820175929560049,-0.0064447470881688895
0.5,policy::uncertainty0.03__topm__bonus1.5,bounded_subtraction,0.8825601833530283,-0.005902156691145466
0.5,policy::uncertainty0.03__topm__bonus2,bounded_subtraction,0.8828292312761262,-0.005633108768047568
0.5,policy::uncertainty0.03__topm__bonus3,bounded_subtraction,0.8828661805221978,-0.005596159521976007
0.5,policy::uncertainty0.03__topm__expected_mix0.25,bounded_subtraction,0.9100867727033469,0.02162443265917313
0.5,policy::uncertainty0.03__topm__expected_mix0.5,bounded_subtraction,0.9096465952436936,0.02118425519951983
0.5,policy::uncertainty0.03__topm__expected_mix0.75,bounded_subtraction,0.9065846395794166,0.018122299535242803
0.5,policy::uncertainty0.03__topm__expected_rejection,bounded_subtraction,0.9034548945807935,0.01499255453661974
0.5,policy::uncertainty0.03__topm__h_tau0.8,bounded_subtraction,0.8717378404300299,-0.016724499614143906
0.5,policy::uncertainty0.03__topm__h_tau0.9,bounded_subtraction,0.8774619733234404,-0.011000366720733346
0.5,policy::uncertainty0.03__topm__h_tau1.1,bounded_subtraction,0.8864979308246385,-0.0019644092195353346
0.5,policy::uncertainty0.03__topm__h_tau1.25,bounded_subtraction,0.883255770513554,-0.00520656953061982
0.5,policy::uncertainty0.03__topm__original,bounded_subtraction,0.8814928582082078,-0.006969481835966018
0.5,policy::uncertainty0.03__topm__power0.5,bounded_subtraction,0.8873671227264428,-0.0010952173177309898
0.5,policy::uncertainty0.03__topm__power0.75,bounded_subtraction,0.88600195515358,-0.0024603848905937475
0.5,policy::uncertainty0.03__topm__power1.25,bounded_subtraction,0.8727807461490958,-0.01568159389507795
0.5,policy::uncertainty0.03__topm__power1.5,bounded_subtraction,0.8659843779827594,-0.02247796206141439
0.5,policy::uncertainty0.03__topm__uniform0.02,bounded_subtraction,0.9072810464708186,0.01881870642664485
0.5,policy::uncertainty0.03__topm__uniform0.05,bounded_subtraction,0.9107720953456455,0.022309755301471723
0.5,policy::uncertainty0.03__topm__uniform0.1,bounded_subtraction,0.9089122460634963,0.020449906019322506
0.5,policy::uncertainty0.03__topm__uniform0.2,bounded_subtraction,0.9006877071344324,0.012225367090258565
0.5,policy::uncertainty0.1__full__accept_clip0.02,bounded_subtraction,0.9113142528145908,0.022851912770416982
0.5,policy::uncertainty0.1__full__accept_clip0.05,bounded_subtraction,0.9087148213189142,0.02025248127474044
0.5,policy::uncertainty0.1__full__accept_clip0.1,bounded_subtraction,0.9044791269719213,0.01601678692774755
0.5,policy::uncertainty0.1__full__bonus1.25,bounded_subtraction,0.882829384474936,-0.005632955569237819
0.5,policy::uncertainty0.1__full__bonus1.5,bounded_subtraction,0.8832876407655113,-0.005174699278662542
0.5,policy::uncertainty0.1__full__bonus2,bounded_subtraction,0.885019681605379,-0.0034426584387947656
0.5,policy::uncertainty0.1__full__bonus3,bounded_subtraction,0.8851825098002927,-0.003279830243881121
0.5,policy::uncertainty0.1__full__expected_mix0.25,bounded_subtraction,0.9129430742229722,0.02448073417879837
0.5,policy::uncertainty0.1__full__expected_mix0.5,bounded_subtraction,0.913509422244842,0.025047082200668203
0.5,policy::uncertainty0.1__full__expected_mix0.75,bounded_subtraction,0.9099501926140644,0.02148785256989061
0.5,policy::uncertainty0.1__full__expected_rejection,bounded_subtraction,0.9070729703519778,0.018610630307803966
0.5,policy::uncertainty0.1__full__h_tau0.8,bounded_subtraction,0.8690021215844512,-0.019460218459722567
0.5,policy::uncertainty0.1__full__h_tau0.9,bounded_subtraction,0.876800492947453,-0.011661847096720801
0.5,policy::uncertainty0.1__full__h_tau1.1,bounded_subtraction,0.8879051286968332,-0.0005572113473405471
0.5,policy::uncertainty0.1__full__h_tau1.25,bounded_subtraction,0.8882073667991476,-0.0002549732450262132
0.5,policy::uncertainty0.1__full__original,bounded_subtraction,0.8805631557902771,-0.007899184253896685
0.5,policy::uncertainty0.1__full__power0.5,bounded_subtraction,0.8907758282467934,0.0023134882026195625
0.5,policy::uncertainty0.1__full__power0.75,bounded_subtraction,0.8873792382216766,-0.0010831018224971567
0.5,policy::uncertainty0.1__full__power1.25,bounded_subtraction,0.872533869852313,-0.015928470191860833
0.5,policy::uncertainty0.1__full__power1.5,bounded_subtraction,0.8668519339183567,-0.021610406125817105
0.5,policy::uncertainty0.1__full__uniform0.02,bounded_subtraction,0.9087841286957704,0.020321788651596617
0.5,policy::uncertainty0.1__full__uniform0.05,bounded_subtraction,0.915148189039096,0.026685848994922212
0.5,policy::uncertainty0.1__full__uniform0.1,bounded_subtraction,0.9167339518263078,0.028271611782134
0.5,policy::uncertainty0.1__full__uniform0.2,bounded_subtraction,0.9146748746008868,0.02621253455671302
0.5,policy::uncertainty0.1__topm__accept_clip0.02,bounded_subtraction,0.908761155463121,0.02029881541894718
0.5,policy::uncertainty0.1__topm__accept_clip0.05,bounded_subtraction,0.9064478096146547,0.01798546957048086
0.5,policy::uncertainty0.1__topm__accept_clip0.1,bounded_subtraction,0.902513061411828,0.014050721367654173
0.5,policy::uncertainty0.1__topm__bonus1.25,bounded_subtraction,0.8809415270791934,-0.007520812964980417
0.5,policy::uncertainty0.1__topm__bonus1.5,bounded_subtraction,0.8817734450316709,-0.006688895012502916
0.5,policy::uncertainty0.1__topm__bonus2,bounded_subtraction,0.8829490523784966,-0.005513287665677158
0.5,policy::uncertainty0.1__topm__bonus3,bounded_subtraction,0.8836268914885815,-0.004835448555592259
0.5,policy::uncertainty0.1__topm__expected_mix0.25,bounded_subtraction,0.9098843558016028,0.02142201575742897
0.5,policy::uncertainty0.1__topm__expected_mix0.5,bounded_subtraction,0.9101774780360037,0.02171513799182989
0.5,policy::uncertainty0.1__topm__expected_mix0.75,bounded_subtraction,0.9064113128460467,0.01794897280187291
0.5,policy::uncertainty0.1__topm__expected_rejection,bounded_subtraction,0.9063530244311746,0.01789068438700081
0.5,policy::uncertainty0.1__topm__h_tau0.8,bounded_subtraction,0.8687343219778791,-0.01972801806629465
0.5,policy::uncertainty0.1__topm__h_tau0.9,bounded_subtraction,0.874456179272187,-0.014006160771986798
0.5,policy::uncertainty0.1__topm__h_tau1.1,bounded_subtraction,0.8853364374358641,-0.003125902608309694
0.5,policy::uncertainty0.1__topm__h_tau1.25,bounded_subtraction,0.8835504422795548,-0.004911897764618978
0.5,policy::uncertainty0.1__topm__original,bounded_subtraction,0.878602419731052,-0.009859920313121773
0.5,policy::uncertainty0.1__topm__power0.5,bounded_subtraction,0.8888782819441624,0.0004159418999886144
0.5,policy::uncertainty0.1__topm__power0.75,bounded_subtraction,0.8872841550370005,-0.0011781850071732602
0.5,policy::uncertainty0.1__topm__power1.25,bounded_subtraction,0.8724802306818245,-0.01598210936234934
0.5,policy::uncertainty0.1__topm__power1.5,bounded_subtraction,0.8659570006242421,-0.022505339419931714
0.5,policy::uncertainty0.1__topm__uniform0.02,bounded_subtraction,0.9077488192358603,0.019286479191686468
0.5,policy::uncertainty0.1__topm__uniform0.05,bounded_subtraction,0.9142254824805137,0.025763142436339925
0.5,policy::uncertainty0.1__topm__uniform0.1,bounded_subtraction,0.9163032231728672,0.027840883128693372
0.5,policy::uncertainty0.1__topm__uniform0.2,bounded_subtraction,0.9112790738469427,0.02281673380276894
0.5,policy::z_gate0.2__full__accept_clip0.02,local_gate,0.8794870663208181,-0.008975273723355714
0.5,policy::z_gate0.2__full__accept_clip0.05,local_gate,0.87785044280663,-0.010611897237543744
0.5,policy::z_gate0.2__full__accept_clip0.1,local_gate,0.875899512027587,-0.012562828016586813
0.5,policy::z_gate0.2__full__bonus1.25,local_gate,0.857737311276852,-0.03072502876732175
0.5,policy::z_gate0.2__full__bonus1.5,local_gate,0.858173129560181,-0.0302892104839928
0.5,policy::z_gate0.2__full__bonus2,local_gate,0.8585053868954386,-0.029956953148735144
0.5,policy::z_gate0.2__full__bonus3,local_gate,0.8584264280787212,-0.030035911965452633
0.5,policy::z_gate0.2__full__expected_mix0.25,local_gate,0.8833691050499277,-0.005093234994246076
0.5,policy::z_gate0.2__full__expected_mix0.5,local_gate,0.881637137593944,-0.0068252024502297726
0.5,policy::z_gate0.2__full__expected_mix0.75,local_gate,0.8815684199716907,-0.0068939200724831284
0.5,policy::z_gate0.2__full__expected_rejection,local_gate,0.8784411471886767,-0.010021192855497074
0.5,policy::z_gate0.2__full__h_tau0.8,local_gate,0.84894437875678,-0.03951796128739382
0.5,policy::z_gate0.2__full__h_tau0.9,local_gate,0.8548466851913966,-0.03361565485277718
0.5,policy::z_gate0.2__full__h_tau1.1,local_gate,0.8607103659920367,-0.02775197405213714
0.5,policy::z_gate0.2__full__h_tau1.25,local_gate,0.8602342663737308,-0.028228073670443
0.5,policy::z_gate0.2__full__original,local_gate,0.8581659819524511,-0.030296358091722708
0.5,policy::z_gate0.2__full__power0.5,local_gate,0.8611891903172871,-0.02727314972688666
0.5,policy::z_gate0.2__full__power0.75,local_gate,0.8593583525669637,-0.029103987477210103
0.5,policy::z_gate0.2__full__power1.25,local_gate,0.8521207441781928,-0.03634159586598096
0.5,policy::z_gate0.2__full__power1.5,local_gate,0.8473400538656213,-0.041122286178552514
0.5,policy::z_gate0.2__full__uniform0.02,local_gate,0.8813513439170999,-0.0071109961270738875
0.5,policy::z_gate0.2__full__uniform0.05,local_gate,0.8829752211685689,-0.005487118875604935
0.5,policy::z_gate0.2__full__uniform0.1,local_gate,0.8794861269759605,-0.008976213068213279
0.5,policy::z_gate0.2__full__uniform0.2,local_gate,0.8769634931631196,-0.011498846881054181
0.5,policy::z_gate0.2__topm__accept_clip0.02,local_gate,0.8793968496526547,-0.009065490391519049
0.5,policy::z_gate0.2__topm__accept_clip0.05,local_gate,0.8778973445577661,-0.010564995486407658
0.5,policy::z_gate0.2__topm__accept_clip0.1,local_gate,0.8756560953947115,-0.01280624464946234
0.5,policy::z_gate0.2__topm__bonus1.25,local_gate,0.8576989354517541,-0.030763404592419663
0.5,policy::z_gate0.2__topm__bonus1.5,local_gate,0.8581353687642836,-0.030326971279890147
0.5,policy::z_gate0.2__topm__bonus2,local_gate,0.8584666541114757,-0.02999568593269808
0.5,policy::z_gate0.2__topm__bonus3,local_gate,0.8580597667078541,-0.030402573336319683
0.5,policy::z_gate0.2__topm__expected_mix0.25,local_gate,0.8831626746217018,-0.005299665422471955
0.5,policy::z_gate0.2__topm__expected_mix0.5,local_gate,0.8816992668675455,-0.006763073176628276
0.5,policy::z_gate0.2__topm__expected_mix0.75,local_gate,0.8803580218765885,-0.008104318167585278
0.5,policy::z_gate0.2__topm__expected_rejection,local_gate,0.8781283738219937,-0.01033396622218008
0.5,policy::z_gate0.2__topm__h_tau0.8,local_gate,0.8489439323357705,-0.039518407708403314
0.5,policy::z_gate0.2__topm__h_tau0.9,local_gate,0.8548664648413078,-0.033595875202866
0.5,policy::z_gate0.2__topm__h_tau1.1,local_gate,0.8606992221664731,-0.027763117877700694
0.5,policy::z_gate0.2__topm__h_tau1.25,local_gate,0.8602511450467192,-0.028211194997454614
0.5,policy::z_gate0.2__topm__original,local_gate,0.8581273883013509,-0.030334951742822858
0.5,policy::z_gate0.2__topm__power0.5,local_gate,0.8610891073649363,-0.027373232679237525
0.5,policy::z_gate0.2__topm__power0.75,local_gate,0.8593577472149924,-0.02910459282918143
0.5,policy::z_gate0.2__topm__power1.25,local_gate,0.8521411190271735,-0.036321221017000305
0.5,policy::z_gate0.2__topm__power1.5,local_gate,0.8474391762647115,-0.041023163779462246
0.5,policy::z_gate0.2__topm__uniform0.02,local_gate,0.8812616254352881,-0.007200714608885717
0.5,policy::z_gate0.2__topm__uniform0.05,local_gate,0.8829369891173883,-0.005525350926785522
0.5,policy::z_gate0.2__topm__uniform0.1,local_gate,0.8794552611171855,-0.009007078926988266
0.5,policy::z_gate0.2__topm__uniform0.2,local_gate,0.8767647537503926,-0.011697586293781148
0.5,policy::z_gate0.4__full__accept_clip0.02,local_gate,0.8917689892365115,0.003306649192337696
0.5,policy::z_gate0.4__full__accept_clip0.05,local_gate,0.8909763119598646,0.0025139719156908047
0.5,policy::z_gate0.4__full__accept_clip0.1,local_gate,0.889544322660891,0.0010819826167172142
0.5,policy::z_gate0.4__full__bonus1.25,local_gate,0.8630778102935783,-0.025384529750595464
0.5,policy::z_gate0.4__full__bonus1.5,local_gate,0.8627256877626949,-0.025736652281478922
0.5,policy::z_gate0.4__full__bonus2,local_gate,0.8631831806849565,-0.025279159359217318
0.5,policy::z_gate0.4__full__bonus3,local_gate,0.8637526967670703,-0.024709643277103455
0.5,policy::z_gate0.4__full__expected_mix0.25,local_gate,0.8965429163339564,0.008080576289782648
0.5,policy::z_gate0.4__full__expected_mix0.5,local_gate,0.8953979179086721,0.006935577864498277
0.5,policy::z_gate0.4__full__expected_mix0.75,local_gate,0.8949738577934979,0.006511517749324125
0.5,policy::z_gate0.4__full__expected_rejection,local_gate,0.8917591019561584,0.0032967619119845804
0.5,policy::z_gate0.4__full__h_tau0.8,local_gate,0.8539889317825233,-0.03447340826165046
0.5,policy::z_gate0.4__full__h_tau0.9,local_gate,0.8600747926685434,-0.02838754737563043
0.5,policy::z_gate0.4__full__h_tau1.1,local_gate,0.8660655488808453,-0.02239679116332849
0.5,policy::z_gate0.4__full__h_tau1.25,local_gate,0.8663368735404452,-0.022125466503728597
0.5,policy::z_gate0.4__full__original,local_gate,0.8635036386207758,-0.024958701423397955
0.5,policy::z_gate0.4__full__power0.5,local_gate,0.8662413014533171,-0.022221038590856668
0.5,policy::z_gate0.4__full__power0.75,local_gate,0.8645943202536328,-0.023868019790540984
0.5,policy::z_gate0.4__full__power1.25,local_gate,0.8576160045353693,-0.030846335508804446
0.5,policy::z_gate0.4__full__power1.5,local_gate,0.8527150690993964,-0.035747270944777365
0.5,policy::z_gate0.4__full__uniform0.02,local_gate,0.8933258770385086,0.004863536994334838
0.5,policy::z_gate0.4__full__uniform0.05,local_gate,0.8954600748496503,0.0069977348054764965
0.5,policy::z_gate0.4__full__uniform0.1,local_gate,0.8911853050584615,0.0027229650142877038
0.5,policy::z_gate0.4__full__uniform0.2,local_gate,0.8891871447878741,0.0007248047437002914
0.5,policy::z_gate0.4__topm__accept_clip0.02,local_gate,0.8916995104652464,0.0032371704210726326
0.5,policy::z_gate0.4__topm__accept_clip0.05,local_gate,0.8910234091150119,0.0025610690708380845
0.5,policy::z_gate0.4__topm__accept_clip0.1,local_gate,0.8892209375970277,0.0007585975528539013
0.5,policy::z_gate0.4__topm__bonus1.25,local_gate,0.86304477120083,-0.025417568843343785
0.5,policy::z_gate0.4__topm__bonus1.5,local_gate,0.8625815157258026,-0.025880824318371243
0.5,policy::z_gate0.4__topm__bonus2,local_gate,0.8630380367265216,-0.02542430331765222
0.5,policy::z_gate0.4__topm__bonus3,local_gate,0.8632796243259507,-0.02518271571822306
0.5,policy::z_gate0.4__topm__expected_mix0.25,local_gate,0.8963636314917811,0.007901291447607317
0.5,policy::z_gate0.4__topm__expected_mix0.5,local_gate,0.8954368558347092,0.006974515790535429
0.5,policy::z_gate0.4__topm__expected_mix0.75,local_gate,0.8938063505364231,0.005344010492249307
0.5,policy::z_gate0.4__topm__expected_rejection,local_gate,0.8914157928528758,0.002953452808701962
0.5,policy::z_gate0.4__topm__h_tau0.8,local_gate,0.8539847848443959,-0.03447755519977791
0.5,policy::z_gate0.4__topm__h_tau0.9,local_gate,0.8600945723184545,-0.02836776772571925
0.5,policy::z_gate0.4__topm__h_tau1.1,local_gate,0.866092233267281,-0.022370106776892773
0.5,policy::z_gate0.4__topm__h_tau1.25,local_gate,0.8661800054711818,-0.022282334572992002
0.5,policy::z_gate0.4__topm__original,local_gate,0.863465044736845,-0.02499729530732875
0.5,policy::z_gate0.4__topm__power0.5,local_gate,0.8663168686354503,-0.02214547140872347
0.5,policy::z_gate0.4__topm__power0.75,local_gate,0.864603253719135,-0.023859086325038747
0.5,policy::z_gate0.4__topm__power1.25,local_gate,0.8575135606971391,-0.03094877934703466
0.5,policy::z_gate0.4__topm__power1.5,local_gate,0.8528664847746937,-0.03559585526948006
0.5,policy::z_gate0.4__topm__uniform0.02,local_gate,0.893226951666625,0.004764611622451231
0.5,policy::z_gate0.4__topm__uniform0.05,local_gate,0.8954196670422006,0.006957326998026758
0.5,policy::z_gate0.4__topm__uniform0.1,local_gate,0.8912022535076277,0.0027399134634539246
0.5,policy::z_gate0.4__topm__uniform0.2,local_gate,0.8890016177454854,0.000539277701311569
0.5,policy::z_gate0.6__full__accept_clip0.02,local_gate,0.8984643381328167,0.010001998088642883
0.5,policy::z_gate0.6__full__accept_clip0.05,local_gate,0.897613311513578,0.009150971469404245
0.5,policy::z_gate0.6__full__accept_clip0.1,local_gate,0.8970863203329693,0.008623980288795519
0.5,policy::z_gate0.6__full__bonus1.25,local_gate,0.8700763337656638,-0.018386006278509948
0.5,policy::z_gate0.6__full__bonus1.5,local_gate,0.8698092465531192,-0.018653093491054595
0.5,policy::z_gate0.6__full__bonus2,local_gate,0.8701985848837324,-0.01826375516044143
0.5,policy::z_gate0.6__full__bonus3,local_gate,0.8708050479132623,-0.017657292130911495
0.5,policy::z_gate0.6__full__expected_mix0.25,local_gate,0.9040528857455175,0.015590545701343661
0.5,policy::z_gate0.6__full__expected_mix0.5,local_gate,0.9016331439254381,0.013170803881264348
0.5,policy::z_gate0.6__full__expected_mix0.75,local_gate,0.8988427358587029,0.010380395814529098
0.5,policy::z_gate0.6__full__expected_rejection,local_gate,0.8956316233395093,0.007169283295335505
0.5,policy::z_gate0.6__full__h_tau0.8,local_gate,0.8610407464743381,-0.027421593569835645
0.5,policy::z_gate0.6__full__h_tau0.9,local_gate,0.8670471793183924,-0.021415160725781424
0.5,policy::z_gate0.6__full__h_tau1.1,local_gate,0.8719908240180598,-0.016471516026113964
0.5,policy::z_gate0.6__full__h_tau1.25,local_gate,0.8708688740823376,-0.017593465961836197
0.5,policy::z_gate0.6__full__original,local_gate,0.8705658356831145,-0.017896504361059273
0.5,policy::z_gate0.6__full__power0.5,local_gate,0.8726464476892807,-0.015815892354893113
0.5,policy::z_gate0.6__full__power0.75,local_gate,0.8719449978489142,-0.016517342195259577
0.5,policy::z_gate0.6__full__power1.25,local_gate,0.8648918053706062,-0.023570534673567622
0.5,policy::z_gate0.6__full__power1.5,local_gate,0.8596253036937638,-0.028837036350410017
0.5,policy::z_gate0.6__full__uniform0.02,local_gate,0.9008466540812287,0.012384314037054867
0.5,policy::z_gate0.6__full__uniform0.05,local_gate,0.9030745898380688,0.014612249793894971
0.5,policy::z_gate0.6__full__uniform0.1,local_gate,0.8994606023588512,0.010998262314677376
0.5,policy::z_gate0.6__full__uniform0.2,local_gate,0.8965375339952751,0.008075193951101345
0.5,policy::z_gate0.6__topm__accept_clip0.02,local_gate,0.8983341378283778,0.009871797784203995
0.5,policy::z_gate0.6__topm__accept_clip0.05,local_gate,0.8969286781911058,0.008466338146931984
0.5,policy::z_gate0.6__topm__accept_clip0.1,local_gate,0.8969278416264252,0.008465501582251456
0.5,policy::z_gate0.6__topm__bonus1.25,local_gate,0.8685516285350255,-0.01991071150914825
0.5,policy::z_gate0.6__topm__bonus1.5,local_gate,0.8681787450895202,-0.020283594954653594
0.5,policy::z_gate0.6__topm__bonus2,local_gate,0.8685671113316111,-0.019895228712562663
0.5,policy::z_gate0.6__topm__bonus3,local_gate,0.8688035806595752,-0.0196587593845986
0.5,policy::z_gate0.6__topm__expected_mix0.25,local_gate,0.9038801332381818,0.015417793194008045
0.5,policy::z_gate0.6__topm__expected_mix0.5,local_gate,0.901640419206926,0.013178079162752154
0.5,policy::z_gate0.6__topm__expected_mix0.75,local_gate,0.898769955574496,0.010307615530322223
0.5,policy::z_gate0.6__topm__expected_rejection,local_gate,0.8954989593992864,0.007036619355112572
0.5,policy::z_gate0.6__topm__h_tau0.8,local_gate,0.8594917271615548,-0.02897061288261904
0.5,policy::z_gate0.6__topm__h_tau0.9,local_gate,0.8656559842716112,-0.022806355772562625
0.5,policy::z_gate0.6__topm__h_tau1.1,local_gate,0.871984062059654,-0.01647827798451984
0.5,policy::z_gate0.6__topm__h_tau1.25,local_gate,0.8707453508494719,-0.017716989194701882
0.5,policy::z_gate0.6__topm__original,local_gate,0.8690322133092842,-0.01943012673488964
0.5,policy::z_gate0.6__topm__power0.5,local_gate,0.8728068641408967,-0.015655475903277094
0.5,policy::z_gate0.6__topm__power0.75,local_gate,0.8719530837877397,-0.01650925625643407
0.5,policy::z_gate0.6__topm__power1.25,local_gate,0.8648723051925115,-0.023590034851662334
0.5,policy::z_gate0.6__topm__power1.5,local_gate,0.8597501194924786,-0.0287122205516952
0.5,policy::z_gate0.6__topm__uniform0.02,local_gate,0.8992960727120892,0.01083373266791543
0.5,policy::z_gate0.6__topm__uniform0.05,local_gate,0.9015070108301015,0.013044670785927748
0.5,policy::z_gate0.6__topm__uniform0.1,local_gate,0.8980310728376613,0.009568732793487467
0.5,policy::z_gate0.6__topm__uniform0.2,local_gate,0.8943159195684045,0.005853579524230712
0.7,policy::anchor_peak__full__accept_clip0.02,bounded_subtraction,0.8224596862282877,-0.01524969356532846
0.7,policy::anchor_peak__full__accept_clip0.05,bounded_subtraction,0.8199666750661454,-0.01774270472747075
0.7,policy::anchor_peak__full__accept_clip0.1,bounded_subtraction,0.8178430217844882,-0.01986635800912795
0.7,policy::anchor_peak__full__bonus1.25,bounded_subtraction,0.8127057200930956,-0.025003659700520542
0.7,policy::anchor_peak__full__bonus1.5,bounded_subtraction,0.8125329124173656,-0.025176467376250566
0.7,policy::anchor_peak__full__bonus2,bounded_subtraction,0.8129243546733991,-0.024785025120217075
0.7,policy::anchor_peak__full__bonus3,bounded_subtraction,0.8131499719093805,-0.024559407884235607
0.7,policy::anchor_peak__full__expected_mix0.25,bounded_subtraction,0.8242973698005278,-0.013412009993088336
0.7,policy::anchor_peak__full__expected_mix0.5,bounded_subtraction,0.8203111087687158,-0.017398271024900325
0.7,policy::anchor_peak__full__expected_mix0.75,bounded_subtraction,0.8181563546695476,-0.019553025124068535
0.7,policy::anchor_peak__full__expected_rejection,bounded_subtraction,0.813094133999538,-0.024615245794078144
0.7,policy::anchor_peak__full__h_tau0.8,bounded_subtraction,0.7956406128551283,-0.04206876693848782
0.7,policy::anchor_peak__full__h_tau0.9,bounded_subtraction,0.8043451615630235,-0.03336421823059266
0.7,policy::anchor_peak__full__h_tau1.1,bounded_subtraction,0.8155825031721271,-0.022126876621489044
0.7,policy::anchor_peak__full__h_tau1.25,bounded_subtraction,0.8138182770907036,-0.023891102702912503
0.7,policy::anchor_peak__full__original,bounded_subtraction,0.8126378962947057,-0.02507148349891042
0.7,policy::anchor_peak__full__power0.5,bounded_subtraction,0.8130968149532026,-0.02461256484041352
0.7,policy::anchor_peak__full__power0.75,bounded_subtraction,0.8139052083877909,-0.023804171405825247
0.7,policy::anchor_peak__full__power1.25,bounded_subtraction,0.8057776603126849,-0.03193171948093121
0.7,policy::anchor_peak__full__power1.5,bounded_subtraction,0.8009840903859572,-0.036725289407658956
0.7,policy::anchor_peak__full__uniform0.02,bounded_subtraction,0.8251769171509304,-0.012532462642685704
0.7,policy::anchor_peak__full__uniform0.05,bounded_subtraction,0.8262467003836479,-0.011462679409968257
0.7,policy::anchor_peak__full__uniform0.1,bounded_subtraction,0.8227448075328438,-0.014964572260772302
0.7,policy::anchor_peak__full__uniform0.2,bounded_subtraction,0.8173108727094525,-0.020398507084163686
0.7,policy::anchor_peak__topm__accept_clip0.02,bounded_subtraction,0.8217328356611816,-0.015976544132434545
0.7,policy::anchor_peak__topm__accept_clip0.05,bounded_subtraction,0.8198968191656593,-0.017812560627956886
0.7,policy::anchor_peak__topm__accept_clip0.1,bounded_subtraction,0.8167350045551269,-0.020974375238489218
0.7,policy::anchor_peak__topm__bonus1.25,bounded_subtraction,0.8128381072244208,-0.024871272569195302
0.7,policy::anchor_peak__topm__bonus1.5,bounded_subtraction,0.812388148308666,-0.025321231484950135
0.7,policy::anchor_peak__topm__bonus2,bounded_subtraction,0.8124599097220506,-0.025249470071565527
0.7,policy::anchor_peak__topm__bonus3,bounded_subtraction,0.8130692959764045,-0.02464008381721161
0.7,policy::anchor_peak__topm__expected_mix0.25,bounded_subtraction,0.8234685706215839,-0.014240809172032298
0.7,policy::anchor_peak__topm__expected_mix0.5,bounded_subtraction,0.8208097033016944,-0.0168996764919217
0.7,policy::anchor_peak__topm__expected_mix0.75,bounded_subtraction,0.817305905613298,-0.020403474180318182
0.7,policy::anchor_peak__topm__expected_rejection,bounded_subtraction,0.8125021028485282,-0.025207276945087953
0.7,policy::anchor_peak__topm__h_tau0.8,bounded_subtraction,0.7952769668258132,-0.04243241296780298
0.7,policy::anchor_peak__topm__h_tau0.9,bounded_subtraction,0.8042423409756888,-0.03346703881792734
0.7,policy::anchor_peak__topm__h_tau1.1,bounded_subtraction,0.8155583533051715,-0.02215102648844469
0.7,policy::anchor_peak__topm__h_tau1.25,bounded_subtraction,0.8131181911981343,-0.024591188595481817
0.7,policy::anchor_peak__topm__original,bounded_subtraction,0.8126575393458298,-0.0250518404477863
0.7,policy::anchor_peak__topm__power0.5,bounded_subtraction,0.8127071311299259,-0.025002248663690274
0.7,policy::anchor_peak__topm__power0.75,bounded_subtraction,0.8142631933702414,-0.023446186423374704
0.7,policy::anchor_peak__topm__power1.25,bounded_subtraction,0.8056491875093857,-0.032060192284230404
0.7,policy::anchor_peak__topm__power1.5,bounded_subtraction,0.7993462973789499,-0.03836308241466624
0.7,policy::anchor_peak__topm__uniform0.02,bounded_subtraction,0.82538937471551,-0.012320005078106155
0.7,policy::anchor_peak__topm__uniform0.05,bounded_subtraction,0.8249257446815625,-0.012783635112053604
0.7,policy::anchor_peak__topm__uniform0.1,bounded_subtraction,0.8203044470735599,-0.017404932720056276
0.7,policy::anchor_peak__topm__uniform0.2,bounded_subtraction,0.8172094090590648,-0.020499970734551343
0.7,policy::anchor_y__full__accept_clip0.02,bounded_subtraction,0.8432679615872314,0.005558581793615236
0.7,policy::anchor_y__full__accept_clip0.05,bounded_subtraction,0.8398877746456967,0.0021783948520806007
0.7,policy::anchor_y__full__accept_clip0.1,bounded_subtraction,0.8351481341985714,-0.002561245595044781
0.7,policy::anchor_y__full__bonus1.25,bounded_subtraction,0.8340278787509432,-0.003681501042672952
0.7,policy::anchor_y__full__bonus1.5,bounded_subtraction,0.8342344396046214,-0.003474940188994746
0.7,policy::anchor_y__full__bonus2,bounded_subtraction,0.834375449560067,-0.0033339302335491094
0.7,policy::anchor_y__full__bonus3,bounded_subtraction,0.8336934760970192,-0.00401590369659699
0.7,policy::anchor_y__full__expected_mix0.25,bounded_subtraction,0.8437555380613391,0.006046158267722923
0.7,policy::anchor_y__full__expected_mix0.5,bounded_subtraction,0.8389652657820605,0.001255885988444394
0.7,policy::anchor_y__full__expected_mix0.75,bounded_subtraction,0.8359764210942368,-0.0017329586993793944
0.7,policy::anchor_y__full__expected_rejection,bounded_subtraction,0.8282488660668432,-0.009460513726772923
0.7,policy::anchor_y__full__h_tau0.8,bounded_subtraction,0.819575772279947,-0.018133607513669103
0.7,policy::anchor_y__full__h_tau0.9,bounded_subtraction,0.8264752154768031,-0.011234164316813011
0.7,policy::anchor_y__full__h_tau1.1,bounded_subtraction,0.8369239646695782,-0.0007854151240379581
0.7,policy::anchor_y__full__h_tau1.25,bounded_subtraction,0.8337087061867534,-0.004000673606862737
0.7,policy::anchor_y__full__original,bounded_subtraction,0.8334609694914398,-0.004248410302176375
0.7,policy::anchor_y__full__power0.5,bounded_subtraction,0.8334303802875225,-0.0042789995060936725
0.7,policy::anchor_y__full__power0.75,bounded_subtraction,0.8356753648154115,-0.002034014978204657
0.7,policy::anchor_y__full__power1.25,bounded_subtraction,0.8272736492041015,-0.010435730589514636
0.7,policy::anchor_y__full__power1.5,bounded_subtraction,0.821660908567163,-0.016048471226453143
0.7,policy::anchor_y__full__uniform0.02,bounded_subtraction,0.8444887553170886,0.0067793755234724085
0.7,policy::anchor_y__full__uniform0.05,bounded_subtraction,0.8447185602495382,0.007009180455922026
0.7,policy::anchor_y__full__uniform0.1,bounded_subtraction,0.8420265163729074,0.004317136579291225
0.7,policy::anchor_y__full__uniform0.2,bounded_subtraction,0.8347872390134761,-0.002922140780140081
0.7,policy::anchor_y__topm__accept_clip0.02,bounded_subtraction,0.8412652087254728,0.003555828931856686
0.7,policy::anchor_y__topm__accept_clip0.05,bounded_subtraction,0.8387620481547321,0.0010526683611159493
0.7,policy::anchor_y__topm__accept_clip0.1,bounded_subtraction,0.8346346552117567,-0.0030747245818594227
0.7,policy::anchor_y__topm__bonus1.25,bounded_subtraction,0.8340127155999335,-0.0036966641936826417
0.7,policy::anchor_y__topm__bonus1.5,bounded_subtraction,0.8340859077950726,-0.003623471998543515
0.7,policy::anchor_y__topm__bonus2,bounded_subtraction,0.8341486383458653,-0.0035607414477508703
0.7,policy::anchor_y__topm__bonus3,bounded_subtraction,0.8335970133308275,-0.004112366462788675
0.7,policy::anchor_y__topm__expected_mix0.25,bounded_subtraction,0.8437137848686891,0.006004405075072938
0.7,policy::anchor_y__topm__expected_mix0.5,bounded_subtraction,0.8388782374958087,0.0011688577021925495
0.7,policy::anchor_y__topm__expected_mix0.75,bounded_subtraction,0.8360180078344581,-0.0016913719591580278
0.7,policy::anchor_y__topm__expected_rejection,bounded_subtraction,0.8263973465007686,-0.011312033292847579
0.7,policy::anchor_y__topm__h_tau0.8,bounded_subtraction,0.8179945635053795,-0.01971481628823668
0.7,policy::anchor_y__topm__h_tau0.9,bounded_subtraction,0.8266167178917364,-0.011092661901879741
0.7,policy::anchor_y__topm__h_tau1.1,bounded_subtraction,0.83670944422981,-0.0009999355638061758
0.7,policy::anchor_y__topm__h_tau1.25,bounded_subtraction,0.8323011721452265,-0.0054082076483896735
0.7,policy::anchor_y__topm__original,bounded_subtraction,0.8333363119194765,-0.004373067874139602
0.7,policy::anchor_y__topm__power0.5,bounded_subtraction,0.8329085135482125,-0.004800866245403657
0.7,policy::anchor_y__topm__power0.75,bounded_subtraction,0.8357206506067875,-0.001988729186828686
0.7,policy::anchor_y__topm__power1.25,bounded_subtraction,0.8272150733843298,-0.010494306409286391
0.7,policy::anchor_y__topm__power1.5,bounded_subtraction,0.8218753642413632,-0.015834015552252945
0.7,policy::anchor_y__topm__uniform0.02,bounded_subtraction,0.842162333449753,0.004452953656136849
0.7,policy::anchor_y__topm__uniform0.05,bounded_subtraction,0.8438568790821164,0.006147499288500224
0.7,policy::anchor_y__topm__uniform0.1,bounded_subtraction,0.8400313068946973,0.002321927101081145
0.7,policy::anchor_y__topm__uniform0.2,bounded_subtraction,0.8342951502178941,-0.0034142295757220165
0.7,policy::argmax_diff__full__accept_clip0.02,local_gate,0.8420005969793459,0.004291217185729779
0.7,policy::argmax_diff__full__accept_clip0.05,local_gate,0.8398054508856161,0.0020960710919999404
0.7,policy::argmax_diff__full__accept_clip0.1,local_gate,0.8383539776472811,0.0006445978536649966
0.7,policy::argmax_diff__full__bonus1.25,local_gate,0.8221936713248676,-0.015515708468748501
0.7,policy::argmax_diff__full__bonus1.5,local_gate,0.8223441706107435,-0.015365209182872652
0.7,policy::argmax_diff__full__bonus2,local_gate,0.8227161296599927,-0.014993250133623404
0.7,policy::argmax_diff__full__bonus3,local_gate,0.8232665435863316,-0.014442836207284593
0.7,policy::argmax_diff__full__expected_mix0.25,local_gate,0.8461422168304464,0.008432837036830287
0.7,policy::argmax_diff__full__expected_mix0.5,local_gate,0.8425288895021578,0.004819509708541614
0.7,policy::argmax_diff__full__expected_mix0.75,local_gate,0.8402341265943415,0.0025247468007253415
0.7,policy::argmax_diff__full__expected_rejection,local_gate,0.8323990690402037,-0.005310310753412484
0.7,policy::argmax_diff__full__h_tau0.8,local_gate,0.8085374843113239,-0.029171895482292265
0.7,policy::argmax_diff__full__h_tau0.9,local_gate,0.8164399096545389,-0.021269470139077207
0.7,policy::argmax_diff__full__h_tau1.1,local_gate,0.8252956902743568,-0.012413689519259363
0.7,policy::argmax_diff__full__h_tau1.25,local_gate,0.824695429830456,-0.013013949963160187
0.7,policy::argmax_diff__full__original,local_gate,0.8216247106292571,-0.016084669164359022
0.7,policy::argmax_diff__full__power0.5,local_gate,0.8237130240941926,-0.01399635569942359
0.7,policy::argmax_diff__full__power0.75,local_gate,0.8238623018978048,-0.0138470778958113
0.7,policy::argmax_diff__full__power1.25,local_gate,0.8151089038041759,-0.02260047598944026
0.7,policy::argmax_diff__full__power1.5,local_gate,0.809472218154796,-0.028237161638820174
0.7,policy::argmax_diff__full__uniform0.02,local_gate,0.8418110553783635,0.0041016755847473885
0.7,policy::argmax_diff__full__uniform0.05,local_gate,0.8465224448143531,0.008813065020736977
0.7,policy::argmax_diff__full__uniform0.1,local_gate,0.8450354565679639,0.007326076774347712
0.7,policy::argmax_diff__full__uniform0.2,local_gate,0.8398651596545762,0.00215577986096005
0.7,policy::argmax_diff__topm__accept_clip0.02,local_gate,0.8412421452257433,0.003532765432127105
0.7,policy::argmax_diff__topm__accept_clip0.05,local_gate,0.8395672170180766,0.0018578372244604235
0.7,policy::argmax_diff__topm__accept_clip0.1,local_gate,0.8382124214443123,0.0005030416506961455
0.7,policy::argmax_diff__topm__bonus1.25,local_gate,0.8222735376560154,-0.015435842137600742
0.7,policy::argmax_diff__topm__bonus1.5,local_gate,0.8223052566676999,-0.015404123125916214
0.7,policy::argmax_diff__topm__bonus2,local_gate,0.8219820851143073,-0.01572729467930889
0.7,policy::argmax_diff__topm__bonus3,local_gate,0.8229898778630471,-0.014719501930569034
0.7,policy::argmax_diff__topm__expected_mix0.25,local_gate,0.8454379165940975,0.007728536800481356
0.7,policy::argmax_diff__topm__expected_mix0.5,local_gate,0.8421034289799328,0.004394049186316695
0.7,policy::argmax_diff__topm__expected_mix0.75,local_gate,0.8401794218493921,0.002470042055775945
0.7,policy::argmax_diff__topm__expected_rejection,local_gate,0.8315852810852584,-0.006124098708357728
0.7,policy::argmax_diff__topm__h_tau0.8,local_gate,0.8071181147188838,-0.03059126507473231
0.7,policy::argmax_diff__topm__h_tau0.9,local_gate,0.815559537242146,-0.022149842551470122
0.7,policy::argmax_diff__topm__h_tau1.1,local_gate,0.8251486420395782,-0.012560737754037987
0.7,policy::argmax_diff__topm__h_tau1.25,local_gate,0.8239717219457605,-0.013737657847855633
0.7,policy::argmax_diff__topm__original,local_gate,0.8216136388822998,-0.01609574091131638
0.7,policy::argmax_diff__topm__power0.5,local_gate,0.8228671783677382,-0.014842201425877999
0.7,policy::argmax_diff__topm__power0.75,local_gate,0.8238516430698697,-0.013857736723746461
0.7,policy::argmax_diff__topm__power1.25,local_gate,0.8149960601130896,-0.02271331968052659
0.7,policy::argmax_diff__topm__power1.5,local_gate,0.8091207905896404,-0.02858858920397578
0.7,policy::argmax_diff__topm__uniform0.02,local_gate,0.8424666618633527,0.004757282069736579
0.7,policy::argmax_diff__topm__uniform0.05,local_gate,0.8448820183351179,0.007172638541501741
0.7,policy::argmax_diff__topm__uniform0.1,local_gate,0.8446900185574907,0.006980638763874558
0.7,policy::argmax_diff__topm__uniform0.2,local_gate,0.8394877899170762,0.001778410123460028
0.7,policy::argmax_same__full__accept_clip0.02,local_gate,0.8348506300200476,-0.002858749773568592
0.7,policy::argmax_same__full__accept_clip0.05,local_gate,0.8355279663266412,-0.0021814134669749796
0.7,policy::argmax_same__full__accept_clip0.1,local_gate,0.8347055971229723,-0.0030037826706438286
0.7,policy::argmax_same__full__bonus1.25,local_gate,0.8236441794523185,-0.014065200341297657
0.7,policy::argmax_same__full__bonus1.5,local_gate,0.8240058493531036,-0.013703530440512535
0.7,policy::argmax_same__full__bonus2,local_gate,0.8240330820213808,-0.013676297772235335
0.7,policy::argmax_same__full__bonus3,local_gate,0.8237069875189109,-0.014002392274705233
0.7,policy::argmax_same__full__expected_mix0.25,local_gate,0.8412671355337282,0.0035577557401120785
0.7,policy::argmax_same__full__expected_mix0.5,local_gate,0.8364036176698465,-0.0013057621237696493
0.7,policy::argmax_same__full__expected_mix0.75,local_gate,0.8336184053595463,-0.004090974434069805
0.7,policy::argmax_same__full__expected_rejection,local_gate,0.8285581391887125,-0.009151240604903688
0.7,policy::argmax_same__full__h_tau0.8,local_gate,0.8046047093987859,-0.03310467039483023
0.7,policy::argmax_same__full__h_tau0.9,local_gate,0.8146638228574894,-0.023045556936126754
0.7,policy::argmax_same__full__h_tau1.1,local_gate,0.82804916683919,-0.009660212954426095
0.7,policy::argmax_same__full__h_tau1.25,local_gate,0.8238166082035746,-0.013892771590041542
0.7,policy::argmax_same__full__original,local_gate,0.8234035754523004,-0.014305804341315786
0.7,policy::argmax_same__full__power0.5,local_gate,0.8246644518497491,-0.013044927943867024
0.7,policy::argmax_same__full__power0.75,local_gate,0.8258223480223302,-0.011887031771285916
0.7,policy::argmax_same__full__power1.25,local_gate,0.8171701979533826,-0.02053918184023351
0.7,policy::argmax_same__full__power1.5,local_gate,0.811907917657229,-0.02580146213638712
0.7,policy::argmax_same__full__uniform0.02,local_gate,0.8333450884874085,-0.004364291306207635
0.7,policy::argmax_same__full__uniform0.05,local_gate,0.8376494126558622,-5.996713775391349e-05
0.7,policy::argmax_same__full__uniform0.1,local_gate,0.8348785621855206,-0.0028308176080955594
0.7,policy::argmax_same__full__uniform0.2,local_gate,0.8291362004273802,-0.008573179366235917
0.7,policy::argmax_same__topm__accept_clip0.02,local_gate,0.8354478394690682,-0.0022615403245479504
0.7,policy::argmax_same__topm__accept_clip0.05,local_gate,0.8350457795589943,-0.0026636002346218657
0.7,policy::argmax_same__topm__accept_clip0.1,local_gate,0.8340695278815771,-0.0036398519120390826
0.7,policy::argmax_same__topm__bonus1.25,local_gate,0.8238155401144841,-0.013893839679132047
0.7,policy::argmax_same__topm__bonus1.5,local_gate,0.8240819834780382,-0.013627396315577966
0.7,policy::argmax_same__topm__bonus2,local_gate,0.8241056888224939,-0.01360369097112224
0.7,policy::argmax_same__topm__bonus3,local_gate,0.8237762550724208,-0.013933124721195345
0.7,policy::argmax_same__topm__expected_mix0.25,local_gate,0.841465936154401,0.0037565563607848684
0.7,policy::argmax_same__topm__expected_mix0.5,local_gate,0.8361020584542428,-0.0016073213393733576
0.7,policy::argmax_same__topm__expected_mix0.75,local_gate,0.8335248053825028,-0.0041845744111133065
0.7,policy::argmax_same__topm__expected_rejection,local_gate,0.8282749073434613,-0.00943447245015483
0.7,policy::argmax_same__topm__h_tau0.8,local_gate,0.8039040529971994,-0.03380532679641679
0.7,policy::argmax_same__topm__h_tau0.9,local_gate,0.8150891519353288,-0.022620227858287323
0.7,policy::argmax_same__topm__h_tau1.1,local_gate,0.8275349794620991,-0.010174400331517064
0.7,policy::argmax_same__topm__h_tau1.25,local_gate,0.8240006470536564,-0.013708732739959761
0.7,policy::argmax_same__topm__original,local_gate,0.8234548882168644,-0.014254491576751738
0.7,policy::argmax_same__topm__power0.5,local_gate,0.825805333238375,-0.011904046555241132
0.7,policy::argmax_same__topm__power0.75,local_gate,0.8271595850500986,-0.010549794743517582
0.7,policy::argmax_same__topm__power1.25,local_gate,0.8176245448349254,-0.020084834958690734
0.7,policy::argmax_same__topm__power1.5,local_gate,0.8101601384375222,-0.027549241356093934
0.7,policy::argmax_same__topm__uniform0.02,local_gate,0.8331264679428441,-0.004582911850772087
0.7,policy::argmax_same__topm__uniform0.05,local_gate,0.8370976536447187,-0.0006117261488974846
0.7,policy::argmax_same__topm__uniform0.1,local_gate,0.8326549234454044,-0.005054456348211778
0.7,policy::argmax_same__topm__uniform0.2,local_gate,0.8294099843662749,-0.00829939542734126
0.7,policy::capped_negative0.1__full__accept_clip0.02,bounded_subtraction,0.842134049940656,0.004424670147039844
0.7,policy::capped_negative0.1__full__accept_clip0.05,bounded_subtraction,0.8387848860555153,0.0010755062618991174
0.7,policy::capped_negative0.1__full__accept_clip0.1,bounded_subtraction,0.8333938813162914,-0.0043154984773247085
0.7,policy::capped_negative0.1__full__bonus1.25,bounded_subtraction,0.8243912865616041,-0.013318093232012052
0.7,policy::capped_negative0.1__full__bonus1.5,bounded_subtraction,0.8239523372905846,-0.013757042503031558
0.7,policy::capped_negative0.1__full__bonus2,bounded_subtraction,0.8233972097932032,-0.01431217000041296
0.7,policy::capped_negative0.1__full__bonus3,bounded_subtraction,0.8236132623761837,-0.014096117417432441
0.7,policy::capped_negative0.1__full__expected_mix0.25,bounded_subtraction,0.8435910378055,0.005881658011883895
0.7,policy::capped_negative0.1__full__expected_mix0.5,bounded_subtraction,0.8394490511418157,0.001739671348199523
0.7,policy::capped_negative0.1__full__expected_mix0.75,bounded_subtraction,0.8366357413686892,-0.0010736384249269149
0.7,policy::capped_negative0.1__full__expected_rejection,bounded_subtraction,0.8292905115637716,-0.0084188682298445
0.7,policy::capped_negative0.1__full__h_tau0.8,bounded_subtraction,0.8093270487919736,-0.028382331001642558
0.7,policy::capped_negative0.1__full__h_tau0.9,bounded_subtraction,0.8167710093622212,-0.020938370431394904
0.7,policy::capped_negative0.1__full__h_tau1.1,bounded_subtraction,0.8277676659393669,-0.009941713854249246
0.7,policy::capped_negative0.1__full__h_tau1.25,bounded_subtraction,0.8246943189075648,-0.01301506088605131
0.7,policy::capped_negative0.1__full__original,bounded_subtraction,0.8246877265423214,-0.013021653251294785
0.7,policy::capped_negative0.1__full__power0.5,bounded_subtraction,0.8225337296980366,-0.01517565009557953
0.7,policy::capped_negative0.1__full__power0.75,bounded_subtraction,0.8258014320584736,-0.011907947735142588
0.7,policy::capped_negative0.1__full__power1.25,bounded_subtraction,0.8194239198641992,-0.01828545992941699
0.7,policy::capped_negative0.1__full__power1.5,bounded_subtraction,0.812844484593445,-0.0248648952001711
0.7,policy::capped_negative0.1__full__uniform0.02,bounded_subtraction,0.8436648301181473,0.005955450324531153
0.7,policy::capped_negative0.1__full__uniform0.05,bounded_subtraction,0.8444125597384065,0.006703179944790305
0.7,policy::capped_negative0.1__full__uniform0.1,bounded_subtraction,0.8396490669162519,0.0019396871226357026
0.7,policy::capped_negative0.1__full__uniform0.2,bounded_subtraction,0.8326675759201909,-0.005041803873425232
0.7,policy::capped_negative0.1__topm__accept_clip0.02,bounded_subtraction,0.8408407503714755,0.0031313705778593937
0.7,policy::capped_negative0.1__topm__accept_clip0.05,bounded_subtraction,0.8375333202104712,-0.00017605958314492742
0.7,policy::capped_negative0.1__topm__accept_clip0.1,bounded_subtraction,0.8333375869584212,-0.004371792835194954
0.7,policy::capped_negative0.1__topm__bonus1.25,bounded_subtraction,0.8243757643675338,-0.013333615426082357
0.7,policy::capped_negative0.1__topm__bonus1.5,bounded_subtraction,0.8238954587727778,-0.013813921020838338
0.7,policy::capped_negative0.1__topm__bonus2,bounded_subtraction,0.8236028624405434,-0.014106517353072778
0.7,policy::capped_negative0.1__topm__bonus3,bounded_subtraction,0.8238512614202235,-0.01385811837339268
0.7,policy::capped_negative0.1__topm__expected_mix0.25,bounded_subtraction,0.8424983005470837,0.004788920753467596
0.7,policy::capped_negative0.1__topm__expected_mix0.5,bounded_subtraction,0.8392024823592202,0.0014931025656040875
0.7,policy::capped_negative0.1__topm__expected_mix0.75,bounded_subtraction,0.836066429449929,-0.0016429503436871107
0.7,policy::capped_negative0.1__topm__expected_rejection,bounded_subtraction,0.8281655415250765,-0.009543838268539662
0.7,policy::capped_negative0.1__topm__h_tau0.8,bounded_subtraction,0.8093814562161084,-0.028327923577507796
0.7,policy::capped_negative0.1__topm__h_tau0.9,bounded_subtraction,0.8166526596695549,-0.021056720124061235
0.7,policy::capped_negative0.1__topm__h_tau1.1,bounded_subtraction,0.8276590810505724,-0.01005029874304375
0.7,policy::capped_negative0.1__topm__h_tau1.25,bounded_subtraction,0.8241457093396065,-0.013563670454009635
0.7,policy::capped_negative0.1__topm__original,bounded_subtraction,0.8245605719322356,-0.013148807861380507
0.7,policy::capped_negative0.1__topm__power0.5,bounded_subtraction,0.8224283056282015,-0.015281074165414688
0.7,policy::capped_negative0.1__topm__power0.75,bounded_subtraction,0.825929513324066,-0.011779866469550204
0.7,policy::capped_negative0.1__topm__power1.25,bounded_subtraction,0.8181036720404913,-0.019605707753124868
0.7,policy::capped_negative0.1__topm__power1.5,bounded_subtraction,0.810709871091311,-0.026999508702305164
0.7,policy::capped_negative0.1__topm__uniform0.02,bounded_subtraction,0.8433674135198754,0.005658033726259282
0.7,policy::capped_negative0.1__topm__uniform0.05,bounded_subtraction,0.8432013979516908,0.005492018158074652
0.7,policy::capped_negative0.1__topm__uniform0.1,bounded_subtraction,0.8380222246289235,0.00031284483530735763
0.7,policy::capped_negative0.1__topm__uniform0.2,bounded_subtraction,0.8317483487123293,-0.005961031081286872
0.7,policy::capped_negative0.25__full__accept_clip0.02,bounded_subtraction,0.845282066918956,0.007572687125339872
0.7,policy::capped_negative0.25__full__accept_clip0.05,bounded_subtraction,0.8456557393875599,0.007946359593943741
0.7,policy::capped_negative0.25__full__accept_clip0.1,bounded_subtraction,0.8392260982686883,0.0015167184750721763
0.7,policy::capped_negative0.25__full__bonus1.25,bounded_subtraction,0.827932584241314,-0.009776795552302153
0.7,policy::capped_negative0.25__full__bonus1.5,bounded_subtraction,0.8275861919878418,-0.01012318780577437
0.7,policy::capped_negative0.25__full__bonus2,bounded_subtraction,0.8285739673369741,-0.009135412456642067
0.7,policy::capped_negative0.25__full__bonus3,bounded_subtraction,0.8273356004285816,-0.010373779365034586
0.7,policy::capped_negative0.25__full__expected_mix0.25,bounded_subtraction,0.8496129753155375,0.011903595521921329
0.7,policy::capped_negative0.25__full__expected_mix0.5,bounded_subtraction,0.8444427182279384,0.0067333384343222225
0.7,policy::capped_negative0.25__full__expected_mix0.75,bounded_subtraction,0.8401328948394068,0.0024235150457906363
0.7,policy::capped_negative0.25__full__expected_rejection,bounded_subtraction,0.834465689003995,-0.0032436907896211675
0.7,policy::capped_negative0.25__full__h_tau0.8,bounded_subtraction,0.8121303491974455,-0.025579030596170615
0.7,policy::capped_negative0.25__full__h_tau0.9,bounded_subtraction,0.8207710619727354,-0.016938317820880733
0.7,policy::capped_negative0.25__full__h_tau1.1,bounded_subtraction,0.8315488857717501,-0.006160494021866025
0.7,policy::capped_negative0.25__full__h_tau1.25,bounded_subtraction,0.8291346602364252,-0.008574719557190913
0.7,policy::capped_negative0.25__full__original,bounded_subtraction,0.8279626526285685,-0.009746727165047653
0.7,policy::capped_negative0.25__full__power0.5,bounded_subtraction,0.8273328885330601,-0.010376491260556064
0.7,policy::capped_negative0.25__full__power0.75,bounded_subtraction,0.8295882301504701,-0.00812114964314603
0.7,policy::capped_negative0.25__full__power1.25,bounded_subtraction,0.8216734258074301,-0.01603595398618607
0.7,policy::capped_negative0.25__full__power1.5,bounded_subtraction,0.8135956169830374,-0.024113762810578754
0.7,policy::capped_negative0.25__full__uniform0.02,bounded_subtraction,0.8477596907069633,0.010050310913347182
0.7,policy::capped_negative0.25__full__uniform0.05,bounded_subtraction,0.8466585807125776,0.008949200918961453
0.7,policy::capped_negative0.25__full__uniform0.1,bounded_subtraction,0.8454523875834643,0.007743007789848155
0.7,policy::capped_negative0.25__full__uniform0.2,bounded_subtraction,0.8403917342784433,0.002682354484827121
0.7,policy::capped_negative0.25__topm__accept_clip0.02,bounded_subtraction,0.8451719250142741,0.0074625452206579235
0.7,policy::capped_negative0.25__topm__accept_clip0.05,bounded_subtraction,0.8438916254384489,0.006182245644832718
0.7,policy::capped_negative0.25__topm__accept_clip0.1,bounded_subtraction,0.8386666912765877,0.0009573114829715124
0.7,policy::capped_negative0.25__topm__bonus1.25,bounded_subtraction,0.8282321076350121,-0.009477272158604055
0.7,policy::capped_negative0.25__topm__bonus1.5,bounded_subtraction,0.8277112230228691,-0.009998156770747002
0.7,policy::capped_negative0.25__topm__bonus2,bounded_subtraction,0.8280318717788642,-0.009677508014751979
0.7,policy::capped_negative0.25__topm__bonus3,bounded_subtraction,0.8271918432570656,-0.01051753653655052
0.7,policy::capped_negative0.25__topm__expected_mix0.25,bounded_subtraction,0.8488439575603417,0.01113457776672555
0.7,policy::capped_negative0.25__topm__expected_mix0.5,bounded_subtraction,0.8438413287664912,0.0061319489728750565
0.7,policy::capped_negative0.25__topm__expected_mix0.75,bounded_subtraction,0.838871000609011,0.001161620815394837
0.7,policy::capped_negative0.25__topm__expected_rejection,bounded_subtraction,0.8333559995825226,-0.004353380211093549
0.7,policy::capped_negative0.25__topm__h_tau0.8,bounded_subtraction,0.8120878342196612,-0.025621545573954907
0.7,policy::capped_negative0.25__topm__h_tau0.9,bounded_subtraction,0.8205570336700698,-0.017152346123546325
0.7,policy::capped_negative0.25__topm__h_tau1.1,bounded_subtraction,0.8309391760000124,-0.006770203793603713
0.7,policy::capped_negative0.25__topm__h_tau1.25,bounded_subtraction,0.8283637615204792,-0.009345618273136957
0.7,policy::capped_negative0.25__topm__original,bounded_subtraction,0.8279570880014291,-0.009752291792187062
0.7,policy::capped_negative0.25__topm__power0.5,bounded_subtraction,0.8278926221882346,-0.009816757605381587
0.7,policy::capped_negative0.25__topm__power0.75,bounded_subtraction,0.8294844693808954,-0.008224910412720776
0.7,policy::capped_negative0.25__topm__power1.25,bounded_subtraction,0.8231648016210089,-0.014544578172607237
0.7,policy::capped_negative0.25__topm__power1.5,bounded_subtraction,0.8114221472708908,-0.026287232522725357
0.7,policy::capped_negative0.25__topm__uniform0.02,bounded_subtraction,0.8461432560766047,0.008433876282988528
0.7,policy::capped_negative0.25__topm__uniform0.05,bounded_subtraction,0.8447744864234071,0.007065106629790985
0.7,policy::capped_negative0.25__topm__uniform0.1,bounded_subtraction,0.8455046208759307,0.007795241082314552
0.7,policy::capped_negative0.25__topm__uniform0.2,bounded_subtraction,0.8393751186540874,0.0016657388604712775
0.7,policy::capped_negative0.5__full__accept_clip0.02,bounded_subtraction,0.8500955507642661,0.012386170970649979
0.7,policy::capped_negative0.5__full__accept_clip0.05,bounded_subtraction,0.8497753610241414,0.012065981230525269
0.7,policy::capped_negative0.5__full__accept_clip0.1,bounded_subtraction,0.8459905169772746,0.008281137183658416
0.7,policy::capped_negative0.5__full__bonus1.25,bounded_subtraction,0.8308719384102532,-0.006837441383362952
0.7,policy::capped_negative0.5__full__bonus1.5,bounded_subtraction,0.8306317793414637,-0.007077600452152444
0.7,policy::capped_negative0.5__full__bonus2,bounded_subtraction,0.8310868248266741,-0.006622554966942085
0.7,policy::capped_negative0.5__full__bonus3,bounded_subtraction,0.831607753746197,-0.006101626047419151
0.7,policy::capped_negative0.5__full__expected_mix0.25,bounded_subtraction,0.8561582297947623,0.018448850001146155
0.7,policy::capped_negative0.5__full__expected_mix0.5,bounded_subtraction,0.8521162839010874,0.014406904107471252
0.7,policy::capped_negative0.5__full__expected_mix0.75,bounded_subtraction,0.8452396530905417,0.0075302732969255715
0.7,policy::capped_negative0.5__full__expected_rejection,bounded_subtraction,0.8390639235660774,0.0013545437724612475
0.7,policy::capped_negative0.5__full__h_tau0.8,bounded_subtraction,0.8140416001718123,-0.023667779621803886
0.7,policy::capped_negative0.5__full__h_tau0.9,bounded_subtraction,0.8225335566236778,-0.015175823169938374
0.7,policy::capped_negative0.5__full__h_tau1.1,bounded_subtraction,0.8346259298251208,-0.0030834499684953
0.7,policy::capped_negative0.5__full__h_tau1.25,bounded_subtraction,0.8310900272121281,-0.006619352581488047
0.7,policy::capped_negative0.5__full__original,bounded_subtraction,0.8311796230481396,-0.0065297567454765115
0.7,policy::capped_negative0.5__full__power0.5,bounded_subtraction,0.8300976623255387,-0.007611717468077428
0.7,policy::capped_negative0.5__full__power0.75,bounded_subtraction,0.833126760687751,-0.0045826191058651045
0.7,policy::capped_negative0.5__full__power1.25,bounded_subtraction,0.8270728188214674,-0.010636560972148712
0.7,policy::capped_negative0.5__full__power1.5,bounded_subtraction,0.8182784639314216,-0.019430915862194587
0.7,policy::capped_negative0.5__full__uniform0.02,bounded_subtraction,0.8509587993903789,0.013249419596762735
0.7,policy::capped_negative0.5__full__uniform0.05,bounded_subtraction,0.8526589494381347,0.014949569644518546
0.7,policy::capped_negative0.5__full__uniform0.1,bounded_subtraction,0.8516156720252472,0.01390629223163109
0.7,policy::capped_negative0.5__full__uniform0.2,bounded_subtraction,0.8457968674619286,0.008087487668312465
0.7,policy::capped_negative0.5__topm__accept_clip0.02,bounded_subtraction,0.8501592853317175,0.012449905538101325
0.7,policy::capped_negative0.5__topm__accept_clip0.05,bounded_subtraction,0.8487186638977058,0.011009284104089634
0.7,policy::capped_negative0.5__topm__accept_clip0.1,bounded_subtraction,0.8452367983228479,0.0075274185292317775
0.7,policy::capped_negative0.5__topm__bonus1.25,bounded_subtraction,0.8314490944072266,-0.0062602853863895636
0.7,policy::capped_negative0.5__topm__bonus1.5,bounded_subtraction,0.8307705095761155,-0.0069388702175006145
0.7,policy::capped_negative0.5__topm__bonus2,bounded_subtraction,0.8311358938661905,-0.006573485927425682
0.7,policy::capped_negative0.5__topm__bonus3,bounded_subtraction,0.8316471534774683,-0.006062226316147834
0.7,policy::capped_negative0.5__topm__expected_mix0.25,bounded_subtraction,0.85608221055941,0.01837283076579388
0.7,policy::capped_negative0.5__topm__expected_mix0.5,bounded_subtraction,0.8509582807722018,0.013248900978585665
0.7,policy::capped_negative0.5__topm__expected_mix0.75,bounded_subtraction,0.8447481659728919,0.00703878617927578
0.7,policy::capped_negative0.5__topm__expected_rejection,bounded_subtraction,0.8397115845024354,0.0020022047088192885
0.7,policy::capped_negative0.5__topm__h_tau0.8,bounded_subtraction,0.8129148697144295,-0.02479451007918665
0.7,policy::capped_negative0.5__topm__h_tau0.9,bounded_subtraction,0.8216842994008258,-0.01602508039279038
0.7,policy::capped_negative0.5__topm__h_tau1.1,bounded_subtraction,0.8347649547059486,-0.002944425087667568
0.7,policy::capped_negative0.5__topm__h_tau1.25,bounded_subtraction,0.8304682830835994,-0.0072410967100167145
0.7,policy::capped_negative0.5__topm__original,bounded_subtraction,0.8314835279181317,-0.006225851875484412
0.7,policy::capped_negative0.5__topm__power0.5,bounded_subtraction,0.8301142080738069,-0.007595171719809279
0.7,policy::capped_negative0.5__topm__power0.75,bounded_subtraction,0.8330405003814927,-0.004668879412123461
0.7,policy::capped_negative0.5__topm__power1.25,bounded_subtraction,0.8270566877785315,-0.010652692015084675
0.7,policy::capped_negative0.5__topm__power1.5,bounded_subtraction,0.8163847590462978,-0.021324620747318335
0.7,policy::capped_negative0.5__topm__uniform0.02,bounded_subtraction,0.8512451517826294,0.013535771989013234
0.7,policy::capped_negative0.5__topm__uniform0.05,bounded_subtraction,0.8519265966404095,0.014217216846793335
0.7,policy::capped_negative0.5__topm__uniform0.1,bounded_subtraction,0.8516076138315605,0.013898234037944324
0.7,policy::capped_negative0.5__topm__uniform0.2,bounded_subtraction,0.8453567027356801,0.007647322942063939
0.7,policy::capped_negative1__full__accept_clip0.02,bounded_subtraction,0.8545107920858988,0.016801412292282603
0.7,policy::capped_negative1__full__accept_clip0.05,bounded_subtraction,0.8509742054979129,0.013264825704296768
0.7,policy::capped_negative1__full__accept_clip0.1,bounded_subtraction,0.8524909820807514,0.01478160228713521
0.7,policy::capped_negative1__full__bonus1.25,bounded_subtraction,0.8327667242948947,-0.0049426554987214155
0.7,policy::capped_negative1__full__bonus1.5,bounded_subtraction,0.8330729703257765,-0.004636409467839608
0.7,policy::capped_negative1__full__bonus2,bounded_subtraction,0.8337932630217919,-0.003916116771824241
0.7,policy::capped_negative1__full__bonus3,bounded_subtraction,0.8335008577293845,-0.004208522064231612
0.7,policy::capped_negative1__full__expected_mix0.25,bounded_subtraction,0.8591886696987068,0.021479289905090626
0.7,policy::capped_negative1__full__expected_mix0.5,bounded_subtraction,0.8543553897046091,0.016646009910992965
0.7,policy::capped_negative1__full__expected_mix0.75,bounded_subtraction,0.8523218340504802,0.014612454256864083
0.7,policy::capped_negative1__full__expected_rejection,bounded_subtraction,0.8441897023886319,0.006480322595015742
0.7,policy::capped_negative1__full__h_tau0.8,bounded_subtraction,0.8134640143035736,-0.024245365490042525
0.7,policy::capped_negative1__full__h_tau0.9,bounded_subtraction,0.8213449166790726,-0.016364463114543537
0.7,policy::capped_negative1__full__h_tau1.1,bounded_subtraction,0.837829024184254,0.00011964439063782972
0.7,policy::capped_negative1__full__h_tau1.25,bounded_subtraction,0.8357569797437342,-0.0019524000498819527
0.7,policy::capped_negative1__full__original,bounded_subtraction,0.832629195130825,-0.005080184662791143
0.7,policy::capped_negative1__full__power0.5,bounded_subtraction,0.8327155949746737,-0.004993784818942415
0.7,policy::capped_negative1__full__power0.75,bounded_subtraction,0.8350125240666326,-0.002696855726983527
0.7,policy::capped_negative1__full__power1.25,bounded_subtraction,0.8244924465272689,-0.013216933266347208
0.7,policy::capped_negative1__full__power1.5,bounded_subtraction,0.8167817282438331,-0.020927651549783044
0.7,policy::capped_negative1__full__uniform0.02,bounded_subtraction,0.8532258138310584,0.015516434037442295
0.7,policy::capped_negative1__full__uniform0.05,bounded_subtraction,0.8568825998831424,0.019173220089526266
0.7,policy::capped_negative1__full__uniform0.1,bounded_subtraction,0.8552331620370178,0.017523782243401675
0.7,policy::capped_negative1__full__uniform0.2,bounded_subtraction,0.8489479771924451,0.011238597398828931
0.7,policy::capped_negative1__topm__accept_clip0.02,bounded_subtraction,0.8543228257731496,0.016613445979533403
0.7,policy::capped_negative1__topm__accept_clip0.05,bounded_subtraction,0.8513532492529525,0.013643869459336377
0.7,policy::capped_negative1__topm__accept_clip0.1,bounded_subtraction,0.8524387003058015,0.01472932051218534
0.7,policy::capped_negative1__topm__bonus1.25,bounded_subtraction,0.8328187349010485,-0.0048906448925676305
0.7,policy::capped_negative1__topm__bonus1.5,bounded_subtraction,0.8331763692522287,-0.004533010541387439
0.7,policy::capped_negative1__topm__bonus2,bounded_subtraction,0.8335616130637303,-0.004147766729885816
0.7,policy::capped_negative1__topm__bonus3,bounded_subtraction,0.8336072749966081,-0.0041021047970080105
0.7,policy::capped_negative1__topm__expected_mix0.25,bounded_subtraction,0.8591014292292267,0.02139204943561057
0.7,policy::capped_negative1__topm__expected_mix0.5,bounded_subtraction,0.8540699196834933,0.01636053988987718
0.7,policy::capped_negative1__topm__expected_mix0.75,bounded_subtraction,0.8514515379728761,0.013742158179259945
0.7,policy::capped_negative1__topm__expected_rejection,bounded_subtraction,0.8444562953224873,0.006746915528871189
0.7,policy::capped_negative1__topm__h_tau0.8,bounded_subtraction,0.8112892336066038,-0.026420146187012383
0.7,policy::capped_negative1__topm__h_tau0.9,bounded_subtraction,0.8214574283723046,-0.016251951421311528
0.7,policy::capped_negative1__topm__h_tau1.1,bounded_subtraction,0.8380993232447896,0.00038994345117349116
0.7,policy::capped_negative1__topm__h_tau1.25,bounded_subtraction,0.8367910635641191,-0.0009183162294970071
0.7,policy::capped_negative1__topm__original,bounded_subtraction,0.8321956945123318,-0.005513685281284375
0.7,policy::capped_negative1__topm__power0.5,bounded_subtraction,0.8324437746053921,-0.005265605188224054
0.7,policy::capped_negative1__topm__power0.75,bounded_subtraction,0.8370098799122055,-0.0006994998814106035
0.7,policy::capped_negative1__topm__power1.25,bounded_subtraction,0.8244918318943885,-0.013217547899227688
0.7,policy::capped_negative1__topm__power1.5,bounded_subtraction,0.8144086629262834,-0.023300716867332705
0.7,policy::capped_negative1__topm__uniform0.02,bounded_subtraction,0.8530381804294782,0.015328800635862061
0.7,policy::capped_negative1__topm__uniform0.05,bounded_subtraction,0.8551861074950142,0.017476727701398076
0.7,policy::capped_negative1__topm__uniform0.1,bounded_subtraction,0.8556778331954045,0.01796845340178832
0.7,policy::capped_negative1__topm__uniform0.2,bounded_subtraction,0.8483887939008359,0.010679414107219731
0.7,policy::complement__full__accept_clip0.02,bounded_subtraction,0.8324860791731606,-0.005223300620455507
0.7,policy::complement__full__accept_clip0.05,bounded_subtraction,0.8301015165960353,-0.007607863197580889
0.7,policy::complement__full__accept_clip0.1,bounded_subtraction,0.8279598898632035,-0.009749489930412691
0.7,policy::complement__full__bonus1.25,bounded_subtraction,0.8230912471416597,-0.01461813265195644
0.7,policy::complement__full__bonus1.5,bounded_subtraction,0.823173017746344,-0.014536362047272156
0.7,policy::complement__full__bonus2,bounded_subtraction,0.8238946114427154,-0.013814768350900786
0.7,policy::complement__full__bonus3,bounded_subtraction,0.8238526859451875,-0.013856693848428692
0.7,policy::complement__full__expected_mix0.25,bounded_subtraction,0.8351864258879323,-0.0025229539056838
0.7,policy::complement__full__expected_mix0.5,bounded_subtraction,0.8304611951254348,-0.0072481846681813344
0.7,policy::complement__full__expected_mix0.75,bounded_subtraction,0.8274090412955422,-0.010300338498073991
0.7,policy::complement__full__expected_rejection,bounded_subtraction,0.8223301513486192,-0.01537922844499695
0.7,policy::complement__full__h_tau0.8,bounded_subtraction,0.8062629253655693,-0.03144645442804683
0.7,policy::complement__full__h_tau0.9,bounded_subtraction,0.8153737325524106,-0.022335647241205514
0.7,policy::complement__full__h_tau1.1,bounded_subtraction,0.8258659041428766,-0.01184347565073951
0.7,policy::complement__full__h_tau1.25,bounded_subtraction,0.823082147949372,-0.014627231844244193
0.7,policy::complement__full__original,bounded_subtraction,0.822985312707773,-0.014724067085843173
0.7,policy::complement__full__power0.5,bounded_subtraction,0.8232689376578798,-0.014440442135736364
0.7,policy::complement__full__power0.75,bounded_subtraction,0.8245046890827562,-0.013204690710859945
0.7,policy::complement__full__power1.25,bounded_subtraction,0.8163173276371115,-0.021392052156504637
0.7,policy::complement__full__power1.5,bounded_subtraction,0.8114889405363891,-0.026220439257227057
0.7,policy::complement__full__uniform0.02,bounded_subtraction,0.8338219768718983,-0.003887402921717853
0.7,policy::complement__full__uniform0.05,bounded_subtraction,0.8361324563302213,-0.0015769234633948859
0.7,policy::complement__full__uniform0.1,bounded_subtraction,0.832223865234388,-0.005485514559228188
0.7,policy::complement__full__uniform0.2,bounded_subtraction,0.8256320105257937,-0.012077369267822435
0.7,policy::complement__topm__accept_clip0.02,bounded_subtraction,0.8313139476500158,-0.006395432143600388
0.7,policy::complement__topm__accept_clip0.05,bounded_subtraction,0.8295325761257029,-0.00817680366791329
0.7,policy::complement__topm__accept_clip0.1,bounded_subtraction,0.8265805394123578,-0.011128840381258387
0.7,policy::complement__topm__bonus1.25,bounded_subtraction,0.8231672996469721,-0.014542080146644043
0.7,policy::complement__topm__bonus1.5,bounded_subtraction,0.8230493075202459,-0.014660072273370295
0.7,policy::complement__topm__bonus2,bounded_subtraction,0.8231370976094892,-0.014572282184126983
0.7,policy::complement__topm__bonus3,bounded_subtraction,0.8237477464464392,-0.013961633347176927
0.7,policy::complement__topm__expected_mix0.25,bounded_subtraction,0.8345210318263846,-0.003188347967231553
0.7,policy::complement__topm__expected_mix0.5,bounded_subtraction,0.8303808184401971,-0.007328561353419083
0.7,policy::complement__topm__expected_mix0.75,bounded_subtraction,0.8267366846917217,-0.01097269510189447
0.7,policy::complement__topm__expected_rejection,bounded_subtraction,0.8202581774853535,-0.017451202308262692
0.7,policy::complement__topm__h_tau0.8,bounded_subtraction,0.8063002266904663,-0.031409153103149845
0.7,policy::complement__topm__h_tau0.9,bounded_subtraction,0.8142901019514536,-0.023419277842162578
0.7,policy::complement__topm__h_tau1.1,bounded_subtraction,0.8256852995797652,-0.01202408021385093
0.7,policy::complement__topm__h_tau1.25,bounded_subtraction,0.8229686639265442,-0.01474071586707193
0.7,policy::complement__topm__original,bounded_subtraction,0.8230247748579145,-0.014684604935701673
0.7,policy::complement__topm__power0.5,bounded_subtraction,0.8229445898139883,-0.014764789979627824
0.7,policy::complement__topm__power0.75,bounded_subtraction,0.8244417309435392,-0.013267648850076919
0.7,policy::complement__topm__power1.25,bounded_subtraction,0.8165784033798686,-0.021130976413747504
0.7,policy::complement__topm__power1.5,bounded_subtraction,0.8096520861512974,-0.028057293642318792
0.7,policy::complement__topm__uniform0.02,bounded_subtraction,0.833431724150497,-0.004277655643119105
0.7,policy::complement__topm__uniform0.05,bounded_subtraction,0.8347791873790893,-0.0029301924145268554
0.7,policy::complement__topm__uniform0.1,bounded_subtraction,0.8304393104237644,-0.0072700693698517505
0.7,policy::complement__topm__uniform0.2,bounded_subtraction,0.8254148398989344,-0.012294539894681766
0.7,policy::complement_power0.5__full__accept_clip0.02,bounded_subtraction,0.8596832829930938,0.021973903199477673
0.7,policy::complement_power0.5__full__accept_clip0.05,bounded_subtraction,0.8574970112943741,0.019787631500757907
0.7,policy::complement_power0.5__full__accept_clip0.1,bounded_subtraction,0.8567903086402271,0.019080928846610945
0.7,policy::complement_power0.5__full__bonus1.25,bounded_subtraction,0.839720821247433,0.00201144145381682
0.7,policy::complement_power0.5__full__bonus1.5,bounded_subtraction,0.8391500258462645,0.0014406460526483755
0.7,policy::complement_power0.5__full__bonus2,bounded_subtraction,0.8394700956418423,0.0017607158482261243
0.7,policy::complement_power0.5__full__bonus3,bounded_subtraction,0.8389356885560898,0.001226308762473649
0.7,policy::complement_power0.5__full__expected_mix0.25,bounded_subtraction,0.8660905126157239,0.028381132822107746
0.7,policy::complement_power0.5__full__expected_mix0.5,bounded_subtraction,0.8616998378262328,0.02399045803261668
0.7,policy::complement_power0.5__full__expected_mix0.75,bounded_subtraction,0.8597494002104202,0.022040020416804085
0.7,policy::complement_power0.5__full__expected_rejection,bounded_subtraction,0.8543945479061834,0.01668516811256726
0.7,policy::complement_power0.5__full__h_tau0.8,bounded_subtraction,0.8195001263592339,-0.01820925343438229
0.7,policy::complement_power0.5__full__h_tau0.9,bounded_subtraction,0.8307498701016891,-0.006959509691927046
0.7,policy::complement_power0.5__full__h_tau1.1,bounded_subtraction,0.8433457286624515,0.00563634886883535
0.7,policy::complement_power0.5__full__h_tau1.25,bounded_subtraction,0.8396284354946308,0.0019190557010146936
0.7,policy::complement_power0.5__full__original,bounded_subtraction,0.8386475146608761,0.0009381348672599099
0.7,policy::complement_power0.5__full__power0.5,bounded_subtraction,0.8412291950109577,0.003519815217341571
0.7,policy::complement_power0.5__full__power0.75,bounded_subtraction,0.8418819932467355,0.004172613453119367
0.7,policy::complement_power0.5__full__power1.25,bounded_subtraction,0.8313172722101587,-0.006392107583457429
0.7,policy::complement_power0.5__full__power1.5,bounded_subtraction,0.8226684521682018,-0.015040927625414313
0.7,policy::complement_power0.5__full__uniform0.02,bounded_subtraction,0.8578993705700325,0.020189990776416367
0.7,policy::complement_power0.5__full__uniform0.05,bounded_subtraction,0.864644979239961,0.026935599446344827
0.7,policy::complement_power0.5__full__uniform0.1,bounded_subtraction,0.8614084568422657,0.023699077048649597
0.7,policy::complement_power0.5__full__uniform0.2,bounded_subtraction,0.8549284276479766,0.01721904785436046
0.7,policy::complement_power0.5__topm__accept_clip0.02,bounded_subtraction,0.8614575536643244,0.023748173870708267
0.7,policy::complement_power0.5__topm__accept_clip0.05,bounded_subtraction,0.8572778206998666,0.01956844090625043
0.7,policy::complement_power0.5__topm__accept_clip0.1,bounded_subtraction,0.8573775915195674,0.019668211725951235
0.7,policy::complement_power0.5__topm__bonus1.25,bounded_subtraction,0.8388056342382879,0.0010962544446717626
0.7,policy::complement_power0.5__topm__bonus1.5,bounded_subtraction,0.8390950060202392,0.0013856262266230823
0.7,policy::complement_power0.5__topm__bonus2,bounded_subtraction,0.8393183905605864,0.0016090107669702869
0.7,policy::complement_power0.5__topm__bonus3,bounded_subtraction,0.8388750326797484,0.0011656528861322402
0.7,policy::complement_power0.5__topm__expected_mix0.25,bounded_subtraction,0.8654950176206714,0.027785637827055232
0.7,policy::complement_power0.5__topm__expected_mix0.5,bounded_subtraction,0.8615415548207529,0.02383217502713675
0.7,policy::complement_power0.5__topm__expected_mix0.75,bounded_subtraction,0.8590837053435516,0.021374325549935458
0.7,policy::complement_power0.5__topm__expected_rejection,bounded_subtraction,0.8525582293346812,0.014848849541065023
0.7,policy::complement_power0.5__topm__h_tau0.8,bounded_subtraction,0.8187444788253277,-0.0189649009682884
0.7,policy::complement_power0.5__topm__h_tau0.9,bounded_subtraction,0.830612125682118,-0.007097254111498197
0.7,policy::complement_power0.5__topm__h_tau1.1,bounded_subtraction,0.8428441789648916,0.0051347991712754615
0.7,policy::complement_power0.5__topm__h_tau1.25,bounded_subtraction,0.8397097302865476,0.0020003504929314575
0.7,policy::complement_power0.5__topm__original,bounded_subtraction,0.8385503763399058,0.0008409965462896629
0.7,policy::complement_power0.5__topm__power0.5,bounded_subtraction,0.8409206958891897,0.0032113160955735687
0.7,policy::complement_power0.5__topm__power0.75,bounded_subtraction,0.8410299991123292,0.0033206193187130806
0.7,policy::complement_power0.5__topm__power1.25,bounded_subtraction,0.8306858659607345,-0.007023513832881689
0.7,policy::complement_power0.5__topm__power1.5,bounded_subtraction,0.8231162149639581,-0.014593164829658
0.7,policy::complement_power0.5__topm__uniform0.02,bounded_subtraction,0.8585576710610157,0.02084829126739951
0.7,policy::complement_power0.5__topm__uniform0.05,bounded_subtraction,0.8631833379958154,0.02547395820219922
0.7,policy::complement_power0.5__topm__uniform0.1,bounded_subtraction,0.8608960161791899,0.023186636385573722
0.7,policy::complement_power0.5__topm__uniform0.2,bounded_subtraction,0.8540791821112265,0.016369802317610316
0.7,policy::complement_power1__full__accept_clip0.02,bounded_subtraction,0.8597361990827221,0.022026819289105992
0.7,policy::complement_power1__full__accept_clip0.05,bounded_subtraction,0.8578210933526987,0.02011171355908259
0.7,policy::complement_power1__full__accept_clip0.1,bounded_subtraction,0.8569331785556942,0.019223798762078026
0.7,policy::complement_power1__full__bonus1.25,bounded_subtraction,0.8398154369738859,0.0021060571802697936
0.7,policy::complement_power1__full__bonus1.5,bounded_subtraction,0.839714950288513,0.0020055704948968023
0.7,policy::complement_power1__full__bonus2,bounded_subtraction,0.840159318293794,0.0024499385001778284
0.7,policy::complement_power1__full__bonus3,bounded_subtraction,0.8391322549789995,0.00142287518538331
0.7,policy::complement_power1__full__expected_mix0.25,bounded_subtraction,0.8669098677735059,0.029200487979889722
0.7,policy::complement_power1__full__expected_mix0.5,bounded_subtraction,0.8643393529987123,0.02662997320509619
0.7,policy::complement_power1__full__expected_mix0.75,bounded_subtraction,0.8594052813773713,0.021695901583755117
0.7,policy::complement_power1__full__expected_rejection,bounded_subtraction,0.855520546009324,0.017811166215707885
0.7,policy::complement_power1__full__h_tau0.8,bounded_subtraction,0.8166760800261361,-0.02103329976748003
0.7,policy::complement_power1__full__h_tau0.9,bounded_subtraction,0.8288232466960438,-0.008886133097572357
0.7,policy::complement_power1__full__h_tau1.1,bounded_subtraction,0.8429414655035077,0.005232085709891532
0.7,policy::complement_power1__full__h_tau1.25,bounded_subtraction,0.840641636087203,0.0029322562935868435
0.7,policy::complement_power1__full__original,bounded_subtraction,0.8387380579155115,0.0010286781218953323
0.7,policy::complement_power1__full__power0.5,bounded_subtraction,0.841981796921804,0.004272417128187822
0.7,policy::complement_power1__full__power0.75,bounded_subtraction,0.8424780168618342,0.004768637068218062
0.7,policy::complement_power1__full__power1.25,bounded_subtraction,0.8297650306192266,-0.007944349174389576
0.7,policy::complement_power1__full__power1.5,bounded_subtraction,0.8213370059335026,-0.016372373860113587
0.7,policy::complement_power1__full__uniform0.02,bounded_subtraction,0.8571385252428152,0.019429145449199048
0.7,policy::complement_power1__full__uniform0.05,bounded_subtraction,0.8658151216543104,0.028105741860694256
0.7,policy::complement_power1__full__uniform0.1,bounded_subtraction,0.8635263385545691,0.025816958760952913
0.7,policy::complement_power1__full__uniform0.2,bounded_subtraction,0.8555852536447833,0.01787587385116718
0.7,policy::complement_power1__topm__accept_clip0.02,bounded_subtraction,0.862221534486845,0.02451215469322887
0.7,policy::complement_power1__topm__accept_clip0.05,bounded_subtraction,0.8580790911724877,0.020369711378871558
0.7,policy::complement_power1__topm__accept_clip0.1,bounded_subtraction,0.8559846841464658,0.01827530435284963
0.7,policy::complement_power1__topm__bonus1.25,bounded_subtraction,0.8393549472632647,0.0016455674696485012
0.7,policy::complement_power1__topm__bonus1.5,bounded_subtraction,0.8396018359186428,0.0018924561250266425
0.7,policy::complement_power1__topm__bonus2,bounded_subtraction,0.839219164762038,0.0015097849684218012
0.7,policy::complement_power1__topm__bonus3,bounded_subtraction,0.8388476362857693,0.0011382564921531557
0.7,policy::complement_power1__topm__expected_mix0.25,bounded_subtraction,0.8654175737942869,0.027708194000670705
0.7,policy::complement_power1__topm__expected_mix0.5,bounded_subtraction,0.8639601375836581,0.026250757790041934
0.7,policy::complement_power1__topm__expected_mix0.75,bounded_subtraction,0.8584107087864534,0.020701328992837276
0.7,policy::complement_power1__topm__expected_rejection,bounded_subtraction,0.8534689116921536,0.015759531898537404
0.7,policy::complement_power1__topm__h_tau0.8,bounded_subtraction,0.8155086897429782,-0.02220069005063796
0.7,policy::complement_power1__topm__h_tau0.9,bounded_subtraction,0.8286319948366683,-0.009077384956947876
0.7,policy::complement_power1__topm__h_tau1.1,bounded_subtraction,0.8425815027739585,0.004872122980342342
0.7,policy::complement_power1__topm__h_tau1.25,bounded_subtraction,0.8406542773846098,0.0029448975909937003
0.7,policy::complement_power1__topm__original,bounded_subtraction,0.8386195196966495,0.0009101399030333468
0.7,policy::complement_power1__topm__power0.5,bounded_subtraction,0.8420665446639122,0.004357164870296026
0.7,policy::complement_power1__topm__power0.75,bounded_subtraction,0.8411870429109783,0.0034776631173621952
0.7,policy::complement_power1__topm__power1.25,bounded_subtraction,0.8292650169153921,-0.008444362878224032
0.7,policy::complement_power1__topm__power1.5,bounded_subtraction,0.8211160997749437,-0.01659328001867244
0.7,policy::complement_power1__topm__uniform0.02,bounded_subtraction,0.8581129009470654,0.020403521153449233
0.7,policy::complement_power1__topm__uniform0.05,bounded_subtraction,0.8642122518844199,0.02650287209080371
0.7,policy::complement_power1__topm__uniform0.1,bounded_subtraction,0.8620857655390328,0.024376385745416673
0.7,policy::complement_power1__topm__uniform0.2,bounded_subtraction,0.8554428007576209,0.017733420964004765
0.7,policy::complement_power2__full__accept_clip0.02,bounded_subtraction,0.8567437703401922,0.019034390546576074
0.7,policy::complement_power2__full__accept_clip0.05,bounded_subtraction,0.8550752475095343,0.017365867715918193
0.7,policy::complement_power2__full__accept_clip0.1,bounded_subtraction,0.8539372509304888,0.01622787113687263
0.7,policy::complement_power2__full__bonus1.25,bounded_subtraction,0.8390566065598373,0.0013472267662211213
0.7,policy::complement_power2__full__bonus1.5,bounded_subtraction,0.83897974922455,0.0012703694309338376
0.7,policy::complement_power2__full__bonus2,bounded_subtraction,0.8392164700332205,0.0015070902396043806
0.7,policy::complement_power2__full__bonus3,bounded_subtraction,0.8392179067958204,0.001508527002204274
0.7,policy::complement_power2__full__expected_mix0.25,bounded_subtraction,0.8660171790446101,0.028307799250993915
0.7,policy::complement_power2__full__expected_mix0.5,bounded_subtraction,0.8637941437645621,0.026084763970945946
0.7,policy::complement_power2__full__expected_mix0.75,bounded_subtraction,0.8593833720500363,0.021673992256420194
0.7,policy::complement_power2__full__expected_rejection,bounded_subtraction,0.853372059196197,0.015662679402580815
0.7,policy::complement_power2__full__h_tau0.8,bounded_subtraction,0.8142251263854987,-0.02348425340811744
0.7,policy::complement_power2__full__h_tau0.9,bounded_subtraction,0.8280468343421883,-0.009662545451427862
0.7,policy::complement_power2__full__h_tau1.1,bounded_subtraction,0.8418118320774218,0.00410245228380568
0.7,policy::complement_power2__full__h_tau1.25,bounded_subtraction,0.8402120096433453,0.0025026298497291544
0.7,policy::complement_power2__full__original,bounded_subtraction,0.8375292848139965,-0.00018009497961968268
0.7,policy::complement_power2__full__power0.5,bounded_subtraction,0.8399378599120677,0.002228480118451559
0.7,policy::complement_power2__full__power0.75,bounded_subtraction,0.8418454959192015,0.004136116125585398
0.7,policy::complement_power2__full__power1.25,bounded_subtraction,0.8292110164462996,-0.008498363347316573
0.7,policy::complement_power2__full__power1.5,bounded_subtraction,0.8193333927283186,-0.018375987065297528
0.7,policy::complement_power2__full__uniform0.02,bounded_subtraction,0.8556530262098844,0.017943646416268222
0.7,policy::complement_power2__full__uniform0.05,bounded_subtraction,0.8623005866365105,0.024591206842894398
0.7,policy::complement_power2__full__uniform0.1,bounded_subtraction,0.8619421001036358,0.024232720310019662
0.7,policy::complement_power2__full__uniform0.2,bounded_subtraction,0.8565563587566385,0.018846978963022343
0.7,policy::complement_power2__topm__accept_clip0.02,bounded_subtraction,0.856702621359624,0.0189932415660079
0.7,policy::complement_power2__topm__accept_clip0.05,bounded_subtraction,0.8566483688780748,0.01893898908445868
0.7,policy::complement_power2__topm__accept_clip0.1,bounded_subtraction,0.8547489578142656,0.017039578020649482
0.7,policy::complement_power2__topm__bonus1.25,bounded_subtraction,0.8381473659304223,0.0004379861368061233
0.7,policy::complement_power2__topm__bonus1.5,bounded_subtraction,0.8385724525719147,0.000863072778298557
0.7,policy::complement_power2__topm__bonus2,bounded_subtraction,0.8387539233677912,0.0010445435741750497
0.7,policy::complement_power2__topm__bonus3,bounded_subtraction,0.8388472175088351,0.0011378377152189145
0.7,policy::complement_power2__topm__expected_mix0.25,bounded_subtraction,0.8642304668863026,0.026521087092686413
0.7,policy::complement_power2__topm__expected_mix0.5,bounded_subtraction,0.8635250198396258,0.02581564004600967
0.7,policy::complement_power2__topm__expected_mix0.75,bounded_subtraction,0.8588523564536825,0.02114297666006637
0.7,policy::complement_power2__topm__expected_rejection,bounded_subtraction,0.8518221989046014,0.014112819110985275
0.7,policy::complement_power2__topm__h_tau0.8,bounded_subtraction,0.8141369154899829,-0.023572464303633245
0.7,policy::complement_power2__topm__h_tau0.9,bounded_subtraction,0.8276675902197699,-0.010041789573846271
0.7,policy::complement_power2__topm__h_tau1.1,bounded_subtraction,0.8416916013222319,0.003982221528615715
0.7,policy::complement_power2__topm__h_tau1.25,bounded_subtraction,0.8394098694104521,0.0017004896168359984
0.7,policy::complement_power2__topm__original,bounded_subtraction,0.8369380492779552,-0.0007713305156609174
0.7,policy::complement_power2__topm__power0.5,bounded_subtraction,0.8395612708174822,0.0018518910238660702
0.7,policy::complement_power2__topm__power0.75,bounded_subtraction,0.841330171832334,0.0036207920387179016
0.7,policy::complement_power2__topm__power1.25,bounded_subtraction,0.8286918364040866,-0.009017543389529536
0.7,policy::complement_power2__topm__power1.5,bounded_subtraction,0.8171404748856362,-0.020568904907979912
0.7,policy::complement_power2__topm__uniform0.02,bounded_subtraction,0.8564557016103218,0.018746321816705658
0.7,policy::complement_power2__topm__uniform0.05,bounded_subtraction,0.8600860366766054,0.022376656882989288
0.7,policy::complement_power2__topm__uniform0.1,bounded_subtraction,0.8602295817542329,0.02252020196061677
0.7,policy::complement_power2__topm__uniform0.2,bounded_subtraction,0.8562130330983437,0.018503653304727585
0.7,policy::complement_power4__full__accept_clip0.02,bounded_subtraction,0.8483627782356313,0.010653398442015183
0.7,policy::complement_power4__full__accept_clip0.05,bounded_subtraction,0.8490381680994469,0.011328788305830728
0.7,policy::complement_power4__full__accept_clip0.1,bounded_subtraction,0.8471662034779252,0.009456823684309001
0.7,policy::complement_power4__full__bonus1.25,bounded_subtraction,0.8325657224749211,-0.0051436573186950385
0.7,policy::complement_power4__full__bonus1.5,bounded_subtraction,0.8333293195956866,-0.004380060197929581
0.7,policy::complement_power4__full__bonus2,bounded_subtraction,0.8344158912761461,-0.0032934885174700224
0.7,policy::complement_power4__full__bonus3,bounded_subtraction,0.834629064242713,-0.0030803155509031566
0.7,policy::complement_power4__full__expected_mix0.25,bounded_subtraction,0.8560619021934247,0.018352522399808557
0.7,policy::complement_power4__full__expected_mix0.5,bounded_subtraction,0.854664052399632,0.016954672606015797
0.7,policy::complement_power4__full__expected_mix0.75,bounded_subtraction,0.8503146407136832,0.012605260920067085
0.7,policy::complement_power4__full__expected_rejection,bounded_subtraction,0.8414936165891566,0.0037842367955404077
0.7,policy::complement_power4__full__h_tau0.8,bounded_subtraction,0.8073206913873345,-0.030388688406281616
0.7,policy::complement_power4__full__h_tau0.9,bounded_subtraction,0.8225278056790533,-0.01518157411456289
0.7,policy::complement_power4__full__h_tau1.1,bounded_subtraction,0.8365942155063943,-0.0011151642872218037
0.7,policy::complement_power4__full__h_tau1.25,bounded_subtraction,0.8367638939099477,-0.0009454858836684954
0.7,policy::complement_power4__full__original,bounded_subtraction,0.8307530640172242,-0.006956315776391997
0.7,policy::complement_power4__full__power0.5,bounded_subtraction,0.8354781992060624,-0.0022311805875537827
0.7,policy::complement_power4__full__power0.75,bounded_subtraction,0.8373621006032365,-0.00034727919037969013
0.7,policy::complement_power4__full__power1.25,bounded_subtraction,0.821650684979462,-0.016058694814154117
0.7,policy::complement_power4__full__power1.5,bounded_subtraction,0.8120707704508714,-0.025638609342744756
0.7,policy::complement_power4__full__uniform0.02,bounded_subtraction,0.8503221433010977,0.012612763507481528
0.7,policy::complement_power4__full__uniform0.05,bounded_subtraction,0.8547828821476839,0.017073502354067793
0.7,policy::complement_power4__full__uniform0.1,bounded_subtraction,0.855607740043516,0.01789836024989988
0.7,policy::complement_power4__full__uniform0.2,bounded_subtraction,0.8504570327909917,0.01274765299737557
0.7,policy::complement_power4__topm__accept_clip0.02,bounded_subtraction,0.8494095894903791,0.011700209696762998
0.7,policy::complement_power4__topm__accept_clip0.05,bounded_subtraction,0.8493466208577313,0.011637241064115122
0.7,policy::complement_power4__topm__accept_clip0.1,bounded_subtraction,0.8462970672893667,0.008587687495750562
0.7,policy::complement_power4__topm__bonus1.25,bounded_subtraction,0.8324332750975991,-0.0052761046960170255
0.7,policy::complement_power4__topm__bonus1.5,bounded_subtraction,0.8330853531374263,-0.0046240266561898835
0.7,policy::complement_power4__topm__bonus2,bounded_subtraction,0.83418216144574,-0.003527218347876171
0.7,policy::complement_power4__topm__bonus3,bounded_subtraction,0.8345070063136941,-0.003202373479922027
0.7,policy::complement_power4__topm__expected_mix0.25,bounded_subtraction,0.8549483281922654,0.017238948398649256
0.7,policy::complement_power4__topm__expected_mix0.5,bounded_subtraction,0.8548305016472848,0.017121121853668653
0.7,policy::complement_power4__topm__expected_mix0.75,bounded_subtraction,0.8504298160894375,0.012720436295821314
0.7,policy::complement_power4__topm__expected_rejection,bounded_subtraction,0.8413120876514752,0.0036027078578591
0.7,policy::complement_power4__topm__h_tau0.8,bounded_subtraction,0.8069929219842482,-0.030716457809367936
0.7,policy::complement_power4__topm__h_tau0.9,bounded_subtraction,0.8199580297213553,-0.017751350072260808
0.7,policy::complement_power4__topm__h_tau1.1,bounded_subtraction,0.8359895412149391,-0.0017198385786770798
0.7,policy::complement_power4__topm__h_tau1.25,bounded_subtraction,0.8365540291415745,-0.0011553506520416423
0.7,policy::complement_power4__topm__original,bounded_subtraction,0.8306938205432036,-0.007015559250412529
0.7,policy::complement_power4__topm__power0.5,bounded_subtraction,0.834780688946722,-0.0029286908468941775
0.7,policy::complement_power4__topm__power0.75,bounded_subtraction,0.8371860843724797,-0.0005232954211364937
0.7,policy::complement_power4__topm__power1.25,bounded_subtraction,0.821179908166213,-0.016529471627403147
0.7,policy::complement_power4__topm__power1.5,bounded_subtraction,0.8083059180222467,-0.029403461771369432
0.7,policy::complement_power4__topm__uniform0.02,bounded_subtraction,0.8499998115886664,0.012290431795050294
0.7,policy::complement_power4__topm__uniform0.05,bounded_subtraction,0.8530045680306627,0.015295188237046564
0.7,policy::complement_power4__topm__uniform0.1,bounded_subtraction,0.8536167175191912,0.015907337725575066
0.7,policy::complement_power4__topm__uniform0.2,bounded_subtraction,0.8494075922264821,0.011698212432865951
0.7,policy::epeak0.5__full__accept_clip0.02,local_gate,0.8301024158943038,-0.007606963899312369
0.7,policy::epeak0.5__full__accept_clip0.05,local_gate,0.8266175578980445,-0.011091821895571674
0.7,policy::epeak0.5__full__accept_clip0.1,local_gate,0.8259690737001332,-0.011740306093482977
0.7,policy::epeak0.5__full__bonus1.25,local_gate,0.8179015027144512,-0.01980787707916498
0.7,policy::epeak0.5__full__bonus1.5,local_gate,0.8181571825728444,-0.019552197220771728
0.7,policy::epeak0.5__full__bonus2,local_gate,0.8185260226298094,-0.019183357163806702
0.7,policy::epeak0.5__full__bonus3,local_gate,0.8184250084711623,-0.019284371322453864
0.7,policy::epeak0.5__full__expected_mix0.25,local_gate,0.8332575441053602,-0.004451835688255912
0.7,policy::epeak0.5__full__expected_mix0.5,local_gate,0.8286757387666603,-0.009033641026955808
0.7,policy::epeak0.5__full__expected_mix0.75,local_gate,0.826094179576083,-0.01161520021753315
0.7,policy::epeak0.5__full__expected_rejection,local_gate,0.8210785264032789,-0.016630853390337208
0.7,policy::epeak0.5__full__h_tau0.8,local_gate,0.8029872934159001,-0.03472208637771601
0.7,policy::epeak0.5__full__h_tau0.9,local_gate,0.8104327263683685,-0.027276653425247654
0.7,policy::epeak0.5__full__h_tau1.1,local_gate,0.8225486574965212,-0.015160722297094975
0.7,policy::epeak0.5__full__h_tau1.25,local_gate,0.819054330950433,-0.018655048843183142
0.7,policy::epeak0.5__full__original,local_gate,0.8175120307890245,-0.02019734900459169
0.7,policy::epeak0.5__full__power0.5,local_gate,0.8193448226231475,-0.0183645571704687
0.7,policy::epeak0.5__full__power0.75,local_gate,0.8200612847874706,-0.017648095006145503
0.7,policy::epeak0.5__full__power1.25,local_gate,0.8107983257815009,-0.026911054012115243
0.7,policy::epeak0.5__full__power1.5,local_gate,0.8050260826553604,-0.032683297138255796
0.7,policy::epeak0.5__full__uniform0.02,local_gate,0.8299772407311705,-0.007732139062445631
0.7,policy::epeak0.5__full__uniform0.05,local_gate,0.8313574557369594,-0.006351924056656744
0.7,policy::epeak0.5__full__uniform0.1,local_gate,0.8291168334210287,-0.00859254637258744
0.7,policy::epeak0.5__full__uniform0.2,local_gate,0.8228340715340168,-0.014875308259599374
0.7,policy::epeak0.5__topm__accept_clip0.02,local_gate,0.8285599200107591,-0.009149459782857083
0.7,policy::epeak0.5__topm__accept_clip0.05,local_gate,0.8259190943102432,-0.011790285483372909
0.7,policy::epeak0.5__topm__accept_clip0.1,local_gate,0.8253572390700274,-0.0123521407235887
0.7,policy::epeak0.5__topm__bonus1.25,local_gate,0.8180328710131782,-0.019676508780437918
0.7,policy::epeak0.5__topm__bonus1.5,local_gate,0.8183414326844045,-0.019367947109211636
0.7,policy::epeak0.5__topm__bonus2,local_gate,0.8179181485132025,-0.0197912312804136
0.7,policy::epeak0.5__topm__bonus3,local_gate,0.8183531103957384,-0.019356269397877712
0.7,policy::epeak0.5__topm__expected_mix0.25,local_gate,0.8323994370701884,-0.005309942723427774
0.7,policy::epeak0.5__topm__expected_mix0.5,local_gate,0.8287754896201843,-0.008933890173431824
0.7,policy::epeak0.5__topm__expected_mix0.75,local_gate,0.8259407112942065,-0.011768668499409607
0.7,policy::epeak0.5__topm__expected_rejection,local_gate,0.8204300295681303,-0.01727935022548588
0.7,policy::epeak0.5__topm__h_tau0.8,local_gate,0.802676887685773,-0.035032492107843094
0.7,policy::epeak0.5__topm__h_tau0.9,local_gate,0.8105085382476579,-0.027200841545958254
0.7,policy::epeak0.5__topm__h_tau1.1,local_gate,0.821980615624863,-0.01572876416875313
0.7,policy::epeak0.5__topm__h_tau1.25,local_gate,0.8207252649474197,-0.01698411484619644
0.7,policy::epeak0.5__topm__original,local_gate,0.8175419018941754,-0.020167477899440733
0.7,policy::epeak0.5__topm__power0.5,local_gate,0.8197085862811544,-0.018000793512461755
0.7,policy::epeak0.5__topm__power0.75,local_gate,0.8214377500100387,-0.016271629783577435
0.7,policy::epeak0.5__topm__power1.25,local_gate,0.8109090915257626,-0.026800288267853523
0.7,policy::epeak0.5__topm__power1.5,local_gate,0.8034579499247261,-0.03425142986889007
0.7,policy::epeak0.5__topm__uniform0.02,local_gate,0.8308997407561128,-0.006809639037503312
0.7,policy::epeak0.5__topm__uniform0.05,local_gate,0.8302923760878972,-0.007417003705718961
0.7,policy::epeak0.5__topm__uniform0.1,local_gate,0.828446696131561,-0.009262683662055182
0.7,policy::epeak0.5__topm__uniform0.2,local_gate,0.8231720251459083,-0.01453735464770789
0.7,policy::epeak0.7__full__accept_clip0.02,local_gate,0.8403156673016811,0.0026062875080649084
0.7,policy::epeak0.7__full__accept_clip0.05,local_gate,0.840687652734046,0.002978272940429849
0.7,policy::epeak0.7__full__accept_clip0.1,local_gate,0.8404830808832853,0.0027737010896691228
0.7,policy::epeak0.7__full__bonus1.25,local_gate,0.8289936386806482,-0.008715741112967912
0.7,policy::epeak0.7__full__bonus1.5,local_gate,0.829344299013253,-0.008365080780363132
0.7,policy::epeak0.7__full__bonus2,local_gate,0.8293593729066242,-0.008350006886991945
0.7,policy::epeak0.7__full__bonus3,local_gate,0.8298037100031408,-0.007905669790475356
0.7,policy::epeak0.7__full__expected_mix0.25,local_gate,0.8475687048664713,0.00985932507285514
0.7,policy::epeak0.7__full__expected_mix0.5,local_gate,0.8428465642820722,0.005137184488456015
0.7,policy::epeak0.7__full__expected_mix0.75,local_gate,0.8400212299821221,0.0023118501885059928
0.7,policy::epeak0.7__full__expected_rejection,local_gate,0.8350110294724873,-0.0026983503211288618
0.7,policy::epeak0.7__full__h_tau0.8,local_gate,0.8142921616179315,-0.02341721817568465
0.7,policy::epeak0.7__full__h_tau0.9,local_gate,0.8220935742528472,-0.015615805540768912
0.7,policy::epeak0.7__full__h_tau1.1,local_gate,0.8330941088204018,-0.004615270973214347
0.7,policy::epeak0.7__full__h_tau1.25,local_gate,0.8291857344974075,-0.008523645296208637
0.7,policy::epeak0.7__full__original,local_gate,0.8287483004100185,-0.008961079383597692
0.7,policy::epeak0.7__full__power0.5,local_gate,0.8297544739034761,-0.00795490589014003
0.7,policy::epeak0.7__full__power0.75,local_gate,0.8313474977921279,-0.006361882001488239
0.7,policy::epeak0.7__full__power1.25,local_gate,0.8213051007921326,-0.016404279001483557
0.7,policy::epeak0.7__full__power1.5,local_gate,0.8157237171905907,-0.02198566260302548
0.7,policy::epeak0.7__full__uniform0.02,local_gate,0.8416065600887629,0.0038971802951467405
0.7,policy::epeak0.7__full__uniform0.05,local_gate,0.8434033946210795,0.005694014827463345
0.7,policy::epeak0.7__full__uniform0.1,local_gate,0.8428424449136316,0.005133065120015434
0.7,policy::epeak0.7__full__uniform0.2,local_gate,0.8362209531697739,-0.0014884266238422983
0.7,policy::epeak0.7__topm__accept_clip0.02,local_gate,0.840810005814467,0.0031006260208508163
0.7,policy::epeak0.7__topm__accept_clip0.05,local_gate,0.84015314313898,0.002443763345363892
0.7,policy::epeak0.7__topm__accept_clip0.1,local_gate,0.8397437859782575,0.0020344061846413464
0.7,policy::epeak0.7__topm__bonus1.25,local_gate,0.82900768159749,-0.008701698196126095
0.7,policy::epeak0.7__topm__bonus1.5,local_gate,0.8293222791310357,-0.008387100662580416
0.7,policy::epeak0.7__topm__bonus2,local_gate,0.8291206232157654,-0.008588756577850742
0.7,policy::epeak0.7__topm__bonus3,local_gate,0.8296316696066857,-0.008077710186930487
0.7,policy::epeak0.7__topm__expected_mix0.25,local_gate,0.8470797375593909,0.009370357765774773
0.7,policy::epeak0.7__topm__expected_mix0.5,local_gate,0.8430444823834256,0.005335102589809404
0.7,policy::epeak0.7__topm__expected_mix0.75,local_gate,0.8399048020211701,0.002195422227553978
0.7,policy::epeak0.7__topm__expected_rejection,local_gate,0.8345625228030246,-0.0031468569905915844
0.7,policy::epeak0.7__topm__h_tau0.8,local_gate,0.8127647708242534,-0.02494460896936279
0.7,policy::epeak0.7__topm__h_tau0.9,local_gate,0.8219998659470109,-0.01570951384660524
0.7,policy::epeak0.7__topm__h_tau1.1,local_gate,0.8325158678182103,-0.005193511975405851
0.7,policy::epeak0.7__topm__h_tau1.25,local_gate,0.8291724638760734,-0.008536915917542798
0.7,policy::epeak0.7__topm__original,local_gate,0.8287211460637165,-0.008988233729899653
0.7,policy::epeak0.7__topm__power0.5,local_gate,0.8308771731088818,-0.006832206684734388
0.7,policy::epeak0.7__topm__power0.75,local_gate,0.8327717638533882,-0.004937615940227902
0.7,policy::epeak0.7__topm__power1.25,local_gate,0.8216070334874579,-0.016102346306158255
0.7,policy::epeak0.7__topm__power1.5,local_gate,0.8159172158427878,-0.02179216395082839
0.7,policy::epeak0.7__topm__uniform0.02,local_gate,0.842523845726844,0.004814465933227874
0.7,policy::epeak0.7__topm__uniform0.05,local_gate,0.8426647205935383,0.004955340799922103
0.7,policy::epeak0.7__topm__uniform0.1,local_gate,0.8406403533536052,0.0029309735599890585
0.7,policy::epeak0.7__topm__uniform0.2,local_gate,0.8366263540393941,-0.0010830257542220334
0.7,policy::epeak0.9__full__accept_clip0.02,local_gate,0.8493032710924074,0.011593891298791292
0.7,policy::epeak0.9__full__accept_clip0.05,local_gate,0.8499282356896909,0.012218855896074743
0.7,policy::epeak0.9__full__accept_clip0.1,local_gate,0.8500914485698537,0.012382068776237598
0.7,policy::epeak0.9__full__bonus1.25,local_gate,0.8343499982573003,-0.003359381536315875
0.7,policy::epeak0.9__full__bonus1.5,local_gate,0.8348115916632723,-0.0028977881303438036
0.7,policy::epeak0.9__full__bonus2,local_gate,0.8347104734665809,-0.0029989063270352556
0.7,policy::epeak0.9__full__bonus3,local_gate,0.8343381928515704,-0.003371186942045745
0.7,policy::epeak0.9__full__expected_mix0.25,local_gate,0.8566150461197122,0.018905666326096027
0.7,policy::epeak0.9__full__expected_mix0.5,local_gate,0.8531125741048273,0.015403194311211177
0.7,policy::epeak0.9__full__expected_mix0.75,local_gate,0.85042356887934,0.01271418908572386
0.7,policy::epeak0.9__full__expected_rejection,local_gate,0.8444208871572294,0.006711507363613256
0.7,policy::epeak0.9__full__h_tau0.8,local_gate,0.8180856405385011,-0.01962373925511507
0.7,policy::epeak0.9__full__h_tau0.9,local_gate,0.8260016118977386,-0.011707767895877574
0.7,policy::epeak0.9__full__h_tau1.1,local_gate,0.8386768769341597,0.0009674971405435606
0.7,policy::epeak0.9__full__h_tau1.25,local_gate,0.8349965894343988,-0.002712790359217343
0.7,policy::epeak0.9__full__original,local_gate,0.8339433302370426,-0.0037660495565735586
0.7,policy::epeak0.9__full__power0.5,local_gate,0.8356196994989809,-0.002089680294635299
0.7,policy::epeak0.9__full__power0.75,local_gate,0.8370777387517738,-0.0006316410418423235
0.7,policy::epeak0.9__full__power1.25,local_gate,0.8265162872959582,-0.011193092497657986
0.7,policy::epeak0.9__full__power1.5,local_gate,0.8209954940760981,-0.016713885717518084
0.7,policy::epeak0.9__full__uniform0.02,local_gate,0.8475566959280969,0.009847316134480755
0.7,policy::epeak0.9__full__uniform0.05,local_gate,0.8519263936428619,0.014217013849245785
0.7,policy::epeak0.9__full__uniform0.1,local_gate,0.852861782714734,0.015152402921117858
0.7,policy::epeak0.9__full__uniform0.2,local_gate,0.8469117917394308,0.009202411945814615
0.7,policy::epeak0.9__topm__accept_clip0.02,local_gate,0.8505991014224312,0.012889721628815076
0.7,policy::epeak0.9__topm__accept_clip0.05,local_gate,0.84946477310498,0.011755393311363882
0.7,policy::epeak0.9__topm__accept_clip0.1,local_gate,0.84953908692696,0.011829707133343859
0.7,policy::epeak0.9__topm__bonus1.25,local_gate,0.8343041647554064,-0.0034052150382097857
0.7,policy::epeak0.9__topm__bonus1.5,local_gate,0.834738758620842,-0.002970621172774135
0.7,policy::epeak0.9__topm__bonus2,local_gate,0.834362250885326,-0.0033471289082901423
0.7,policy::epeak0.9__topm__bonus3,local_gate,0.8342354518891059,-0.0034739279045102878
0.7,policy::epeak0.9__topm__expected_mix0.25,local_gate,0.8563482288447505,0.018638849051134332
0.7,policy::epeak0.9__topm__expected_mix0.5,local_gate,0.8529531168509257,0.015243737057309525
0.7,policy::epeak0.9__topm__expected_mix0.75,local_gate,0.8501511405487538,0.012441760755137699
0.7,policy::epeak0.9__topm__expected_rejection,local_gate,0.844161675998023,0.006452296204406904
0.7,policy::epeak0.9__topm__h_tau0.8,local_gate,0.8167599340112724,-0.0209494457823437
0.7,policy::epeak0.9__topm__h_tau0.9,local_gate,0.8259894767315882,-0.01171990306202797
0.7,policy::epeak0.9__topm__h_tau1.1,local_gate,0.838002057553324,0.00029267775970787113
0.7,policy::epeak0.9__topm__h_tau1.25,local_gate,0.8348653181094625,-0.0028440616841536315
0.7,policy::epeak0.9__topm__original,local_gate,0.8340360547544334,-0.0036733250391827177
0.7,policy::epeak0.9__topm__power0.5,local_gate,0.8371862779434246,-0.0005231018501915541
0.7,policy::epeak0.9__topm__power0.75,local_gate,0.8384647826755778,0.000755402881961631
0.7,policy::epeak0.9__topm__power1.25,local_gate,0.8270172388431456,-0.010692140950470552
0.7,policy::epeak0.9__topm__power1.5,local_gate,0.8210585140677615,-0.016650865725854613
0.7,policy::epeak0.9__topm__uniform0.02,local_gate,0.8485416615485143,0.010832281754898143
0.7,policy::epeak0.9__topm__uniform0.05,local_gate,0.8517590708938727,0.014049691100256556
0.7,policy::epeak0.9__topm__uniform0.1,local_gate,0.8518964277142143,0.014187047920598106
0.7,policy::epeak0.9__topm__uniform0.2,local_gate,0.8472118812663096,0.009502501472693492
0.7,policy::floor0.25__full__accept_clip0.02,bounded_subtraction,0.8561628346612491,0.018453454867632946
0.7,policy::floor0.25__full__accept_clip0.05,bounded_subtraction,0.8568717102708451,0.019162330477228928
0.7,policy::floor0.25__full__accept_clip0.1,bounded_subtraction,0.8516703726415226,0.013960992847906417
0.7,policy::floor0.25__full__bonus1.25,bounded_subtraction,0.8358849964449722,-0.0018243833486439875
0.7,policy::floor0.25__full__bonus1.5,bounded_subtraction,0.836138367127185,-0.0015710126664311153
0.7,policy::floor0.25__full__bonus2,bounded_subtraction,0.8373091916977239,-0.0004001880958922621
0.7,policy::floor0.25__full__bonus3,bounded_subtraction,0.8373394654444029,-0.00036991434921329613
0.7,policy::floor0.25__full__expected_mix0.25,bounded_subtraction,0.8613093010405667,0.02359992124695054
0.7,policy::floor0.25__full__expected_mix0.5,bounded_subtraction,0.8566072984151869,0.018897918621570753
0.7,policy::floor0.25__full__expected_mix0.75,bounded_subtraction,0.8531551461359889,0.015445766342372713
0.7,policy::floor0.25__full__expected_rejection,bounded_subtraction,0.8464983436593617,0.00878896386574557
0.7,policy::floor0.25__full__h_tau0.8,bounded_subtraction,0.8199252259481675,-0.017784153845448625
0.7,policy::floor0.25__full__h_tau0.9,bounded_subtraction,0.8286878136899649,-0.009021566103651235
0.7,policy::floor0.25__full__h_tau1.1,bounded_subtraction,0.8385496802863374,0.0008403004927212132
0.7,policy::floor0.25__full__h_tau1.25,bounded_subtraction,0.8358678377508505,-0.0018415420427656537
0.7,policy::floor0.25__full__original,bounded_subtraction,0.8359973445674064,-0.0017120352262097738
0.7,policy::floor0.25__full__power0.5,bounded_subtraction,0.8345144076764914,-0.003194972117124717
0.7,policy::floor0.25__full__power0.75,bounded_subtraction,0.837718238122299,8.858328682803673e-06
0.7,policy::floor0.25__full__power1.25,bounded_subtraction,0.8304158168334591,-0.007293562960157041
0.7,policy::floor0.25__full__power1.5,bounded_subtraction,0.8217937521572556,-0.015915627636360563
0.7,policy::floor0.25__full__uniform0.02,bounded_subtraction,0.8553860905879369,0.01767671079432076
0.7,policy::floor0.25__full__uniform0.05,bounded_subtraction,0.8596271211609969,0.021917741367380783
0.7,policy::floor0.25__full__uniform0.1,bounded_subtraction,0.8570535446782999,0.019344164884683712
0.7,policy::floor0.25__full__uniform0.2,bounded_subtraction,0.8499735748579786,0.012264195064362493
0.7,policy::floor0.25__topm__accept_clip0.02,bounded_subtraction,0.855483705126614,0.01777432533299783
0.7,policy::floor0.25__topm__accept_clip0.05,bounded_subtraction,0.8541150746545174,0.016405694860901265
0.7,policy::floor0.25__topm__accept_clip0.1,bounded_subtraction,0.848772667089664,0.011063287296047886
0.7,policy::floor0.25__topm__bonus1.25,bounded_subtraction,0.835555874043613,-0.0021535057500031707
0.7,policy::floor0.25__topm__bonus1.5,bounded_subtraction,0.835332983723567,-0.002376396070049136
0.7,policy::floor0.25__topm__bonus2,bounded_subtraction,0.8358623117758307,-0.001847068017785447
0.7,policy::floor0.25__topm__bonus3,bounded_subtraction,0.8363417877901738,-0.001367592003442386
0.7,policy::floor0.25__topm__expected_mix0.25,bounded_subtraction,0.860203381885398,0.022494002091781873
0.7,policy::floor0.25__topm__expected_mix0.5,bounded_subtraction,0.8560359649761293,0.018326585182513178
0.7,policy::floor0.25__topm__expected_mix0.75,bounded_subtraction,0.852953036983678,0.015243657190061821
0.7,policy::floor0.25__topm__expected_rejection,bounded_subtraction,0.8463690690074381,0.008659689213821986
0.7,policy::floor0.25__topm__h_tau0.8,bounded_subtraction,0.8193454952141531,-0.01836388457946303
0.7,policy::floor0.25__topm__h_tau0.9,bounded_subtraction,0.8287507474214123,-0.008958632372203845
0.7,policy::floor0.25__topm__h_tau1.1,bounded_subtraction,0.8385175118269782,0.0008081320333620523
0.7,policy::floor0.25__topm__h_tau1.25,bounded_subtraction,0.8347364637931279,-0.0029729160004882127
0.7,policy::floor0.25__topm__original,bounded_subtraction,0.8352948843861625,-0.002414495407453643
0.7,policy::floor0.25__topm__power0.5,bounded_subtraction,0.8345506236268881,-0.003158756166728005
0.7,policy::floor0.25__topm__power0.75,bounded_subtraction,0.837453188112257,-0.0002561916813591525
0.7,policy::floor0.25__topm__power1.25,bounded_subtraction,0.8302847492149806,-0.007424630578635516
0.7,policy::floor0.25__topm__power1.5,bounded_subtraction,0.8213781092041039,-0.016331270589512226
0.7,policy::floor0.25__topm__uniform0.02,bounded_subtraction,0.8548997984344223,0.01719041864080617
0.7,policy::floor0.25__topm__uniform0.05,bounded_subtraction,0.8586398734709069,0.020930493677290718
0.7,policy::floor0.25__topm__uniform0.1,bounded_subtraction,0.8567313368186752,0.019021957025059044
0.7,policy::floor0.25__topm__uniform0.2,bounded_subtraction,0.8496856626880779,0.011976282894461732
0.7,policy::floor0.5__full__accept_clip0.02,bounded_subtraction,0.8580285734043331,0.02031919361071699
0.7,policy::floor0.5__full__accept_clip0.05,bounded_subtraction,0.8586161399883812,0.020906760194765006
0.7,policy::floor0.5__full__accept_clip0.1,bounded_subtraction,0.8551320438339125,0.017422664040296354
0.7,policy::floor0.5__full__bonus1.25,bounded_subtraction,0.8374642886649319,-0.000245091128684205
0.7,policy::floor0.5__full__bonus1.5,bounded_subtraction,0.8377472775347513,3.78977411351622e-05
0.7,policy::floor0.5__full__bonus2,bounded_subtraction,0.8380886308869866,0.0003792510933704474
0.7,policy::floor0.5__full__bonus3,bounded_subtraction,0.8387493631813815,0.001039983387765342
0.7,policy::floor0.5__full__expected_mix0.25,bounded_subtraction,0.8620505732023637,0.02434119340874752
0.7,policy::floor0.5__full__expected_mix0.5,bounded_subtraction,0.8573350173147721,0.01962563752115598
0.7,policy::floor0.5__full__expected_mix0.75,bounded_subtraction,0.8553081522671284,0.01759877247351227
0.7,policy::floor0.5__full__expected_rejection,bounded_subtraction,0.8488861559253622,0.011176776131746058
0.7,policy::floor0.5__full__h_tau0.8,bounded_subtraction,0.8199534080195993,-0.017755971774016888
0.7,policy::floor0.5__full__h_tau0.9,bounded_subtraction,0.8293031149888117,-0.008406264804804442
0.7,policy::floor0.5__full__h_tau1.1,bounded_subtraction,0.8404646023083882,0.0027552225147720044
0.7,policy::floor0.5__full__h_tau1.25,bounded_subtraction,0.8380505619403888,0.00034118214677270053
0.7,policy::floor0.5__full__original,bounded_subtraction,0.8374132034717306,-0.0002961763218854996
0.7,policy::floor0.5__full__power0.5,bounded_subtraction,0.8360959178083003,-0.0016134619853158672
0.7,policy::floor0.5__full__power0.75,bounded_subtraction,0.8394915191477922,0.0017821393541760377
0.7,policy::floor0.5__full__power1.25,bounded_subtraction,0.8307980808241906,-0.00691129896942555
0.7,policy::floor0.5__full__power1.5,bounded_subtraction,0.8220008191393692,-0.015708560654246972
0.7,policy::floor0.5__full__uniform0.02,bounded_subtraction,0.857145741298474,0.019436361504857835
0.7,policy::floor0.5__full__uniform0.05,bounded_subtraction,0.8608897597687365,0.023180379975120347
0.7,policy::floor0.5__full__uniform0.1,bounded_subtraction,0.8587807425099878,0.021071362716371667
0.7,policy::floor0.5__full__uniform0.2,bounded_subtraction,0.8534441726461582,0.01573479285254209
0.7,policy::floor0.5__topm__accept_clip0.02,bounded_subtraction,0.8581476019281182,0.020438222134502082
0.7,policy::floor0.5__topm__accept_clip0.05,bounded_subtraction,0.8578086631318043,0.020099283338188112
0.7,policy::floor0.5__topm__accept_clip0.1,bounded_subtraction,0.8536143035301527,0.015904923736536514
0.7,policy::floor0.5__topm__bonus1.25,bounded_subtraction,0.8373474214495769,-0.0003619583440392926
0.7,policy::floor0.5__topm__bonus1.5,bounded_subtraction,0.8377263828934713,1.7003099855195103e-05
0.7,policy::floor0.5__topm__bonus2,bounded_subtraction,0.8376400610882764,-6.931870533977147e-05
0.7,policy::floor0.5__topm__bonus3,bounded_subtraction,0.8382375517579974,0.0005281719643812632
0.7,policy::floor0.5__topm__expected_mix0.25,bounded_subtraction,0.8619289926693813,0.02421961287576513
0.7,policy::floor0.5__topm__expected_mix0.5,bounded_subtraction,0.857306602192323,0.01959722239870687
0.7,policy::floor0.5__topm__expected_mix0.75,bounded_subtraction,0.8555901736167018,0.017880793823085606
0.7,policy::floor0.5__topm__expected_rejection,bounded_subtraction,0.8486346481036605,0.010925268310044367
0.7,policy::floor0.5__topm__h_tau0.8,bounded_subtraction,0.8198547540559717,-0.017854625737644403
0.7,policy::floor0.5__topm__h_tau0.9,bounded_subtraction,0.8297501447291686,-0.007959235064447512
0.7,policy::floor0.5__topm__h_tau1.1,bounded_subtraction,0.8398381554890046,0.002128775695388496
0.7,policy::floor0.5__topm__h_tau1.25,bounded_subtraction,0.8368342273693125,-0.0008751524243036934
0.7,policy::floor0.5__topm__original,bounded_subtraction,0.8372363480509896,-0.000473031742626584
0.7,policy::floor0.5__topm__power0.5,bounded_subtraction,0.8357164332400381,-0.0019929465535780677
0.7,policy::floor0.5__topm__power0.75,bounded_subtraction,0.8396989854419462,0.0019896056483300617
0.7,policy::floor0.5__topm__power1.25,bounded_subtraction,0.8313661205557621,-0.00634325923785406
0.7,policy::floor0.5__topm__power1.5,bounded_subtraction,0.8216514570893176,-0.01605792270429851
0.7,policy::floor0.5__topm__uniform0.02,bounded_subtraction,0.856675618315355,0.018966238521738843
0.7,policy::floor0.5__topm__uniform0.05,bounded_subtraction,0.8597770925880316,0.02206771279441544
0.7,policy::floor0.5__topm__uniform0.1,bounded_subtraction,0.8586996125708077,0.020990232777191586
0.7,policy::floor0.5__topm__uniform0.2,bounded_subtraction,0.853044227498333,0.015334847704716825
0.7,policy::floor0.75__full__accept_clip0.02,bounded_subtraction,0.8585375469798873,0.020828167186271118
0.7,policy::floor0.75__full__accept_clip0.05,bounded_subtraction,0.8564169889546847,0.018707609161068506
0.7,policy::floor0.75__full__accept_clip0.1,bounded_subtraction,0.8537579999620207,0.01604862016840458
0.7,policy::floor0.75__full__bonus1.25,bounded_subtraction,0.8383045455914464,0.0005951657978302549
0.7,policy::floor0.75__full__bonus1.5,bounded_subtraction,0.8382156274356708,0.0005062476420546469
0.7,policy::floor0.75__full__bonus2,bounded_subtraction,0.8389725490612616,0.0012631692676454698
0.7,policy::floor0.75__full__bonus3,bounded_subtraction,0.8395340799935593,0.0018247001999431856
0.7,policy::floor0.75__full__expected_mix0.25,bounded_subtraction,0.8635456070949623,0.02583622730134616
0.7,policy::floor0.75__full__expected_mix0.5,bounded_subtraction,0.8591008689472777,0.021391489153661514
0.7,policy::floor0.75__full__expected_mix0.75,bounded_subtraction,0.8560586168655241,0.018349237071907942
0.7,policy::floor0.75__full__expected_rejection,bounded_subtraction,0.8494727597333911,0.011763379939774943
0.7,policy::floor0.75__full__h_tau0.8,bounded_subtraction,0.8212779501918003,-0.016431429601815872
0.7,policy::floor0.75__full__h_tau0.9,bounded_subtraction,0.8302798906888686,-0.0074294891047475
0.7,policy::floor0.75__full__h_tau1.1,bounded_subtraction,0.8412214346105229,0.003512054816906751
0.7,policy::floor0.75__full__h_tau1.25,bounded_subtraction,0.8387599448071447,0.001050565013528515
0.7,policy::floor0.75__full__original,bounded_subtraction,0.8373812802732439,-0.0003280995203722714
0.7,policy::floor0.75__full__power0.5,bounded_subtraction,0.8383560981900299,0.0006467183964137257
0.7,policy::floor0.75__full__power0.75,bounded_subtraction,0.8401804088899503,0.002471029096334121
0.7,policy::floor0.75__full__power1.25,bounded_subtraction,0.8314868545155807,-0.006222525278035462
0.7,policy::floor0.75__full__power1.5,bounded_subtraction,0.8225925257791485,-0.015116854014467607
0.7,policy::floor0.75__full__uniform0.02,bounded_subtraction,0.8569136726817163,0.019204292888100105
0.7,policy::floor0.75__full__uniform0.05,bounded_subtraction,0.8609213589181697,0.023211979124553528
0.7,policy::floor0.75__full__uniform0.1,bounded_subtraction,0.8609828664611622,0.02327348666754603
0.7,policy::floor0.75__full__uniform0.2,bounded_subtraction,0.8547768961127278,0.01706751631911163
0.7,policy::floor0.75__topm__accept_clip0.02,bounded_subtraction,0.8587594672617972,0.021050087468181045
0.7,policy::floor0.75__topm__accept_clip0.05,bounded_subtraction,0.8569166924942511,0.019207312700634915
0.7,policy::floor0.75__topm__accept_clip0.1,bounded_subtraction,0.853347264571672,0.015637884778055833
0.7,policy::floor0.75__topm__bonus1.25,bounded_subtraction,0.8386515757319482,0.0009421959383320022
0.7,policy::floor0.75__topm__bonus1.5,bounded_subtraction,0.8387814658313276,0.0010720860377114727
0.7,policy::floor0.75__topm__bonus2,bounded_subtraction,0.8388026227814166,0.0010932429878004468
0.7,policy::floor0.75__topm__bonus3,bounded_subtraction,0.8391978920585188,0.0014885122649026528
0.7,policy::floor0.75__topm__expected_mix0.25,bounded_subtraction,0.8633255071718277,0.025616127378211506
0.7,policy::floor0.75__topm__expected_mix0.5,bounded_subtraction,0.8592069624862209,0.02149758269260471
0.7,policy::floor0.75__topm__expected_mix0.75,bounded_subtraction,0.8545221968385629,0.01681281704494675
0.7,policy::floor0.75__topm__expected_rejection,bounded_subtraction,0.8466150174093813,0.008905637615765127
0.7,policy::floor0.75__topm__h_tau0.8,bounded_subtraction,0.818412463039877,-0.019296916753739124
0.7,policy::floor0.75__topm__h_tau0.9,bounded_subtraction,0.8300997428978367,-0.007609636895779426
0.7,policy::floor0.75__topm__h_tau1.1,bounded_subtraction,0.8422035910221553,0.004494211228539102
0.7,policy::floor0.75__topm__h_tau1.25,bounded_subtraction,0.8381678749481931,0.00045849515457696555
0.7,policy::floor0.75__topm__original,bounded_subtraction,0.8375167279017592,-0.00019265189185690978
0.7,policy::floor0.75__topm__power0.5,bounded_subtraction,0.8374981895838736,-0.0002111902097425844
0.7,policy::floor0.75__topm__power0.75,bounded_subtraction,0.8396497985667879,0.0019404187731717482
0.7,policy::floor0.75__topm__power1.25,bounded_subtraction,0.8316598614482267,-0.006049518345389471
0.7,policy::floor0.75__topm__power1.5,bounded_subtraction,0.8228995269617905,-0.014809852831825676
0.7,policy::floor0.75__topm__uniform0.02,bounded_subtraction,0.8577065942586185,0.019997214465002355
0.7,policy::floor0.75__topm__uniform0.05,bounded_subtraction,0.8599042770838662,0.022194897290250037
0.7,policy::floor0.75__topm__uniform0.1,bounded_subtraction,0.8594764923228914,0.021767112529275212
0.7,policy::floor0.75__topm__uniform0.2,bounded_subtraction,0.8544715046045332,0.0167621248109171
0.7,policy::floor0.9__full__accept_clip0.02,bounded_subtraction,0.8588554857577928,0.021146105964176654
0.7,policy::floor0.9__full__accept_clip0.05,bounded_subtraction,0.8560261941004672,0.01831681430685106
0.7,policy::floor0.9__full__accept_clip0.1,bounded_subtraction,0.8539992720283135,0.016289892234697345
0.7,policy::floor0.9__full__bonus1.25,bounded_subtraction,0.838368616550713,0.0006592367570968927
0.7,policy::floor0.9__full__bonus1.5,bounded_subtraction,0.8386965531445896,0.0009871733509734248
0.7,policy::floor0.9__full__bonus2,bounded_subtraction,0.8388403553984589,0.0011309756048427655
0.7,policy::floor0.9__full__bonus3,bounded_subtraction,0.839499871387206,0.0017904915935899046
0.7,policy::floor0.9__full__expected_mix0.25,bounded_subtraction,0.8636171711860097,0.02590779139239352
0.7,policy::floor0.9__full__expected_mix0.5,bounded_subtraction,0.8603431478331738,0.022633768039557634
0.7,policy::floor0.9__full__expected_mix0.75,bounded_subtraction,0.8572140863777906,0.01950470658417447
0.7,policy::floor0.9__full__expected_rejection,bounded_subtraction,0.8491103088951663,0.011400929101550106
0.7,policy::floor0.9__full__h_tau0.8,bounded_subtraction,0.8220648294852132,-0.01564455030840295
0.7,policy::floor0.9__full__h_tau0.9,bounded_subtraction,0.830928751741152,-0.006780628052464155
0.7,policy::floor0.9__full__h_tau1.1,bounded_subtraction,0.8426500818768643,0.00494070208324815
0.7,policy::floor0.9__full__h_tau1.25,bounded_subtraction,0.8393608748382307,0.0016514950446145926
0.7,policy::floor0.9__full__original,bounded_subtraction,0.8379975050290368,0.0002881252354206554
0.7,policy::floor0.9__full__power0.5,bounded_subtraction,0.8386612791171206,0.0009518993235044793
0.7,policy::floor0.9__full__power0.75,bounded_subtraction,0.8401214080497124,0.0024120282560962103
0.7,policy::floor0.9__full__power1.25,bounded_subtraction,0.8318145734540141,-0.005894806339602043
0.7,policy::floor0.9__full__power1.5,bounded_subtraction,0.8245312642991098,-0.013178115494506315
0.7,policy::floor0.9__full__uniform0.02,bounded_subtraction,0.8574893442708188,0.01977996447720265
0.7,policy::floor0.9__full__uniform0.05,bounded_subtraction,0.8612693108476228,0.023559931054006666
0.7,policy::floor0.9__full__uniform0.1,bounded_subtraction,0.8615161489235398,0.023806769129923633
0.7,policy::floor0.9__full__uniform0.2,bounded_subtraction,0.855075275596149,0.017365895802532894
0.7,policy::floor0.9__topm__accept_clip0.02,bounded_subtraction,0.8590938791872776,0.021384499393661494
0.7,policy::floor0.9__topm__accept_clip0.05,bounded_subtraction,0.8559981808848138,0.01828880109119768
0.7,policy::floor0.9__topm__accept_clip0.1,bounded_subtraction,0.8549937797852583,0.017284399991642108
0.7,policy::floor0.9__topm__bonus1.25,bounded_subtraction,0.8382055975458322,0.0004962177522160882
0.7,policy::floor0.9__topm__bonus1.5,bounded_subtraction,0.8385352648150738,0.0008258850214576396
0.7,policy::floor0.9__topm__bonus2,bounded_subtraction,0.8385172692436327,0.0008078894500165301
0.7,policy::floor0.9__topm__bonus3,bounded_subtraction,0.8392460244477068,0.0015366446540906464
0.7,policy::floor0.9__topm__expected_mix0.25,bounded_subtraction,0.863356476825831,0.025647097032214905
0.7,policy::floor0.9__topm__expected_mix0.5,bounded_subtraction,0.8596940264340558,0.021984646640439642
0.7,policy::floor0.9__topm__expected_mix0.75,bounded_subtraction,0.8556186174654943,0.01790923767187813
0.7,policy::floor0.9__topm__expected_rejection,bounded_subtraction,0.847694313971362,0.009984934177745819
0.7,policy::floor0.9__topm__h_tau0.8,bounded_subtraction,0.8207944173447355,-0.016914962448880688
0.7,policy::floor0.9__topm__h_tau0.9,bounded_subtraction,0.8312817583049916,-0.006427621488624524
0.7,policy::floor0.9__topm__h_tau1.1,bounded_subtraction,0.8421962435269535,0.004486863733337398
0.7,policy::floor0.9__topm__h_tau1.25,bounded_subtraction,0.838900699417419,0.0011913196238028112
0.7,policy::floor0.9__topm__original,bounded_subtraction,0.8376814339172312,-2.7945876384993795e-05
0.7,policy::floor0.9__topm__power0.5,bounded_subtraction,0.8378371123979055,0.0001277326042893323
0.7,policy::floor0.9__topm__power0.75,bounded_subtraction,0.8397606837326017,0.0020513039389855603
0.7,policy::floor0.9__topm__power1.25,bounded_subtraction,0.832334627030447,-0.005374752763169122
0.7,policy::floor0.9__topm__power1.5,bounded_subtraction,0.8248222421499172,-0.012887137643698976
0.7,policy::floor0.9__topm__uniform0.02,bounded_subtraction,0.8574151481145412,0.019705768320925077
0.7,policy::floor0.9__topm__uniform0.05,bounded_subtraction,0.8599503778130755,0.022240998019459335
0.7,policy::floor0.9__topm__uniform0.1,bounded_subtraction,0.8598977354040809,0.022188355610464727
0.7,policy::floor0.9__topm__uniform0.2,bounded_subtraction,0.8544247185533939,0.01671533875977771
0.7,policy::interval0.05__full__accept_clip0.02,rank_only,0.8166963374590664,-0.021013042334549703
0.7,policy::interval0.05__full__accept_clip0.05,rank_only,0.814724355905614,-0.022985023888002165
0.7,policy::interval0.05__full__accept_clip0.1,rank_only,0.8133260688467304,-0.024383310946885728
0.7,policy::interval0.05__full__bonus1.25,rank_only,0.8072711436792015,-0.030438236114414652
0.7,policy::interval0.05__full__bonus1.5,rank_only,0.8078499701836991,-0.029859409609917065
0.7,policy::interval0.05__full__bonus2,rank_only,0.8077462252406182,-0.029963154552997917
0.7,policy::interval0.05__full__bonus3,rank_only,0.8078414740003194,-0.02986790579329679
0.7,policy::interval0.05__full__expected_mix0.25,rank_only,0.8221853095959896,-0.015524070197626583
0.7,policy::interval0.05__full__expected_mix0.5,rank_only,0.8175644241942437,-0.02014495559937246
0.7,policy::interval0.05__full__expected_mix0.75,rank_only,0.814157896034769,-0.02355148375884719
0.7,policy::interval0.05__full__expected_rejection,rank_only,0.8067185549525047,-0.030990824841111486
0.7,policy::interval0.05__full__h_tau0.8,rank_only,0.7913985023819317,-0.04631087741168449
0.7,policy::interval0.05__full__h_tau0.9,rank_only,0.8013202035560838,-0.03638917623753235
0.7,policy::interval0.05__full__h_tau1.1,rank_only,0.8108711191127812,-0.026838260680834947
0.7,policy::interval0.05__full__h_tau1.25,rank_only,0.8091270413088056,-0.02858233848481051
0.7,policy::interval0.05__full__original,rank_only,0.8074979604636888,-0.030211419329927325
0.7,policy::interval0.05__full__power0.5,rank_only,0.8091530175020758,-0.02855636229154035
0.7,policy::interval0.05__full__power0.75,rank_only,0.8094041927125175,-0.028305187081098637
0.7,policy::interval0.05__full__power1.25,rank_only,0.800115193282636,-0.03759418651098012
0.7,policy::interval0.05__full__power1.5,rank_only,0.7941627886798138,-0.043546591113802324
0.7,policy::interval0.05__full__uniform0.02,rank_only,0.8184238624222797,-0.019285517371336436
0.7,policy::interval0.05__full__uniform0.05,rank_only,0.8208578383775349,-0.01685154141608125
0.7,policy::interval0.05__full__uniform0.1,rank_only,0.8211072275011986,-0.01660215229241757
0.7,policy::interval0.05__full__uniform0.2,rank_only,0.8161914642672893,-0.02151791552632687
0.7,policy::interval0.05__topm__accept_clip0.02,rank_only,0.8164756172652836,-0.021233762528332534
0.7,policy::interval0.05__topm__accept_clip0.05,rank_only,0.8149253756550372,-0.02278400413857895
0.7,policy::interval0.05__topm__accept_clip0.1,rank_only,0.8122163183969555,-0.025493061396660632
0.7,policy::interval0.05__topm__bonus1.25,rank_only,0.8072258501470096,-0.0304835296466065
0.7,policy::interval0.05__topm__bonus1.5,rank_only,0.8078672864193789,-0.029842093374237266
0.7,policy::interval0.05__topm__bonus2,rank_only,0.8074989174840781,-0.030210462309538055
0.7,policy::interval0.05__topm__bonus3,rank_only,0.8075899519528309,-0.03011942784078525
0.7,policy::interval0.05__topm__expected_mix0.25,rank_only,0.8227709952971265,-0.014938384496489654
0.7,policy::interval0.05__topm__expected_mix0.5,rank_only,0.8175156819079714,-0.020193697885644735
0.7,policy::interval0.05__topm__expected_mix0.75,rank_only,0.814209785081978,-0.023499594711638094
0.7,policy::interval0.05__topm__expected_rejection,rank_only,0.8059379713830488,-0.03177140841056736
0.7,policy::interval0.05__topm__h_tau0.8,rank_only,0.7902377799224019,-0.0474715998712143
0.7,policy::interval0.05__topm__h_tau0.9,rank_only,0.8009637673510789,-0.03674561244253727
0.7,policy::interval0.05__topm__h_tau1.1,rank_only,0.8104204620575675,-0.02728891773604869
0.7,policy::interval0.05__topm__h_tau1.25,rank_only,0.8087085165556127,-0.029000863238003438
0.7,policy::interval0.05__topm__original,rank_only,0.806508200127335,-0.03120117966628111
0.7,policy::interval0.05__topm__power0.5,rank_only,0.8090482662636327,-0.028661113529983462
0.7,policy::interval0.05__topm__power0.75,rank_only,0.8093549553463081,-0.02835442444730807
0.7,policy::interval0.05__topm__power1.25,rank_only,0.8000116730402645,-0.0376977067533516
0.7,policy::interval0.05__topm__power1.5,rank_only,0.7940585410472734,-0.04365083874634279
0.7,policy::interval0.05__topm__uniform0.02,rank_only,0.8177004775206189,-0.02000890227299723
0.7,policy::interval0.05__topm__uniform0.05,rank_only,0.8204422417934581,-0.017267138000158
0.7,policy::interval0.05__topm__uniform0.1,rank_only,0.8199124848295956,-0.017796894964020593
0.7,policy::interval0.05__topm__uniform0.2,rank_only,0.8161263093038154,-0.021583070489800793
0.7,policy::interval0.1__full__accept_clip0.02,rank_only,0.8225107499104044,-0.015198629883211745
0.7,policy::interval0.1__full__accept_clip0.05,rank_only,0.8205486013585591,-0.017160778435057034
0.7,policy::interval0.1__full__accept_clip0.1,rank_only,0.8191105735005553,-0.018598806293060877
0.7,policy::interval0.1__full__bonus1.25,rank_only,0.8129495818070719,-0.024759797986544263
0.7,policy::interval0.1__full__bonus1.5,rank_only,0.8135014173935783,-0.024207962400037863
0.7,policy::interval0.1__full__bonus2,rank_only,0.8137346941628699,-0.02397468563074623
0.7,policy::interval0.1__full__bonus3,rank_only,0.8134873765156562,-0.02422200327795998
0.7,policy::interval0.1__full__expected_mix0.25,rank_only,0.8283748894979157,-0.009334490295700437
0.7,policy::interval0.1__full__expected_mix0.5,rank_only,0.824593636169449,-0.01311574362416712
0.7,policy::interval0.1__full__expected_mix0.75,rank_only,0.819755317232079,-0.0179540625615372
0.7,policy::interval0.1__full__expected_rejection,rank_only,0.8141824762478742,-0.02352690354574194
0.7,policy::interval0.1__full__h_tau0.8,rank_only,0.7957172139028699,-0.04199216589074628
0.7,policy::interval0.1__full__h_tau0.9,rank_only,0.8054498643961658,-0.03225951539745031
0.7,policy::interval0.1__full__h_tau1.1,rank_only,0.8162723410455466,-0.02143703874806957
0.7,policy::interval0.1__full__h_tau1.25,rank_only,0.8139289614698282,-0.023780418323787966
0.7,policy::interval0.1__full__original,rank_only,0.8126485311991419,-0.025060848594474217
0.7,policy::interval0.1__full__power0.5,rank_only,0.8150755964614231,-0.022633783332193014
0.7,policy::interval0.1__full__power0.75,rank_only,0.8155700820096021,-0.022139297784014023
0.7,policy::interval0.1__full__power1.25,rank_only,0.8051184789437598,-0.032590900849856386
0.7,policy::interval0.1__full__power1.5,rank_only,0.7988092745054747,-0.03890010528814147
0.7,policy::interval0.1__full__uniform0.02,rank_only,0.8230733342819492,-0.014636045511666973
0.7,policy::interval0.1__full__uniform0.05,rank_only,0.8266125587922435,-0.011096821001372659
0.7,policy::interval0.1__full__uniform0.1,rank_only,0.8270456808251293,-0.010663698968486846
0.7,policy::interval0.1__full__uniform0.2,rank_only,0.8219699352299761,-0.01573944456364007
0.7,policy::interval0.1__topm__accept_clip0.02,rank_only,0.8222457043141066,-0.015463675479509553
0.7,policy::interval0.1__topm__accept_clip0.05,rank_only,0.8206858100433487,-0.01702356975026742
0.7,policy::interval0.1__topm__accept_clip0.1,rank_only,0.8180328226481238,-0.019676557145492324
0.7,policy::interval0.1__topm__bonus1.25,rank_only,0.8128595090681221,-0.02484987072549405
0.7,policy::interval0.1__topm__bonus1.5,rank_only,0.8134980487641311,-0.024211331029485028
0.7,policy::interval0.1__topm__bonus2,rank_only,0.8133216231708682,-0.024387756622747947
0.7,policy::interval0.1__topm__bonus3,rank_only,0.8131200766529612,-0.024589303140654994
0.7,policy::interval0.1__topm__expected_mix0.25,rank_only,0.8288466775401546,-0.00886270225346153
0.7,policy::interval0.1__topm__expected_mix0.5,rank_only,0.8241283453530641,-0.013581034440552031
0.7,policy::interval0.1__topm__expected_mix0.75,rank_only,0.8202094356811016,-0.017499944112514543
0.7,policy::interval0.1__topm__expected_rejection,rank_only,0.8134707922248978,-0.02423858756871833
0.7,policy::interval0.1__topm__h_tau0.8,rank_only,0.7945172310588882,-0.043192148734727986
0.7,policy::interval0.1__topm__h_tau0.9,rank_only,0.8052392983210104,-0.03247008147260577
0.7,policy::interval0.1__topm__h_tau1.1,rank_only,0.8157650026821425,-0.02194437711147368
0.7,policy::interval0.1__topm__h_tau1.25,rank_only,0.8135258181531828,-0.024183561640433338
0.7,policy::interval0.1__topm__original,rank_only,0.8124339401547853,-0.025275439638830832
0.7,policy::interval0.1__topm__power0.5,rank_only,0.8149594825119246,-0.022749897281691522
0.7,policy::interval0.1__topm__power0.75,rank_only,0.8155140262110341,-0.022195353582582067
0.7,policy::interval0.1__topm__power1.25,rank_only,0.804883949016602,-0.032825430777014164
0.7,policy::interval0.1__topm__power1.5,rank_only,0.7989142137918932,-0.03879516600172295
0.7,policy::interval0.1__topm__uniform0.02,rank_only,0.8230680482028014,-0.01464133159081471
0.7,policy::interval0.1__topm__uniform0.05,rank_only,0.8262027846036566,-0.011506595189959556
0.7,policy::interval0.1__topm__uniform0.1,rank_only,0.8257676386876677,-0.011941741105948478
0.7,policy::interval0.1__topm__uniform0.2,rank_only,0.8219611110684862,-0.01574826872512991
0.7,policy::interval0.25__full__accept_clip0.02,rank_only,0.8301442537080382,-0.007565126085577911
0.7,policy::interval0.25__full__accept_clip0.05,rank_only,0.8286559142228376,-0.009053465570778574
0.7,policy::interval0.25__full__accept_clip0.1,rank_only,0.8271060823626237,-0.01060329743099242
0.7,policy::interval0.25__full__bonus1.25,rank_only,0.8189951485926409,-0.018714231200975262
0.7,policy::interval0.25__full__bonus1.5,rank_only,0.819630861773943,-0.018078518019673195
0.7,policy::interval0.25__full__bonus2,rank_only,0.8195436580268092,-0.018165721766806975
0.7,policy::interval0.25__full__bonus3,rank_only,0.8196037644917626,-0.018105615301853506
0.7,policy::interval0.25__full__expected_mix0.25,rank_only,0.8367000422269034,-0.0010093375667127313
0.7,policy::interval0.25__full__expected_mix0.5,rank_only,0.8327142598279096,-0.004995119965706563
0.7,policy::interval0.25__full__expected_mix0.75,rank_only,0.8279517139165853,-0.009757665877030863
0.7,policy::interval0.25__full__expected_rejection,rank_only,0.8210945451365884,-0.016614834657027733
0.7,policy::interval0.25__full__h_tau0.8,rank_only,0.8011990517347174,-0.036510328058898756
0.7,policy::interval0.25__full__h_tau0.9,rank_only,0.8110153514171152,-0.026694028376500922
0.7,policy::interval0.25__full__h_tau1.1,rank_only,0.8216788032611627,-0.016030576532453433
0.7,policy::interval0.25__full__h_tau1.25,rank_only,0.819431785223141,-0.018277594570475175
0.7,policy::interval0.25__full__original,rank_only,0.8185539327073837,-0.019155447086232402
0.7,policy::interval0.25__full__power0.5,rank_only,0.8206868260294734,-0.017022553764142745
0.7,policy::interval0.25__full__power0.75,rank_only,0.8213758260067905,-0.01633355378682566
0.7,policy::interval0.25__full__power1.25,rank_only,0.8106763532282917,-0.02703302656532447
0.7,policy::interval0.25__full__power1.5,rank_only,0.8040693246179187,-0.03364005517569746
0.7,policy::interval0.25__full__uniform0.02,rank_only,0.8299034533237292,-0.007805926469886981
0.7,policy::interval0.25__full__uniform0.05,rank_only,0.8346164765798414,-0.003092903213774756
0.7,policy::interval0.25__full__uniform0.1,rank_only,0.834611153690191,-0.003098226103425139
0.7,policy::interval0.25__full__uniform0.2,rank_only,0.8298907973185963,-0.007818582475019875
0.7,policy::interval0.25__topm__accept_clip0.02,rank_only,0.8298578404631828,-0.007851539330433366
0.7,policy::interval0.25__topm__accept_clip0.05,rank_only,0.8287929557385181,-0.008916424055098071
0.7,policy::interval0.25__topm__accept_clip0.1,rank_only,0.8261835658158787,-0.011525813977737442
0.7,policy::interval0.25__topm__bonus1.25,rank_only,0.8188673153661005,-0.01884206442751568
0.7,policy::interval0.25__topm__bonus1.5,rank_only,0.8195333685809403,-0.01817601121267587
0.7,policy::interval0.25__topm__bonus2,rank_only,0.8191673506260676,-0.018542029167548546
0.7,policy::interval0.25__topm__bonus3,rank_only,0.8192724683349539,-0.01843691145866222
0.7,policy::interval0.25__topm__expected_mix0.25,rank_only,0.8371441752225379,-0.0005652045710782261
0.7,policy::interval0.25__topm__expected_mix0.5,rank_only,0.832496049806716,-0.0052133299869001615
0.7,policy::interval0.25__topm__expected_mix0.75,rank_only,0.828671523886408,-0.009037855907208181
0.7,policy::interval0.25__topm__expected_rejection,rank_only,0.8206084790282335,-0.01710090076538262
0.7,policy::interval0.25__topm__h_tau0.8,rank_only,0.7998832719614357,-0.03782610783218043
0.7,policy::interval0.25__topm__h_tau0.9,rank_only,0.8106567684614792,-0.02705261133213699
0.7,policy::interval0.25__topm__h_tau1.1,rank_only,0.8211784403673644,-0.016530939426251723
0.7,policy::interval0.25__topm__h_tau1.25,rank_only,0.8191101212515304,-0.018599258542085773
0.7,policy::interval0.25__topm__original,rank_only,0.8182870126658778,-0.01942236712773837
0.7,policy::interval0.25__topm__power0.5,rank_only,0.8203142727166302,-0.017395107076985994
0.7,policy::interval0.25__topm__power0.75,rank_only,0.8212874189523522,-0.016421960841263905
0.7,policy::interval0.25__topm__power1.25,rank_only,0.810613104256354,-0.027096275537262127
0.7,policy::interval0.25__topm__power1.5,rank_only,0.8039712494217139,-0.03373813037190221
0.7,policy::interval0.25__topm__uniform0.02,rank_only,0.8298244762813796,-0.007884903512236585
0.7,policy::interval0.25__topm__uniform0.05,rank_only,0.8342936974376356,-0.003415682355980554
0.7,policy::interval0.25__topm__uniform0.1,rank_only,0.8333777487510319,-0.004331631042584272
0.7,policy::interval0.25__topm__uniform0.2,rank_only,0.8297833165434129,-0.007926063250203286
0.7,policy::interval0.5__full__accept_clip0.02,rank_only,0.8326908381853139,-0.005018541608302285
0.7,policy::interval0.5__full__accept_clip0.05,rank_only,0.8310870820267656,-0.006622297766850527
0.7,policy::interval0.5__full__accept_clip0.1,rank_only,0.8301612914259089,-0.007548088367707262
0.7,policy::interval0.5__full__bonus1.25,rank_only,0.8214025709293851,-0.01630680886423108
0.7,policy::interval0.5__full__bonus1.5,rank_only,0.8220440059615823,-0.015665373832033813
0.7,policy::interval0.5__full__bonus2,rank_only,0.8220718208942963,-0.015637558899319837
0.7,policy::interval0.5__full__bonus3,rank_only,0.822130151040734,-0.015579228752882202
0.7,policy::interval0.5__full__expected_mix0.25,rank_only,0.8395085212119505,0.0017991414183343712
0.7,policy::interval0.5__full__expected_mix0.5,rank_only,0.835403014409942,-0.002306365383674125
0.7,policy::interval0.5__full__expected_mix0.75,rank_only,0.8312746349248951,-0.006434744868721087
0.7,policy::interval0.5__full__expected_rejection,rank_only,0.8243331564517267,-0.013376223341889482
0.7,policy::interval0.5__full__h_tau0.8,rank_only,0.803784804121848,-0.0339245756717681
0.7,policy::interval0.5__full__h_tau0.9,rank_only,0.8134195641896531,-0.02428981560396304
0.7,policy::interval0.5__full__h_tau1.1,rank_only,0.8241931378866112,-0.013516241907004956
0.7,policy::interval0.5__full__h_tau1.25,rank_only,0.8221104645061977,-0.015598915287418413
0.7,policy::interval0.5__full__original,rank_only,0.8210001332299525,-0.016709246563663682
0.7,policy::interval0.5__full__power0.5,rank_only,0.8234668624235052,-0.014242517370110952
0.7,policy::interval0.5__full__power0.75,rank_only,0.8241033830338507,-0.013605996759765482
0.7,policy::interval0.5__full__power1.25,rank_only,0.813102270275084,-0.024607109518532178
0.7,policy::interval0.5__full__power1.5,rank_only,0.8065367988105734,-0.031172580983042764
0.7,policy::interval0.5__full__uniform0.02,rank_only,0.8313286940862414,-0.006380685707374711
0.7,policy::interval0.5__full__uniform0.05,rank_only,0.8359333518566955,-0.0017760279369206655
0.7,policy::interval0.5__full__uniform0.1,rank_only,0.8373230944073964,-0.0003862853862197646
0.7,policy::interval0.5__full__uniform0.2,rank_only,0.8325214777671728,-0.0051879020264433695
0.7,policy::interval0.5__topm__accept_clip0.02,rank_only,0.8324888137137879,-0.005220566079828237
0.7,policy::interval0.5__topm__accept_clip0.05,rank_only,0.8312766534850741,-0.0064327263085420805
0.7,policy::interval0.5__topm__accept_clip0.1,rank_only,0.8292063299570142,-0.008503049836601995
0.7,policy::interval0.5__topm__bonus1.25,rank_only,0.8214361679768585,-0.01627321181675767
0.7,policy::interval0.5__topm__bonus1.5,rank_only,0.8220672299739624,-0.015642149819653728
0.7,policy::interval0.5__topm__bonus2,rank_only,0.8218139540217494,-0.015895425771866756
0.7,policy::interval0.5__topm__bonus3,rank_only,0.8219626336641617,-0.01574674612945448
0.7,policy::interval0.5__topm__expected_mix0.25,rank_only,0.8397486228692681,0.002039243075651953
0.7,policy::interval0.5__topm__expected_mix0.5,rank_only,0.8351378432753738,-0.002571536518242379
0.7,policy::interval0.5__topm__expected_mix0.75,rank_only,0.8320422924272937,-0.0056670873663224874
0.7,policy::interval0.5__topm__expected_rejection,rank_only,0.8238200747609175,-0.013889305032698696
0.7,policy::interval0.5__topm__h_tau0.8,rank_only,0.8025195409275203,-0.035189838866095835
0.7,policy::interval0.5__topm__h_tau0.9,rank_only,0.8131514391883574,-0.024557940605258732
0.7,policy::interval0.5__topm__h_tau1.1,rank_only,0.8236904240428159,-0.014018955750800255
0.7,policy::interval0.5__topm__h_tau1.25,rank_only,0.8217132398797158,-0.015996139913900365
0.7,policy::interval0.5__topm__original,rank_only,0.820984844694477,-0.01672453509913918
0.7,policy::interval0.5__topm__power0.5,rank_only,0.8226101304552088,-0.015099249338407339
0.7,policy::interval0.5__topm__power0.75,rank_only,0.8239904460634502,-0.013718933730165972
0.7,policy::interval0.5__topm__power1.25,rank_only,0.8131012592300781,-0.024608120563538005
0.7,policy::interval0.5__topm__power1.5,rank_only,0.8064479996860625,-0.03126138010755364
0.7,policy::interval0.5__topm__uniform0.02,rank_only,0.8324464283256148,-0.005262951468001376
0.7,policy::interval0.5__topm__uniform0.05,rank_only,0.835632515508085,-0.0020768642855311104
0.7,policy::interval0.5__topm__uniform0.1,rank_only,0.8360279199487494,-0.001681459844866784
0.7,policy::interval0.5__topm__uniform0.2,rank_only,0.8323775424145186,-0.005331837379097593
0.7,policy::interval0.75__full__accept_clip0.02,rank_only,0.8392029810707891,0.0014936012771729068
0.7,policy::interval0.75__full__accept_clip0.05,rank_only,0.8369179831593371,-0.0007913966342790735
0.7,policy::interval0.75__full__accept_clip0.1,rank_only,0.8354849239110306,-0.0022244558825855743
0.7,policy::interval0.75__full__bonus1.25,rank_only,0.8263434723872292,-0.011365907406386988
0.7,policy::interval0.75__full__bonus1.5,rank_only,0.8269210611666586,-0.010788318626957505
0.7,policy::interval0.75__full__bonus2,rank_only,0.8268223789510878,-0.01088700084252836
0.7,policy::interval0.75__full__bonus3,rank_only,0.8266915671781143,-0.011017812615501832
0.7,policy::interval0.75__full__expected_mix0.25,rank_only,0.8439918370496898,0.006282457256073681
0.7,policy::interval0.75__full__expected_mix0.5,rank_only,0.8401574032792,0.0024480234855838168
0.7,policy::interval0.75__full__expected_mix0.75,rank_only,0.8373475166113533,-0.00036186318226283376
0.7,policy::interval0.75__full__expected_rejection,rank_only,0.8311348188088359,-0.006574560984780264
0.7,policy::interval0.75__full__h_tau0.8,rank_only,0.8092108413588551,-0.028498538434761023
0.7,policy::interval0.75__full__h_tau0.9,rank_only,0.8183308648932559,-0.019378514900360244
0.7,policy::interval0.75__full__h_tau1.1,rank_only,0.8294701203913039,-0.008239259402312293
0.7,policy::interval0.75__full__h_tau1.25,rank_only,0.8268849792164492,-0.010824400577166937
0.7,policy::interval0.75__full__original,rank_only,0.8259412734649125,-0.01176810632870362
0.7,policy::interval0.75__full__power0.5,rank_only,0.8280418109412593,-0.009667568852356867
0.7,policy::interval0.75__full__power0.75,rank_only,0.8285892489116248,-0.009120130881991373
0.7,policy::interval0.75__full__power1.25,rank_only,0.8181697419045935,-0.019539637889022687
0.7,policy::interval0.75__full__power1.5,rank_only,0.8125876050819553,-0.025121774711660882
0.7,policy::interval0.75__full__uniform0.02,rank_only,0.8383871164777172,0.0006777366841010934
0.7,policy::interval0.75__full__uniform0.05,rank_only,0.8418059191286166,0.0040965393350004264
0.7,policy::interval0.75__full__uniform0.1,rank_only,0.8426743865378123,0.004965006744196199
0.7,policy::interval0.75__full__uniform0.2,rank_only,0.8367444474847098,-0.0009649323089063744
0.7,policy::interval0.75__topm__accept_clip0.02,rank_only,0.8389860109980626,0.0012766312044464323
0.7,policy::interval0.75__topm__accept_clip0.05,rank_only,0.8372116668025352,-0.000497712991080923
0.7,policy::interval0.75__topm__accept_clip0.1,rank_only,0.8346458561292569,-0.0030635236643592467
0.7,policy::interval0.75__topm__bonus1.25,rank_only,0.8262376178986192,-0.01147176189499699
0.7,policy::interval0.75__topm__bonus1.5,rank_only,0.8268583649506749,-0.010851014842941265
0.7,policy::interval0.75__topm__bonus2,rank_only,0.8264650093789729,-0.011244370414643212
0.7,policy::interval0.75__topm__bonus3,rank_only,0.8265396111567702,-0.011169768636845934
0.7,policy::interval0.75__topm__expected_mix0.25,rank_only,0.843699512744821,0.005990132951204874
0.7,policy::interval0.75__topm__expected_mix0.5,rank_only,0.840009739751852,0.0023003599582358536
0.7,policy::interval0.75__topm__expected_mix0.75,rank_only,0.8381184770375592,0.00040909724394300184
0.7,policy::interval0.75__topm__expected_rejection,rank_only,0.8305753958465139,-0.007133983947102296
0.7,policy::interval0.75__topm__h_tau0.8,rank_only,0.8079000954793847,-0.029809284314231466
0.7,policy::interval0.75__topm__h_tau0.9,rank_only,0.8180358952584873,-0.01967348453512885
0.7,policy::interval0.75__topm__h_tau1.1,rank_only,0.8289947127850347,-0.008714667008581478
0.7,policy::interval0.75__topm__h_tau1.25,rank_only,0.826997975464866,-0.010711404328750174
0.7,policy::interval0.75__topm__original,rank_only,0.8258728004901363,-0.01183657930347981
0.7,policy::interval0.75__topm__power0.5,rank_only,0.8278018165216537,-0.009907563271962405
0.7,policy::interval0.75__topm__power0.75,rank_only,0.8283008052373821,-0.009408574556234006
0.7,policy::interval0.75__topm__power1.25,rank_only,0.8186682328978523,-0.01904114689576386
0.7,policy::interval0.75__topm__power1.5,rank_only,0.8125210274092051,-0.025188352384411083
0.7,policy::interval0.75__topm__uniform0.02,rank_only,0.8393510338251525,0.001641654031536377
0.7,policy::interval0.75__topm__uniform0.05,rank_only,0.8415027952164703,0.0037934154228541628
0.7,policy::interval0.75__topm__uniform0.1,rank_only,0.841431955637853,0.003722575844236853
0.7,policy::interval0.75__topm__uniform0.2,rank_only,0.8364646794852267,-0.0012447003083894126
0.7,policy::interval0__full__accept_clip0.02,rank_only,0.8137048524926701,-0.024004527300946044
0.7,policy::interval0__full__accept_clip0.05,rank_only,0.8118097172381431,-0.025899662555473046
0.7,policy::interval0__full__accept_clip0.1,rank_only,0.8108710578576571,-0.02683832193595903
0.7,policy::interval0__full__bonus1.25,rank_only,0.8041463087674444,-0.03356307102617173
0.7,policy::interval0__full__bonus1.5,rank_only,0.8046310425789408,-0.033078337214675346
0.7,policy::interval0__full__bonus2,rank_only,0.8049105386791952,-0.032798841114420996
0.7,policy::interval0__full__bonus3,rank_only,0.8048793160990888,-0.032830063694527345
0.7,policy::interval0__full__expected_mix0.25,rank_only,0.8192145073418289,-0.01849487245178727
0.7,policy::interval0__full__expected_mix0.5,rank_only,0.8156440340907002,-0.02206534570291596
0.7,policy::interval0__full__expected_mix0.75,rank_only,0.8125531617533709,-0.02515621804024526
0.7,policy::interval0__full__expected_rejection,rank_only,0.8061812865147229,-0.03152809327889328
0.7,policy::interval0__full__h_tau0.8,rank_only,0.7876248871236713,-0.05008449266994486
0.7,policy::interval0__full__h_tau0.9,rank_only,0.7974531669632466,-0.04025621283036951
0.7,policy::interval0__full__h_tau1.1,rank_only,0.8083470966770796,-0.029362283116536547
0.7,policy::interval0__full__h_tau1.25,rank_only,0.8063379062001051,-0.031371473593511
0.7,policy::interval0__full__original,rank_only,0.80371901062546,-0.03399036916815612
0.7,policy::interval0__full__power0.5,rank_only,0.8066043172264786,-0.03110506256713752
0.7,policy::interval0__full__power0.75,rank_only,0.8066733797343972,-0.031036000059218916
0.7,policy::interval0__full__power1.25,rank_only,0.7966916547280185,-0.04101772506559764
0.7,policy::interval0__full__power1.5,rank_only,0.7903284498146635,-0.0473809299789526
0.7,policy::interval0__full__uniform0.02,rank_only,0.813811060262792,-0.023898319530824108
0.7,policy::interval0__full__uniform0.05,rank_only,0.817696084131753,-0.020013295661863162
0.7,policy::interval0__full__uniform0.1,rank_only,0.8177049774953807,-0.020004402298235413
0.7,policy::interval0__full__uniform0.2,rank_only,0.8129258643941806,-0.024783515399435574
0.7,policy::interval0__topm__accept_clip0.02,rank_only,0.8134449812459981,-0.024264398547618082
0.7,policy::interval0__topm__accept_clip0.05,rank_only,0.8120433054216103,-0.025666074372005854
0.7,policy::interval0__topm__accept_clip0.1,rank_only,0.8097925572235752,-0.02791682257004091
0.7,policy::interval0__topm__bonus1.25,rank_only,0.8041422762799759,-0.03356710351364023
0.7,policy::interval0__topm__bonus1.5,rank_only,0.8046316147752733,-0.03307776501834281
0.7,policy::interval0__topm__bonus2,rank_only,0.8046337382665432,-0.033075641527072985
0.7,policy::interval0__topm__bonus3,rank_only,0.8047345183150876,-0.03297486147852857
0.7,policy::interval0__topm__expected_mix0.25,rank_only,0.8197277262355287,-0.01798165355808745
0.7,policy::interval0__topm__expected_mix0.5,rank_only,0.8156109984927965,-0.022098381300819647
0.7,policy::interval0__topm__expected_mix0.75,rank_only,0.8128838769583802,-0.02482550283523599
0.7,policy::interval0__topm__expected_rejection,rank_only,0.8055844376831763,-0.032124942110439814
0.7,policy::interval0__topm__h_tau0.8,rank_only,0.7864179378614944,-0.05129144193212176
0.7,policy::interval0__topm__h_tau0.9,rank_only,0.797079981537361,-0.04062939825625511
0.7,policy::interval0__topm__h_tau1.1,rank_only,0.8078947287250177,-0.029814651068598486
0.7,policy::interval0__topm__h_tau1.25,rank_only,0.8059271764406332,-0.031782203352982985
0.7,policy::interval0__topm__original,rank_only,0.8035478216404558,-0.034161558153160354
0.7,policy::interval0__topm__power0.5,rank_only,0.8065546993218422,-0.031154680471773943
0.7,policy::interval0__topm__power0.75,rank_only,0.8066622797880741,-0.031047100005542005
0.7,policy::interval0__topm__power1.25,rank_only,0.7969114673237364,-0.04079791246987974
0.7,policy::interval0__topm__power1.5,rank_only,0.7903571688876081,-0.04735221090600805
0.7,policy::interval0__topm__uniform0.02,rank_only,0.8138170028425169,-0.023892376951099248
0.7,policy::interval0__topm__uniform0.05,rank_only,0.8172543571597044,-0.020455022633911746
0.7,policy::interval0__topm__uniform0.1,rank_only,0.8165611772423158,-0.021148202551300344
0.7,policy::interval0__topm__uniform0.2,rank_only,0.8129554982793284,-0.0247538815142877
0.7,policy::interval1__full__accept_clip0.02,rank_only,0.8587719372572875,0.02106255746367136
0.7,policy::interval1__full__accept_clip0.05,rank_only,0.8580716336537048,0.02036225386008861
0.7,policy::interval1__full__accept_clip0.1,rank_only,0.8582469389585949,0.02053755916497879
0.7,policy::interval1__full__bonus1.25,rank_only,0.8381638790335353,0.0004544992399191372
0.7,policy::interval1__full__bonus1.5,rank_only,0.8386603483153425,0.0009509685217263808
0.7,policy::interval1__full__bonus2,rank_only,0.8384882754783031,0.0007788956846869199
0.7,policy::interval1__full__bonus3,rank_only,0.8383795342829556,0.0006701544893394917
0.7,policy::interval1__full__expected_mix0.25,rank_only,0.86532165969061,0.027612279896993885
0.7,policy::interval1__full__expected_mix0.5,rank_only,0.862232198232716,0.02452281843909987
0.7,policy::interval1__full__expected_mix0.75,rank_only,0.8591460511852868,0.021436671391670603
0.7,policy::interval1__full__expected_rejection,rank_only,0.8515288760503594,0.01381949625674328
0.7,policy::interval1__full__h_tau0.8,rank_only,0.8220501169996692,-0.015659262793946915
0.7,policy::interval1__full__h_tau0.9,rank_only,0.8311280898486009,-0.006581289945015278
0.7,policy::interval1__full__h_tau1.1,rank_only,0.8424703168139333,0.004760937020317102
0.7,policy::interval1__full__h_tau1.25,rank_only,0.8393703914843424,0.0016610116907262995
0.7,policy::interval1__full__original,rank_only,0.8378120760989785,0.00010269630536230423
0.7,policy::interval1__full__power0.5,rank_only,0.8393285412239899,0.0016191614303737722
0.7,policy::interval1__full__power0.75,rank_only,0.840217615240399,0.0025082354467828027
0.7,policy::interval1__full__power1.25,rank_only,0.8312562432092839,-0.00645313658433222
0.7,policy::interval1__full__power1.5,rank_only,0.8250107944072061,-0.01269858538641
0.7,policy::interval1__full__uniform0.02,rank_only,0.8562590793153764,0.01854969952176022
0.7,policy::interval1__full__uniform0.05,rank_only,0.8612922672407757,0.02358288744715953
0.7,policy::interval1__full__uniform0.1,rank_only,0.8608688565389027,0.02315947674528651
0.7,policy::interval1__full__uniform0.2,rank_only,0.8547605517908577,0.0170511719972416
0.7,policy::interval1__topm__accept_clip0.02,rank_only,0.860176812165089,0.022467432371472862
0.7,policy::interval1__topm__accept_clip0.05,rank_only,0.85829871938787,0.020589339594253797
0.7,policy::interval1__topm__accept_clip0.1,rank_only,0.8569883283350441,0.019278948541427976
0.7,policy::interval1__topm__bonus1.25,rank_only,0.8380841652382583,0.00037478544464220054
0.7,policy::interval1__topm__bonus1.5,rank_only,0.8385897913411615,0.0008804115475453678
0.7,policy::interval1__topm__bonus2,rank_only,0.8382622399773751,0.0005528601837589964
0.7,policy::interval1__topm__bonus3,rank_only,0.8382186542518872,0.0005092744582710917
0.7,policy::interval1__topm__expected_mix0.25,rank_only,0.8649925009329144,0.027283121139298205
0.7,policy::interval1__topm__expected_mix0.5,rank_only,0.8618029386487449,0.02409355885512876
0.7,policy::interval1__topm__expected_mix0.75,rank_only,0.8593986167342196,0.02168923694060343
0.7,policy::interval1__topm__expected_rejection,rank_only,0.850714140202955,0.013004760409338845
0.7,policy::interval1__topm__h_tau0.8,rank_only,0.8208084160819066,-0.01690096371170957
0.7,policy::interval1__topm__h_tau0.9,rank_only,0.8309918773742662,-0.0067175024193499855
0.7,policy::interval1__topm__h_tau1.1,rank_only,0.8417688990849762,0.004059519291360059
0.7,policy::interval1__topm__h_tau1.25,rank_only,0.8401212321634576,0.0024118523698414274
0.7,policy::interval1__topm__original,rank_only,0.8377093797936161,0.0
0.7,policy::interval1__topm__power0.5,rank_only,0.8401585327900091,0.0024491529963929226
0.7,policy::interval1__topm__power0.75,rank_only,0.8416230688336861,0.003913689040069945
0.7,policy::interval1__topm__power1.25,rank_only,0.8316785568459208,-0.006030822947695302
0.7,policy::interval1__topm__power1.5,rank_only,0.8250625574108531,-0.012646822382763045
0.7,policy::interval1__topm__uniform0.02,rank_only,0.8572883097318476,0.019578929938231404
0.7,policy::interval1__topm__uniform0.05,rank_only,0.85996010942778,0.022250729634163857
0.7,policy::interval1__topm__uniform0.1,rank_only,0.8601533742665246,0.022443994472908457
0.7,policy::interval1__topm__uniform0.2,rank_only,0.854376126730368,0.016666746936751853
0.7,policy::keep12__full__accept_clip0.02,rank_only,0.8582472517574203,0.02053787196380419
0.7,policy::keep12__full__accept_clip0.05,rank_only,0.8576724252449047,0.019963045451288575
0.7,policy::keep12__full__accept_clip0.1,rank_only,0.8581324548213248,0.02042307502770868
0.7,policy::keep12__full__bonus1.25,rank_only,0.837565423080931,-0.00014395671268518928
0.7,policy::keep12__full__bonus1.5,rank_only,0.8380618919902092,0.00035251219659304667
0.7,policy::keep12__full__bonus2,rank_only,0.8379031699664687,0.0001937901728525926
0.7,policy::keep12__full__bonus3,rank_only,0.8378013233928608,9.194359924469264e-05
0.7,policy::keep12__full__expected_mix0.25,rank_only,0.8648706171841474,0.027161237390531223
0.7,policy::keep12__full__expected_mix0.5,rank_only,0.8619334934747065,0.024224113681090342
0.7,policy::keep12__full__expected_mix0.75,rank_only,0.8591599734726314,0.02145059367901525
0.7,policy::keep12__full__expected_rejection,rank_only,0.8515079840619594,0.013798604268343229
0.7,policy::keep12__full__h_tau0.8,rank_only,0.82144598192804,-0.01626339786557618
0.7,policy::keep12__full__h_tau0.9,rank_only,0.8304691836998321,-0.007240196093784013
0.7,policy::keep12__full__h_tau1.1,rank_only,0.8419332997839816,0.004223919990365421
0.7,policy::keep12__full__h_tau1.25,rank_only,0.8387961308731648,0.0010867510795486979
0.7,policy::keep12__full__original,rank_only,0.8372076628262191,-0.0005017169673970923
0.7,policy::keep12__full__power0.5,rank_only,0.8386909981175237,0.0009816183239075293
0.7,policy::keep12__full__power0.75,rank_only,0.8396205364284506,0.0019111566348344322
0.7,policy::keep12__full__power1.25,rank_only,0.8307354928572883,-0.006973886936327833
0.7,policy::keep12__full__power1.5,rank_only,0.8245276212327651,-0.01318175856085102
0.7,policy::keep12__full__uniform0.02,rank_only,0.8557137194979946,0.018004339704378425
0.7,policy::keep12__full__uniform0.05,rank_only,0.8607669748721002,0.02305759507848404
0.7,policy::keep12__full__uniform0.1,rank_only,0.8605498361862978,0.02284045639268162
0.7,policy::keep12__full__uniform0.2,rank_only,0.8547605517908577,0.0170511719972416
0.7,policy::keep12__topm__accept_clip0.02,rank_only,0.8596420068196912,0.021932627026075013
0.7,policy::keep12__topm__accept_clip0.05,rank_only,0.8578855928529507,0.02017621305933459
0.7,policy::keep12__topm__accept_clip0.1,rank_only,0.856882055821964,0.019172676028347824
0.7,policy::keep12__topm__bonus1.25,rank_only,0.8374769776882592,-0.0002324021053569103
0.7,policy::keep12__topm__bonus1.5,rank_only,0.8379874793127092,0.00027809951909307795
0.7,policy::keep12__topm__bonus2,rank_only,0.837677504638404,-3.1875155212190975e-05
0.7,policy::keep12__topm__bonus3,rank_only,0.8376362908511428,-7.308894247337605e-05
0.7,policy::keep12__topm__expected_mix0.25,rank_only,0.864527408550209,0.026818028756592893
0.7,policy::keep12__topm__expected_mix0.5,rank_only,0.861500922859882,0.023791543066265852
0.7,policy::keep12__topm__expected_mix0.75,rank_only,0.8591597461141882,0.021450366320572067
0.7,policy::keep12__topm__expected_rejection,rank_only,0.8506991591665378,0.012989779372921673
0.7,policy::keep12__topm__h_tau0.8,rank_only,0.8202637180879965,-0.017445661705619675
0.7,policy::keep12__topm__h_tau0.9,rank_only,0.830324269473807,-0.007385110319809152
0.7,policy::keep12__topm__h_tau1.1,rank_only,0.841222339000757,0.0035129592071408977
0.7,policy::keep12__topm__h_tau1.25,rank_only,0.8395724186878828,0.0018630388942666443
0.7,policy::keep12__topm__original,rank_only,0.8370958892630884,-0.0006134905305277272
0.7,policy::keep12__topm__power0.5,rank_only,0.8394561342858717,0.0017467544922555867
0.7,policy::keep12__topm__power0.75,rank_only,0.8410536598531448,0.0033442800595286926
0.7,policy::keep12__topm__power1.25,rank_only,0.8311606015256146,-0.006548778268001598
0.7,policy::keep12__topm__power1.5,rank_only,0.8245806363889999,-0.013128743404616228
0.7,policy::keep12__topm__uniform0.02,rank_only,0.8566770100220313,0.01896763022841519
0.7,policy::keep12__topm__uniform0.05,rank_only,0.8593678786455871,0.02165849885197091
0.7,policy::keep12__topm__uniform0.1,rank_only,0.859826995670374,0.022117615876757868
0.7,policy::keep12__topm__uniform0.2,rank_only,0.8543844052030036,0.01667502540938748
0.7,policy::keep1__full__accept_clip0.02,rank_only,0.8306873858078776,-0.0070219939857385505
0.7,policy::keep1__full__accept_clip0.05,rank_only,0.8294475167107158,-0.008261863082900334
0.7,policy::keep1__full__accept_clip0.1,rank_only,0.8290420707370095,-0.00866730905660662
0.7,policy::keep1__full__bonus1.25,rank_only,0.8102100580715217,-0.02749932172209446
0.7,policy::keep1__full__bonus1.5,rank_only,0.8107650885929043,-0.026944291200711845
0.7,policy::keep1__full__bonus2,rank_only,0.8106765800211657,-0.027032799772450433
0.7,policy::keep1__full__bonus3,rank_only,0.8106007673031139,-0.027108612490502226
0.7,policy::keep1__full__expected_mix0.25,rank_only,0.8364146772612476,-0.001294702532368519
0.7,policy::keep1__full__expected_mix0.5,rank_only,0.8333613838430372,-0.004347995950578998
0.7,policy::keep1__full__expected_mix0.75,rank_only,0.831171331816131,-0.00653804797748514
0.7,policy::keep1__full__expected_rejection,rank_only,0.8237508019209943,-0.013958577872621891
0.7,policy::keep1__full__h_tau0.8,rank_only,0.7934382879596651,-0.04427109183395106
0.7,policy::keep1__full__h_tau0.9,rank_only,0.8026463918966826,-0.03506298789693352
0.7,policy::keep1__full__h_tau1.1,rank_only,0.814490293822642,-0.023219085970974107
0.7,policy::keep1__full__h_tau1.25,rank_only,0.813394730254517,-0.02431464953909912
0.7,policy::keep1__full__original,rank_only,0.8100360793941389,-0.02767330039947724
0.7,policy::keep1__full__power0.5,rank_only,0.8124295819895557,-0.025279797804060422
0.7,policy::keep1__full__power0.75,rank_only,0.8127701500665286,-0.02493922972708751
0.7,policy::keep1__full__power1.25,rank_only,0.8025077955980798,-0.03520158419553632
0.7,policy::keep1__full__power1.5,rank_only,0.7956342547792009,-0.04207512501441524
0.7,policy::keep1__full__uniform0.02,rank_only,0.8280931799349709,-0.009616199858645258
0.7,policy::keep1__full__uniform0.05,rank_only,0.8355828108887611,-0.002126568904855075
0.7,policy::keep1__full__uniform0.1,rank_only,0.8352582825722757,-0.0024510972213404036
0.7,policy::keep1__full__uniform0.2,rank_only,0.830541959196901,-0.007167420596715157
0.7,policy::keep1__topm__accept_clip0.02,rank_only,0.8300425681041959,-0.007666811689420294
0.7,policy::keep1__topm__accept_clip0.05,rank_only,0.8297683767117654,-0.00794100308185075
0.7,policy::keep1__topm__accept_clip0.1,rank_only,0.8280873319952161,-0.009622047798400035
0.7,policy::keep1__topm__bonus1.25,rank_only,0.8099830360188947,-0.027726343774721496
0.7,policy::keep1__topm__bonus1.5,rank_only,0.8105679962467023,-0.027141383546913866
0.7,policy::keep1__topm__bonus2,rank_only,0.8103398996811689,-0.02736948011244722
0.7,policy::keep1__topm__bonus3,rank_only,0.8101125533328926,-0.02759682646072359
0.7,policy::keep1__topm__expected_mix0.25,rank_only,0.836448673489472,-0.0012607063041440991
0.7,policy::keep1__topm__expected_mix0.5,rank_only,0.8330914938262785,-0.004617885967337698
0.7,policy::keep1__topm__expected_mix0.75,rank_only,0.8316433057670948,-0.006066074026521373
0.7,policy::keep1__topm__expected_rejection,rank_only,0.8231753220078667,-0.014534057785749455
0.7,policy::keep1__topm__h_tau0.8,rank_only,0.7922094313623373,-0.0454999484312788
0.7,policy::keep1__topm__h_tau0.9,rank_only,0.8023061954202345,-0.035403184373381635
0.7,policy::keep1__topm__h_tau1.1,rank_only,0.8140776061749576,-0.023631773618658536
0.7,policy::keep1__topm__h_tau1.25,rank_only,0.8134026319530917,-0.024306747840524445
0.7,policy::keep1__topm__original,rank_only,0.809381183405436,-0.028328196388180182
0.7,policy::keep1__topm__power0.5,rank_only,0.812315796906423,-0.025393582887193178
0.7,policy::keep1__topm__power0.75,rank_only,0.8124935804171965,-0.0252157993764196
0.7,policy::keep1__topm__power1.25,rank_only,0.8027197458598598,-0.034989633933756314
0.7,policy::keep1__topm__power1.5,rank_only,0.7958126082626371,-0.04189677153097904
0.7,policy::keep1__topm__uniform0.02,rank_only,0.8286812719517287,-0.009028107841887456
0.7,policy::keep1__topm__uniform0.05,rank_only,0.8341332530563164,-0.0035761267372997896
0.7,policy::keep1__topm__uniform0.1,rank_only,0.8346101976452128,-0.0030991821484033233
0.7,policy::keep1__topm__uniform0.2,rank_only,0.8303669430896446,-0.0073424367039715
0.7,policy::keep2__full__accept_clip0.02,rank_only,0.8415228774258903,0.003813497632274121
0.7,policy::keep2__full__accept_clip0.05,rank_only,0.840773351899027,0.0030639721054108726
0.7,policy::keep2__full__accept_clip0.1,rank_only,0.8409199848585328,0.0032106050649166606
0.7,policy::keep2__full__bonus1.25,rank_only,0.8190281469026371,-0.018681232890979005
0.7,policy::keep2__full__bonus1.5,rank_only,0.8195568474658599,-0.018152532327756266
0.7,policy::keep2__full__bonus2,rank_only,0.819383374639874,-0.018326005153742164
0.7,policy::keep2__full__bonus3,rank_only,0.8194606475752347,-0.018248732218381414
0.7,policy::keep2__full__expected_mix0.25,rank_only,0.8479558605677118,0.010246480774095623
0.7,policy::keep2__full__expected_mix0.5,rank_only,0.8454189213666854,0.007709541573069245
0.7,policy::keep2__full__expected_mix0.75,rank_only,0.8427127194525217,0.005003339658905537
0.7,policy::keep2__full__expected_rejection,rank_only,0.8352603782637282,-0.0024490015298879175
0.7,policy::keep2__full__h_tau0.8,rank_only,0.8015975604146076,-0.036111819379008536
0.7,policy::keep2__full__h_tau0.9,rank_only,0.8105664257520382,-0.02714295404157796
0.7,policy::keep2__full__h_tau1.1,rank_only,0.8224377893485157,-0.015271590445100403
0.7,policy::keep2__full__h_tau1.25,rank_only,0.8215287683724283,-0.016180611421187874
0.7,policy::keep2__full__original,rank_only,0.818664842523592,-0.019044537270024198
0.7,policy::keep2__full__power0.5,rank_only,0.8213616594816457,-0.016347720311970404
0.7,policy::keep2__full__power0.75,rank_only,0.8218587413129415,-0.015850638480674695
0.7,policy::keep2__full__power1.25,rank_only,0.8106574853358008,-0.027051894457815306
0.7,policy::keep2__full__power1.5,rank_only,0.8038529329668409,-0.033856446826775244
0.7,policy::keep2__full__uniform0.02,rank_only,0.8388001154306817,0.0010907356370655208
0.7,policy::keep2__full__uniform0.05,rank_only,0.845577332259271,0.00786795246565486
0.7,policy::keep2__full__uniform0.1,rank_only,0.8464432101518438,0.008733830358227612
0.7,policy::keep2__full__uniform0.2,rank_only,0.8413155781772012,0.003606198383585002
0.7,policy::keep2__topm__accept_clip0.02,rank_only,0.8410469176285622,0.0033375378349460583
0.7,policy::keep2__topm__accept_clip0.05,rank_only,0.8411246384385926,0.0034152586449764932
0.7,policy::keep2__topm__accept_clip0.1,rank_only,0.8400860317003234,0.0023766519067072167
0.7,policy::keep2__topm__bonus1.25,rank_only,0.8189002293261797,-0.018809150467436475
0.7,policy::keep2__topm__bonus1.5,rank_only,0.819529016717065,-0.01818036307655113
0.7,policy::keep2__topm__bonus2,rank_only,0.8192286815578347,-0.018480698235781468
0.7,policy::keep2__topm__bonus3,rank_only,0.8191353336987852,-0.01857404609483093
0.7,policy::keep2__topm__expected_mix0.25,rank_only,0.8478829357115971,0.01017355591798097
0.7,policy::keep2__topm__expected_mix0.5,rank_only,0.8452370175741591,0.007527637780542995
0.7,policy::keep2__topm__expected_mix0.75,rank_only,0.8427904832478506,0.005081103454234404
0.7,policy::keep2__topm__expected_rejection,rank_only,0.8344734458821684,-0.0032359339114477192
0.7,policy::keep2__topm__h_tau0.8,rank_only,0.8004106409753872,-0.03729873881822898
0.7,policy::keep2__topm__h_tau0.9,rank_only,0.8105188177102224,-0.027190562083393766
0.7,policy::keep2__topm__h_tau1.1,rank_only,0.8217514355809782,-0.015957944212637964
0.7,policy::keep2__topm__h_tau1.25,rank_only,0.8214892541392027,-0.016220125654413442
0.7,policy::keep2__topm__original,rank_only,0.8183889635856596,-0.019320416207956548
0.7,policy::keep2__topm__power0.5,rank_only,0.8212211715686845,-0.01648820822493169
0.7,policy::keep2__topm__power0.75,rank_only,0.8215683740994719,-0.016141005694144228
0.7,policy::keep2__topm__power1.25,rank_only,0.8106006327586511,-0.02710874703496502
0.7,policy::keep2__topm__power1.5,rank_only,0.8041980616882354,-0.03351131810538077
0.7,policy::keep2__topm__uniform0.02,rank_only,0.839871236908804,0.002161857115187904
0.7,policy::keep2__topm__uniform0.05,rank_only,0.8442784944870905,0.0065691146934743205
0.7,policy::keep2__topm__uniform0.1,rank_only,0.8457557406062601,0.008046360812643982
0.7,policy::keep2__topm__uniform0.2,rank_only,0.8410102395376917,0.0033008597440755683
0.7,policy::keep3__full__accept_clip0.02,rank_only,0.845104755585554,0.0073953757919378305
0.7,policy::keep3__full__accept_clip0.05,rank_only,0.8446741059984597,0.006964726204843563
0.7,policy::keep3__full__accept_clip0.1,rank_only,0.8435813175162742,0.005871937722658038
0.7,policy::keep3__full__bonus1.25,rank_only,0.8224719476809568,-0.015237432112659377
0.7,policy::keep3__full__bonus1.5,rank_only,0.8231202277424998,-0.014589152051116328
0.7,policy::keep3__full__bonus2,rank_only,0.8229858512540296,-0.014723528539586583
0.7,policy::keep3__full__bonus3,rank_only,0.8230868037847274,-0.014622576008888721
0.7,policy::keep3__full__expected_mix0.25,rank_only,0.8508587463179969,0.013149366524380701
0.7,policy::keep3__full__expected_mix0.5,rank_only,0.8484318781198973,0.010722498326281138
0.7,policy::keep3__full__expected_mix0.75,rank_only,0.8448211687242071,0.007111788930590945
0.7,policy::keep3__full__expected_rejection,rank_only,0.8392743869431479,0.001565007149531783
0.7,policy::keep3__full__h_tau0.8,rank_only,0.8053894125437112,-0.032319967249904935
0.7,policy::keep3__full__h_tau0.9,rank_only,0.8139377761417541,-0.02377160365186204
0.7,policy::keep3__full__h_tau1.1,rank_only,0.8260999897693962,-0.011609390024219901
0.7,policy::keep3__full__h_tau1.25,rank_only,0.8238954753438766,-0.013813904449739511
0.7,policy::keep3__full__original,rank_only,0.822016407377292,-0.01569297241632417
0.7,policy::keep3__full__power0.5,rank_only,0.8248404449057716,-0.012868934887844574
0.7,policy::keep3__full__power0.75,rank_only,0.8255340915068063,-0.012175288286809804
0.7,policy::keep3__full__power1.25,rank_only,0.8144346943662655,-0.023274685427350672
0.7,policy::keep3__full__power1.5,rank_only,0.8078807410833442,-0.02982863871027197
0.7,policy::keep3__full__uniform0.02,rank_only,0.8424761981268548,0.004766818333238665
0.7,policy::keep3__full__uniform0.05,rank_only,0.8486784067140053,0.010969026920389147
0.7,policy::keep3__full__uniform0.1,rank_only,0.8493050920838886,0.011595712290272453
0.7,policy::keep3__full__uniform0.2,rank_only,0.845147124796527,0.007437745002910834
0.7,policy::keep3__topm__accept_clip0.02,rank_only,0.8448895473125213,0.007180167518905156
0.7,policy::keep3__topm__accept_clip0.05,rank_only,0.8448055872936914,0.0070962075000752245
0.7,policy::keep3__topm__accept_clip0.1,rank_only,0.8427390073685412,0.0050296275749250885
0.7,policy::keep3__topm__bonus1.25,rank_only,0.8224976298595175,-0.015211749934098684
0.7,policy::keep3__topm__bonus1.5,rank_only,0.823231227924668,-0.014478151868948186
0.7,policy::keep3__topm__bonus2,rank_only,0.8229261239715484,-0.014783255822067742
0.7,policy::keep3__topm__bonus3,rank_only,0.8229090941602124,-0.014800285633403742
0.7,policy::keep3__topm__expected_mix0.25,rank_only,0.8506766686497732,0.012967288856157055
0.7,policy::keep3__topm__expected_mix0.5,rank_only,0.8476654698423037,0.009956090048687583
0.7,policy::keep3__topm__expected_mix0.75,rank_only,0.8445750931969445,0.006865713403328311
0.7,policy::keep3__topm__expected_rejection,rank_only,0.8382835331748834,0.0005741533812672062
0.7,policy::keep3__topm__h_tau0.8,rank_only,0.8043338220513273,-0.03337555774228884
0.7,policy::keep3__topm__h_tau0.9,rank_only,0.8138160945746661,-0.023893285218950067
0.7,policy::keep3__topm__h_tau1.1,rank_only,0.8256230365506696,-0.012086343242946551
0.7,policy::keep3__topm__h_tau1.25,rank_only,0.824000244595106,-0.013709135198510136
0.7,policy::keep3__topm__original,rank_only,0.8219695457224168,-0.015739834071199388
0.7,policy::keep3__topm__power0.5,rank_only,0.8245000348289028,-0.013209344964713376
0.7,policy::keep3__topm__power0.75,rank_only,0.8254917904826844,-0.012217589310931753
0.7,policy::keep3__topm__power1.25,rank_only,0.8145063759861992,-0.02320300380741691
0.7,policy::keep3__topm__power1.5,rank_only,0.8082535162518352,-0.02945586354178098
0.7,policy::keep3__topm__uniform0.02,rank_only,0.8435237006743943,0.0058143208807781566
0.7,policy::keep3__topm__uniform0.05,rank_only,0.8475665461761664,0.009857166382550298
0.7,policy::keep3__topm__uniform0.1,rank_only,0.8488800901736403,0.011170710380024151
0.7,policy::keep3__topm__uniform0.2,rank_only,0.8450295482795044,0.007320168485888234
0.7,policy::keep5__full__accept_clip0.02,rank_only,0.8534803466695203,0.01577096687590418
0.7,policy::keep5__full__accept_clip0.05,rank_only,0.8516792784205485,0.01396989862693232
0.7,policy::keep5__full__accept_clip0.1,rank_only,0.8506019564491072,0.01289257665549104
0.7,policy::keep5__full__bonus1.25,rank_only,0.831293622858305,-0.0064157569353111565
0.7,policy::keep5__full__bonus1.5,rank_only,0.8318366709819758,-0.00587270881164037
0.7,policy::keep5__full__bonus2,rank_only,0.8317135290914319,-0.0059958507021842244
0.7,policy::keep5__full__bonus3,rank_only,0.8316440831576327,-0.00606529663598343
0.7,policy::keep5__full__expected_mix0.25,rank_only,0.8589527747132094,0.02124339491959326
0.7,policy::keep5__full__expected_mix0.5,rank_only,0.8556450890624107,0.01793570926879451
0.7,policy::keep5__full__expected_mix0.75,rank_only,0.8529375242352784,0.015228144441662206
0.7,policy::keep5__full__expected_rejection,rank_only,0.8456983441296281,0.007988964336011928
0.7,policy::keep5__full__h_tau0.8,rank_only,0.8152217622964606,-0.022487617497155554
0.7,policy::keep5__full__h_tau0.9,rank_only,0.8237654622686609,-0.013943917524955274
0.7,policy::keep5__full__h_tau1.1,rank_only,0.8348853070875888,-0.0028240727060273585
0.7,policy::keep5__full__h_tau1.25,rank_only,0.8327242371731165,-0.00498514262049965
0.7,policy::keep5__full__original,rank_only,0.8308157587959268,-0.006893620997689309
0.7,policy::keep5__full__power0.5,rank_only,0.8333092715173778,-0.004400108276238379
0.7,policy::keep5__full__power0.75,rank_only,0.8338560553187723,-0.0038533244748438777
0.7,policy::keep5__full__power1.25,rank_only,0.8239335146127471,-0.01377586518086904
0.7,policy::keep5__full__power1.5,rank_only,0.8175278287715337,-0.02018155102208241
0.7,policy::keep5__full__uniform0.02,rank_only,0.8508543565666028,0.01314497677298665
0.7,policy::keep5__full__uniform0.05,rank_only,0.8565141502394298,0.018804770445813634
0.7,policy::keep5__full__uniform0.1,rank_only,0.8567788972648571,0.01906951747124097
0.7,policy::keep5__full__uniform0.2,rank_only,0.8519074633891601,0.014198083595543975
0.7,policy::keep5__topm__accept_clip0.02,rank_only,0.8531868422985897,0.015477462504973505
0.7,policy::keep5__topm__accept_clip0.05,rank_only,0.8518244613026649,0.014115081509048721
0.7,policy::keep5__topm__accept_clip0.1,rank_only,0.8496883234447352,0.011978943651119067
0.7,policy::keep5__topm__bonus1.25,rank_only,0.8312351154525213,-0.006474264341094882
0.7,policy::keep5__topm__bonus1.5,rank_only,0.8317889151897411,-0.005920464603875075
0.7,policy::keep5__topm__bonus2,rank_only,0.8315677500475254,-0.006141629746090782
0.7,policy::keep5__topm__bonus3,rank_only,0.831507422933212,-0.006201956860404145
0.7,policy::keep5__topm__expected_mix0.25,rank_only,0.8587529083309035,0.021043528537287304
0.7,policy::keep5__topm__expected_mix0.5,rank_only,0.8550884397068895,0.017379059913273376
0.7,policy::keep5__topm__expected_mix0.75,rank_only,0.8528520918195877,0.015142712025971505
0.7,policy::keep5__topm__expected_rejection,rank_only,0.8448178373585448,0.007108457564928616
0.7,policy::keep5__topm__h_tau0.8,rank_only,0.8140217910741026,-0.023687588719513597
0.7,policy::keep5__topm__h_tau0.9,rank_only,0.8236773272639581,-0.014032052529658001
0.7,policy::keep5__topm__h_tau1.1,rank_only,0.8343303899666246,-0.0033789898269915852
0.7,policy::keep5__topm__h_tau1.25,rank_only,0.8328212501926313,-0.004888129600984836
0.7,policy::keep5__topm__original,rank_only,0.8307082403752116,-0.007001139418404523
0.7,policy::keep5__topm__power0.5,rank_only,0.8326287552694864,-0.005080624524129718
0.7,policy::keep5__topm__power0.75,rank_only,0.8338339781746594,-0.0038754016189567198
0.7,policy::keep5__topm__power1.25,rank_only,0.8242085752044684,-0.013500804589147708
0.7,policy::keep5__topm__power1.5,rank_only,0.8178868380934612,-0.01982254170015496
0.7,policy::keep5__topm__uniform0.02,rank_only,0.8518481640451105,0.014138784251494396
0.7,policy::keep5__topm__uniform0.05,rank_only,0.8551528704035872,0.01744349060997108
0.7,policy::keep5__topm__uniform0.1,rank_only,0.8562092975048837,0.018499917711267577
0.7,policy::keep5__topm__uniform0.2,rank_only,0.8516752705890276,0.01396589079541144
0.7,policy::keep8__full__accept_clip0.02,rank_only,0.8567515426768291,0.01904216288321292
0.7,policy::keep8__full__accept_clip0.05,rank_only,0.8549026920307076,0.017193312237091418
0.7,policy::keep8__full__accept_clip0.1,rank_only,0.8551901697987034,0.017480790005087288
0.7,policy::keep8__full__bonus1.25,rank_only,0.8354735610818859,-0.0022358187117302863
0.7,policy::keep8__full__bonus1.5,rank_only,0.8360312600024439,-0.0016781197911722723
0.7,policy::keep8__full__bonus2,rank_only,0.8359114415004865,-0.0017979382931296861
0.7,policy::keep8__full__bonus3,rank_only,0.8358976021597752,-0.001811777633840994
0.7,policy::keep8__full__expected_mix0.25,rank_only,0.8622783714016438,0.024568991608027613
0.7,policy::keep8__full__expected_mix0.5,rank_only,0.8594629493982039,0.02175356960458774
0.7,policy::keep8__full__expected_mix0.75,rank_only,0.8564210994994099,0.018711719705793772
0.7,policy::keep8__full__expected_rejection,rank_only,0.8491932572067701,0.011483877413153931
0.7,policy::keep8__full__h_tau0.8,rank_only,0.818990091076224,-0.018719288717392146
0.7,policy::keep8__full__h_tau0.9,rank_only,0.8280228035784949,-0.009686576215121256
0.7,policy::keep8__full__h_tau1.1,rank_only,0.83954047720856,0.0018310974149438053
0.7,policy::keep8__full__h_tau1.25,rank_only,0.837376536256417,-0.0003328435371992011
0.7,policy::keep8__full__original,rank_only,0.8349992405741845,-0.00271013921943164
0.7,policy::keep8__full__power0.5,rank_only,0.8367516735438366,-0.000957706249779533
0.7,policy::keep8__full__power0.75,rank_only,0.8376893393687065,-2.0040424909661958e-05
0.7,policy::keep8__full__power1.25,rank_only,0.8280860377319472,-0.009623342061668927
0.7,policy::keep8__full__power1.5,rank_only,0.8219625537258686,-0.015746826067747577
0.7,policy::keep8__full__uniform0.02,rank_only,0.8539287211191324,0.01621934132551628
0.7,policy::keep8__full__uniform0.05,rank_only,0.8592923809201198,0.021583001126503687
0.7,policy::keep8__full__uniform0.1,rank_only,0.8596307088049556,0.021921329011339474
0.7,policy::keep8__full__uniform0.2,rank_only,0.8547468710417436,0.01703749124812748
0.7,policy::keep8__topm__accept_clip0.02,rank_only,0.8564431717519313,0.01873379195831515
0.7,policy::keep8__topm__accept_clip0.05,rank_only,0.8551630095035129,0.017453629709896723
0.7,policy::keep8__topm__accept_clip0.1,rank_only,0.8542978296599828,0.01658844986636665
0.7,policy::keep8__topm__bonus1.25,rank_only,0.8354478775666706,-0.0022615022269455443
0.7,policy::keep8__topm__bonus1.5,rank_only,0.8359982158132301,-0.0017111639803860657
0.7,policy::keep8__topm__bonus2,rank_only,0.8357477698143512,-0.0019616099792649777
0.7,policy::keep8__topm__bonus3,rank_only,0.835776699625182,-0.0019326801684341754
0.7,policy::keep8__topm__expected_mix0.25,rank_only,0.8619443262858444,0.024234946492228238
0.7,policy::keep8__topm__expected_mix0.5,rank_only,0.8589769268814449,0.021267547087828742
0.7,policy::keep8__topm__expected_mix0.75,rank_only,0.8564738639068927,0.01876448411327658
0.7,policy::keep8__topm__expected_rejection,rank_only,0.8471124401074585,0.009403060313842304
0.7,policy::keep8__topm__h_tau0.8,rank_only,0.8176917582225103,-0.02001762157110587
0.7,policy::keep8__topm__h_tau0.9,rank_only,0.8279138861289026,-0.00979549366471355
0.7,policy::keep8__topm__h_tau1.1,rank_only,0.8389145396588221,0.0012051598652059736
0.7,policy::keep8__topm__h_tau1.25,rank_only,0.8375517546517163,-0.0001576251418998753
0.7,policy::keep8__topm__original,rank_only,0.8349245414044304,-0.002784838389185751
0.7,policy::keep8__topm__power0.5,rank_only,0.8357624957791833,-0.0019468840144328814
0.7,policy::keep8__topm__power0.75,rank_only,0.837430740922358,-0.0002786388712581189
0.7,policy::keep8__topm__power1.25,rank_only,0.8285332113371104,-0.009176168456505707
0.7,policy::keep8__topm__power1.5,rank_only,0.82200259573964,-0.015706784053976186
0.7,policy::keep8__topm__uniform0.02,rank_only,0.8549228500073924,0.017213470213776283
0.7,policy::keep8__topm__uniform0.05,rank_only,0.8580373292994292,0.02032794950581307
0.7,policy::keep8__topm__uniform0.1,rank_only,0.8588848185297637,0.021175438736147578
0.7,policy::keep8__topm__uniform0.2,rank_only,0.854515393919558,0.01680601412594185
0.7,policy::lambda0.1__full__accept_clip0.02,bounded_subtraction,0.8549970402147548,0.017287660421138606
0.7,policy::lambda0.1__full__accept_clip0.05,bounded_subtraction,0.8523653665773528,0.014655986783736696
0.7,policy::lambda0.1__full__accept_clip0.1,bounded_subtraction,0.8510224865006643,0.013313106707048106
0.7,policy::lambda0.1__full__bonus1.25,bounded_subtraction,0.8386606560594163,0.0009512762658001606
0.7,policy::lambda0.1__full__bonus1.5,bounded_subtraction,0.8383150399964393,0.000605660202823155
0.7,policy::lambda0.1__full__bonus2,bounded_subtraction,0.8382239177960304,0.0005145380024142998
0.7,policy::lambda0.1__full__bonus3,bounded_subtraction,0.8389574631841863,0.0012480833905701427
0.7,policy::lambda0.1__full__expected_mix0.25,bounded_subtraction,0.8600843755701797,0.022374995776563544
0.7,policy::lambda0.1__full__expected_mix0.5,bounded_subtraction,0.8554199591733465,0.017710579379730307
0.7,policy::lambda0.1__full__expected_mix0.75,bounded_subtraction,0.852698346885534,0.014988967091917882
0.7,policy::lambda0.1__full__expected_rejection,bounded_subtraction,0.8459415136469915,0.0082321338533754
0.7,policy::lambda0.1__full__h_tau0.8,bounded_subtraction,0.8224425827496897,-0.015266797043926417
0.7,policy::lambda0.1__full__h_tau0.9,bounded_subtraction,0.8310882387897507,-0.0066211410038654606
0.7,policy::lambda0.1__full__h_tau1.1,bounded_subtraction,0.8406838443702624,0.0029744645766462963
0.7,policy::lambda0.1__full__h_tau1.25,bounded_subtraction,0.8371385778902671,-0.0005708019033490164
0.7,policy::lambda0.1__full__original,bounded_subtraction,0.8379664570736878,0.000257077280071627
0.7,policy::lambda0.1__full__power0.5,bounded_subtraction,0.837285557293694,-0.00042382249992212184
0.7,policy::lambda0.1__full__power0.75,bounded_subtraction,0.8401071051298599,0.0023977253362437168
0.7,policy::lambda0.1__full__power1.25,bounded_subtraction,0.8310067566557664,-0.00670262313784975
0.7,policy::lambda0.1__full__power1.5,bounded_subtraction,0.8245562580252,-0.013153121768416098
0.7,policy::lambda0.1__full__uniform0.02,bounded_subtraction,0.8548295949597587,0.017120215166142594
0.7,policy::lambda0.1__full__uniform0.05,bounded_subtraction,0.8600247464353268,0.022315366641710632
0.7,policy::lambda0.1__full__uniform0.1,bounded_subtraction,0.8584359829814986,0.020726603187882442
0.7,policy::lambda0.1__full__uniform0.2,bounded_subtraction,0.8515214692789608,0.013812089485344625
0.7,policy::lambda0.1__topm__accept_clip0.02,bounded_subtraction,0.8555377730133449,0.017828393219728733
0.7,policy::lambda0.1__topm__accept_clip0.05,bounded_subtraction,0.8511704761465188,0.013461096352902602
0.7,policy::lambda0.1__topm__accept_clip0.1,bounded_subtraction,0.8505210378964098,0.01281165810279361
0.7,policy::lambda0.1__topm__bonus1.25,bounded_subtraction,0.8384762181907307,0.0007668383971145554
0.7,policy::lambda0.1__topm__bonus1.5,bounded_subtraction,0.8384951697118864,0.0007857899182702743
0.7,policy::lambda0.1__topm__bonus2,bounded_subtraction,0.8383252990470673,0.0006159192534511693
0.7,policy::lambda0.1__topm__bonus3,bounded_subtraction,0.8391628747723312,0.001453494978715053
0.7,policy::lambda0.1__topm__expected_mix0.25,bounded_subtraction,0.8596185818912581,0.02190920209764191
0.7,policy::lambda0.1__topm__expected_mix0.5,bounded_subtraction,0.8550965175143573,0.017387137720741186
0.7,policy::lambda0.1__topm__expected_mix0.75,bounded_subtraction,0.8519244352849451,0.014215055491328954
0.7,policy::lambda0.1__topm__expected_rejection,bounded_subtraction,0.84379275679116,0.006083376997543799
0.7,policy::lambda0.1__topm__h_tau0.8,bounded_subtraction,0.821352760704531,-0.016356619089085145
0.7,policy::lambda0.1__topm__h_tau0.9,bounded_subtraction,0.8308447910875233,-0.006864588706092856
0.7,policy::lambda0.1__topm__h_tau1.1,bounded_subtraction,0.8403774391995449,0.0026680594059287355
0.7,policy::lambda0.1__topm__h_tau1.25,bounded_subtraction,0.8367278339389228,-0.0009815458546933442
0.7,policy::lambda0.1__topm__original,bounded_subtraction,0.8378247489581776,0.00011536916456145185
0.7,policy::lambda0.1__topm__power0.5,bounded_subtraction,0.8373140792381493,-0.00039530055546688203
0.7,policy::lambda0.1__topm__power0.75,bounded_subtraction,0.8399912735663817,0.002281893772765553
0.7,policy::lambda0.1__topm__power1.25,bounded_subtraction,0.8307494681235083,-0.006959911670107899
0.7,policy::lambda0.1__topm__power1.5,bounded_subtraction,0.8247481376195145,-0.012961242174101661
0.7,policy::lambda0.1__topm__uniform0.02,bounded_subtraction,0.853721409358053,0.016012029564436814
0.7,policy::lambda0.1__topm__uniform0.05,bounded_subtraction,0.8584662082181305,0.020756828424514318
0.7,policy::lambda0.1__topm__uniform0.1,bounded_subtraction,0.8570483844845733,0.019339004690957173
0.7,policy::lambda0.1__topm__uniform0.2,bounded_subtraction,0.8508924438109798,0.013183064017363688
0.7,policy::lambda0.25__full__accept_clip0.02,bounded_subtraction,0.852878526991536,0.015169147197919841
0.7,policy::lambda0.25__full__accept_clip0.05,bounded_subtraction,0.8496846691821706,0.011975289388554411
0.7,policy::lambda0.25__full__accept_clip0.1,bounded_subtraction,0.847291502421127,0.009582122627510903
0.7,policy::lambda0.25__full__bonus1.25,bounded_subtraction,0.8362920527577616,-0.0014173270358545098
0.7,policy::lambda0.25__full__bonus1.5,bounded_subtraction,0.8363277052816103,-0.0013816745120058815
0.7,policy::lambda0.25__full__bonus2,bounded_subtraction,0.8359974926644578,-0.0017118871291583737
0.7,policy::lambda0.25__full__bonus3,bounded_subtraction,0.8365500225700211,-0.0011593572235950589
0.7,policy::lambda0.25__full__expected_mix0.25,bounded_subtraction,0.8569578095306124,0.019248429736996253
0.7,policy::lambda0.25__full__expected_mix0.5,bounded_subtraction,0.8523925433661591,0.014683163572542957
0.7,policy::lambda0.25__full__expected_mix0.75,bounded_subtraction,0.8484870537247876,0.010777673931171461
0.7,policy::lambda0.25__full__expected_rejection,bounded_subtraction,0.8423818699812287,0.00467249018761251
0.7,policy::lambda0.25__full__h_tau0.8,bounded_subtraction,0.8213449196768887,-0.01636446011672743
0.7,policy::lambda0.25__full__h_tau0.9,bounded_subtraction,0.8286805890266293,-0.009028790766986816
0.7,policy::lambda0.25__full__h_tau1.1,bounded_subtraction,0.8373225496534957,-0.00038683014012041994
0.7,policy::lambda0.25__full__h_tau1.25,bounded_subtraction,0.8358829517369082,-0.0018264280567079627
0.7,policy::lambda0.25__full__original,bounded_subtraction,0.8363035280167541,-0.0014058517768620327
0.7,policy::lambda0.25__full__power0.5,bounded_subtraction,0.834391332536753,-0.0033180472568631325
0.7,policy::lambda0.25__full__power0.75,bounded_subtraction,0.8369157925881077,-0.0007935872055084836
0.7,policy::lambda0.25__full__power1.25,bounded_subtraction,0.8306202227154459,-0.007089157078170261
0.7,policy::lambda0.25__full__power1.5,bounded_subtraction,0.822936536117264,-0.014772843676352121
0.7,policy::lambda0.25__full__uniform0.02,bounded_subtraction,0.8525891649980861,0.014879785204469975
0.7,policy::lambda0.25__full__uniform0.05,bounded_subtraction,0.8579266844682523,0.020217304674636116
0.7,policy::lambda0.25__full__uniform0.1,bounded_subtraction,0.8530483318845697,0.015338952090953595
0.7,policy::lambda0.25__full__uniform0.2,bounded_subtraction,0.846228418465514,0.00851903867189785
0.7,policy::lambda0.25__topm__accept_clip0.02,bounded_subtraction,0.8522050836691855,0.01449570387556931
0.7,policy::lambda0.25__topm__accept_clip0.05,bounded_subtraction,0.8477395286107126,0.010030148817096407
0.7,policy::lambda0.25__topm__accept_clip0.1,bounded_subtraction,0.8466893545999641,0.008979974806347935
0.7,policy::lambda0.25__topm__bonus1.25,bounded_subtraction,0.8360388678974802,-0.0016705118961359844
0.7,policy::lambda0.25__topm__bonus1.5,bounded_subtraction,0.835946878167525,-0.0017625016260911508
0.7,policy::lambda0.25__topm__bonus2,bounded_subtraction,0.8356939670749527,-0.0020154127186634563
0.7,policy::lambda0.25__topm__bonus3,bounded_subtraction,0.836251768861611,-0.0014576109320051378
0.7,policy::lambda0.25__topm__expected_mix0.25,bounded_subtraction,0.8557656939862679,0.018056314192651746
0.7,policy::lambda0.25__topm__expected_mix0.5,bounded_subtraction,0.8524603557938542,0.014750976000238003
0.7,policy::lambda0.25__topm__expected_mix0.75,bounded_subtraction,0.8485016247899151,0.010792244996298939
0.7,policy::lambda0.25__topm__expected_rejection,bounded_subtraction,0.8404061068849507,0.0026967270913345054
0.7,policy::lambda0.25__topm__h_tau0.8,bounded_subtraction,0.8188547195400511,-0.01885466025356508
0.7,policy::lambda0.25__topm__h_tau0.9,bounded_subtraction,0.8286091372102563,-0.009100242583359841
0.7,policy::lambda0.25__topm__h_tau1.1,bounded_subtraction,0.8376433699443758,-6.600984924032272e-05
0.7,policy::lambda0.25__topm__h_tau1.25,bounded_subtraction,0.8353119063814501,-0.002397473412166007
0.7,policy::lambda0.25__topm__original,bounded_subtraction,0.8359527120397471,-0.0017566677538690678
0.7,policy::lambda0.25__topm__power0.5,bounded_subtraction,0.8343213145433255,-0.0033880652502906727
0.7,policy::lambda0.25__topm__power0.75,bounded_subtraction,0.8359055991063791,-0.0018037806872370776
0.7,policy::lambda0.25__topm__power1.25,bounded_subtraction,0.8304730765124629,-0.007236303281153211
0.7,policy::lambda0.25__topm__power1.5,bounded_subtraction,0.8231876931210422,-0.014521686672573919
0.7,policy::lambda0.25__topm__uniform0.02,bounded_subtraction,0.8533230021466232,0.015613622353007006
0.7,policy::lambda0.25__topm__uniform0.05,bounded_subtraction,0.8554638715518307,0.01775449175821453
0.7,policy::lambda0.25__topm__uniform0.1,bounded_subtraction,0.8518835899902908,0.014174210196674641
0.7,policy::lambda0.25__topm__uniform0.2,bounded_subtraction,0.8455428557693703,0.007833475975754123
0.7,policy::lambda0.5__full__accept_clip0.02,bounded_subtraction,0.8453113488956078,0.007601969101991624
0.7,policy::lambda0.5__full__accept_clip0.05,bounded_subtraction,0.841751621399383,0.0040422416057668276
0.7,policy::lambda0.5__full__accept_clip0.1,bounded_subtraction,0.8392291719873068,0.0015197921936906944
0.7,policy::lambda0.5__full__bonus1.25,bounded_subtraction,0.8291519815573454,-0.008557398236270775
0.7,policy::lambda0.5__full__bonus1.5,bounded_subtraction,0.8292628948390411,-0.008446484954575006
0.7,policy::lambda0.5__full__bonus2,bounded_subtraction,0.8300781694474513,-0.007631210346164874
0.7,policy::lambda0.5__full__bonus3,bounded_subtraction,0.8305328279192594,-0.007176551874356729
0.7,policy::lambda0.5__full__expected_mix0.25,bounded_subtraction,0.8479069738041518,0.01019759401053566
0.7,policy::lambda0.5__full__expected_mix0.5,bounded_subtraction,0.8430561659317943,0.005346786138178183
0.7,policy::lambda0.5__full__expected_mix0.75,bounded_subtraction,0.8411671667163674,0.003457786922751227
0.7,policy::lambda0.5__full__expected_rejection,bounded_subtraction,0.8345662999425105,-0.0031430798511056235
0.7,policy::lambda0.5__full__h_tau0.8,bounded_subtraction,0.8153229291309151,-0.022386450662701063
0.7,policy::lambda0.5__full__h_tau0.9,bounded_subtraction,0.8219068607407277,-0.01580251905288843
0.7,policy::lambda0.5__full__h_tau1.1,bounded_subtraction,0.8311022237501071,-0.006607156043509033
0.7,policy::lambda0.5__full__h_tau1.25,bounded_subtraction,0.8283561249193184,-0.009353254874297723
0.7,policy::lambda0.5__full__original,bounded_subtraction,0.8288378936075524,-0.008871486186063704
0.7,policy::lambda0.5__full__power0.5,bounded_subtraction,0.8291048134422787,-0.00860456635133744
0.7,policy::lambda0.5__full__power0.75,bounded_subtraction,0.8302440213664601,-0.00746535842715601
0.7,policy::lambda0.5__full__power1.25,bounded_subtraction,0.8223118192843721,-0.015397560509244013
0.7,policy::lambda0.5__full__power1.5,bounded_subtraction,0.8178895286618574,-0.01981985113175877
0.7,policy::lambda0.5__full__uniform0.02,bounded_subtraction,0.8442388622443964,0.006529482450780222
0.7,policy::lambda0.5__full__uniform0.05,bounded_subtraction,0.8496513129252826,0.011941933131666471
0.7,policy::lambda0.5__full__uniform0.1,bounded_subtraction,0.8451917438582828,0.0074823640646666245
0.7,policy::lambda0.5__full__uniform0.2,bounded_subtraction,0.8403789649181211,0.0026695851245049917
0.7,policy::lambda0.5__topm__accept_clip0.02,bounded_subtraction,0.8444260457859916,0.006716665992375415
0.7,policy::lambda0.5__topm__accept_clip0.05,bounded_subtraction,0.8416118845437667,0.003902504750150526
0.7,policy::lambda0.5__topm__accept_clip0.1,bounded_subtraction,0.8389623730842269,0.0012529932906107932
0.7,policy::lambda0.5__topm__bonus1.25,bounded_subtraction,0.8289735259771607,-0.008735853816455474
0.7,policy::lambda0.5__topm__bonus1.5,bounded_subtraction,0.8290354466039161,-0.0086739331897
0.7,policy::lambda0.5__topm__bonus2,bounded_subtraction,0.8289579882402188,-0.008751391553397325
0.7,policy::lambda0.5__topm__bonus3,bounded_subtraction,0.8301676080077613,-0.007541771785854801
0.7,policy::lambda0.5__topm__expected_mix0.25,bounded_subtraction,0.84711316926443,0.009403789470813884
0.7,policy::lambda0.5__topm__expected_mix0.5,bounded_subtraction,0.8432981016879917,0.005588721894375537
0.7,policy::lambda0.5__topm__expected_mix0.75,bounded_subtraction,0.8411249833275611,0.0034156035339449886
0.7,policy::lambda0.5__topm__expected_rejection,bounded_subtraction,0.8323520389775936,-0.005357340816022571
0.7,policy::lambda0.5__topm__h_tau0.8,bounded_subtraction,0.8130895571558889,-0.024619822637727218
0.7,policy::lambda0.5__topm__h_tau0.9,bounded_subtraction,0.8218094207086939,-0.015899959084922255
0.7,policy::lambda0.5__topm__h_tau1.1,bounded_subtraction,0.8299680019602258,-0.0077413778333903505
0.7,policy::lambda0.5__topm__h_tau1.25,bounded_subtraction,0.8275615680306536,-0.010147811762962533
0.7,policy::lambda0.5__topm__original,bounded_subtraction,0.8287899978094131,-0.008919381984203056
0.7,policy::lambda0.5__topm__power0.5,bounded_subtraction,0.8286150783295485,-0.009094301464067645
0.7,policy::lambda0.5__topm__power0.75,bounded_subtraction,0.8304607384976169,-0.007248641295999225
0.7,policy::lambda0.5__topm__power1.25,bounded_subtraction,0.822592085210276,-0.015117294583340102
0.7,policy::lambda0.5__topm__power1.5,bounded_subtraction,0.8169398867847335,-0.020769493008882645
0.7,policy::lambda0.5__topm__uniform0.02,bounded_subtraction,0.8441981052371512,0.0064887254435350705
0.7,policy::lambda0.5__topm__uniform0.05,bounded_subtraction,0.8478165398896998,0.0101071600960837
0.7,policy::lambda0.5__topm__uniform0.1,bounded_subtraction,0.8438425366573228,0.006133156863706635
0.7,policy::lambda0.5__topm__uniform0.2,bounded_subtraction,0.8396964315971194,0.001987051803503226
0.7,policy::lambda0.75__full__accept_clip0.02,bounded_subtraction,0.83468502670335,-0.003024353090266163
0.7,policy::lambda0.75__full__accept_clip0.05,bounded_subtraction,0.8334502270411939,-0.004259152752422279
0.7,policy::lambda0.75__full__accept_clip0.1,bounded_subtraction,0.8302873751497106,-0.007422004643905522
0.7,policy::lambda0.75__full__bonus1.25,bounded_subtraction,0.8214736400746002,-0.01623573971901593
0.7,policy::lambda0.75__full__bonus1.5,bounded_subtraction,0.8215372824082718,-0.01617209738534431
0.7,policy::lambda0.75__full__bonus2,bounded_subtraction,0.821821027509922,-0.015888352283694118
0.7,policy::lambda0.75__full__bonus3,bounded_subtraction,0.8223717758643598,-0.015337603929256316
0.7,policy::lambda0.75__full__expected_mix0.25,bounded_subtraction,0.8377642310986978,5.485130508164904e-05
0.7,policy::lambda0.75__full__expected_mix0.5,bounded_subtraction,0.832950974229582,-0.004758405564034174
0.7,policy::lambda0.75__full__expected_mix0.75,bounded_subtraction,0.8299219008202388,-0.007787478973377393
0.7,policy::lambda0.75__full__expected_rejection,bounded_subtraction,0.8225764004737605,-0.015132979319855688
0.7,policy::lambda0.75__full__h_tau0.8,bounded_subtraction,0.8057639691471847,-0.031945410646431416
0.7,policy::lambda0.75__full__h_tau0.9,bounded_subtraction,0.8138163337995659,-0.023893045994050288
0.7,policy::lambda0.75__full__h_tau1.1,bounded_subtraction,0.8237602230429673,-0.013949156750648894
0.7,policy::lambda0.75__full__h_tau1.25,bounded_subtraction,0.8227919595157691,-0.014917420277847038
0.7,policy::lambda0.75__full__original,bounded_subtraction,0.8214417261082814,-0.016267653685334782
0.7,policy::lambda0.75__full__power0.5,bounded_subtraction,0.8224738277074168,-0.015235552086199311
0.7,policy::lambda0.75__full__power0.75,bounded_subtraction,0.8230150379210625,-0.014694341872553696
0.7,policy::lambda0.75__full__power1.25,bounded_subtraction,0.8152208739984879,-0.02248850579512829
0.7,policy::lambda0.75__full__power1.5,bounded_subtraction,0.8102045724567191,-0.027504807336897086
0.7,policy::lambda0.75__full__uniform0.02,bounded_subtraction,0.8359056482374363,-0.001803731556179855
0.7,policy::lambda0.75__full__uniform0.05,bounded_subtraction,0.8390285768358559,0.001319197042239706
0.7,policy::lambda0.75__full__uniform0.1,bounded_subtraction,0.8367027686689003,-0.0010066111247158949
0.7,policy::lambda0.75__full__uniform0.2,bounded_subtraction,0.8311269119489405,-0.0065824678446756435
0.7,policy::lambda0.75__topm__accept_clip0.02,bounded_subtraction,0.8332513348507751,-0.004458044942841077
0.7,policy::lambda0.75__topm__accept_clip0.05,bounded_subtraction,0.8318495389741285,-0.0058598408194876495
0.7,policy::lambda0.75__topm__accept_clip0.1,bounded_subtraction,0.8299194455552816,-0.007789934238334517
0.7,policy::lambda0.75__topm__bonus1.25,bounded_subtraction,0.8214718484527956,-0.01623753134082051
0.7,policy::lambda0.75__topm__bonus1.5,bounded_subtraction,0.8215494946575223,-0.0161598851360939
0.7,policy::lambda0.75__topm__bonus2,bounded_subtraction,0.8210840952945598,-0.016625284499056314
0.7,policy::lambda0.75__topm__bonus3,bounded_subtraction,0.8221650866491214,-0.015544293144494792
0.7,policy::lambda0.75__topm__expected_mix0.25,bounded_subtraction,0.8363065494275725,-0.001402830366043606
0.7,policy::lambda0.75__topm__expected_mix0.5,bounded_subtraction,0.8329813289996139,-0.004728050794002292
0.7,policy::lambda0.75__topm__expected_mix0.75,bounded_subtraction,0.8295308955007742,-0.008178484292841959
0.7,policy::lambda0.75__topm__expected_rejection,bounded_subtraction,0.8224769177397032,-0.015232462053912932
0.7,policy::lambda0.75__topm__h_tau0.8,bounded_subtraction,0.8049910909435671,-0.032718288850049015
0.7,policy::lambda0.75__topm__h_tau0.9,bounded_subtraction,0.8137088554363848,-0.024000524357231323
0.7,policy::lambda0.75__topm__h_tau1.1,bounded_subtraction,0.8237710030164215,-0.013938376777194672
0.7,policy::lambda0.75__topm__h_tau1.25,bounded_subtraction,0.8217881446086975,-0.015921235184918614
0.7,policy::lambda0.75__topm__original,bounded_subtraction,0.8213307810190275,-0.016378598774588693
0.7,policy::lambda0.75__topm__power0.5,bounded_subtraction,0.8222621668001773,-0.015447212993438875
0.7,policy::lambda0.75__topm__power0.75,bounded_subtraction,0.8232766565257097,-0.014432723267906455
0.7,policy::lambda0.75__topm__power1.25,bounded_subtraction,0.8154805349533749,-0.022228844840241235
0.7,policy::lambda0.75__topm__power1.5,bounded_subtraction,0.8099415540149777,-0.027767825778638455
0.7,policy::lambda0.75__topm__uniform0.02,bounded_subtraction,0.8358853051227731,-0.0018240746708430011
0.7,policy::lambda0.75__topm__uniform0.05,bounded_subtraction,0.8372932482294603,-0.00041613156415587493
0.7,policy::lambda0.75__topm__uniform0.1,bounded_subtraction,0.8351147844135294,-0.0025945953800867727
0.7,policy::lambda0.75__topm__uniform0.2,bounded_subtraction,0.8297867232031616,-0.007922656590454547
0.7,policy::proxy__full__accept_clip0.02,proxy_allocation,0.8587719372572875,0.02106255746367136
0.7,policy::proxy__full__accept_clip0.05,proxy_allocation,0.8580716336537048,0.02036225386008861
0.7,policy::proxy__full__accept_clip0.1,proxy_allocation,0.8582469389585949,0.02053755916497879
0.7,policy::proxy__full__bonus1.25,proxy_allocation,0.8381638790335353,0.0004544992399191372
0.7,policy::proxy__full__bonus1.5,proxy_allocation,0.8386603483153425,0.0009509685217263808
0.7,policy::proxy__full__bonus2,proxy_allocation,0.8384882754783031,0.0007788956846869199
0.7,policy::proxy__full__bonus3,proxy_allocation,0.8383795342829556,0.0006701544893394917
0.7,policy::proxy__full__expected_mix0.25,proxy_allocation,0.86532165969061,0.027612279896993885
0.7,policy::proxy__full__expected_mix0.5,proxy_allocation,0.862232198232716,0.02452281843909987
0.7,policy::proxy__full__expected_mix0.75,proxy_allocation,0.8591460511852868,0.021436671391670603
0.7,policy::proxy__full__expected_rejection,proxy_allocation,0.8515288760503594,0.01381949625674328
0.7,policy::proxy__full__h_tau0.8,proxy_allocation,0.8220501169996692,-0.015659262793946915
0.7,policy::proxy__full__h_tau0.9,proxy_allocation,0.8311280898486009,-0.006581289945015278
0.7,policy::proxy__full__h_tau1.1,proxy_allocation,0.8424703168139333,0.004760937020317102
0.7,policy::proxy__full__h_tau1.25,proxy_allocation,0.8393703914843424,0.0016610116907262995
0.7,policy::proxy__full__original,proxy_allocation,0.8378120760989785,0.00010269630536230423
0.7,policy::proxy__full__power0.5,proxy_allocation,0.8393285412239899,0.0016191614303737722
0.7,policy::proxy__full__power0.75,proxy_allocation,0.840217615240399,0.0025082354467828027
0.7,policy::proxy__full__power1.25,proxy_allocation,0.8312562432092839,-0.00645313658433222
0.7,policy::proxy__full__power1.5,proxy_allocation,0.8250107944072061,-0.01269858538641
0.7,policy::proxy__full__uniform0.02,proxy_allocation,0.8562590793153764,0.01854969952176022
0.7,policy::proxy__full__uniform0.05,proxy_allocation,0.8612922672407757,0.02358288744715953
0.7,policy::proxy__full__uniform0.1,proxy_allocation,0.8608688565389027,0.02315947674528651
0.7,policy::proxy__full__uniform0.2,proxy_allocation,0.8547605517908577,0.0170511719972416
0.7,policy::proxy__topm__accept_clip0.02,proxy_allocation,0.860176812165089,0.022467432371472862
0.7,policy::proxy__topm__accept_clip0.05,proxy_allocation,0.85829871938787,0.020589339594253797
0.7,policy::proxy__topm__accept_clip0.1,proxy_allocation,0.8569883283350441,0.019278948541427976
0.7,policy::proxy__topm__bonus1.25,proxy_allocation,0.8380841652382583,0.00037478544464220054
0.7,policy::proxy__topm__bonus1.5,proxy_allocation,0.8385897913411615,0.0008804115475453678
0.7,policy::proxy__topm__bonus2,proxy_allocation,0.8382622399773751,0.0005528601837589964
0.7,policy::proxy__topm__bonus3,proxy_allocation,0.8382186542518872,0.0005092744582710917
0.7,policy::proxy__topm__expected_mix0.25,proxy_allocation,0.8649925009329144,0.027283121139298205
0.7,policy::proxy__topm__expected_mix0.5,proxy_allocation,0.8618029386487449,0.02409355885512876
0.7,policy::proxy__topm__expected_mix0.75,proxy_allocation,0.8593986167342196,0.02168923694060343
0.7,policy::proxy__topm__expected_rejection,proxy_allocation,0.850714140202955,0.013004760409338845
0.7,policy::proxy__topm__h_tau0.8,proxy_allocation,0.8208084160819066,-0.01690096371170957
0.7,policy::proxy__topm__h_tau0.9,proxy_allocation,0.8309918773742662,-0.0067175024193499855
0.7,policy::proxy__topm__h_tau1.1,proxy_allocation,0.8417688990849762,0.004059519291360059
0.7,policy::proxy__topm__h_tau1.25,proxy_allocation,0.8401212321634576,0.0024118523698414274
0.7,policy::proxy__topm__original,proxy_allocation,0.8377093797936161,0.0
0.7,policy::proxy__topm__power0.5,proxy_allocation,0.8401585327900091,0.0024491529963929226
0.7,policy::proxy__topm__power0.75,proxy_allocation,0.8416230688336861,0.003913689040069945
0.7,policy::proxy__topm__power1.25,proxy_allocation,0.8316785568459208,-0.006030822947695302
0.7,policy::proxy__topm__power1.5,proxy_allocation,0.8250625574108531,-0.012646822382763045
0.7,policy::proxy__topm__uniform0.02,proxy_allocation,0.8572883097318476,0.019578929938231404
0.7,policy::proxy__topm__uniform0.05,proxy_allocation,0.85996010942778,0.022250729634163857
0.7,policy::proxy__topm__uniform0.1,proxy_allocation,0.8601533742665246,0.022443994472908457
0.7,policy::proxy__topm__uniform0.2,proxy_allocation,0.854376126730368,0.016666746936751853
0.7,policy::qpeak0.5__full__accept_clip0.02,local_gate,0.8338376569666598,-0.0038717228269563586
0.7,policy::qpeak0.5__full__accept_clip0.05,local_gate,0.8333261462257613,-0.004383233567854861
0.7,policy::qpeak0.5__full__accept_clip0.1,local_gate,0.830791369091806,-0.0069180107018101955
0.7,policy::qpeak0.5__full__bonus1.25,local_gate,0.8192864643613604,-0.018422915432255715
0.7,policy::qpeak0.5__full__bonus1.5,local_gate,0.8196663634868684,-0.01804301630674776
0.7,policy::qpeak0.5__full__bonus2,local_gate,0.8199806429836101,-0.017728736810006085
0.7,policy::qpeak0.5__full__bonus3,local_gate,0.8199743959635755,-0.017734983830040685
0.7,policy::qpeak0.5__full__expected_mix0.25,local_gate,0.8397031437105852,0.001993763916969038
0.7,policy::qpeak0.5__full__expected_mix0.5,local_gate,0.8326603141166979,-0.005049065676918207
0.7,policy::qpeak0.5__full__expected_mix0.75,local_gate,0.8307801024896782,-0.006929277303937997
0.7,policy::qpeak0.5__full__expected_rejection,local_gate,0.8251560593241534,-0.012553320469462781
0.7,policy::qpeak0.5__full__h_tau0.8,local_gate,0.8044239171443146,-0.033285462649301545
0.7,policy::qpeak0.5__full__h_tau0.9,local_gate,0.8112483380163256,-0.026461041777290584
0.7,policy::qpeak0.5__full__h_tau1.1,local_gate,0.8244510203583585,-0.01325835943525766
0.7,policy::qpeak0.5__full__h_tau1.25,local_gate,0.819452384311414,-0.018256995482202165
0.7,policy::qpeak0.5__full__original,local_gate,0.8190084775030123,-0.018700902290603838
0.7,policy::qpeak0.5__full__power0.5,local_gate,0.8217715966250724,-0.015937783168543773
0.7,policy::qpeak0.5__full__power0.75,local_gate,0.8214376651879494,-0.016271714605666787
0.7,policy::qpeak0.5__full__power1.25,local_gate,0.813232302633261,-0.024477077160355187
0.7,policy::qpeak0.5__full__power1.5,local_gate,0.8081545952254149,-0.029554784568201264
0.7,policy::qpeak0.5__full__uniform0.02,local_gate,0.8314701663294717,-0.006239213464144466
0.7,policy::qpeak0.5__full__uniform0.05,local_gate,0.8356726618998874,-0.0020367178937287234
0.7,policy::qpeak0.5__full__uniform0.1,local_gate,0.8334359434054118,-0.004273436388204321
0.7,policy::qpeak0.5__full__uniform0.2,local_gate,0.8280996388191126,-0.009609740974503511
0.7,policy::qpeak0.5__topm__accept_clip0.02,local_gate,0.8342101525541981,-0.00349922723941809
0.7,policy::qpeak0.5__topm__accept_clip0.05,local_gate,0.832794795759645,-0.004914584033971159
0.7,policy::qpeak0.5__topm__accept_clip0.1,local_gate,0.8302770473511728,-0.007432332442443346
0.7,policy::qpeak0.5__topm__bonus1.25,local_gate,0.8193895319194561,-0.018319847874160078
0.7,policy::qpeak0.5__topm__bonus1.5,local_gate,0.8197369193567002,-0.017972460436915916
0.7,policy::qpeak0.5__topm__bonus2,local_gate,0.8193417037628867,-0.01836767603072942
0.7,policy::qpeak0.5__topm__bonus3,local_gate,0.8199808775774571,-0.01772850221615907
0.7,policy::qpeak0.5__topm__expected_mix0.25,local_gate,0.8387753543931371,0.001065974599520958
0.7,policy::qpeak0.5__topm__expected_mix0.5,local_gate,0.8326468464031354,-0.0050625333904807945
0.7,policy::qpeak0.5__topm__expected_mix0.75,local_gate,0.8305053315257659,-0.00720404826785026
0.7,policy::qpeak0.5__topm__expected_rejection,local_gate,0.8246818870454526,-0.013027492748163505
0.7,policy::qpeak0.5__topm__h_tau0.8,local_gate,0.8026780993475129,-0.03503128044610326
0.7,policy::qpeak0.5__topm__h_tau0.9,local_gate,0.8114086874226545,-0.026300692370961665
0.7,policy::qpeak0.5__topm__h_tau1.1,local_gate,0.823955822859679,-0.013753556933937094
0.7,policy::qpeak0.5__topm__h_tau1.25,local_gate,0.8216532407691888,-0.016056139024427374
0.7,policy::qpeak0.5__topm__original,local_gate,0.8188586397411278,-0.018850740052488324
0.7,policy::qpeak0.5__topm__power0.5,local_gate,0.8213187449318297,-0.01639063486178649
0.7,policy::qpeak0.5__topm__power0.75,local_gate,0.8228179829268382,-0.014891396866777984
0.7,policy::qpeak0.5__topm__power1.25,local_gate,0.8134778585614957,-0.024231521232120468
0.7,policy::qpeak0.5__topm__power1.5,local_gate,0.80804230556599,-0.029667074227626156
0.7,policy::qpeak0.5__topm__uniform0.02,local_gate,0.8322469753620518,-0.005462404431564316
0.7,policy::qpeak0.5__topm__uniform0.05,local_gate,0.8348417808810689,-0.0028675989125472867
0.7,policy::qpeak0.5__topm__uniform0.1,local_gate,0.8317352099140431,-0.005974169879572999
0.7,policy::qpeak0.5__topm__uniform0.2,local_gate,0.8277230483442849,-0.009986331449331254
0.7,policy::qpeak0.7__full__accept_clip0.02,local_gate,0.8470335477508171,0.009324167957200924
0.7,policy::qpeak0.7__full__accept_clip0.05,local_gate,0.8445848916713217,0.00687551187770552
0.7,policy::qpeak0.7__full__accept_clip0.1,local_gate,0.8452353232794425,0.0075259434858263585
0.7,policy::qpeak0.7__full__bonus1.25,local_gate,0.8297304196334436,-0.007978960160172521
0.7,policy::qpeak0.7__full__bonus1.5,local_gate,0.8300039868464489,-0.007705392947167211
0.7,policy::qpeak0.7__full__bonus2,local_gate,0.8302808109415261,-0.0074285688520900894
0.7,policy::qpeak0.7__full__bonus3,local_gate,0.8303948256870362,-0.007314554106579996
0.7,policy::qpeak0.7__full__expected_mix0.25,local_gate,0.8530488235072271,0.015339443713610956
0.7,policy::qpeak0.7__full__expected_mix0.5,local_gate,0.8473414701662799,0.00963209037266377
0.7,policy::qpeak0.7__full__expected_mix0.75,local_gate,0.8449999808031534,0.0072906010095372675
0.7,policy::qpeak0.7__full__expected_rejection,local_gate,0.8394967553803827,0.0017873755867665597
0.7,policy::qpeak0.7__full__h_tau0.8,local_gate,0.8124279175633174,-0.0252814622302987
0.7,policy::qpeak0.7__full__h_tau0.9,local_gate,0.8233397423630895,-0.01436963743052666
0.7,policy::qpeak0.7__full__h_tau1.1,local_gate,0.8346633693215904,-0.0030460104720257952
0.7,policy::qpeak0.7__full__h_tau1.25,local_gate,0.8298841838035981,-0.007825195990018075
0.7,policy::qpeak0.7__full__original,local_gate,0.8292056479033443,-0.00850373189027187
0.7,policy::qpeak0.7__full__power0.5,local_gate,0.8339420264562161,-0.003767353337400081
0.7,policy::qpeak0.7__full__power0.75,local_gate,0.8323846943452038,-0.0053246854484123585
0.7,policy::qpeak0.7__full__power1.25,local_gate,0.8230334271675521,-0.014675952626064026
0.7,policy::qpeak0.7__full__power1.5,local_gate,0.8160375820094025,-0.021671797784213687
0.7,policy::qpeak0.7__full__uniform0.02,local_gate,0.8440968545338045,0.006387474740188304
0.7,policy::qpeak0.7__full__uniform0.05,local_gate,0.849388014600337,0.011678634806720822
0.7,policy::qpeak0.7__full__uniform0.1,local_gate,0.8476666095882774,0.009957229794661293
0.7,policy::qpeak0.7__full__uniform0.2,local_gate,0.8415342603672553,0.0038248805736391667
0.7,policy::qpeak0.7__topm__accept_clip0.02,local_gate,0.8459291818579009,0.008219802064284742
0.7,policy::qpeak0.7__topm__accept_clip0.05,local_gate,0.8441297496954303,0.00642036990181416
0.7,policy::qpeak0.7__topm__accept_clip0.1,local_gate,0.8441956651191824,0.006486285325566277
0.7,policy::qpeak0.7__topm__bonus1.25,local_gate,0.8296735767333433,-0.00803580306027285
0.7,policy::qpeak0.7__topm__bonus1.5,local_gate,0.8298988689221172,-0.007810510871498977
0.7,policy::qpeak0.7__topm__bonus2,local_gate,0.8295329993877917,-0.008176380405824468
0.7,policy::qpeak0.7__topm__bonus3,local_gate,0.8303277049851456,-0.0073816748084705175
0.7,policy::qpeak0.7__topm__expected_mix0.25,local_gate,0.8530642368114353,0.015354857017819135
0.7,policy::qpeak0.7__topm__expected_mix0.5,local_gate,0.8475838582443794,0.00987447845076328
0.7,policy::qpeak0.7__topm__expected_mix0.75,local_gate,0.8454421527914996,0.007732772997883441
0.7,policy::qpeak0.7__topm__expected_rejection,local_gate,0.8390584146639646,0.0013490348703484312
0.7,policy::qpeak0.7__topm__h_tau0.8,local_gate,0.8111134186150399,-0.02659596117857621
0.7,policy::qpeak0.7__topm__h_tau0.9,local_gate,0.8229343542198888,-0.01477502557372734
0.7,policy::qpeak0.7__topm__h_tau1.1,local_gate,0.8340705752934916,-0.0036388045001245484
0.7,policy::qpeak0.7__topm__h_tau1.25,local_gate,0.8318011582433342,-0.005908221550281922
0.7,policy::qpeak0.7__topm__original,local_gate,0.828944427215352,-0.008764952578264151
0.7,policy::qpeak0.7__topm__power0.5,local_gate,0.8323120292480051,-0.005397350545611079
0.7,policy::qpeak0.7__topm__power0.75,local_gate,0.8338258976921871,-0.003883482101429081
0.7,policy::qpeak0.7__topm__power1.25,local_gate,0.8233784196450725,-0.014330960148543626
0.7,policy::qpeak0.7__topm__power1.5,local_gate,0.8162479768602644,-0.021461402933351748
0.7,policy::qpeak0.7__topm__uniform0.02,local_gate,0.8444088979117967,0.006699518118180592
0.7,policy::qpeak0.7__topm__uniform0.05,local_gate,0.8483805203199036,0.010671140526287481
0.7,policy::qpeak0.7__topm__uniform0.1,local_gate,0.8461492285249453,0.008439848731329191
0.7,policy::qpeak0.7__topm__uniform0.2,local_gate,0.8419788951781463,0.0042695153845301315
0.7,policy::qpeak0.9__full__accept_clip0.02,local_gate,0.8549013757784489,0.017191995984832786
0.7,policy::qpeak0.9__full__accept_clip0.05,local_gate,0.8547335605335474,0.017024180739931283
0.7,policy::qpeak0.9__full__accept_clip0.1,local_gate,0.8551927972355136,0.01748341744189741
0.7,policy::qpeak0.9__full__bonus1.25,local_gate,0.8372258082396106,-0.0004835715540055796
0.7,policy::qpeak0.9__full__bonus1.5,local_gate,0.8376971349386491,-1.2244854967091712e-05
0.7,policy::qpeak0.9__full__bonus2,local_gate,0.837502472517199,-0.00020690727641714535
0.7,policy::qpeak0.9__full__bonus3,local_gate,0.8372226501329041,-0.0004867296607120597
0.7,policy::qpeak0.9__full__expected_mix0.25,local_gate,0.8629006092018511,0.025191229408234928
0.7,policy::qpeak0.9__full__expected_mix0.5,local_gate,0.8590874771549074,0.02137809736129126
0.7,policy::qpeak0.9__full__expected_mix0.75,local_gate,0.8563683886732509,0.018659008879634786
0.7,policy::qpeak0.9__full__expected_rejection,local_gate,0.8485144244520642,0.010805044658448004
0.7,policy::qpeak0.9__full__h_tau0.8,local_gate,0.8205123415949733,-0.017197038198642822
0.7,policy::qpeak0.9__full__h_tau0.9,local_gate,0.8297955098836395,-0.007913869909976667
0.7,policy::qpeak0.9__full__h_tau1.1,local_gate,0.8418020950182485,0.004092715224632393
0.7,policy::qpeak0.9__full__h_tau1.25,local_gate,0.8380194959160542,0.0003101161224380311
0.7,policy::qpeak0.9__full__original,local_gate,0.8368775319712771,-0.0008318478223390269
0.7,policy::qpeak0.9__full__power0.5,local_gate,0.8385794841378039,0.000870104344187772
0.7,policy::qpeak0.9__full__power0.75,local_gate,0.839668824176718,0.001959444383101805
0.7,policy::qpeak0.9__full__power1.25,local_gate,0.8297023424127719,-0.008007037380844295
0.7,policy::qpeak0.9__full__power1.5,local_gate,0.8231483155747849,-0.014561064218831299
0.7,policy::qpeak0.9__full__uniform0.02,local_gate,0.8524060505023199,0.01469667070870373
0.7,policy::qpeak0.9__full__uniform0.05,local_gate,0.8579698397959135,0.02026046000229731
0.7,policy::qpeak0.9__full__uniform0.1,local_gate,0.8577631229811811,0.02005374318756492
0.7,policy::qpeak0.9__full__uniform0.2,local_gate,0.8514690576463002,0.01375967785268406
0.7,policy::qpeak0.9__topm__accept_clip0.02,local_gate,0.8563584369622659,0.01864905716864973
0.7,policy::qpeak0.9__topm__accept_clip0.05,local_gate,0.8546461293888541,0.016936749595237943
0.7,policy::qpeak0.9__topm__accept_clip0.1,local_gate,0.8535156138170222,0.015806234023406085
0.7,policy::qpeak0.9__topm__bonus1.25,local_gate,0.8371979794732463,-0.0005114003203698925
0.7,policy::qpeak0.9__topm__bonus1.5,local_gate,0.8376542998116805,-5.507998193565733e-05
0.7,policy::qpeak0.9__topm__bonus2,local_gate,0.8372236742713971,-0.0004857055222190487
0.7,policy::qpeak0.9__topm__bonus3,local_gate,0.8371013472171616,-0.0006080325764545869
0.7,policy::qpeak0.9__topm__expected_mix0.25,local_gate,0.8625199819519566,0.02481060215834041
0.7,policy::qpeak0.9__topm__expected_mix0.5,local_gate,0.8582073623163002,0.02049798252268409
0.7,policy::qpeak0.9__topm__expected_mix0.75,local_gate,0.8564707451451313,0.01876136535151518
0.7,policy::qpeak0.9__topm__expected_rejection,local_gate,0.8476165501235752,0.009907170329959025
0.7,policy::qpeak0.9__topm__h_tau0.8,local_gate,0.8191992426750625,-0.01851013711855365
0.7,policy::qpeak0.9__topm__h_tau0.9,local_gate,0.8296220553696152,-0.008087324424000952
0.7,policy::qpeak0.9__topm__h_tau1.1,local_gate,0.8411587512105128,0.003449371416896607
0.7,policy::qpeak0.9__topm__h_tau1.25,local_gate,0.8379881400315844,0.00027876023796824523
0.7,policy::qpeak0.9__topm__original,local_gate,0.8369484799713671,-0.0007608998222490282
0.7,policy::qpeak0.9__topm__power0.5,local_gate,0.8392131286359277,0.0015037488423115253
0.7,policy::qpeak0.9__topm__power0.75,local_gate,0.8410264085653906,0.003317028771774422
0.7,policy::qpeak0.9__topm__power1.25,local_gate,0.8301916986903934,-0.0075176811032227064
0.7,policy::qpeak0.9__topm__power1.5,local_gate,0.823402020850107,-0.014307358943509096
0.7,policy::qpeak0.9__topm__uniform0.02,local_gate,0.8533760032954253,0.01566662350180914
0.7,policy::qpeak0.9__topm__uniform0.05,local_gate,0.857857504993371,0.02014812519975484
0.7,policy::qpeak0.9__topm__uniform0.1,local_gate,0.8563157907368195,0.018606410943203366
0.7,policy::qpeak0.9__topm__uniform0.2,local_gate,0.8513316002270479,0.013622220433431753
0.7,policy::residual__full__accept_clip0.02,residual_allocation,0.818341593511992,-0.019367786281624166
0.7,policy::residual__full__accept_clip0.05,residual_allocation,0.8156231683695503,-0.02208621142406586
0.7,policy::residual__full__accept_clip0.1,residual_allocation,0.8141423703545865,-0.023567009439029674
0.7,policy::residual__full__bonus1.25,residual_allocation,0.8075545631795696,-0.03015481661404651
0.7,policy::residual__full__bonus1.5,residual_allocation,0.8077370806573437,-0.029972299136272418
0.7,policy::residual__full__bonus2,residual_allocation,0.8082466719629694,-0.02946270783064675
0.7,policy::residual__full__bonus3,residual_allocation,0.8084390223554418,-0.0292703574381743
0.7,policy::residual__full__expected_mix0.25,residual_allocation,0.8198799998263093,-0.017829379967306824
0.7,policy::residual__full__expected_mix0.5,residual_allocation,0.8166265846693934,-0.02108279512422273
0.7,policy::residual__full__expected_mix0.75,residual_allocation,0.8146169190957048,-0.023092460697911377
0.7,policy::residual__full__expected_rejection,residual_allocation,0.8084591565649845,-0.02925022322863169
0.7,policy::residual__full__h_tau0.8,residual_allocation,0.7907253748228906,-0.046984004970725524
0.7,policy::residual__full__h_tau0.9,residual_allocation,0.7993423536087975,-0.03836702618481869
0.7,policy::residual__full__h_tau1.1,residual_allocation,0.8106910943757543,-0.027018285417861887
0.7,policy::residual__full__h_tau1.25,residual_allocation,0.8087654568434057,-0.02894392295021042
0.7,policy::residual__full__original,residual_allocation,0.807658773908343,-0.030050605885273196
0.7,policy::residual__full__power0.5,residual_allocation,0.8082690472359642,-0.029440332557651994
0.7,policy::residual__full__power0.75,residual_allocation,0.8094408350708635,-0.028268544722752642
0.7,policy::residual__full__power1.25,residual_allocation,0.8010328304808658,-0.03667654931275033
0.7,policy::residual__full__power1.5,residual_allocation,0.7964325157087908,-0.04127686408482534
0.7,policy::residual__full__uniform0.02,residual_allocation,0.820337358328444,-0.01737202146517214
0.7,policy::residual__full__uniform0.05,residual_allocation,0.8215887876618514,-0.016120592131764755
0.7,policy::residual__full__uniform0.1,residual_allocation,0.8190591224926478,-0.018650257300968365
0.7,policy::residual__full__uniform0.2,residual_allocation,0.8133550693610845,-0.024354310432531667
0.7,policy::residual__topm__accept_clip0.02,residual_allocation,0.8164222465724016,-0.02128713322121456
0.7,policy::residual__topm__accept_clip0.05,residual_allocation,0.8152003259012455,-0.02250905389237068
0.7,policy::residual__topm__accept_clip0.1,residual_allocation,0.8127694681732132,-0.024939911620402988
0.7,policy::residual__topm__bonus1.25,residual_allocation,0.8075747282716295,-0.03013465152198669
0.7,policy::residual__topm__bonus1.5,residual_allocation,0.8074459001540778,-0.03026347963953835
0.7,policy::residual__topm__bonus2,residual_allocation,0.8075612808929219,-0.030148098900694253
0.7,policy::residual__topm__bonus3,residual_allocation,0.8082133073743241,-0.029496072419292085
0.7,policy::residual__topm__expected_mix0.25,residual_allocation,0.8191857861030059,-0.018523593690610296
0.7,policy::residual__topm__expected_mix0.5,residual_allocation,0.816813117838351,-0.020896261955265172
0.7,policy::residual__topm__expected_mix0.75,residual_allocation,0.8138659111630417,-0.023843468630574405
0.7,policy::residual__topm__expected_rejection,residual_allocation,0.80781689799449,-0.02989248179912618
0.7,policy::residual__topm__h_tau0.8,residual_allocation,0.7906376809361074,-0.047071698857508726
0.7,policy::residual__topm__h_tau0.9,residual_allocation,0.79950729750199,-0.03820208229162614
0.7,policy::residual__topm__h_tau1.1,residual_allocation,0.8105162036183265,-0.027193176175289602
0.7,policy::residual__topm__h_tau1.25,residual_allocation,0.8081168632801184,-0.029592516513497702
0.7,policy::residual__topm__original,residual_allocation,0.8073451576971685,-0.030364222096447624
0.7,policy::residual__topm__power0.5,residual_allocation,0.8077808052381928,-0.029928574555423304
0.7,policy::residual__topm__power0.75,residual_allocation,0.8094312114560377,-0.028278168337578458
0.7,policy::residual__topm__power1.25,residual_allocation,0.8012521305748606,-0.036457249218755594
0.7,policy::residual__topm__power1.5,residual_allocation,0.7947631103548741,-0.042946269438742024
0.7,policy::residual__topm__uniform0.02,residual_allocation,0.8200971161440126,-0.017612263649603555
0.7,policy::residual__topm__uniform0.05,residual_allocation,0.8199022947252075,-0.017807085068408668
0.7,policy::residual__topm__uniform0.1,residual_allocation,0.8173577207751868,-0.02035165901842939
0.7,policy::residual__topm__uniform0.2,residual_allocation,0.8129967405345965,-0.024712639259019675
0.7,policy::source_tau0.8__full__accept_clip0.02,source_temperature,0.8088093271823221,-0.028900052611294025
0.7,policy::source_tau0.8__full__accept_clip0.05,source_temperature,0.8070901410914342,-0.030619238702181972
0.7,policy::source_tau0.8__full__accept_clip0.1,source_temperature,0.8036437348400591,-0.03406564495355702
0.7,policy::source_tau0.8__full__bonus1.25,source_temperature,0.7998723119867046,-0.03783706780691154
0.7,policy::source_tau0.8__full__bonus1.5,source_temperature,0.7996611683550858,-0.03804821143853032
0.7,policy::source_tau0.8__full__bonus2,source_temperature,0.7998780344117398,-0.03783134538187638
0.7,policy::source_tau0.8__full__bonus3,source_temperature,0.8001241286932682,-0.03758525110034794
0.7,policy::source_tau0.8__full__expected_mix0.25,source_temperature,0.8112380867516963,-0.026471293041919863
0.7,policy::source_tau0.8__full__expected_mix0.5,source_temperature,0.8073545908289723,-0.03035478896464383
0.7,policy::source_tau0.8__full__expected_mix0.75,source_temperature,0.804134206130868,-0.0335751736627482
0.7,policy::source_tau0.8__full__expected_rejection,source_temperature,0.8011670433950084,-0.03654233639860771
0.7,policy::source_tau0.8__full__h_tau0.8,source_temperature,0.7930783557039861,-0.044631024089630045
0.7,policy::source_tau0.8__full__h_tau0.9,source_temperature,0.7952036547997056,-0.04250572499391059
0.7,policy::source_tau0.8__full__h_tau1.1,source_temperature,0.8013246289338851,-0.03638475085973103
0.7,policy::source_tau0.8__full__h_tau1.25,source_temperature,0.7979797936511834,-0.039729586142432716
0.7,policy::source_tau0.8__full__original,source_temperature,0.7996469012537375,-0.03806247853987865
0.7,policy::source_tau0.8__full__power0.5,source_temperature,0.7984279256445307,-0.03928145414908546
0.7,policy::source_tau0.8__full__power0.75,source_temperature,0.7983371224727084,-0.039372257320907766
0.7,policy::source_tau0.8__full__power1.25,source_temperature,0.7982241782774611,-0.03948520151615509
0.7,policy::source_tau0.8__full__power1.5,source_temperature,0.792424405520627,-0.045284974272989165
0.7,policy::source_tau0.8__full__uniform0.02,source_temperature,0.8109639538059495,-0.026745425987666605
0.7,policy::source_tau0.8__full__uniform0.05,source_temperature,0.8098665592586144,-0.027842820535001755
0.7,policy::source_tau0.8__full__uniform0.1,source_temperature,0.8066108188746088,-0.031098560919007312
0.7,policy::source_tau0.8__full__uniform0.2,source_temperature,0.8031919524384892,-0.03451742735512697
0.7,policy::source_tau0.8__topm__accept_clip0.02,source_temperature,0.8087567115000163,-0.02895266829359988
0.7,policy::source_tau0.8__topm__accept_clip0.05,source_temperature,0.8071701903784708,-0.03053918941514533
0.7,policy::source_tau0.8__topm__accept_clip0.1,source_temperature,0.8038231259395601,-0.03388625385405608
0.7,policy::source_tau0.8__topm__bonus1.25,source_temperature,0.7997032598774303,-0.038006119916185854
0.7,policy::source_tau0.8__topm__bonus1.5,source_temperature,0.7996285178562657,-0.038080861937350496
0.7,policy::source_tau0.8__topm__bonus2,source_temperature,0.7999650766231456,-0.037744303170470506
0.7,policy::source_tau0.8__topm__bonus3,source_temperature,0.8001318526777818,-0.0375775271158344
0.7,policy::source_tau0.8__topm__expected_mix0.25,source_temperature,0.8097928390446616,-0.027916540748954555
0.7,policy::source_tau0.8__topm__expected_mix0.5,source_temperature,0.8073266853984846,-0.030382694395131526
0.7,policy::source_tau0.8__topm__expected_mix0.75,source_temperature,0.8040393641795077,-0.03367001561410843
0.7,policy::source_tau0.8__topm__expected_rejection,source_temperature,0.8012763698333101,-0.03643300996030607
0.7,policy::source_tau0.8__topm__h_tau0.8,source_temperature,0.79306949285936,-0.044639886934256134
0.7,policy::source_tau0.8__topm__h_tau0.9,source_temperature,0.7951365594424712,-0.04257282035114496
0.7,policy::source_tau0.8__topm__h_tau1.1,source_temperature,0.8013073321244025,-0.03640204766921362
0.7,policy::source_tau0.8__topm__h_tau1.25,source_temperature,0.7978979494827216,-0.03981143031089451
0.7,policy::source_tau0.8__topm__original,source_temperature,0.799652321793108,-0.03805705800050818
0.7,policy::source_tau0.8__topm__power0.5,source_temperature,0.7968474166952935,-0.040861963098322684
0.7,policy::source_tau0.8__topm__power0.75,source_temperature,0.7982277012247441,-0.03948167856887208
0.7,policy::source_tau0.8__topm__power1.25,source_temperature,0.7982466769095999,-0.03946270288401621
0.7,policy::source_tau0.8__topm__power1.5,source_temperature,0.7923523686282113,-0.045357011165404804
0.7,policy::source_tau0.8__topm__uniform0.02,source_temperature,0.810890145218178,-0.02681923457543811
0.7,policy::source_tau0.8__topm__uniform0.05,source_temperature,0.8096943622888525,-0.02801501750476365
0.7,policy::source_tau0.8__topm__uniform0.1,source_temperature,0.8063476654225619,-0.03136171437105428
0.7,policy::source_tau0.8__topm__uniform0.2,source_temperature,0.8030470586339283,-0.034662321159687814
0.7,policy::source_tau0.9__full__accept_clip0.02,source_temperature,0.816275260519218,-0.0214341192743982
0.7,policy::source_tau0.9__full__accept_clip0.05,source_temperature,0.8127571088378676,-0.02495227095574859
0.7,policy::source_tau0.9__full__accept_clip0.1,source_temperature,0.8114312596902159,-0.02627812010340025
0.7,policy::source_tau0.9__full__bonus1.25,source_temperature,0.8067858668953953,-0.030923512898220817
0.7,policy::source_tau0.9__full__bonus1.5,source_temperature,0.8068337289900377,-0.030875650803578458
0.7,policy::source_tau0.9__full__bonus2,source_temperature,0.8070413476499994,-0.030668032143616797
0.7,policy::source_tau0.9__full__bonus3,source_temperature,0.8071194749611126,-0.030589904832503567
0.7,policy::source_tau0.9__full__expected_mix0.25,source_temperature,0.8188337115725385,-0.01887566822107767
0.7,policy::source_tau0.9__full__expected_mix0.5,source_temperature,0.815351761829479,-0.022357617964137155
0.7,policy::source_tau0.9__full__expected_mix0.75,source_temperature,0.8117474385210298,-0.02596194127258633
0.7,policy::source_tau0.9__full__expected_rejection,source_temperature,0.8069496285803809,-0.030759751213235265
0.7,policy::source_tau0.9__full__h_tau0.8,source_temperature,0.7957655816267942,-0.04194379816682192
0.7,policy::source_tau0.9__full__h_tau0.9,source_temperature,0.8011202395057015,-0.0365891402879146
0.7,policy::source_tau0.9__full__h_tau1.1,source_temperature,0.809237204105382,-0.028472175688234125
0.7,policy::source_tau0.9__full__h_tau1.25,source_temperature,0.8077850099087773,-0.02992436988483882
0.7,policy::source_tau0.9__full__original,source_temperature,0.8065126014925347,-0.031196778301081474
0.7,policy::source_tau0.9__full__power0.5,source_temperature,0.8049987290277139,-0.032710650765902294
0.7,policy::source_tau0.9__full__power0.75,source_temperature,0.8078612712705305,-0.029848108523085615
0.7,policy::source_tau0.9__full__power1.25,source_temperature,0.8041449998329352,-0.03356437996068096
0.7,policy::source_tau0.9__full__power1.5,source_temperature,0.7978745572037047,-0.039834822589911445
0.7,policy::source_tau0.9__full__uniform0.02,source_temperature,0.8193171478498004,-0.018392231943815784
0.7,policy::source_tau0.9__full__uniform0.05,source_temperature,0.8183252778601853,-0.019384101933430875
0.7,policy::source_tau0.9__full__uniform0.1,source_temperature,0.8152485499075681,-0.022460829886048028
0.7,policy::source_tau0.9__full__uniform0.2,source_temperature,0.8106224168613436,-0.02708696293227253
0.7,policy::source_tau0.9__topm__accept_clip0.02,source_temperature,0.816155244173205,-0.021554135620411197
0.7,policy::source_tau0.9__topm__accept_clip0.05,source_temperature,0.8127492247014695,-0.024960155092146663
0.7,policy::source_tau0.9__topm__accept_clip0.1,source_temperature,0.8108863792053744,-0.02682300058824172
0.7,policy::source_tau0.9__topm__bonus1.25,source_temperature,0.806741114180914,-0.03096826561270216
0.7,policy::source_tau0.9__topm__bonus1.5,source_temperature,0.8073822378748431,-0.03032714191877306
0.7,policy::source_tau0.9__topm__bonus2,source_temperature,0.8071223768844937,-0.030587002909122418
0.7,policy::source_tau0.9__topm__bonus3,source_temperature,0.8069527116129224,-0.03075666818069378
0.7,policy::source_tau0.9__topm__expected_mix0.25,source_temperature,0.817725699113212,-0.019983680680404126
0.7,policy::source_tau0.9__topm__expected_mix0.5,source_temperature,0.8153566491164262,-0.022352730677189903
0.7,policy::source_tau0.9__topm__expected_mix0.75,source_temperature,0.8105013699868727,-0.027208009806743427
0.7,policy::source_tau0.9__topm__expected_rejection,source_temperature,0.8059068864384474,-0.031802493355168715
0.7,policy::source_tau0.9__topm__h_tau0.8,source_temperature,0.7937230591241133,-0.04398632066950281
0.7,policy::source_tau0.9__topm__h_tau0.9,source_temperature,0.8009942741334235,-0.03671510566019265
0.7,policy::source_tau0.9__topm__h_tau1.1,source_temperature,0.8094289429188128,-0.028280436874803305
0.7,policy::source_tau0.9__topm__h_tau1.25,source_temperature,0.8077392295923812,-0.029970150201234946
0.7,policy::source_tau0.9__topm__original,source_temperature,0.8064565284527209,-0.03125285134089528
0.7,policy::source_tau0.9__topm__power0.5,source_temperature,0.8049222703607304,-0.032787109432885764
0.7,policy::source_tau0.9__topm__power0.75,source_temperature,0.8078342807150227,-0.029875099078593426
0.7,policy::source_tau0.9__topm__power1.25,source_temperature,0.8039159577797668,-0.033793422013849383
0.7,policy::source_tau0.9__topm__power1.5,source_temperature,0.7977724732001072,-0.0399369065935089
0.7,policy::source_tau0.9__topm__uniform0.02,source_temperature,0.8192190091862854,-0.01849037060733072
0.7,policy::source_tau0.9__topm__uniform0.05,source_temperature,0.8172298357495696,-0.020479544044046505
0.7,policy::source_tau0.9__topm__uniform0.1,source_temperature,0.815320020101249,-0.022389359692367106
0.7,policy::source_tau0.9__topm__uniform0.2,source_temperature,0.8103808731476048,-0.027328506646011386
0.7,policy::source_tau1.1__full__accept_clip0.02,source_temperature,0.8208823066438133,-0.016827073149802807
0.7,policy::source_tau1.1__full__accept_clip0.05,source_temperature,0.8198960003783069,-0.01781337941530925
0.7,policy::source_tau1.1__full__accept_clip0.1,source_temperature,0.8176989509957324,-0.020010428797883728
0.7,policy::source_tau1.1__full__bonus1.25,source_temperature,0.8080592822991208,-0.02965009749449532
0.7,policy::source_tau1.1__full__bonus1.5,source_temperature,0.8086295239855847,-0.029079855808031407
0.7,policy::source_tau1.1__full__bonus2,source_temperature,0.8095406565815664,-0.028168723212049773
0.7,policy::source_tau1.1__full__bonus3,source_temperature,0.8106075538653629,-0.027101825928253276
0.7,policy::source_tau1.1__full__expected_mix0.25,source_temperature,0.8244829079269262,-0.013226471866689904
0.7,policy::source_tau1.1__full__expected_mix0.5,source_temperature,0.8218393406354284,-0.015870039158187743
0.7,policy::source_tau1.1__full__expected_mix0.75,source_temperature,0.8176237844934154,-0.02008559530020071
0.7,policy::source_tau1.1__full__expected_rejection,source_temperature,0.8123962388726301,-0.02531314092098602
0.7,policy::source_tau1.1__full__h_tau0.8,source_temperature,0.789418554379133,-0.04829082541448315
0.7,policy::source_tau1.1__full__h_tau0.9,source_temperature,0.8001298868029157,-0.0375794929907004
0.7,policy::source_tau1.1__full__h_tau1.1,source_temperature,0.8131193527396833,-0.024590027053932872
0.7,policy::source_tau1.1__full__h_tau1.25,source_temperature,0.8127168379844283,-0.024992541809187863
0.7,policy::source_tau1.1__full__original,source_temperature,0.8082441201269924,-0.029465259666623722
0.7,policy::source_tau1.1__full__power0.5,source_temperature,0.8132323383856475,-0.02447704140796869
0.7,policy::source_tau1.1__full__power0.75,source_temperature,0.8126466507604669,-0.02506272903314921
0.7,policy::source_tau1.1__full__power1.25,source_temperature,0.8016902011326534,-0.036019178660962714
0.7,policy::source_tau1.1__full__power1.5,source_temperature,0.7935712767410551,-0.04413810305256105
0.7,policy::source_tau1.1__full__uniform0.02,source_temperature,0.8209198166904045,-0.01678956310321167
0.7,policy::source_tau1.1__full__uniform0.05,source_temperature,0.8249580277272784,-0.012751352066337707
0.7,policy::source_tau1.1__full__uniform0.1,source_temperature,0.8241462727857451,-0.013563107007871
0.7,policy::source_tau1.1__full__uniform0.2,source_temperature,0.82014298212883,-0.017566397664786182
0.7,policy::source_tau1.1__topm__accept_clip0.02,source_temperature,0.8204526613214957,-0.017256718472120403
0.7,policy::source_tau1.1__topm__accept_clip0.05,source_temperature,0.8192365483931381,-0.018472831400478062
0.7,policy::source_tau1.1__topm__accept_clip0.1,source_temperature,0.8174003481107017,-0.020309031682914425
0.7,policy::source_tau1.1__topm__bonus1.25,source_temperature,0.8084336365650765,-0.029275743228539652
0.7,policy::source_tau1.1__topm__bonus1.5,source_temperature,0.8087232582843271,-0.02898612150928903
0.7,policy::source_tau1.1__topm__bonus2,source_temperature,0.8096486159586378,-0.028060763834978353
0.7,policy::source_tau1.1__topm__bonus3,source_temperature,0.8104205701404563,-0.02728880965315983
0.7,policy::source_tau1.1__topm__expected_mix0.25,source_temperature,0.8231462451163623,-0.014563134677253897
0.7,policy::source_tau1.1__topm__expected_mix0.5,source_temperature,0.8210279269986847,-0.016681452794931495
0.7,policy::source_tau1.1__topm__expected_mix0.75,source_temperature,0.8172791903009282,-0.020430189492687933
0.7,policy::source_tau1.1__topm__expected_rejection,source_temperature,0.810061983528989,-0.0276473962646272
0.7,policy::source_tau1.1__topm__h_tau0.8,source_temperature,0.7890141393011401,-0.04869524049247609
0.7,policy::source_tau1.1__topm__h_tau0.9,source_temperature,0.7982288644298408,-0.03948051536377539
0.7,policy::source_tau1.1__topm__h_tau1.1,source_temperature,0.8128315676706748,-0.02487781212294138
0.7,policy::source_tau1.1__topm__h_tau1.25,source_temperature,0.8120560062045367,-0.025653373589079487
0.7,policy::source_tau1.1__topm__original,source_temperature,0.8086230403506005,-0.02908633944301564
0.7,policy::source_tau1.1__topm__power0.5,source_temperature,0.8109366596863645,-0.026772720107251624
0.7,policy::source_tau1.1__topm__power0.75,source_temperature,0.8122778001620361,-0.025431579631580048
0.7,policy::source_tau1.1__topm__power1.25,source_temperature,0.801808010897963,-0.035901368895653096
0.7,policy::source_tau1.1__topm__power1.5,source_temperature,0.7909692923743551,-0.046740087419261056
0.7,policy::source_tau1.1__topm__uniform0.02,source_temperature,0.8208638191473183,-0.01684556064629783
0.7,policy::source_tau1.1__topm__uniform0.05,source_temperature,0.8241674971157995,-0.013541882677816641
0.7,policy::source_tau1.1__topm__uniform0.1,source_temperature,0.8232358570801661,-0.014473522713450038
0.7,policy::source_tau1.1__topm__uniform0.2,source_temperature,0.8189156808833596,-0.018793698910256507
0.7,policy::twosided0.1__full__accept_clip0.02,bounded_subtraction,0.8360723216607706,-0.001637058132845537
0.7,policy::twosided0.1__full__accept_clip0.05,bounded_subtraction,0.835287966291756,-0.0024214135018602034
0.7,policy::twosided0.1__full__accept_clip0.1,bounded_subtraction,0.8329034732100121,-0.004805906583604025
0.7,policy::twosided0.1__full__bonus1.25,bounded_subtraction,0.8191772814474577,-0.018532098346158432
0.7,policy::twosided0.1__full__bonus1.5,bounded_subtraction,0.8190779817702053,-0.01863139802341085
0.7,policy::twosided0.1__full__bonus2,bounded_subtraction,0.8185955990367905,-0.019113780756825682
0.7,policy::twosided0.1__full__bonus3,bounded_subtraction,0.8193013100255744,-0.018408069768041768
0.7,policy::twosided0.1__full__expected_mix0.25,bounded_subtraction,0.8420128900018538,0.004303510208237604
0.7,policy::twosided0.1__full__expected_mix0.5,bounded_subtraction,0.839796367112363,0.0020869873187469024
0.7,policy::twosided0.1__full__expected_mix0.75,bounded_subtraction,0.8371148530297422,-0.0005945267638739482
0.7,policy::twosided0.1__full__expected_rejection,bounded_subtraction,0.8288724293682996,-0.008836950425316514
0.7,policy::twosided0.1__full__h_tau0.8,bounded_subtraction,0.7979942364635433,-0.039715143330072866
0.7,policy::twosided0.1__full__h_tau0.9,bounded_subtraction,0.8074294421437382,-0.030279937649877908
0.7,policy::twosided0.1__full__h_tau1.1,bounded_subtraction,0.8255985031515187,-0.012110876642097423
0.7,policy::twosided0.1__full__h_tau1.25,bounded_subtraction,0.8246154025674582,-0.013093977226157905
0.7,policy::twosided0.1__full__original,bounded_subtraction,0.8189864029550811,-0.018722976838535077
0.7,policy::twosided0.1__full__power0.5,bounded_subtraction,0.8200380625590744,-0.01767131723454174
0.7,policy::twosided0.1__full__power0.75,bounded_subtraction,0.8244135103123433,-0.013295869481272815
0.7,policy::twosided0.1__full__power1.25,bounded_subtraction,0.8119848510825756,-0.025724528711040584
0.7,policy::twosided0.1__full__power1.5,bounded_subtraction,0.803949526505815,-0.03375985328780118
0.7,policy::twosided0.1__full__uniform0.02,bounded_subtraction,0.836367314539109,-0.0013420652545071965
0.7,policy::twosided0.1__full__uniform0.05,bounded_subtraction,0.8392056878095182,0.0014963080159020592
0.7,policy::twosided0.1__full__uniform0.1,bounded_subtraction,0.8378416503781553,0.0001322705845391292
0.7,policy::twosided0.1__full__uniform0.2,bounded_subtraction,0.8335008490371513,-0.004208530756464879
0.7,policy::twosided0.1__topm__accept_clip0.02,bounded_subtraction,0.8358436644675721,-0.0018657153260440706
0.7,policy::twosided0.1__topm__accept_clip0.05,bounded_subtraction,0.8335104854014984,-0.004198894392117736
0.7,policy::twosided0.1__topm__accept_clip0.1,bounded_subtraction,0.8343814903110991,-0.0033278894825170546
0.7,policy::twosided0.1__topm__bonus1.25,bounded_subtraction,0.8196081321383081,-0.018101247655308073
0.7,policy::twosided0.1__topm__bonus1.5,bounded_subtraction,0.8188338288933402,-0.018875550900275928
0.7,policy::twosided0.1__topm__bonus2,bounded_subtraction,0.8184268221129688,-0.01928255768064735
0.7,policy::twosided0.1__topm__bonus3,bounded_subtraction,0.819245770282958,-0.018463609510658174
0.7,policy::twosided0.1__topm__expected_mix0.25,bounded_subtraction,0.8434235602949456,0.0057141805013294356
0.7,policy::twosided0.1__topm__expected_mix0.5,bounded_subtraction,0.8394055071009239,0.0016961273073077265
0.7,policy::twosided0.1__topm__expected_mix0.75,bounded_subtraction,0.8361844030476822,-0.0015249767459339925
0.7,policy::twosided0.1__topm__expected_rejection,bounded_subtraction,0.8293696857681101,-0.00833969402550605
0.7,policy::twosided0.1__topm__h_tau0.8,bounded_subtraction,0.7976169327284939,-0.04009244706512227
0.7,policy::twosided0.1__topm__h_tau0.9,bounded_subtraction,0.807937504672724,-0.02977187512089219
0.7,policy::twosided0.1__topm__h_tau1.1,bounded_subtraction,0.8264040377265877,-0.01130534206702849
0.7,policy::twosided0.1__topm__h_tau1.25,bounded_subtraction,0.8235037379773859,-0.014205641816230297
0.7,policy::twosided0.1__topm__original,bounded_subtraction,0.8194799492576998,-0.018229430535916302
0.7,policy::twosided0.1__topm__power0.5,bounded_subtraction,0.8199991498749246,-0.017710229918691534
0.7,policy::twosided0.1__topm__power0.75,bounded_subtraction,0.8241254517693445,-0.013583928024271663
0.7,policy::twosided0.1__topm__power1.25,bounded_subtraction,0.8112484412456252,-0.02646093854799092
0.7,policy::twosided0.1__topm__power1.5,bounded_subtraction,0.8013771828385913,-0.036332196955024876
0.7,policy::twosided0.1__topm__uniform0.02,bounded_subtraction,0.8373922832211156,-0.00031709657250056367
0.7,policy::twosided0.1__topm__uniform0.05,bounded_subtraction,0.8384416218741192,0.0007322420805030427
0.7,policy::twosided0.1__topm__uniform0.1,bounded_subtraction,0.8383937167754945,0.0006843369818783085
0.7,policy::twosided0.1__topm__uniform0.2,bounded_subtraction,0.8325550707419443,-0.0051543090516718015
0.7,policy::twosided0.25__full__accept_clip0.02,bounded_subtraction,0.8382907920402538,0.0005814122466376581
0.7,policy::twosided0.25__full__accept_clip0.05,bounded_subtraction,0.8348810035267062,-0.0028283762669099044
0.7,policy::twosided0.25__full__accept_clip0.1,bounded_subtraction,0.8304970181930811,-0.007212361600535067
0.7,policy::twosided0.25__full__bonus1.25,bounded_subtraction,0.8186902697095166,-0.01901911008409951
0.7,policy::twosided0.25__full__bonus1.5,bounded_subtraction,0.8194054732288764,-0.01830390656473979
0.7,policy::twosided0.25__full__bonus2,bounded_subtraction,0.8201424729475177,-0.017566906846098407
0.7,policy::twosided0.25__full__bonus3,bounded_subtraction,0.8208803194593423,-0.016829060334273893
0.7,policy::twosided0.25__full__expected_mix0.25,bounded_subtraction,0.8423924696367878,0.004683089843171673
0.7,policy::twosided0.25__full__expected_mix0.5,bounded_subtraction,0.8415601593393031,0.003850779545686911
0.7,policy::twosided0.25__full__expected_mix0.75,bounded_subtraction,0.837095828234856,-0.0006135515587601947
0.7,policy::twosided0.25__full__expected_rejection,bounded_subtraction,0.8325878524031832,-0.005121527390432923
0.7,policy::twosided0.25__full__h_tau0.8,bounded_subtraction,0.7953031529501232,-0.042406226843492933
0.7,policy::twosided0.25__full__h_tau0.9,bounded_subtraction,0.8057630867354479,-0.03194629305816821
0.7,policy::twosided0.25__full__h_tau1.1,bounded_subtraction,0.8255438968606097,-0.012165482933006455
0.7,policy::twosided0.25__full__h_tau1.25,bounded_subtraction,0.8241346950360694,-0.013574684757546751
0.7,policy::twosided0.25__full__original,bounded_subtraction,0.8184073061844777,-0.019302073609138493
0.7,policy::twosided0.25__full__power0.5,bounded_subtraction,0.823175471996944,-0.014533907796672185
0.7,policy::twosided0.25__full__power0.75,bounded_subtraction,0.8244422203197669,-0.013267159473849266
0.7,policy::twosided0.25__full__power1.25,bounded_subtraction,0.8070186496780261,-0.030690730115590092
0.7,policy::twosided0.25__full__power1.5,bounded_subtraction,0.8013624962436063,-0.03634688355000981
0.7,policy::twosided0.25__full__uniform0.02,bounded_subtraction,0.8364527885971014,-0.001256591196514778
0.7,policy::twosided0.25__full__uniform0.05,bounded_subtraction,0.8386793469295017,0.0009699671358855966
0.7,policy::twosided0.25__full__uniform0.1,bounded_subtraction,0.8383863692970532,0.0006769895034370865
0.7,policy::twosided0.25__full__uniform0.2,bounded_subtraction,0.8356279039092797,-0.0020814758843364922
0.7,policy::twosided0.25__topm__accept_clip0.02,bounded_subtraction,0.8370800466167736,-0.0006293331768425503
0.7,policy::twosided0.25__topm__accept_clip0.05,bounded_subtraction,0.8326307457144321,-0.0050786340791840745
0.7,policy::twosided0.25__topm__accept_clip0.1,bounded_subtraction,0.8311922702467719,-0.0065171095468442575
0.7,policy::twosided0.25__topm__bonus1.25,bounded_subtraction,0.8185078384590936,-0.019201541334522565
0.7,policy::twosided0.25__topm__bonus1.5,bounded_subtraction,0.8195718007134712,-0.018137579080144905
0.7,policy::twosided0.25__topm__bonus2,bounded_subtraction,0.8203087908302897,-0.017400588963326413
0.7,policy::twosided0.25__topm__bonus3,bounded_subtraction,0.8210107920041707,-0.01669858778944544
0.7,policy::twosided0.25__topm__expected_mix0.25,bounded_subtraction,0.8412986286656843,0.0035892488720681293
0.7,policy::twosided0.25__topm__expected_mix0.5,bounded_subtraction,0.8410566510607493,0.0033472712671331895
0.7,policy::twosided0.25__topm__expected_mix0.75,bounded_subtraction,0.837335917481111,-0.00037346231250512396
0.7,policy::twosided0.25__topm__expected_rejection,bounded_subtraction,0.8301629356085062,-0.007546444185109968
0.7,policy::twosided0.25__topm__h_tau0.8,bounded_subtraction,0.7943578259780679,-0.04335155381554823
0.7,policy::twosided0.25__topm__h_tau0.9,bounded_subtraction,0.8064805644857354,-0.031228815307880797
0.7,policy::twosided0.25__topm__h_tau1.1,bounded_subtraction,0.825590213147545,-0.012119166646071156
0.7,policy::twosided0.25__topm__h_tau1.25,bounded_subtraction,0.8246843585921148,-0.013025021201501397
0.7,policy::twosided0.25__topm__original,bounded_subtraction,0.81808069190182,-0.01962868789179617
0.7,policy::twosided0.25__topm__power0.5,bounded_subtraction,0.8232276416226579,-0.014481738170958214
0.7,policy::twosided0.25__topm__power0.75,bounded_subtraction,0.8242367321284785,-0.013472647665137671
0.7,policy::twosided0.25__topm__power1.25,bounded_subtraction,0.8066848801773819,-0.031024499616234213
0.7,policy::twosided0.25__topm__power1.5,bounded_subtraction,0.7987217434841483,-0.03898763630946789
0.7,policy::twosided0.25__topm__uniform0.02,bounded_subtraction,0.8370036131168042,-0.0007057666768119919
0.7,policy::twosided0.25__topm__uniform0.05,bounded_subtraction,0.8381353887887608,0.0004260089951446666
0.7,policy::twosided0.25__topm__uniform0.1,bounded_subtraction,0.837499458375498,-0.00020992141811815301
0.7,policy::twosided0.25__topm__uniform0.2,bounded_subtraction,0.8355406909812656,-0.00216868881235055
0.7,policy::twosided0.5__full__accept_clip0.02,bounded_subtraction,0.8374788001099849,-0.00023057968363127124
0.7,policy::twosided0.5__full__accept_clip0.05,bounded_subtraction,0.8375447459174059,-0.00016463387621024062
0.7,policy::twosided0.5__full__accept_clip0.1,bounded_subtraction,0.830324498067901,-0.0073848817257151644
0.7,policy::twosided0.5__full__bonus1.25,bounded_subtraction,0.8180790335065034,-0.0196303462871128
0.7,policy::twosided0.5__full__bonus1.5,bounded_subtraction,0.819323911761272,-0.0183854680323442
0.7,policy::twosided0.5__full__bonus2,bounded_subtraction,0.8193695983476226,-0.018339781445993575
0.7,policy::twosided0.5__full__bonus3,bounded_subtraction,0.8202752740699817,-0.017434105723634463
0.7,policy::twosided0.5__full__expected_mix0.25,bounded_subtraction,0.8445520753603445,0.006842695566728341
0.7,policy::twosided0.5__full__expected_mix0.5,bounded_subtraction,0.8444552822006787,0.006745902407062521
0.7,policy::twosided0.5__full__expected_mix0.75,bounded_subtraction,0.8376835724265586,-2.5807367057595343e-05
0.7,policy::twosided0.5__full__expected_rejection,bounded_subtraction,0.8311882756971126,-0.006521104096503527
0.7,policy::twosided0.5__full__h_tau0.8,bounded_subtraction,0.7951459475768676,-0.04256343221674852
0.7,policy::twosided0.5__full__h_tau0.9,bounded_subtraction,0.8068182906935006,-0.03089108910011551
0.7,policy::twosided0.5__full__h_tau1.1,bounded_subtraction,0.828417458227628,-0.009291921565988126
0.7,policy::twosided0.5__full__h_tau1.25,bounded_subtraction,0.8250387020861161,-0.012670677707500078
0.7,policy::twosided0.5__full__original,bounded_subtraction,0.8174261094821671,-0.020283270311449053
0.7,policy::twosided0.5__full__power0.5,bounded_subtraction,0.8232488767668966,-0.014460503026719529
0.7,policy::twosided0.5__full__power0.75,bounded_subtraction,0.8249105354051494,-0.01279884438846679
0.7,policy::twosided0.5__full__power1.25,bounded_subtraction,0.8088768390752054,-0.028832540718410793
0.7,policy::twosided0.5__full__power1.5,bounded_subtraction,0.8017987816295722,-0.03591059816404396
0.7,policy::twosided0.5__full__uniform0.02,bounded_subtraction,0.8348311333187044,-0.00287824647491175
0.7,policy::twosided0.5__full__uniform0.05,bounded_subtraction,0.8389971915987614,0.0012878118051452558
0.7,policy::twosided0.5__full__uniform0.1,bounded_subtraction,0.840674357569658,0.002964977776041877
0.7,policy::twosided0.5__full__uniform0.2,bounded_subtraction,0.8353061088040425,-0.0024032709895736026
0.7,policy::twosided0.5__topm__accept_clip0.02,bounded_subtraction,0.8385810369085566,0.0008716571149404162
0.7,policy::twosided0.5__topm__accept_clip0.05,bounded_subtraction,0.8369816771780161,-0.0007277026156000677
0.7,policy::twosided0.5__topm__accept_clip0.1,bounded_subtraction,0.8319127889813556,-0.0057965908122605825
0.7,policy::twosided0.5__topm__bonus1.25,bounded_subtraction,0.8191910593656044,-0.018518320428011714
0.7,policy::twosided0.5__topm__bonus1.5,bounded_subtraction,0.8202723807471906,-0.017436999046425594
0.7,policy::twosided0.5__topm__bonus2,bounded_subtraction,0.8205476194500694,-0.017161760343546772
0.7,policy::twosided0.5__topm__bonus3,bounded_subtraction,0.8210425609978254,-0.016666818795790794
0.7,policy::twosided0.5__topm__expected_mix0.25,bounded_subtraction,0.8440588286693562,0.006349448875740071
0.7,policy::twosided0.5__topm__expected_mix0.5,bounded_subtraction,0.8432736004028383,0.005564220609222126
0.7,policy::twosided0.5__topm__expected_mix0.75,bounded_subtraction,0.8378004643322049,9.108453858874821e-05
0.7,policy::twosided0.5__topm__expected_rejection,bounded_subtraction,0.8307683862500551,-0.006940993543561036
0.7,policy::twosided0.5__topm__h_tau0.8,bounded_subtraction,0.7943718882979343,-0.04333749149568189
0.7,policy::twosided0.5__topm__h_tau0.9,bounded_subtraction,0.8061176914228677,-0.03159168837074844
0.7,policy::twosided0.5__topm__h_tau1.1,bounded_subtraction,0.8278384551429423,-0.009870924650673851
0.7,policy::twosided0.5__topm__h_tau1.25,bounded_subtraction,0.82551023436732,-0.012199145426296187
0.7,policy::twosided0.5__topm__original,bounded_subtraction,0.81795383840412,-0.0197555413894962
0.7,policy::twosided0.5__topm__power0.5,bounded_subtraction,0.8235299966870603,-0.014179383106555865
0.7,policy::twosided0.5__topm__power0.75,bounded_subtraction,0.8237824336110393,-0.013926946182576838
0.7,policy::twosided0.5__topm__power1.25,bounded_subtraction,0.807742289222626,-0.029967090570990118
0.7,policy::twosided0.5__topm__power1.5,bounded_subtraction,0.7994557307552655,-0.0382536490383506
0.7,policy::twosided0.5__topm__uniform0.02,bounded_subtraction,0.8371108432625336,-0.0005985365310825497
0.7,policy::twosided0.5__topm__uniform0.05,bounded_subtraction,0.8391181820380024,0.0014088022443862203
0.7,policy::twosided0.5__topm__uniform0.1,bounded_subtraction,0.839558869432893,0.0018494896392768911
0.7,policy::twosided0.5__topm__uniform0.2,bounded_subtraction,0.8355611500774143,-0.002148229716201877
0.7,policy::twosided1__full__accept_clip0.02,bounded_subtraction,0.8317860093432189,-0.005923370450397258
0.7,policy::twosided1__full__accept_clip0.05,bounded_subtraction,0.8315612076753455,-0.006148172118270678
0.7,policy::twosided1__full__accept_clip0.1,bounded_subtraction,0.830812147514618,-0.006897232278998189
0.7,policy::twosided1__full__bonus1.25,bounded_subtraction,0.8175883774398988,-0.020121002353717388
0.7,policy::twosided1__full__bonus1.5,bounded_subtraction,0.8179660101221717,-0.01974336967144441
0.7,policy::twosided1__full__bonus2,bounded_subtraction,0.818382783760983,-0.019326596032633203
0.7,policy::twosided1__full__bonus3,bounded_subtraction,0.818854734832932,-0.01885464496068412
0.7,policy::twosided1__full__expected_mix0.25,bounded_subtraction,0.8442075449372454,0.00649816514362922
0.7,policy::twosided1__full__expected_mix0.5,bounded_subtraction,0.8460292285100164,0.008319848716400235
0.7,policy::twosided1__full__expected_mix0.75,bounded_subtraction,0.8409622673939542,0.003252887600338039
0.7,policy::twosided1__full__expected_rejection,bounded_subtraction,0.8329561052543064,-0.0047532745393097375
0.7,policy::twosided1__full__h_tau0.8,bounded_subtraction,0.7916900175625989,-0.04601936223101721
0.7,policy::twosided1__full__h_tau0.9,bounded_subtraction,0.8056306163366334,-0.032078763456982795
0.7,policy::twosided1__full__h_tau1.1,bounded_subtraction,0.8239272458642576,-0.013782133929358564
0.7,policy::twosided1__full__h_tau1.25,bounded_subtraction,0.819817860887782,-0.01789151890583418
0.7,policy::twosided1__full__original,bounded_subtraction,0.8145586944415566,-0.023150685352059552
0.7,policy::twosided1__full__power0.5,bounded_subtraction,0.822285066927309,-0.015424312866307188
0.7,policy::twosided1__full__power0.75,bounded_subtraction,0.821336385356873,-0.016372994436743116
0.7,policy::twosided1__full__power1.25,bounded_subtraction,0.8053377810351318,-0.03237159875848439
0.7,policy::twosided1__full__power1.5,bounded_subtraction,0.794574404322509,-0.04313497547110712
0.7,policy::twosided1__full__uniform0.02,bounded_subtraction,0.8326048292813111,-0.005104550512305073
0.7,policy::twosided1__full__uniform0.05,bounded_subtraction,0.835386016745956,-0.002323363047660121
0.7,policy::twosided1__full__uniform0.1,bounded_subtraction,0.835807429554573,-0.0019019502390431597
0.7,policy::twosided1__full__uniform0.2,bounded_subtraction,0.8365759454333238,-0.0011334343602923402
0.7,policy::twosided1__topm__accept_clip0.02,bounded_subtraction,0.8325221947291462,-0.0051871850644699125
0.7,policy::twosided1__topm__accept_clip0.05,bounded_subtraction,0.8311252734261663,-0.006584106367449882
0.7,policy::twosided1__topm__accept_clip0.1,bounded_subtraction,0.8313911159215949,-0.006318263872021279
0.7,policy::twosided1__topm__bonus1.25,bounded_subtraction,0.8172335741054249,-0.020475805688191295
0.7,policy::twosided1__topm__bonus1.5,bounded_subtraction,0.8178705462473872,-0.01983883354622895
0.7,policy::twosided1__topm__bonus2,bounded_subtraction,0.8185158791338143,-0.019193500659801854
0.7,policy::twosided1__topm__bonus3,bounded_subtraction,0.8190531413875666,-0.018656238406049575
0.7,policy::twosided1__topm__expected_mix0.25,bounded_subtraction,0.8441131355685593,0.006403755774943121
0.7,policy::twosided1__topm__expected_mix0.5,bounded_subtraction,0.8439153147578972,0.006205934964281012
0.7,policy::twosided1__topm__expected_mix0.75,bounded_subtraction,0.842751128370201,0.0050417485765849035
0.7,policy::twosided1__topm__expected_rejection,bounded_subtraction,0.8329729577462517,-0.004736422047364464
0.7,policy::twosided1__topm__h_tau0.8,bounded_subtraction,0.7890260554208317,-0.04868332437278444
0.7,policy::twosided1__topm__h_tau0.9,bounded_subtraction,0.8045356583327993,-0.033173721460816874
0.7,policy::twosided1__topm__h_tau1.1,bounded_subtraction,0.8245068272597178,-0.013202552533898348
0.7,policy::twosided1__topm__h_tau1.25,bounded_subtraction,0.8208685168200005,-0.016840862973615645
0.7,policy::twosided1__topm__original,bounded_subtraction,0.8141949255427035,-0.023514454250912697
0.7,policy::twosided1__topm__power0.5,bounded_subtraction,0.8231398182516927,-0.01456956154192346
0.7,policy::twosided1__topm__power0.75,bounded_subtraction,0.8223455444970571,-0.015363835296559047
0.7,policy::twosided1__topm__power1.25,bounded_subtraction,0.8049586385819849,-0.03275074121163124
0.7,policy::twosided1__topm__power1.5,bounded_subtraction,0.7914651916891131,-0.04624418810450304
0.7,policy::twosided1__topm__uniform0.02,bounded_subtraction,0.8328143200673875,-0.004895059726228612
0.7,policy::twosided1__topm__uniform0.05,bounded_subtraction,0.8347878634506158,-0.0029215163430003077
0.7,policy::twosided1__topm__uniform0.1,bounded_subtraction,0.8358602484912692,-0.0018491313023469846
0.7,policy::twosided1__topm__uniform0.2,bounded_subtraction,0.8344370866372939,-0.00327229315632227
0.7,policy::uncertainty0.01__full__accept_clip0.02,bounded_subtraction,0.8445749791896757,0.006865599396059574
0.7,policy::uncertainty0.01__full__accept_clip0.05,bounded_subtraction,0.8446064297441065,0.0068970499504903415
0.7,policy::uncertainty0.01__full__accept_clip0.1,bounded_subtraction,0.839754045038276,0.002044665244659849
0.7,policy::uncertainty0.01__full__bonus1.25,bounded_subtraction,0.8270985227652822,-0.010610857028333975
0.7,policy::uncertainty0.01__full__bonus1.5,bounded_subtraction,0.827776870569514,-0.00993250922410216
0.7,policy::uncertainty0.01__full__bonus2,bounded_subtraction,0.8256788927386223,-0.012030487054993877
0.7,policy::uncertainty0.01__full__bonus3,bounded_subtraction,0.8265099343473741,-0.011199445446242073
0.7,policy::uncertainty0.01__full__expected_mix0.25,bounded_subtraction,0.8506130717212969,0.012903691927680705
0.7,policy::uncertainty0.01__full__expected_mix0.5,bounded_subtraction,0.8424823717591751,0.004772991965558915
0.7,policy::uncertainty0.01__full__expected_mix0.75,bounded_subtraction,0.8366850185651836,-0.0010243612284325243
0.7,policy::uncertainty0.01__full__expected_rejection,bounded_subtraction,0.828433343929434,-0.00927603586418213
0.7,policy::uncertainty0.01__full__h_tau0.8,bounded_subtraction,0.8085275193263917,-0.029181860467224485
0.7,policy::uncertainty0.01__full__h_tau0.9,bounded_subtraction,0.8181608972648896,-0.01954848252872654
0.7,policy::uncertainty0.01__full__h_tau1.1,bounded_subtraction,0.8313314165802395,-0.006377963213376692
0.7,policy::uncertainty0.01__full__h_tau1.25,bounded_subtraction,0.8286538252476892,-0.009055554545926991
0.7,policy::uncertainty0.01__full__original,bounded_subtraction,0.8263122940796681,-0.01139708571394804
0.7,policy::uncertainty0.01__full__power0.5,bounded_subtraction,0.8294967630403987,-0.008212616753217494
0.7,policy::uncertainty0.01__full__power0.75,bounded_subtraction,0.8296597110925314,-0.0080496687010847
0.7,policy::uncertainty0.01__full__power1.25,bounded_subtraction,0.8189418823249757,-0.01876749746864048
0.7,policy::uncertainty0.01__full__power1.5,bounded_subtraction,0.8093085091448968,-0.028400870648719323
0.7,policy::uncertainty0.01__full__uniform0.02,bounded_subtraction,0.8440849958908481,0.006375616097231918
0.7,policy::uncertainty0.01__full__uniform0.05,bounded_subtraction,0.8454760545639587,0.007766674770342541
0.7,policy::uncertainty0.01__full__uniform0.1,bounded_subtraction,0.8445675242112268,0.006858144417610679
0.7,policy::uncertainty0.01__full__uniform0.2,bounded_subtraction,0.8404155215913256,0.0027061417977094493
0.7,policy::uncertainty0.01__topm__accept_clip0.02,bounded_subtraction,0.8412881678816714,0.003578788088055229
0.7,policy::uncertainty0.01__topm__accept_clip0.05,bounded_subtraction,0.8380260796411658,0.00031669984754967295
0.7,policy::uncertainty0.01__topm__accept_clip0.1,bounded_subtraction,0.8334525414587258,-0.004256838334890323
0.7,policy::uncertainty0.01__topm__bonus1.25,bounded_subtraction,0.8270086240944282,-0.010700755699187936
0.7,policy::uncertainty0.01__topm__bonus1.5,bounded_subtraction,0.8269080071138704,-0.010801372679745791
0.7,policy::uncertainty0.01__topm__bonus2,bounded_subtraction,0.8269034562902675,-0.010805923503348636
0.7,policy::uncertainty0.01__topm__bonus3,bounded_subtraction,0.8259486410484645,-0.0117607387451516
0.7,policy::uncertainty0.01__topm__expected_mix0.25,bounded_subtraction,0.8464965230057544,0.008787143212138249
0.7,policy::uncertainty0.01__topm__expected_mix0.5,bounded_subtraction,0.8390982626829822,0.0013888828893660055
0.7,policy::uncertainty0.01__topm__expected_mix0.75,bounded_subtraction,0.8343995482081608,-0.0033098315854553917
0.7,policy::uncertainty0.01__topm__expected_rejection,bounded_subtraction,0.8265618563460589,-0.011147523447557206
0.7,policy::uncertainty0.01__topm__h_tau0.8,bounded_subtraction,0.8069536128603976,-0.030755766933218576
0.7,policy::uncertainty0.01__topm__h_tau0.9,bounded_subtraction,0.816645348868241,-0.02106403092537512
0.7,policy::uncertainty0.01__topm__h_tau1.1,bounded_subtraction,0.8306333375378719,-0.007076042255744208
0.7,policy::uncertainty0.01__topm__h_tau1.25,bounded_subtraction,0.8275054123846598,-0.01020396740895635
0.7,policy::uncertainty0.01__topm__original,bounded_subtraction,0.8258221522122726,-0.011887227581343529
0.7,policy::uncertainty0.01__topm__power0.5,bounded_subtraction,0.8257675776644173,-0.01194180212919882
0.7,policy::uncertainty0.01__topm__power0.75,bounded_subtraction,0.8292604557799232,-0.008448924013692904
0.7,policy::uncertainty0.01__topm__power1.25,bounded_subtraction,0.8179519451775052,-0.019757434616110903
0.7,policy::uncertainty0.01__topm__power1.5,bounded_subtraction,0.8066201026552199,-0.031089277138396265
0.7,policy::uncertainty0.01__topm__uniform0.02,bounded_subtraction,0.8445189930786268,0.006809613285010618
0.7,policy::uncertainty0.01__topm__uniform0.05,bounded_subtraction,0.8447562521612506,0.00704687236763446
0.7,policy::uncertainty0.01__topm__uniform0.1,bounded_subtraction,0.8402240304116492,0.002514650618033021
0.7,policy::uncertainty0.01__topm__uniform0.2,bounded_subtraction,0.833464537695259,-0.004244842098357182
0.7,policy::uncertainty0.03__full__accept_clip0.02,bounded_subtraction,0.8498057289915479,0.012096349197931788
0.7,policy::uncertainty0.03__full__accept_clip0.05,bounded_subtraction,0.8554994639105171,0.017790084116900973
0.7,policy::uncertainty0.03__full__accept_clip0.1,bounded_subtraction,0.8500885241575817,0.012379144363965588
0.7,policy::uncertainty0.03__full__bonus1.25,bounded_subtraction,0.8323059223294629,-0.005403457464153272
0.7,policy::uncertainty0.03__full__bonus1.5,bounded_subtraction,0.8331069193494961,-0.004602460444120049
0.7,policy::uncertainty0.03__full__bonus2,bounded_subtraction,0.8331642943298007,-0.00454508546381549
0.7,policy::uncertainty0.03__full__bonus3,bounded_subtraction,0.8341120302853892,-0.003597349508226988
0.7,policy::uncertainty0.03__full__expected_mix0.25,bounded_subtraction,0.8589161621802719,0.021206782386655743
0.7,policy::uncertainty0.03__full__expected_mix0.5,bounded_subtraction,0.8553585470465876,0.017649167252971498
0.7,policy::uncertainty0.03__full__expected_mix0.75,bounded_subtraction,0.8502335133589278,0.01252413356531168
0.7,policy::uncertainty0.03__full__expected_rejection,bounded_subtraction,0.841933908059357,0.004224528265740823
0.7,policy::uncertainty0.03__full__h_tau0.8,bounded_subtraction,0.8108253649998389,-0.026884014793777222
0.7,policy::uncertainty0.03__full__h_tau0.9,bounded_subtraction,0.8228881813081952,-0.014821198485420961
0.7,policy::uncertainty0.03__full__h_tau1.1,bounded_subtraction,0.8362236770222979,-0.0014857027713182092
0.7,policy::uncertainty0.03__full__h_tau1.25,bounded_subtraction,0.8367646941934931,-0.000944685600123063
0.7,policy::uncertainty0.03__full__original,bounded_subtraction,0.8316206455891249,-0.006088734204491297
0.7,policy::uncertainty0.03__full__power0.5,bounded_subtraction,0.8342861611170096,-0.003423218676606554
0.7,policy::uncertainty0.03__full__power0.75,bounded_subtraction,0.8364571148085929,-0.001252264985023288
0.7,policy::uncertainty0.03__full__power1.25,bounded_subtraction,0.8219525730204769,-0.015756806773139287
0.7,policy::uncertainty0.03__full__power1.5,bounded_subtraction,0.8154712998917124,-0.02223807990190374
0.7,policy::uncertainty0.03__full__uniform0.02,bounded_subtraction,0.8496987251898476,0.011989345396231421
0.7,policy::uncertainty0.03__full__uniform0.05,bounded_subtraction,0.8537450470590076,0.016035667265391407
0.7,policy::uncertainty0.03__full__uniform0.1,bounded_subtraction,0.8524567219908392,0.014747342197223068
0.7,policy::uncertainty0.03__full__uniform0.2,bounded_subtraction,0.8522890998697534,0.014579720076137281
0.7,policy::uncertainty0.03__topm__accept_clip0.02,bounded_subtraction,0.8506887915606769,0.012979411767060745
0.7,policy::uncertainty0.03__topm__accept_clip0.05,bounded_subtraction,0.8475102235896365,0.009800843796020309
0.7,policy::uncertainty0.03__topm__accept_clip0.1,bounded_subtraction,0.8432520853728468,0.0055427055792306446
0.7,policy::uncertainty0.03__topm__bonus1.25,bounded_subtraction,0.8315089927697175,-0.00620038702389869
0.7,policy::uncertainty0.03__topm__bonus1.5,bounded_subtraction,0.8323488635758375,-0.005360516217778666
0.7,policy::uncertainty0.03__topm__bonus2,bounded_subtraction,0.8325298416079332,-0.0051795381856829525
0.7,policy::uncertainty0.03__topm__bonus3,bounded_subtraction,0.8323581950756864,-0.0053511847179297245
0.7,policy::uncertainty0.03__topm__expected_mix0.25,bounded_subtraction,0.854847177931572,0.017137798137955906
0.7,policy::uncertainty0.03__topm__expected_mix0.5,bounded_subtraction,0.8528023859808143,0.01509300618719811
0.7,policy::uncertainty0.03__topm__expected_mix0.75,bounded_subtraction,0.8470775949424417,0.009368215148825576
0.7,policy::uncertainty0.03__topm__expected_rejection,bounded_subtraction,0.8370161473227717,-0.0006932324708444071
0.7,policy::uncertainty0.03__topm__h_tau0.8,bounded_subtraction,0.8081340599724345,-0.029575319821181667
0.7,policy::uncertainty0.03__topm__h_tau0.9,bounded_subtraction,0.8201592680361962,-0.01755011175741994
0.7,policy::uncertainty0.03__topm__h_tau1.1,bounded_subtraction,0.8356508953751481,-0.0020584844184680096
0.7,policy::uncertainty0.03__topm__h_tau1.25,bounded_subtraction,0.8334584197583589,-0.004250960035257267
0.7,policy::uncertainty0.03__topm__original,bounded_subtraction,0.8295073854853788,-0.008201994308237315
0.7,policy::uncertainty0.03__topm__power0.5,bounded_subtraction,0.8315261070679484,-0.0061832727256677655
0.7,policy::uncertainty0.03__topm__power0.75,bounded_subtraction,0.8355180403265411,-0.0021913394670750597
0.7,policy::uncertainty0.03__topm__power1.25,bounded_subtraction,0.8204663320298156,-0.01724304776380059
0.7,policy::uncertainty0.03__topm__power1.5,bounded_subtraction,0.8096920215135285,-0.028017358280087667
0.7,policy::uncertainty0.03__topm__uniform0.02,bounded_subtraction,0.8497910497694089,0.012081669975792741
0.7,policy::uncertainty0.03__topm__uniform0.05,bounded_subtraction,0.8519077699501127,0.014198390156496599
0.7,policy::uncertainty0.03__topm__uniform0.1,bounded_subtraction,0.8536561455075578,0.015946765713941602
0.7,policy::uncertainty0.03__topm__uniform0.2,bounded_subtraction,0.8473008759167386,0.00959149612312249
0.7,policy::uncertainty0.1__full__accept_clip0.02,bounded_subtraction,0.8464214211894119,0.008712041395795733
0.7,policy::uncertainty0.1__full__accept_clip0.05,bounded_subtraction,0.8538939250410721,0.01618454524745594
0.7,policy::uncertainty0.1__full__accept_clip0.1,bounded_subtraction,0.8542004593058283,0.01649107951221218
0.7,policy::uncertainty0.1__full__bonus1.25,bounded_subtraction,0.8283752321154885,-0.00933414767812768
0.7,policy::uncertainty0.1__full__bonus1.5,bounded_subtraction,0.8288862178094417,-0.008823161984174432
0.7,policy::uncertainty0.1__full__bonus2,bounded_subtraction,0.8306952775748735,-0.007014102218742657
0.7,policy::uncertainty0.1__full__bonus3,bounded_subtraction,0.830776849862613,-0.0069325299310031285
0.7,policy::uncertainty0.1__full__expected_mix0.25,bounded_subtraction,0.8571583088603657,0.019448929066749554
0.7,policy::uncertainty0.1__full__expected_mix0.5,bounded_subtraction,0.859766691757771,0.022057311964154835
0.7,policy::uncertainty0.1__full__expected_mix0.75,bounded_subtraction,0.8567739306272129,0.019064550833596705
0.7,policy::uncertainty0.1__full__expected_rejection,bounded_subtraction,0.8486195245914754,0.010910144797859234
0.7,policy::uncertainty0.1__full__h_tau0.8,bounded_subtraction,0.8031589440851272,-0.034550435708488925
0.7,policy::uncertainty0.1__full__h_tau0.9,bounded_subtraction,0.8169522356960562,-0.02075714409755991
0.7,policy::uncertainty0.1__full__h_tau1.1,bounded_subtraction,0.8354520914267403,-0.002257288366875887
0.7,policy::uncertainty0.1__full__h_tau1.25,bounded_subtraction,0.8369232481320628,-0.0007861316615533909
0.7,policy::uncertainty0.1__full__original,bounded_subtraction,0.8277945062692382,-0.00991487352437792
0.7,policy::uncertainty0.1__full__power0.5,bounded_subtraction,0.840479835787165,0.0027704559935488593
0.7,policy::uncertainty0.1__full__power0.75,bounded_subtraction,0.8376804734635966,-2.8906330019506932e-05
0.7,policy::uncertainty0.1__full__power1.25,bounded_subtraction,0.8158500349787746,-0.02185934481484153
0.7,policy::uncertainty0.1__full__power1.5,bounded_subtraction,0.8107876409356396,-0.02692173885797655
0.7,policy::uncertainty0.1__full__uniform0.02,bounded_subtraction,0.8426130445113956,0.004903664717779477
0.7,policy::uncertainty0.1__full__uniform0.05,bounded_subtraction,0.852610339613974,0.014900959820357884
0.7,policy::uncertainty0.1__full__uniform0.1,bounded_subtraction,0.854654444177116,0.016945064383499853
0.7,policy::uncertainty0.1__full__uniform0.2,bounded_subtraction,0.8564778462731957,0.018768466479579526
0.7,policy::uncertainty0.1__topm__accept_clip0.02,bounded_subtraction,0.8449836272592965,0.007274247465680395
0.7,policy::uncertainty0.1__topm__accept_clip0.05,bounded_subtraction,0.8479997527869012,0.010290372993285057
0.7,policy::uncertainty0.1__topm__accept_clip0.1,bounded_subtraction,0.8460347040534966,0.008325324259880418
0.7,policy::uncertainty0.1__topm__bonus1.25,bounded_subtraction,0.8261592434795422,-0.011550136314073978
0.7,policy::uncertainty0.1__topm__bonus1.5,bounded_subtraction,0.8275590169726359,-0.010150362820980252
0.7,policy::uncertainty0.1__topm__bonus2,bounded_subtraction,0.8285672142500042,-0.009142165543611913
0.7,policy::uncertainty0.1__topm__bonus3,bounded_subtraction,0.8299765160940179,-0.007732863699598247
0.7,policy::uncertainty0.1__topm__expected_mix0.25,bounded_subtraction,0.8548830070293061,0.017173627235689937
0.7,policy::uncertainty0.1__topm__expected_mix0.5,bounded_subtraction,0.8584403541680425,0.020730974374426392
0.7,policy::uncertainty0.1__topm__expected_mix0.75,bounded_subtraction,0.8521770262556847,0.01446764646206855
0.7,policy::uncertainty0.1__topm__expected_rejection,bounded_subtraction,0.8430809248478213,0.005371545054205118
0.7,policy::uncertainty0.1__topm__h_tau0.8,bounded_subtraction,0.7985785328709605,-0.03913084692265567
0.7,policy::uncertainty0.1__topm__h_tau0.9,bounded_subtraction,0.8137162899152492,-0.023993089878366902
0.7,policy::uncertainty0.1__topm__h_tau1.1,bounded_subtraction,0.8330174165552747,-0.004691963238341423
0.7,policy::uncertainty0.1__topm__h_tau1.25,bounded_subtraction,0.832201845451872,-0.005507534341744114
0.7,policy::uncertainty0.1__topm__original,bounded_subtraction,0.8243540940804218,-0.013355285713194331
0.7,policy::uncertainty0.1__topm__power0.5,bounded_subtraction,0.8367050595112708,-0.0010043202823453168
0.7,policy::uncertainty0.1__topm__power0.75,bounded_subtraction,0.8360388127354186,-0.0016705670581975696
0.7,policy::uncertainty0.1__topm__power1.25,bounded_subtraction,0.8138208122822979,-0.023888567511318293
0.7,policy::uncertainty0.1__topm__power1.5,bounded_subtraction,0.8057814274811316,-0.031927952312484575
0.7,policy::uncertainty0.1__topm__uniform0.02,bounded_subtraction,0.8438567921586959,0.006147412365079763
0.7,policy::uncertainty0.1__topm__uniform0.05,bounded_subtraction,0.8513489081283032,0.013639528334687068
0.7,policy::uncertainty0.1__topm__uniform0.1,bounded_subtraction,0.8555991244693223,0.017889744675706143
0.7,policy::uncertainty0.1__topm__uniform0.2,bounded_subtraction,0.8516907698027883,0.013981390009172201
0.7,policy::z_gate0.2__full__accept_clip0.02,local_gate,0.829900758009857,-0.007808621783759184
0.7,policy::z_gate0.2__full__accept_clip0.05,local_gate,0.8283517196353195,-0.009357660158296643
0.7,policy::z_gate0.2__full__accept_clip0.1,local_gate,0.827441806226815,-0.010267573566801191
0.7,policy::z_gate0.2__full__bonus1.25,local_gate,0.8147753063804667,-0.02293407341314946
0.7,policy::z_gate0.2__full__bonus1.5,local_gate,0.815134048457233,-0.02257533133638312
0.7,policy::z_gate0.2__full__bonus2,local_gate,0.8159051306584666,-0.021804249135149556
0.7,policy::z_gate0.2__full__bonus3,local_gate,0.8163152775184819,-0.021394102275134275
0.7,policy::z_gate0.2__full__expected_mix0.25,local_gate,0.832508703229627,-0.005200676563989148
0.7,policy::z_gate0.2__full__expected_mix0.5,local_gate,0.829375226949458,-0.008334152844158171
0.7,policy::z_gate0.2__full__expected_mix0.75,local_gate,0.8278151018322699,-0.009894277961346232
0.7,policy::z_gate0.2__full__expected_rejection,local_gate,0.81932794464366,-0.01838143514995616
0.7,policy::z_gate0.2__full__h_tau0.8,local_gate,0.8003752381669036,-0.03733414162671256
0.7,policy::z_gate0.2__full__h_tau0.9,local_gate,0.8082653071651433,-0.029444072628472817
0.7,policy::z_gate0.2__full__h_tau1.1,local_gate,0.8172381092869627,-0.020471270506653427
0.7,policy::z_gate0.2__full__h_tau1.25,local_gate,0.8169225398397035,-0.020786839953912617
0.7,policy::z_gate0.2__full__original,local_gate,0.8149006008344988,-0.02280877895911737
0.7,policy::z_gate0.2__full__power0.5,local_gate,0.8155510077415186,-0.022158372052097586
0.7,policy::z_gate0.2__full__power0.75,local_gate,0.8164681659436313,-0.021241213849984897
0.7,policy::z_gate0.2__full__power1.25,local_gate,0.8096163115034799,-0.028093068290136247
0.7,policy::z_gate0.2__full__power1.5,local_gate,0.8045639798560552,-0.03314539993756094
0.7,policy::z_gate0.2__full__uniform0.02,local_gate,0.8300758814881213,-0.007633498305494868
0.7,policy::z_gate0.2__full__uniform0.05,local_gate,0.8346437087322142,-0.0030656710614019866
0.7,policy::z_gate0.2__full__uniform0.1,local_gate,0.8325013474417534,-0.005208032351862735
0.7,policy::z_gate0.2__full__uniform0.2,local_gate,0.8263788454982316,-0.011330534295384553
0.7,policy::z_gate0.2__topm__accept_clip0.02,local_gate,0.8291811839088465,-0.008528195884769607
0.7,policy::z_gate0.2__topm__accept_clip0.05,local_gate,0.8281297729104781,-0.009579606883138081
0.7,policy::z_gate0.2__topm__accept_clip0.1,local_gate,0.8259697816481191,-0.011739598145497077
0.7,policy::z_gate0.2__topm__bonus1.25,local_gate,0.8146788586753076,-0.0230305211183085
0.7,policy::z_gate0.2__topm__bonus1.5,local_gate,0.8148375658945868,-0.02287181389902937
0.7,policy::z_gate0.2__topm__bonus2,local_gate,0.815216317025627,-0.022493062767989125
0.7,policy::z_gate0.2__topm__bonus3,local_gate,0.8161387926085364,-0.02157058718507976
0.7,policy::z_gate0.2__topm__expected_mix0.25,local_gate,0.8315571847519605,-0.00615219504165565
0.7,policy::z_gate0.2__topm__expected_mix0.5,local_gate,0.8294576792812955,-0.008251700512320603
0.7,policy::z_gate0.2__topm__expected_mix0.75,local_gate,0.8264627614571377,-0.011246618336478442
0.7,policy::z_gate0.2__topm__expected_rejection,local_gate,0.8182485508472831,-0.019460828946333053
0.7,policy::z_gate0.2__topm__h_tau0.8,local_gate,0.8002570322673532,-0.03745234752626292
0.7,policy::z_gate0.2__topm__h_tau0.9,local_gate,0.8081837739974554,-0.029525605796160703
0.7,policy::z_gate0.2__topm__h_tau1.1,local_gate,0.8169399984472367,-0.0207693813463794
0.7,policy::z_gate0.2__topm__h_tau1.25,local_gate,0.8164310214326205,-0.021278358360995675
0.7,policy::z_gate0.2__topm__original,local_gate,0.8146073784589541,-0.023102001334662003
0.7,policy::z_gate0.2__topm__power0.5,local_gate,0.8154071628163451,-0.022302216977271083
0.7,policy::z_gate0.2__topm__power0.75,local_gate,0.8164560131583052,-0.021253366635310966
0.7,policy::z_gate0.2__topm__power1.25,local_gate,0.8096055139165512,-0.028103865877064926
0.7,policy::z_gate0.2__topm__power1.5,local_gate,0.8027839787890518,-0.034925401004564316
0.7,policy::z_gate0.2__topm__uniform0.02,local_gate,0.8301734869725563,-0.00753589282105982
0.7,policy::z_gate0.2__topm__uniform0.05,local_gate,0.8326617861395678,-0.005047593654048388
0.7,policy::z_gate0.2__topm__uniform0.1,local_gate,0.8322883235894387,-0.005421056204177432
0.7,policy::z_gate0.2__topm__uniform0.2,local_gate,0.8257814513635412,-0.011927928430074952
0.7,policy::z_gate0.4__full__accept_clip0.02,local_gate,0.8417551456171819,0.00404576582356575
0.7,policy::z_gate0.4__full__accept_clip0.05,local_gate,0.8390626695275956,0.0013532897339794125
0.7,policy::z_gate0.4__full__accept_clip0.1,local_gate,0.8387687767473311,0.0010593969537149306
0.7,policy::z_gate0.4__full__bonus1.25,local_gate,0.8210931685036927,-0.01661621128992341
0.7,policy::z_gate0.4__full__bonus1.5,local_gate,0.8214000581734172,-0.016309321620198935
0.7,policy::z_gate0.4__full__bonus2,local_gate,0.8218416148107959,-0.015867764982820276
0.7,policy::z_gate0.4__full__bonus3,local_gate,0.8223110791596211,-0.015398300633995055
0.7,policy::z_gate0.4__full__expected_mix0.25,local_gate,0.8463618338061467,0.008652454012530564
0.7,policy::z_gate0.4__full__expected_mix0.5,local_gate,0.8421262729999814,0.004416893206365291
0.7,policy::z_gate0.4__full__expected_mix0.75,local_gate,0.8398682143002705,0.002158834506654328
0.7,policy::z_gate0.4__full__expected_rejection,local_gate,0.8318327162120511,-0.0058766635815650226
0.7,policy::z_gate0.4__full__h_tau0.8,local_gate,0.8074300636090661,-0.030279316184550042
0.7,policy::z_gate0.4__full__h_tau0.9,local_gate,0.814814054755872,-0.022895325037744163
0.7,policy::z_gate0.4__full__h_tau1.1,local_gate,0.8244428226245564,-0.013266557169059778
0.7,policy::z_gate0.4__full__h_tau1.25,local_gate,0.8233567365270316,-0.014352643266584586
0.7,policy::z_gate0.4__full__original,local_gate,0.8207734803126697,-0.016935899480946426
0.7,policy::z_gate0.4__full__power0.5,local_gate,0.8226091212782551,-0.01510025851536101
0.7,policy::z_gate0.4__full__power0.75,local_gate,0.8229906385455998,-0.01471874124801631
0.7,policy::z_gate0.4__full__power1.25,local_gate,0.8146267963527642,-0.0230825834408519
0.7,policy::z_gate0.4__full__power1.5,local_gate,0.8088512764462001,-0.02885810334741601
0.7,policy::z_gate0.4__full__uniform0.02,local_gate,0.841983308428735,0.004273928635118884
0.7,policy::z_gate0.4__full__uniform0.05,local_gate,0.8454386861930531,0.007729306399436919
0.7,policy::z_gate0.4__full__uniform0.1,local_gate,0.8436885981964869,0.005979218402870745
0.7,policy::z_gate0.4__full__uniform0.2,local_gate,0.8389820083852011,0.0012726285915849456
0.7,policy::z_gate0.4__topm__accept_clip0.02,local_gate,0.8399338417170115,0.0022244619233953156
0.7,policy::z_gate0.4__topm__accept_clip0.05,local_gate,0.8388892539367446,0.0011798741431284787
0.7,policy::z_gate0.4__topm__accept_clip0.1,local_gate,0.8383697915472659,0.0006604117536497256
0.7,policy::z_gate0.4__topm__bonus1.25,local_gate,0.8209048556038134,-0.016804524189802716
0.7,policy::z_gate0.4__topm__bonus1.5,local_gate,0.8211264545554385,-0.016582925238177615
0.7,policy::z_gate0.4__topm__bonus2,local_gate,0.821297014804772,-0.01641236498884413
0.7,policy::z_gate0.4__topm__bonus3,local_gate,0.8220848173261621,-0.015624562467454028
0.7,policy::z_gate0.4__topm__expected_mix0.25,local_gate,0.8453311544239159,0.007621774630299782
0.7,policy::z_gate0.4__topm__expected_mix0.5,local_gate,0.8420438919316362,0.004334512138020052
0.7,policy::z_gate0.4__topm__expected_mix0.75,local_gate,0.8388248888312403,0.0011155090376241406
0.7,policy::z_gate0.4__topm__expected_rejection,local_gate,0.8306744663277681,-0.007034913465848058
0.7,policy::z_gate0.4__topm__h_tau0.8,local_gate,0.8059802350191111,-0.03172914477450506
0.7,policy::z_gate0.4__topm__h_tau0.9,local_gate,0.814359122259861,-0.023350257533755192
0.7,policy::z_gate0.4__topm__h_tau1.1,local_gate,0.8244255987878397,-0.01328378100577643
0.7,policy::z_gate0.4__topm__h_tau1.25,local_gate,0.8230111263118051,-0.014698253481811085
0.7,policy::z_gate0.4__topm__original,local_gate,0.8205211955568529,-0.01718818423676327
0.7,policy::z_gate0.4__topm__power0.5,local_gate,0.8220055356214484,-0.015703844172167747
0.7,policy::z_gate0.4__topm__power0.75,local_gate,0.8229589729080484,-0.014750406885567724
0.7,policy::z_gate0.4__topm__power1.25,local_gate,0.8148934755996547,-0.0228159041939614
0.7,policy::z_gate0.4__topm__power1.5,local_gate,0.8081746784643582,-0.02953470132925795
0.7,policy::z_gate0.4__topm__uniform0.02,local_gate,0.8416792394787654,0.003969859685149291
0.7,policy::z_gate0.4__topm__uniform0.05,local_gate,0.8435883741055565,0.005878994311940389
0.7,policy::z_gate0.4__topm__uniform0.1,local_gate,0.8435248771222447,0.005815497328628516
0.7,policy::z_gate0.4__topm__uniform0.2,local_gate,0.8386921170041249,0.0009827372105087884
0.7,policy::z_gate0.6__full__accept_clip0.02,local_gate,0.8487825787326182,0.011073198939002049
0.7,policy::z_gate0.6__full__accept_clip0.05,local_gate,0.8462305778831343,0.008521198089518123
0.7,policy::z_gate0.6__full__accept_clip0.1,local_gate,0.8458074863588103,0.008098106565194163
0.7,policy::z_gate0.6__full__bonus1.25,local_gate,0.8264152952992838,-0.011294084494332335
0.7,policy::z_gate0.6__full__bonus1.5,local_gate,0.8267627151780974,-0.010946664615518742
0.7,policy::z_gate0.6__full__bonus2,local_gate,0.8269407459922475,-0.01076863380136861
0.7,policy::z_gate0.6__full__bonus3,local_gate,0.827560710214644,-0.010148669578972203
0.7,policy::z_gate0.6__full__expected_mix0.25,local_gate,0.8536229565359467,0.015913576742330515
0.7,policy::z_gate0.6__full__expected_mix0.5,local_gate,0.8489399474673305,0.011230567673714331
0.7,policy::z_gate0.6__full__expected_mix0.75,local_gate,0.8465687268550535,0.008859347061437317
0.7,policy::z_gate0.6__full__expected_rejection,local_gate,0.8385268453323884,0.0008174655387722662
0.7,policy::z_gate0.6__full__h_tau0.8,local_gate,0.8129550451152864,-0.02475433467832977
0.7,policy::z_gate0.6__full__h_tau0.9,local_gate,0.8203955708372387,-0.017313808956377463
0.7,policy::z_gate0.6__full__h_tau1.1,local_gate,0.8299036886485892,-0.007805691145026938
0.7,policy::z_gate0.6__full__h_tau1.25,local_gate,0.8286610023563125,-0.00904837743730369
0.7,policy::z_gate0.6__full__original,local_gate,0.8262251381522192,-0.011484241641396942
0.7,policy::z_gate0.6__full__power0.5,local_gate,0.8269987961761158,-0.010710583617500324
0.7,policy::z_gate0.6__full__power0.75,local_gate,0.8279648209791922,-0.009744558814423931
0.7,policy::z_gate0.6__full__power1.25,local_gate,0.8196282564491837,-0.01808112334443246
0.7,policy::z_gate0.6__full__power1.5,local_gate,0.8143592364595158,-0.02335014333410035
0.7,policy::z_gate0.6__full__uniform0.02,local_gate,0.8467201628771084,0.009010783083492235
0.7,policy::z_gate0.6__full__uniform0.05,local_gate,0.8523206591294898,0.014611279335873695
0.7,policy::z_gate0.6__full__uniform0.1,local_gate,0.8517809377857533,0.014071557992137107
0.7,policy::z_gate0.6__full__uniform0.2,local_gate,0.8458268752114584,0.008117495417842235
0.7,policy::z_gate0.6__topm__accept_clip0.02,local_gate,0.8472619775789335,0.009552597785317363
0.7,policy::z_gate0.6__topm__accept_clip0.05,local_gate,0.8453323623079381,0.007622982514321919
0.7,policy::z_gate0.6__topm__accept_clip0.1,local_gate,0.8448518430245996,0.007142463230983442
0.7,policy::z_gate0.6__topm__bonus1.25,local_gate,0.8263617130472675,-0.011347666746348684
0.7,policy::z_gate0.6__topm__bonus1.5,local_gate,0.8267078234587223,-0.011001556334893858
0.7,policy::z_gate0.6__topm__bonus2,local_gate,0.8264413843325829,-0.011267995461033298
0.7,policy::z_gate0.6__topm__bonus3,local_gate,0.8273077930726825,-0.010401586720933609
0.7,policy::z_gate0.6__topm__expected_mix0.25,local_gate,0.852068900982027,0.014359521188410884
0.7,policy::z_gate0.6__topm__expected_mix0.5,local_gate,0.8486913619402604,0.010981982146644254
0.7,policy::z_gate0.6__topm__expected_mix0.75,local_gate,0.8460040911979503,0.008294711404334132
0.7,policy::z_gate0.6__topm__expected_rejection,local_gate,0.8375112458222012,-0.00019813397141499323
0.7,policy::z_gate0.6__topm__h_tau0.8,local_gate,0.811513895916635,-0.026195483876981118
0.7,policy::z_gate0.6__topm__h_tau0.9,local_gate,0.8200357884737652,-0.017673591319850912
0.7,policy::z_gate0.6__topm__h_tau1.1,local_gate,0.8298324779990206,-0.007876901794595548
0.7,policy::z_gate0.6__topm__h_tau1.25,local_gate,0.8288196954507929,-0.008889684342823223
0.7,policy::z_gate0.6__topm__original,local_gate,0.8260248879310181,-0.011684491862598012
0.7,policy::z_gate0.6__topm__power0.5,local_gate,0.8267633356047441,-0.010946044188872017
0.7,policy::z_gate0.6__topm__power0.75,local_gate,0.8278030233582967,-0.009906356435319452
0.7,policy::z_gate0.6__topm__power1.25,local_gate,0.8196346146352846,-0.018074765158331507
0.7,policy::z_gate0.6__topm__power1.5,local_gate,0.8137791428801997,-0.023930236913416447
0.7,policy::z_gate0.6__topm__uniform0.02,local_gate,0.8471368154332422,0.009427435639626003
0.7,policy::z_gate0.6__topm__uniform0.05,local_gate,0.8514682431313978,0.013758863337781646
0.7,policy::z_gate0.6__topm__uniform0.1,local_gate,0.8515430962805768,0.013833716486960634
0.7,policy::z_gate0.6__topm__uniform0.2,local_gate,0.8460659681126624,0.008356588319046288
1.0,policy::anchor_peak__full__accept_clip0.02,bounded_subtraction,0.6234872696032463,-0.024673935161653615
1.0,policy::anchor_peak__full__accept_clip0.05,bounded_subtraction,0.6246142232262284,-0.02354698153867152
1.0,policy::anchor_peak__full__accept_clip0.1,bounded_subtraction,0.6243463961270812,-0.023814808637818707
1.0,policy::anchor_peak__full__bonus1.25,bounded_subtraction,0.6166959797500264,-0.03146522501487348
1.0,policy::anchor_peak__full__bonus1.5,bounded_subtraction,0.6177174931803308,-0.030443711584569155
1.0,policy::anchor_peak__full__bonus2,bounded_subtraction,0.6195674392474694,-0.028593765517430536
1.0,policy::anchor_peak__full__bonus3,bounded_subtraction,0.6206782413286217,-0.027482963436278207
1.0,policy::anchor_peak__full__expected_mix0.25,bounded_subtraction,0.6303181757289228,-0.01784302903597712
1.0,policy::anchor_peak__full__expected_mix0.5,bounded_subtraction,0.6275231846756715,-0.020638020089228437
1.0,policy::anchor_peak__full__expected_mix0.75,bounded_subtraction,0.6210093644366926,-0.027151840328207277
1.0,policy::anchor_peak__full__expected_rejection,bounded_subtraction,0.6096920925935756,-0.038469112171324316
1.0,policy::anchor_peak__full__h_tau0.8,bounded_subtraction,0.5972567866534579,-0.050904418111441974
1.0,policy::anchor_peak__full__h_tau0.9,bounded_subtraction,0.6106648390483219,-0.037496365716577995
1.0,policy::anchor_peak__full__h_tau1.1,bounded_subtraction,0.6138711899880396,-0.034290014776860334
1.0,policy::anchor_peak__full__h_tau1.25,bounded_subtraction,0.5997277448669192,-0.04843345989798076
1.0,policy::anchor_peak__full__original,bounded_subtraction,0.6154986005948593,-0.03266260417004063
1.0,policy::anchor_peak__full__power0.5,bounded_subtraction,0.6234855047275476,-0.02467570003735231
1.0,policy::anchor_peak__full__power0.75,bounded_subtraction,0.6222953729841759,-0.02586583178072399
1.0,policy::anchor_peak__full__power1.25,bounded_subtraction,0.6060894423261379,-0.042071762438761984
1.0,policy::anchor_peak__full__power1.5,bounded_subtraction,0.5959610852856114,-0.05220011947928849
1.0,policy::anchor_peak__full__uniform0.02,bounded_subtraction,0.6224842994982926,-0.025676905266607264
1.0,policy::anchor_peak__full__uniform0.05,bounded_subtraction,0.6257950518287313,-0.022366152936168615
1.0,policy::anchor_peak__full__uniform0.1,bounded_subtraction,0.6295728734337545,-0.018588331331145458
1.0,policy::anchor_peak__full__uniform0.2,bounded_subtraction,0.6283887781605022,-0.019772426604397708
1.0,policy::anchor_peak__topm__accept_clip0.02,bounded_subtraction,0.6193230843791844,-0.028838120385715538
1.0,policy::anchor_peak__topm__accept_clip0.05,bounded_subtraction,0.6206033995447244,-0.02755780522017548
1.0,policy::anchor_peak__topm__accept_clip0.1,bounded_subtraction,0.6191974593542247,-0.028963745410675257
1.0,policy::anchor_peak__topm__bonus1.25,bounded_subtraction,0.6141734520517658,-0.033987752713134145
1.0,policy::anchor_peak__topm__bonus1.5,bounded_subtraction,0.6150754618790136,-0.03308574288588628
1.0,policy::anchor_peak__topm__bonus2,bounded_subtraction,0.6168265645423046,-0.031334640222595356
1.0,policy::anchor_peak__topm__bonus3,bounded_subtraction,0.6185502784952406,-0.029610926269659332
1.0,policy::anchor_peak__topm__expected_mix0.25,bounded_subtraction,0.6264723001027446,-0.02168890466215534
1.0,policy::anchor_peak__topm__expected_mix0.5,bounded_subtraction,0.6233208304180191,-0.0248403743468808
1.0,policy::anchor_peak__topm__expected_mix0.75,bounded_subtraction,0.6164280300191856,-0.031733174745714354
1.0,policy::anchor_peak__topm__expected_rejection,bounded_subtraction,0.6039251603459835,-0.044236044418916376
1.0,policy::anchor_peak__topm__h_tau0.8,bounded_subtraction,0.594268583337,-0.05389262142789997
1.0,policy::anchor_peak__topm__h_tau0.9,bounded_subtraction,0.6075301943295639,-0.04063101043533601
1.0,policy::anchor_peak__topm__h_tau1.1,bounded_subtraction,0.6109305850162546,-0.03723061974864528
1.0,policy::anchor_peak__topm__h_tau1.25,bounded_subtraction,0.5948312403954756,-0.053329964369424276
1.0,policy::anchor_peak__topm__original,bounded_subtraction,0.6122191665643274,-0.03594203820057251
1.0,policy::anchor_peak__topm__power0.5,bounded_subtraction,0.6208632975078986,-0.02729790725700132
1.0,policy::anchor_peak__topm__power0.75,bounded_subtraction,0.6191482131583425,-0.02901299160655746
1.0,policy::anchor_peak__topm__power1.25,bounded_subtraction,0.6032558476950436,-0.04490535706985632
1.0,policy::anchor_peak__topm__power1.5,bounded_subtraction,0.5939888326287757,-0.05417237213612425
1.0,policy::anchor_peak__topm__uniform0.02,bounded_subtraction,0.6187432129202133,-0.02941799184468663
1.0,policy::anchor_peak__topm__uniform0.05,bounded_subtraction,0.6217811017735898,-0.026380102991310106
1.0,policy::anchor_peak__topm__uniform0.1,bounded_subtraction,0.6248189136403199,-0.023342291124579972
1.0,policy::anchor_peak__topm__uniform0.2,bounded_subtraction,0.6250486693360675,-0.023112535428832404
1.0,policy::anchor_y__full__accept_clip0.02,bounded_subtraction,0.653990209776351,0.005829005011451116
1.0,policy::anchor_y__full__accept_clip0.05,bounded_subtraction,0.6546019960837182,0.006440791318818251
1.0,policy::anchor_y__full__accept_clip0.1,bounded_subtraction,0.6515950005800513,0.0034337958151513526
1.0,policy::anchor_y__full__bonus1.25,bounded_subtraction,0.6475860455806852,-0.0005751591842146908
1.0,policy::anchor_y__full__bonus1.5,bounded_subtraction,0.6486655404901481,0.0005043357252482172
1.0,policy::anchor_y__full__bonus2,bounded_subtraction,0.650254258612627,0.0020930538477270666
1.0,policy::anchor_y__full__bonus3,bounded_subtraction,0.6516111603220435,0.003449955557143558
1.0,policy::anchor_y__full__expected_mix0.25,bounded_subtraction,0.6582897956784474,0.010128590913547453
1.0,policy::anchor_y__full__expected_mix0.5,bounded_subtraction,0.6542188437524045,0.006057638987504554
1.0,policy::anchor_y__full__expected_mix0.75,bounded_subtraction,0.6465487437615041,-0.0016124610033958486
1.0,policy::anchor_y__full__expected_rejection,bounded_subtraction,0.6329753239475922,-0.015185880817307762
1.0,policy::anchor_y__full__h_tau0.8,bounded_subtraction,0.6290630524214814,-0.019098152343418495
1.0,policy::anchor_y__full__h_tau0.9,bounded_subtraction,0.6426176930330082,-0.005543511731891715
1.0,policy::anchor_y__full__h_tau1.1,bounded_subtraction,0.6439012819398785,-0.004259922825021412
1.0,policy::anchor_y__full__h_tau1.25,bounded_subtraction,0.6264347434793986,-0.021726461285501264
1.0,policy::anchor_y__full__original,bounded_subtraction,0.646056344541839,-0.0021048602230608893
1.0,policy::anchor_y__full__power0.5,bounded_subtraction,0.6529408499419056,0.004779645177005687
1.0,policy::anchor_y__full__power0.75,bounded_subtraction,0.6529496536186037,0.004788448853703775
1.0,policy::anchor_y__full__power1.25,bounded_subtraction,0.6373043062660432,-0.010856898498856737
1.0,policy::anchor_y__full__power1.5,bounded_subtraction,0.6277057820831865,-0.02045542268171341
1.0,policy::anchor_y__full__uniform0.02,bounded_subtraction,0.6526700422560076,0.004508837491107642
1.0,policy::anchor_y__full__uniform0.05,bounded_subtraction,0.6565466385278368,0.008385433762936878
1.0,policy::anchor_y__full__uniform0.1,bounded_subtraction,0.6587758397017607,0.010614634936860767
1.0,policy::anchor_y__full__uniform0.2,bounded_subtraction,0.6568418232103872,0.008680618445487287
1.0,policy::anchor_y__topm__accept_clip0.02,bounded_subtraction,0.6491397590870638,0.0009785543221638715
1.0,policy::anchor_y__topm__accept_clip0.05,bounded_subtraction,0.6498718186617931,0.0017106138968931983
1.0,policy::anchor_y__topm__accept_clip0.1,bounded_subtraction,0.6468817372278035,-0.0012794675370964015
1.0,policy::anchor_y__topm__bonus1.25,bounded_subtraction,0.644816159497098,-0.0033450452678018827
1.0,policy::anchor_y__topm__bonus1.5,bounded_subtraction,0.6461039162823197,-0.002057288482580244
1.0,policy::anchor_y__topm__bonus2,bounded_subtraction,0.647867818553832,-0.000293386211067892
1.0,policy::anchor_y__topm__bonus3,bounded_subtraction,0.6493774469585569,0.0012162421936570134
1.0,policy::anchor_y__topm__expected_mix0.25,bounded_subtraction,0.6542796894576003,0.006118484692700377
1.0,policy::anchor_y__topm__expected_mix0.5,bounded_subtraction,0.6494818772861947,0.0013206725212947523
1.0,policy::anchor_y__topm__expected_mix0.75,bounded_subtraction,0.6417241399507734,-0.006437064814126536
1.0,policy::anchor_y__topm__expected_rejection,bounded_subtraction,0.6262429355997607,-0.02191826916513917
1.0,policy::anchor_y__topm__h_tau0.8,bounded_subtraction,0.6262045858051796,-0.021956618959720342
1.0,policy::anchor_y__topm__h_tau0.9,bounded_subtraction,0.6398409880991444,-0.008320216665755553
1.0,policy::anchor_y__topm__h_tau1.1,bounded_subtraction,0.6407543219996964,-0.007406882765203515
1.0,policy::anchor_y__topm__h_tau1.25,bounded_subtraction,0.6222960289761226,-0.02586517578877734
1.0,policy::anchor_y__topm__original,bounded_subtraction,0.643217700667057,-0.004943504097842943
1.0,policy::anchor_y__topm__power0.5,bounded_subtraction,0.6504950246380554,0.002333819873155507
1.0,policy::anchor_y__topm__power0.75,bounded_subtraction,0.6498409082404392,0.0016797034755392515
1.0,policy::anchor_y__topm__power1.25,bounded_subtraction,0.6349734779363163,-0.013187726828583601
1.0,policy::anchor_y__topm__power1.5,bounded_subtraction,0.6254203230972872,-0.022740881667612678
1.0,policy::anchor_y__topm__uniform0.02,bounded_subtraction,0.648200489793575,3.928502867511785e-05
1.0,policy::anchor_y__topm__uniform0.05,bounded_subtraction,0.6517846241885293,0.003623419423629426
1.0,policy::anchor_y__topm__uniform0.1,bounded_subtraction,0.6538399825650505,0.005678777800150581
1.0,policy::anchor_y__topm__uniform0.2,bounded_subtraction,0.6525655458245098,0.004404341059609851
1.0,policy::argmax_diff__full__accept_clip0.02,local_gate,0.644281956097641,-0.003879248667258861
1.0,policy::argmax_diff__full__accept_clip0.05,local_gate,0.6461878821570954,-0.001973322607804473
1.0,policy::argmax_diff__full__accept_clip0.1,local_gate,0.646321378126171,-0.0018398266387289475
1.0,policy::argmax_diff__full__bonus1.25,local_gate,0.6344364093529375,-0.013724795411962365
1.0,policy::argmax_diff__full__bonus1.5,local_gate,0.6352187857578684,-0.012942419007031525
1.0,policy::argmax_diff__full__bonus2,local_gate,0.6361691152666202,-0.011992089498279679
1.0,policy::argmax_diff__full__bonus3,local_gate,0.6374120138719537,-0.010749190892946237
1.0,policy::argmax_diff__full__expected_mix0.25,local_gate,0.6500005267501596,0.001839321985259712
1.0,policy::argmax_diff__full__expected_mix0.5,local_gate,0.6459050792025749,-0.0022561255623250176
1.0,policy::argmax_diff__full__expected_mix0.75,local_gate,0.639137520624019,-0.00902368414088095
1.0,policy::argmax_diff__full__expected_rejection,local_gate,0.6259979250789603,-0.022163279685939563
1.0,policy::argmax_diff__full__h_tau0.8,local_gate,0.6132974695080773,-0.034863735256822626
1.0,policy::argmax_diff__full__h_tau0.9,local_gate,0.6268995509410942,-0.021261653823805737
1.0,policy::argmax_diff__full__h_tau1.1,local_gate,0.6313972624046589,-0.016763942360241035
1.0,policy::argmax_diff__full__h_tau1.25,local_gate,0.6172152280810793,-0.030945976683820597
1.0,policy::argmax_diff__full__original,local_gate,0.6327467701208616,-0.015414434644038355
1.0,policy::argmax_diff__full__power0.5,local_gate,0.6387954895371609,-0.009365715227738991
1.0,policy::argmax_diff__full__power0.75,local_gate,0.639007590698461,-0.009153614066438887
1.0,policy::argmax_diff__full__power1.25,local_gate,0.6228767064716848,-0.025284498293215107
1.0,policy::argmax_diff__full__power1.5,local_gate,0.6130702526632513,-0.03509095210164859
1.0,policy::argmax_diff__full__uniform0.02,local_gate,0.6414585103971139,-0.006702694367786033
1.0,policy::argmax_diff__full__uniform0.05,local_gate,0.6460741563920165,-0.0020870483728834266
1.0,policy::argmax_diff__full__uniform0.1,local_gate,0.6496924661353067,0.0015312613704068223
1.0,policy::argmax_diff__full__uniform0.2,local_gate,0.648900789293755,0.0007395845288551417
1.0,policy::argmax_diff__topm__accept_clip0.02,local_gate,0.6393530639461764,-0.008808140818723498
1.0,policy::argmax_diff__topm__accept_clip0.05,local_gate,0.6413940300715097,-0.0067671746933901655
1.0,policy::argmax_diff__topm__accept_clip0.1,local_gate,0.6406293634667238,-0.0075318412981760785
1.0,policy::argmax_diff__topm__bonus1.25,local_gate,0.6310711349925326,-0.017090069772367267
1.0,policy::argmax_diff__topm__bonus1.5,local_gate,0.6323411660074808,-0.015820038757419108
1.0,policy::argmax_diff__topm__bonus2,local_gate,0.6336836539019827,-0.014477550862917243
1.0,policy::argmax_diff__topm__bonus3,local_gate,0.6351976666203754,-0.012963538144524556
1.0,policy::argmax_diff__topm__expected_mix0.25,local_gate,0.6451941483883497,-0.002967056376550259
1.0,policy::argmax_diff__topm__expected_mix0.5,local_gate,0.6409364887773928,-0.007224715987507069
1.0,policy::argmax_diff__topm__expected_mix0.75,local_gate,0.6339408574248455,-0.014220347340054396
1.0,policy::argmax_diff__topm__expected_rejection,local_gate,0.6195125770909959,-0.02864862767390397
1.0,policy::argmax_diff__topm__h_tau0.8,local_gate,0.6105819545950315,-0.037579250169868406
1.0,policy::argmax_diff__topm__h_tau0.9,local_gate,0.624507748700377,-0.02365345606452296
1.0,policy::argmax_diff__topm__h_tau1.1,local_gate,0.6274074094806295,-0.02075379528427046
1.0,policy::argmax_diff__topm__h_tau1.25,local_gate,0.6124428665335497,-0.03571833823135018
1.0,policy::argmax_diff__topm__original,local_gate,0.6293315299003821,-0.01882967486451781
1.0,policy::argmax_diff__topm__power0.5,local_gate,0.6356253113108138,-0.012535893454086122
1.0,policy::argmax_diff__topm__power0.75,local_gate,0.6361884939742164,-0.011972710790683516
1.0,policy::argmax_diff__topm__power1.25,local_gate,0.6200521594362565,-0.028109045328643445
1.0,policy::argmax_diff__topm__power1.5,local_gate,0.6108367655877146,-0.03732443917718531
1.0,policy::argmax_diff__topm__uniform0.02,local_gate,0.6370855550946677,-0.011075649670232224
1.0,policy::argmax_diff__topm__uniform0.05,local_gate,0.6409788170133486,-0.0071823877515513335
1.0,policy::argmax_diff__topm__uniform0.1,local_gate,0.6460667697793716,-0.002094434985528304
1.0,policy::argmax_diff__topm__uniform0.2,local_gate,0.6459968451702583,-0.002164359594641563
1.0,policy::argmax_same__full__accept_clip0.02,local_gate,0.6378337941255223,-0.010327410639377588
1.0,policy::argmax_same__full__accept_clip0.05,local_gate,0.6398880384005671,-0.00827316636433284
1.0,policy::argmax_same__full__accept_clip0.1,local_gate,0.6387326353293532,-0.009428569435546708
1.0,policy::argmax_same__full__bonus1.25,local_gate,0.6304796696576979,-0.01768153510720205
1.0,policy::argmax_same__full__bonus1.5,local_gate,0.6315317479832286,-0.01662945678167127
1.0,policy::argmax_same__full__bonus2,local_gate,0.6334782959871477,-0.014682908777752246
1.0,policy::argmax_same__full__bonus3,local_gate,0.6351606363500671,-0.01300056841483277
1.0,policy::argmax_same__full__expected_mix0.25,local_gate,0.6460412047183138,-0.002120000046586079
1.0,policy::argmax_same__full__expected_mix0.5,local_gate,0.6444384445938913,-0.003722760171008588
1.0,policy::argmax_same__full__expected_mix0.75,local_gate,0.6373161811655959,-0.01084502359930406
1.0,policy::argmax_same__full__expected_rejection,local_gate,0.6250606236997232,-0.023100581065176762
1.0,policy::argmax_same__full__h_tau0.8,local_gate,0.6102094997939788,-0.03795170497092115
1.0,policy::argmax_same__full__h_tau0.9,local_gate,0.6240611770573129,-0.024100027707587013
1.0,policy::argmax_same__full__h_tau1.1,local_gate,0.6273163365017719,-0.020844868263128036
1.0,policy::argmax_same__full__h_tau1.25,local_gate,0.6124936310186171,-0.03566757374628282
1.0,policy::argmax_same__full__original,local_gate,0.6290117701003319,-0.019149434664567977
1.0,policy::argmax_same__full__power0.5,local_gate,0.6371587481005089,-0.011002456664391036
1.0,policy::argmax_same__full__power0.75,local_gate,0.6357051600071075,-0.012456044757792384
1.0,policy::argmax_same__full__power1.25,local_gate,0.6194475019896392,-0.028713702775260752
1.0,policy::argmax_same__full__power1.5,local_gate,0.6091054825814859,-0.03905572218341402
1.0,policy::argmax_same__full__uniform0.02,local_gate,0.6353004337591441,-0.012860771005755778
1.0,policy::argmax_same__full__uniform0.05,local_gate,0.6396035628352404,-0.008557641929659465
1.0,policy::argmax_same__full__uniform0.1,local_gate,0.6434339286411048,-0.004727276123795088
1.0,policy::argmax_same__full__uniform0.2,local_gate,0.6429274907284676,-0.0052337140364323576
1.0,policy::argmax_same__topm__accept_clip0.02,local_gate,0.6326623165384622,-0.015498888226437746
1.0,policy::argmax_same__topm__accept_clip0.05,local_gate,0.6354298039764642,-0.01273140078843571
1.0,policy::argmax_same__topm__accept_clip0.1,local_gate,0.6330066630629289,-0.015154541701971058
1.0,policy::argmax_same__topm__bonus1.25,local_gate,0.6275832395017107,-0.020577965263189224
1.0,policy::argmax_same__topm__bonus1.5,local_gate,0.62890421720602,-0.019256987558879946
1.0,policy::argmax_same__topm__bonus2,local_gate,0.6305558710586867,-0.0176053337062132
1.0,policy::argmax_same__topm__bonus3,local_gate,0.6323465460886755,-0.015814658676224447
1.0,policy::argmax_same__topm__expected_mix0.25,local_gate,0.6417708284218678,-0.006390376343032078
1.0,policy::argmax_same__topm__expected_mix0.5,local_gate,0.6395290620352991,-0.008632142729600778
1.0,policy::argmax_same__topm__expected_mix0.75,local_gate,0.6328351027829247,-0.01532610198197526
1.0,policy::argmax_same__topm__expected_rejection,local_gate,0.6179894395509666,-0.030171765213933277
1.0,policy::argmax_same__topm__h_tau0.8,local_gate,0.6078342359911212,-0.040326968773778726
1.0,policy::argmax_same__topm__h_tau0.9,local_gate,0.6204430975304827,-0.027718107234417255
1.0,policy::argmax_same__topm__h_tau1.1,local_gate,0.624245900325829,-0.02391530443907086
1.0,policy::argmax_same__topm__h_tau1.25,local_gate,0.6091148240045263,-0.03904638076037359
1.0,policy::argmax_same__topm__original,local_gate,0.6256602735344297,-0.022500931230470256
1.0,policy::argmax_same__topm__power0.5,local_gate,0.6348556802175209,-0.013305524547378988
1.0,policy::argmax_same__topm__power0.75,local_gate,0.6334257712194932,-0.01473543354540674
1.0,policy::argmax_same__topm__power1.25,local_gate,0.6165102969008396,-0.03165090786406033
1.0,policy::argmax_same__topm__power1.5,local_gate,0.6066428093997089,-0.041518395365190974
1.0,policy::argmax_same__topm__uniform0.02,local_gate,0.6320468923230493,-0.016114312441850576
1.0,policy::argmax_same__topm__uniform0.05,local_gate,0.6352076504087328,-0.012953554356167074
1.0,policy::argmax_same__topm__uniform0.1,local_gate,0.6385188594431608,-0.009642345321739132
1.0,policy::argmax_same__topm__uniform0.2,local_gate,0.639318991045146,-0.00884221371975391
1.0,policy::capped_negative0.1__full__accept_clip0.02,bounded_subtraction,0.6373713528666092,-0.010789851898290737
1.0,policy::capped_negative0.1__full__accept_clip0.05,bounded_subtraction,0.638182064204883,-0.00997914056001692
1.0,policy::capped_negative0.1__full__accept_clip0.1,bounded_subtraction,0.6357196229307354,-0.01244158183416455
1.0,policy::capped_negative0.1__full__bonus1.25,bounded_subtraction,0.6294387507383394,-0.018722454026560476
1.0,policy::capped_negative0.1__full__bonus1.5,bounded_subtraction,0.6302184041611139,-0.017942800603786058
1.0,policy::capped_negative0.1__full__bonus2,bounded_subtraction,0.6309256482116242,-0.017235556553275688
1.0,policy::capped_negative0.1__full__bonus3,bounded_subtraction,0.6324794263768324,-0.015681778388067502
1.0,policy::capped_negative0.1__full__expected_mix0.25,bounded_subtraction,0.6429202916760747,-0.005240913088825239
1.0,policy::capped_negative0.1__full__expected_mix0.5,bounded_subtraction,0.6383931617732895,-0.009768042991610382
1.0,policy::capped_negative0.1__full__expected_mix0.75,bounded_subtraction,0.6310440309571854,-0.017117173807714492
1.0,policy::capped_negative0.1__full__expected_rejection,bounded_subtraction,0.6181085640617445,-0.030052640703155387
1.0,policy::capped_negative0.1__full__h_tau0.8,bounded_subtraction,0.612056660584755,-0.03610454418014486
1.0,policy::capped_negative0.1__full__h_tau0.9,bounded_subtraction,0.6249581872564904,-0.023203017508409474
1.0,policy::capped_negative0.1__full__h_tau1.1,bounded_subtraction,0.6260308056441,-0.02213039912079995
1.0,policy::capped_negative0.1__full__h_tau1.25,bounded_subtraction,0.6119792862555378,-0.03618191850936214
1.0,policy::capped_negative0.1__full__original,bounded_subtraction,0.6283270249039209,-0.019834179860979018
1.0,policy::capped_negative0.1__full__power0.5,bounded_subtraction,0.6327767332258163,-0.015384471539083622
1.0,policy::capped_negative0.1__full__power0.75,bounded_subtraction,0.6331142925523368,-0.015046912212563157
1.0,policy::capped_negative0.1__full__power1.25,bounded_subtraction,0.6199082809070506,-0.028252923857849277
1.0,policy::capped_negative0.1__full__power1.5,bounded_subtraction,0.6109374708966342,-0.03722373386826572
1.0,policy::capped_negative0.1__full__uniform0.02,bounded_subtraction,0.6348536555142125,-0.013307549250687445
1.0,policy::capped_negative0.1__full__uniform0.05,bounded_subtraction,0.6382699036129473,-0.00989130115195258
1.0,policy::capped_negative0.1__full__uniform0.1,bounded_subtraction,0.6412916020229198,-0.006869602741980119
1.0,policy::capped_negative0.1__full__uniform0.2,bounded_subtraction,0.6384011219726389,-0.009760082792261038
1.0,policy::capped_negative0.1__topm__accept_clip0.02,bounded_subtraction,0.633781981540985,-0.014379223223914939
1.0,policy::capped_negative0.1__topm__accept_clip0.05,bounded_subtraction,0.634754229187012,-0.013406975577887947
1.0,policy::capped_negative0.1__topm__accept_clip0.1,bounded_subtraction,0.631322087808611,-0.016839116956288924
1.0,policy::capped_negative0.1__topm__bonus1.25,bounded_subtraction,0.6271809441365779,-0.020980260628322034
1.0,policy::capped_negative0.1__topm__bonus1.5,bounded_subtraction,0.6281920862752124,-0.01996911848968752
1.0,policy::capped_negative0.1__topm__bonus2,bounded_subtraction,0.6291936649277412,-0.01896753983715871
1.0,policy::capped_negative0.1__topm__bonus3,bounded_subtraction,0.630785495653774,-0.01737570911112596
1.0,policy::capped_negative0.1__topm__expected_mix0.25,bounded_subtraction,0.6374716044381513,-0.010689600326748594
1.0,policy::capped_negative0.1__topm__expected_mix0.5,bounded_subtraction,0.6332513130512796,-0.014909891713620338
1.0,policy::capped_negative0.1__topm__expected_mix0.75,bounded_subtraction,0.6253911560774175,-0.022770048687482447
1.0,policy::capped_negative0.1__topm__expected_rejection,bounded_subtraction,0.6117139296983252,-0.03644727506657475
1.0,policy::capped_negative0.1__topm__h_tau0.8,bounded_subtraction,0.6089238503547014,-0.03923735441019849
1.0,policy::capped_negative0.1__topm__h_tau0.9,bounded_subtraction,0.6213141350572552,-0.026847069707644722
1.0,policy::capped_negative0.1__topm__h_tau1.1,bounded_subtraction,0.6228510797515442,-0.025310125013355722
1.0,policy::capped_negative0.1__topm__h_tau1.25,bounded_subtraction,0.6069998879647767,-0.04116131680012325
1.0,policy::capped_negative0.1__topm__original,bounded_subtraction,0.625641074290695,-0.02252013047420487
1.0,policy::capped_negative0.1__topm__power0.5,bounded_subtraction,0.6290571589031685,-0.019104045861731422
1.0,policy::capped_negative0.1__topm__power0.75,bounded_subtraction,0.6307949056701212,-0.017366299094778714
1.0,policy::capped_negative0.1__topm__power1.25,bounded_subtraction,0.616843837285726,-0.03131736747917391
1.0,policy::capped_negative0.1__topm__power1.5,bounded_subtraction,0.6090544147192398,-0.03910679004566009
1.0,policy::capped_negative0.1__topm__uniform0.02,bounded_subtraction,0.6320591691271659,-0.016102035637734047
1.0,policy::capped_negative0.1__topm__uniform0.05,bounded_subtraction,0.6340939244419364,-0.01406728032296356
1.0,policy::capped_negative0.1__topm__uniform0.1,bounded_subtraction,0.636720102232147,-0.011441102532752878
1.0,policy::capped_negative0.1__topm__uniform0.2,bounded_subtraction,0.6343020272805016,-0.013859177484398355
1.0,policy::capped_negative0.25__full__accept_clip0.02,bounded_subtraction,0.6443544226294492,-0.0038067821354507148
1.0,policy::capped_negative0.25__full__accept_clip0.05,bounded_subtraction,0.6468940849959145,-0.0012671197689854141
1.0,policy::capped_negative0.25__full__accept_clip0.1,bounded_subtraction,0.6461538985161344,-0.00200730624876555
1.0,policy::capped_negative0.25__full__bonus1.25,bounded_subtraction,0.6365224372030072,-0.011638767561892749
1.0,policy::capped_negative0.25__full__bonus1.5,bounded_subtraction,0.6372252598413266,-0.010935944923573304
1.0,policy::capped_negative0.25__full__bonus2,bounded_subtraction,0.6380683971307497,-0.010092807634150214
1.0,policy::capped_negative0.25__full__bonus3,bounded_subtraction,0.6395096331031264,-0.00865157166177355
1.0,policy::capped_negative0.25__full__expected_mix0.25,bounded_subtraction,0.650396082130753,0.0022348773658530385
1.0,policy::capped_negative0.25__full__expected_mix0.5,bounded_subtraction,0.6480338385766624,-0.0001273661882374988
1.0,policy::capped_negative0.25__full__expected_mix0.75,bounded_subtraction,0.6403433739252056,-0.00781783083969434
1.0,policy::capped_negative0.25__full__expected_rejection,bounded_subtraction,0.6284103003001716,-0.01975090446472827
1.0,policy::capped_negative0.25__full__h_tau0.8,bounded_subtraction,0.6170872156132503,-0.031073989151649606
1.0,policy::capped_negative0.25__full__h_tau0.9,bounded_subtraction,0.6307309150266531,-0.017430289738246785
1.0,policy::capped_negative0.25__full__h_tau1.1,bounded_subtraction,0.6338174336952632,-0.01434377106963669
1.0,policy::capped_negative0.25__full__h_tau1.25,bounded_subtraction,0.6191461906093562,-0.02901501415554375
1.0,policy::capped_negative0.25__full__original,bounded_subtraction,0.6349080307984111,-0.01325317396648884
1.0,policy::capped_negative0.25__full__power0.5,bounded_subtraction,0.6410871105101097,-0.00707409425479022
1.0,policy::capped_negative0.25__full__power0.75,bounded_subtraction,0.6413469735455799,-0.0068142312193200105
1.0,policy::capped_negative0.25__full__power1.25,bounded_subtraction,0.6260735104854283,-0.02208769427947166
1.0,policy::capped_negative0.25__full__power1.5,bounded_subtraction,0.6160126049095707,-0.03214859985532925
1.0,policy::capped_negative0.25__full__uniform0.02,bounded_subtraction,0.6421287881584231,-0.006032416606476798
1.0,policy::capped_negative0.25__full__uniform0.05,bounded_subtraction,0.6460725750629995,-0.0020886297019003797
1.0,policy::capped_negative0.25__full__uniform0.1,bounded_subtraction,0.6492518831122503,0.0010906783473504378
1.0,policy::capped_negative0.25__full__uniform0.2,bounded_subtraction,0.6494718399447594,0.0013106351798595206
1.0,policy::capped_negative0.25__topm__accept_clip0.02,bounded_subtraction,0.6394466540106785,-0.00871455075422145
1.0,policy::capped_negative0.25__topm__accept_clip0.05,bounded_subtraction,0.6421767026486003,-0.005984502116299639
1.0,policy::capped_negative0.25__topm__accept_clip0.1,bounded_subtraction,0.6410771782953157,-0.00708402646958417
1.0,policy::capped_negative0.25__topm__bonus1.25,bounded_subtraction,0.6332398679060645,-0.014921336858835454
1.0,policy::capped_negative0.25__topm__bonus1.5,bounded_subtraction,0.6344082524053627,-0.013752952359537218
1.0,policy::capped_negative0.25__topm__bonus2,bounded_subtraction,0.636044087352554,-0.01211711741234589
1.0,policy::capped_negative0.25__topm__bonus3,bounded_subtraction,0.6371746727704247,-0.01098653199447519
1.0,policy::capped_negative0.25__topm__expected_mix0.25,bounded_subtraction,0.6458887795659921,-0.0022724251989078015
1.0,policy::capped_negative0.25__topm__expected_mix0.5,bounded_subtraction,0.6433225072626558,-0.004838697502244083
1.0,policy::capped_negative0.25__topm__expected_mix0.75,bounded_subtraction,0.6359206921272545,-0.012240512637645362
1.0,policy::capped_negative0.25__topm__expected_rejection,bounded_subtraction,0.6222091045088172,-0.025952100256082744
1.0,policy::capped_negative0.25__topm__h_tau0.8,bounded_subtraction,0.6140168110568347,-0.03414439370806521
1.0,policy::capped_negative0.25__topm__h_tau0.9,bounded_subtraction,0.6267592672139426,-0.021401937550957317
1.0,policy::capped_negative0.25__topm__h_tau1.1,bounded_subtraction,0.6303869384796117,-0.01777426628528822
1.0,policy::capped_negative0.25__topm__h_tau1.25,bounded_subtraction,0.6147095413807717,-0.033451663384128194
1.0,policy::capped_negative0.25__topm__original,bounded_subtraction,0.6313763274793495,-0.016784877285550448
1.0,policy::capped_negative0.25__topm__power0.5,bounded_subtraction,0.6380587423279547,-0.010102462436945236
1.0,policy::capped_negative0.25__topm__power0.75,bounded_subtraction,0.6376741921693063,-0.010487012595593592
1.0,policy::capped_negative0.25__topm__power1.25,bounded_subtraction,0.6224143437911387,-0.02574686097376122
1.0,policy::capped_negative0.25__topm__power1.5,bounded_subtraction,0.6139166816391846,-0.034244523125715354
1.0,policy::capped_negative0.25__topm__uniform0.02,bounded_subtraction,0.6386350762264814,-0.009526128538418499
1.0,policy::capped_negative0.25__topm__uniform0.05,bounded_subtraction,0.6418178390044618,-0.006343365760438147
1.0,policy::capped_negative0.25__topm__uniform0.1,bounded_subtraction,0.6453063587999132,-0.002854845964986752
1.0,policy::capped_negative0.25__topm__uniform0.2,bounded_subtraction,0.6453799818614778,-0.002781222903422087
1.0,policy::capped_negative0.5__full__accept_clip0.02,bounded_subtraction,0.6493735180454315,0.0012123132805316184
1.0,policy::capped_negative0.5__full__accept_clip0.05,bounded_subtraction,0.6518224422589479,0.0036612374940480086
1.0,policy::capped_negative0.5__full__accept_clip0.1,bounded_subtraction,0.6507500914385637,0.0025888866736637484
1.0,policy::capped_negative0.5__full__bonus1.25,bounded_subtraction,0.6408948082332125,-0.007266396531687369
1.0,policy::capped_negative0.5__full__bonus1.5,bounded_subtraction,0.6415985712344053,-0.006562633530494577
1.0,policy::capped_negative0.5__full__bonus2,bounded_subtraction,0.6429327173800352,-0.0052284873848646995
1.0,policy::capped_negative0.5__full__bonus3,bounded_subtraction,0.644093226910324,-0.0040679778545759104
1.0,policy::capped_negative0.5__full__expected_mix0.25,bounded_subtraction,0.6561169778758391,0.007955773110939202
1.0,policy::capped_negative0.5__full__expected_mix0.5,bounded_subtraction,0.6518483162726176,0.003687111507717722
1.0,policy::capped_negative0.5__full__expected_mix0.75,bounded_subtraction,0.6451327764590387,-0.0030284283058612527
1.0,policy::capped_negative0.5__full__expected_rejection,bounded_subtraction,0.6320666549789898,-0.016094549785910073
1.0,policy::capped_negative0.5__full__h_tau0.8,bounded_subtraction,0.619347004595423,-0.02881420016947689
1.0,policy::capped_negative0.5__full__h_tau0.9,bounded_subtraction,0.6331849158572863,-0.0149762889076136
1.0,policy::capped_negative0.5__full__h_tau1.1,bounded_subtraction,0.6375033776639116,-0.010657827100988282
1.0,policy::capped_negative0.5__full__h_tau1.25,bounded_subtraction,0.6232040715490692,-0.024957133215830707
1.0,policy::capped_negative0.5__full__original,bounded_subtraction,0.6389923303752673,-0.009168874389632653
1.0,policy::capped_negative0.5__full__power0.5,bounded_subtraction,0.645716665573401,-0.0024445391914988956
1.0,policy::capped_negative0.5__full__power0.75,bounded_subtraction,0.6446798457788429,-0.0034813589860570593
1.0,policy::capped_negative0.5__full__power1.25,bounded_subtraction,0.6284459356572728,-0.01971526910762711
1.0,policy::capped_negative0.5__full__power1.5,bounded_subtraction,0.6185245112709459,-0.029636693493954036
1.0,policy::capped_negative0.5__full__uniform0.02,bounded_subtraction,0.6460721776060356,-0.002089027158864276
1.0,policy::capped_negative0.5__full__uniform0.05,bounded_subtraction,0.6500109007858226,0.0018496960209226643
1.0,policy::capped_negative0.5__full__uniform0.1,bounded_subtraction,0.6543177451267579,0.006156540361857976
1.0,policy::capped_negative0.5__full__uniform0.2,bounded_subtraction,0.6539966074006678,0.005835402635767872
1.0,policy::capped_negative0.5__topm__accept_clip0.02,bounded_subtraction,0.6433895814143451,-0.00477162335055481
1.0,policy::capped_negative0.5__topm__accept_clip0.05,bounded_subtraction,0.6471626102801543,-0.0009985944847455963
1.0,policy::capped_negative0.5__topm__accept_clip0.1,bounded_subtraction,0.6454394476538404,-0.0027217571110594863
1.0,policy::capped_negative0.5__topm__bonus1.25,bounded_subtraction,0.6365495392929378,-0.01161166547196213
1.0,policy::capped_negative0.5__topm__bonus1.5,bounded_subtraction,0.6383159415006963,-0.009845263264203652
1.0,policy::capped_negative0.5__topm__bonus2,bounded_subtraction,0.6396117454212049,-0.008549459343694998
1.0,policy::capped_negative0.5__topm__bonus3,bounded_subtraction,0.6407155846609556,-0.007445620103944339
1.0,policy::capped_negative0.5__topm__expected_mix0.25,bounded_subtraction,0.6515063293775962,0.0033451246126963152
1.0,policy::capped_negative0.5__topm__expected_mix0.5,bounded_subtraction,0.647858633959927,-0.00030257080497286815
1.0,policy::capped_negative0.5__topm__expected_mix0.75,bounded_subtraction,0.6402959167604565,-0.007865288004443416
1.0,policy::capped_negative0.5__topm__expected_rejection,bounded_subtraction,0.6252795454742682,-0.022881659290631684
1.0,policy::capped_negative0.5__topm__h_tau0.8,bounded_subtraction,0.6158033454988334,-0.03235785926606649
1.0,policy::capped_negative0.5__topm__h_tau0.9,bounded_subtraction,0.629632643538611,-0.018528561226288875
1.0,policy::capped_negative0.5__topm__h_tau1.1,bounded_subtraction,0.6339677135249258,-0.014193491239974154
1.0,policy::capped_negative0.5__topm__h_tau1.25,bounded_subtraction,0.6169775524410611,-0.031183652323838795
1.0,policy::capped_negative0.5__topm__original,bounded_subtraction,0.6353836056477402,-0.0127775991171597
1.0,policy::capped_negative0.5__topm__power0.5,bounded_subtraction,0.641462381271122,-0.006698823493777928
1.0,policy::capped_negative0.5__topm__power0.75,bounded_subtraction,0.6416894264892398,-0.006471778275660145
1.0,policy::capped_negative0.5__topm__power1.25,bounded_subtraction,0.625213304173754,-0.02294790059114593
1.0,policy::capped_negative0.5__topm__power1.5,bounded_subtraction,0.6160257970624465,-0.03213540770245338
1.0,policy::capped_negative0.5__topm__uniform0.02,bounded_subtraction,0.6422833621158122,-0.00587784264908775
1.0,policy::capped_negative0.5__topm__uniform0.05,bounded_subtraction,0.6460337773966685,-0.0021274273682314604
1.0,policy::capped_negative0.5__topm__uniform0.1,bounded_subtraction,0.6501116680876053,0.0019504633227054313
1.0,policy::capped_negative0.5__topm__uniform0.2,bounded_subtraction,0.650376424912692,0.002215220147792074
1.0,policy::capped_negative1__full__accept_clip0.02,bounded_subtraction,0.6482538456062816,9.264084138171924e-05
1.0,policy::capped_negative1__full__accept_clip0.05,bounded_subtraction,0.6536577280093616,0.005496523244461704
1.0,policy::capped_negative1__full__accept_clip0.1,bounded_subtraction,0.652360360867969,0.0041991561030690905
1.0,policy::capped_negative1__full__bonus1.25,bounded_subtraction,0.6407033830408488,-0.0074578217240510725
1.0,policy::capped_negative1__full__bonus1.5,bounded_subtraction,0.6417047779713304,-0.006456426793569503
1.0,policy::capped_negative1__full__bonus2,bounded_subtraction,0.6432274117831055,-0.004933792981794416
1.0,policy::capped_negative1__full__bonus3,bounded_subtraction,0.644582526660073,-0.0035786781048269267
1.0,policy::capped_negative1__full__expected_mix0.25,bounded_subtraction,0.6576540066430854,0.009492801878185464
1.0,policy::capped_negative1__full__expected_mix0.5,bounded_subtraction,0.6548706307802856,0.006709426015385711
1.0,policy::capped_negative1__full__expected_mix0.75,bounded_subtraction,0.6477768999784075,-0.0003843047864924287
1.0,policy::capped_negative1__full__expected_rejection,bounded_subtraction,0.6331258628985793,-0.015035341866320606
1.0,policy::capped_negative1__full__h_tau0.8,bounded_subtraction,0.6172567648184255,-0.030904439946474405
1.0,policy::capped_negative1__full__h_tau0.9,bounded_subtraction,0.6321370751617639,-0.01602412960313604
1.0,policy::capped_negative1__full__h_tau1.1,bounded_subtraction,0.638728727399501,-0.009432477365398872
1.0,policy::capped_negative1__full__h_tau1.25,bounded_subtraction,0.6244914832793548,-0.023669721485545137
1.0,policy::capped_negative1__full__original,bounded_subtraction,0.6387699362365484,-0.009391268528351482
1.0,policy::capped_negative1__full__power0.5,bounded_subtraction,0.6472237924359832,-0.0009374123289167535
1.0,policy::capped_negative1__full__power0.75,bounded_subtraction,0.6463158172490695,-0.00184538751583041
1.0,policy::capped_negative1__full__power1.25,bounded_subtraction,0.6283120793715988,-0.01984912539330108
1.0,policy::capped_negative1__full__power1.5,bounded_subtraction,0.6169546595418678,-0.031206545223032123
1.0,policy::capped_negative1__full__uniform0.02,bounded_subtraction,0.6464024251108789,-0.0017587796540210476
1.0,policy::capped_negative1__full__uniform0.05,bounded_subtraction,0.6512271505905611,0.0030659458256612204
1.0,policy::capped_negative1__full__uniform0.1,bounded_subtraction,0.655635851520863,0.007474646755963099
1.0,policy::capped_negative1__full__uniform0.2,bounded_subtraction,0.6564768370203276,0.00831563225542764
1.0,policy::capped_negative1__topm__accept_clip0.02,bounded_subtraction,0.643843979210719,-0.0043172255541809035
1.0,policy::capped_negative1__topm__accept_clip0.05,bounded_subtraction,0.6494715484403712,0.0013103436754713371
1.0,policy::capped_negative1__topm__accept_clip0.1,bounded_subtraction,0.6477900681221294,-0.00037113664277055314
1.0,policy::capped_negative1__topm__bonus1.25,bounded_subtraction,0.6366930751843465,-0.011468129580553432
1.0,policy::capped_negative1__topm__bonus1.5,bounded_subtraction,0.6388718263143605,-0.009289378450539454
1.0,policy::capped_negative1__topm__bonus2,bounded_subtraction,0.6406393343089767,-0.00752187045592323
1.0,policy::capped_negative1__topm__bonus3,bounded_subtraction,0.6417353394880343,-0.006425865276865617
1.0,policy::capped_negative1__topm__expected_mix0.25,bounded_subtraction,0.6526812426002336,0.004520037835333723
1.0,policy::capped_negative1__topm__expected_mix0.5,bounded_subtraction,0.6497031230007481,0.0015419182358481498
1.0,policy::capped_negative1__topm__expected_mix0.75,bounded_subtraction,0.6431181703302142,-0.005043034434685678
1.0,policy::capped_negative1__topm__expected_rejection,bounded_subtraction,0.6274012929157274,-0.020759911849172474
1.0,policy::capped_negative1__topm__h_tau0.8,bounded_subtraction,0.6141430526177708,-0.03401815214712911
1.0,policy::capped_negative1__topm__h_tau0.9,bounded_subtraction,0.6287144676396683,-0.019446737125231595
1.0,policy::capped_negative1__topm__h_tau1.1,bounded_subtraction,0.6341681000595353,-0.013993104705364634
1.0,policy::capped_negative1__topm__h_tau1.25,bounded_subtraction,0.6186207725133845,-0.02954043225151537
1.0,policy::capped_negative1__topm__original,bounded_subtraction,0.6350421934863523,-0.013119011278547643
1.0,policy::capped_negative1__topm__power0.5,bounded_subtraction,0.6439646369078982,-0.004196567857001732
1.0,policy::capped_negative1__topm__power0.75,bounded_subtraction,0.643465538455753,-0.004695666309146862
1.0,policy::capped_negative1__topm__power1.25,bounded_subtraction,0.6248934391938082,-0.02326776557109167
1.0,policy::capped_negative1__topm__power1.5,bounded_subtraction,0.6138694269639068,-0.03429177780099313
1.0,policy::capped_negative1__topm__uniform0.02,bounded_subtraction,0.6429503543409603,-0.00521085042393965
1.0,policy::capped_negative1__topm__uniform0.05,bounded_subtraction,0.6472196603046612,-0.0009415444602387524
1.0,policy::capped_negative1__topm__uniform0.1,bounded_subtraction,0.6517863583063253,0.003625153541425341
1.0,policy::capped_negative1__topm__uniform0.2,bounded_subtraction,0.6526270003713468,0.004465795606446887
1.0,policy::complement__full__accept_clip0.02,bounded_subtraction,0.6256206195857965,-0.0225405851791034
1.0,policy::complement__full__accept_clip0.05,bounded_subtraction,0.6267773429441234,-0.021383861820776562
1.0,policy::complement__full__accept_clip0.1,bounded_subtraction,0.6256369142986593,-0.022524290466240604
1.0,policy::complement__full__bonus1.25,bounded_subtraction,0.6196441095271241,-0.02851709523777579
1.0,policy::complement__full__bonus1.5,bounded_subtraction,0.6205396210094009,-0.027621583755499057
1.0,policy::complement__full__bonus2,bounded_subtraction,0.6218716178831483,-0.026289586881751648
1.0,policy::complement__full__bonus3,bounded_subtraction,0.622813716683103,-0.025347488081796876
1.0,policy::complement__full__expected_mix0.25,bounded_subtraction,0.6320037225378075,-0.016157482227092457
1.0,policy::complement__full__expected_mix0.5,bounded_subtraction,0.6288523188788919,-0.019308885886007987
1.0,policy::complement__full__expected_mix0.75,bounded_subtraction,0.6218671109791295,-0.02629409378577041
1.0,policy::complement__full__expected_rejection,bounded_subtraction,0.6104967820368442,-0.0376644227280557
1.0,policy::complement__full__h_tau0.8,bounded_subtraction,0.5988063786535198,-0.04935482611138009
1.0,policy::complement__full__h_tau0.9,bounded_subtraction,0.6127970088352444,-0.03536419592965556
1.0,policy::complement__full__h_tau1.1,bounded_subtraction,0.6161418991181469,-0.03201930564675304
1.0,policy::complement__full__h_tau1.25,bounded_subtraction,0.601307926122863,-0.04685327864203692
1.0,policy::complement__full__original,bounded_subtraction,0.6178549366074569,-0.030306268157442973
1.0,policy::complement__full__power0.5,bounded_subtraction,0.6258094428548768,-0.022351761910023082
1.0,policy::complement__full__power0.75,bounded_subtraction,0.6244178764168855,-0.023743328348014403
1.0,policy::complement__full__power1.25,bounded_subtraction,0.6083094014525026,-0.03985180331239735
1.0,policy::complement__full__power1.5,bounded_subtraction,0.5977451359165145,-0.050416068848385454
1.0,policy::complement__full__uniform0.02,bounded_subtraction,0.6244981478913492,-0.023663056873550747
1.0,policy::complement__full__uniform0.05,bounded_subtraction,0.6282608542729747,-0.01990035049192518
1.0,policy::complement__full__uniform0.1,bounded_subtraction,0.6315480340667491,-0.016613170698150825
1.0,policy::complement__full__uniform0.2,bounded_subtraction,0.6305445450993333,-0.01761665966556658
1.0,policy::complement__topm__accept_clip0.02,bounded_subtraction,0.6216492792734638,-0.026511925491436106
1.0,policy::complement__topm__accept_clip0.05,bounded_subtraction,0.6226758986258397,-0.025485306139060193
1.0,policy::complement__topm__accept_clip0.1,bounded_subtraction,0.6206983595628968,-0.02746284520200315
1.0,policy::complement__topm__bonus1.25,bounded_subtraction,0.6161905860365385,-0.03197061872836138
1.0,policy::complement__topm__bonus1.5,bounded_subtraction,0.6175051808494615,-0.030656023915438424
1.0,policy::complement__topm__bonus2,bounded_subtraction,0.6188514942215273,-0.029309710543372614
1.0,policy::complement__topm__bonus3,bounded_subtraction,0.6208111776147931,-0.027350027150106815
1.0,policy::complement__topm__expected_mix0.25,bounded_subtraction,0.628012212170635,-0.020148992594264947
1.0,policy::complement__topm__expected_mix0.5,bounded_subtraction,0.6239736515545612,-0.02418755321033872
1.0,policy::complement__topm__expected_mix0.75,bounded_subtraction,0.6174201772058152,-0.0307410275590847
1.0,policy::complement__topm__expected_rejection,bounded_subtraction,0.6051988578406345,-0.04296234692426537
1.0,policy::complement__topm__h_tau0.8,bounded_subtraction,0.5959537785591493,-0.052207426205750584
1.0,policy::complement__topm__h_tau0.9,bounded_subtraction,0.6094100016604816,-0.038751203104418264
1.0,policy::complement__topm__h_tau1.1,bounded_subtraction,0.612788479360517,-0.035372725404382965
1.0,policy::complement__topm__h_tau1.25,bounded_subtraction,0.5965076396791446,-0.05165356508575536
1.0,policy::complement__topm__original,bounded_subtraction,0.6144029922174687,-0.033758212547431166
1.0,policy::complement__topm__power0.5,bounded_subtraction,0.6231811195177752,-0.024980085247124695
1.0,policy::complement__topm__power0.75,bounded_subtraction,0.6218096337630081,-0.026351571001891783
1.0,policy::complement__topm__power1.25,bounded_subtraction,0.6049536682072596,-0.043207536557640314
1.0,policy::complement__topm__power1.5,bounded_subtraction,0.5958830586216797,-0.05227814614322024
1.0,policy::complement__topm__uniform0.02,bounded_subtraction,0.6208828803292842,-0.02727832443561573
1.0,policy::complement__topm__uniform0.05,bounded_subtraction,0.6240230295636413,-0.024138175201258605
1.0,policy::complement__topm__uniform0.1,bounded_subtraction,0.6276245960273232,-0.020536608737576678
1.0,policy::complement__topm__uniform0.2,bounded_subtraction,0.627121261233307,-0.021039943531592886
1.0,policy::complement_power0.5__full__accept_clip0.02,bounded_subtraction,0.6618945045063633,0.013733299741463423
1.0,policy::complement_power0.5__full__accept_clip0.05,bounded_subtraction,0.6655308635704759,0.01736965880557595
1.0,policy::complement_power0.5__full__accept_clip0.1,bounded_subtraction,0.6664204430219205,0.018259238257020582
1.0,policy::complement_power0.5__full__bonus1.25,bounded_subtraction,0.6527043795056579,0.004543174740757938
1.0,policy::complement_power0.5__full__bonus1.5,bounded_subtraction,0.6540409438010636,0.005879739036163678
1.0,policy::complement_power0.5__full__bonus2,bounded_subtraction,0.6557609410733919,0.007599736308491978
1.0,policy::complement_power0.5__full__bonus3,bounded_subtraction,0.657716306737048,0.009555101972148039
1.0,policy::complement_power0.5__full__expected_mix0.25,bounded_subtraction,0.6714770648352343,0.02331586007033437
1.0,policy::complement_power0.5__full__expected_mix0.5,bounded_subtraction,0.6695603864494558,0.0213991816845559
1.0,policy::complement_power0.5__full__expected_mix0.75,bounded_subtraction,0.6621315255329216,0.013970320768021738
1.0,policy::complement_power0.5__full__expected_rejection,bounded_subtraction,0.6471226326854825,-0.001038572079417377
1.0,policy::complement_power0.5__full__h_tau0.8,bounded_subtraction,0.629947856893408,-0.01821334787149187
1.0,policy::complement_power0.5__full__h_tau0.9,bounded_subtraction,0.6446853503589759,-0.003475854405924017
1.0,policy::complement_power0.5__full__h_tau1.1,bounded_subtraction,0.650044296615865,0.001883091850965135
1.0,policy::complement_power0.5__full__h_tau1.25,bounded_subtraction,0.6354653301468549,-0.012695874618045
1.0,policy::complement_power0.5__full__original,bounded_subtraction,0.651141494146829,0.0029802893819290688
1.0,policy::complement_power0.5__full__power0.5,bounded_subtraction,0.6588091563842562,0.010647951619356277
1.0,policy::complement_power0.5__full__power0.75,bounded_subtraction,0.6579968758657375,0.009835671100837606
1.0,policy::complement_power0.5__full__power1.25,bounded_subtraction,0.6413464008402039,-0.006814803924696022
1.0,policy::complement_power0.5__full__power1.5,bounded_subtraction,0.6303695258942236,-0.017791678870676342
1.0,policy::complement_power0.5__full__uniform0.02,bounded_subtraction,0.6591494243906092,0.010988219625709283
1.0,policy::complement_power0.5__full__uniform0.05,bounded_subtraction,0.6639641424625213,0.015802937697621422
1.0,policy::complement_power0.5__full__uniform0.1,bounded_subtraction,0.6677455754094039,0.019584370644504023
1.0,policy::complement_power0.5__full__uniform0.2,bounded_subtraction,0.6688470352116352,0.02068583044673533
1.0,policy::complement_power0.5__topm__accept_clip0.02,bounded_subtraction,0.6571384354870157,0.008977230722115759
1.0,policy::complement_power0.5__topm__accept_clip0.05,bounded_subtraction,0.6616285880348756,0.013467383269975652
1.0,policy::complement_power0.5__topm__accept_clip0.1,bounded_subtraction,0.66210732096707,0.013946116202170122
1.0,policy::complement_power0.5__topm__bonus1.25,bounded_subtraction,0.6498073440667095,0.0016461393018095682
1.0,policy::complement_power0.5__topm__bonus1.5,bounded_subtraction,0.6515633769832292,0.00340217221832928
1.0,policy::complement_power0.5__topm__bonus2,bounded_subtraction,0.6534542210288824,0.005293016263982486
1.0,policy::complement_power0.5__topm__bonus3,bounded_subtraction,0.6547496504543959,0.006588445689496014
1.0,policy::complement_power0.5__topm__expected_mix0.25,bounded_subtraction,0.6672799044226836,0.019118699657783678
1.0,policy::complement_power0.5__topm__expected_mix0.5,bounded_subtraction,0.663409303110357,0.01524809834545704
1.0,policy::complement_power0.5__topm__expected_mix0.75,bounded_subtraction,0.657483634899785,0.009322430134885096
1.0,policy::complement_power0.5__topm__expected_rejection,bounded_subtraction,0.6401962689039884,-0.007964935860911515
1.0,policy::complement_power0.5__topm__h_tau0.8,bounded_subtraction,0.6272252081124583,-0.020935996652441613
1.0,policy::complement_power0.5__topm__h_tau0.9,bounded_subtraction,0.6421092406633057,-0.006051964101594254
1.0,policy::complement_power0.5__topm__h_tau1.1,bounded_subtraction,0.6468342811968237,-0.001326923568076177
1.0,policy::complement_power0.5__topm__h_tau1.25,bounded_subtraction,0.6315368505823472,-0.016624354182552703
1.0,policy::complement_power0.5__topm__original,bounded_subtraction,0.6479678120380414,-0.00019339272685847675
1.0,policy::complement_power0.5__topm__power0.5,bounded_subtraction,0.6561995402759264,0.008038335511026506
1.0,policy::complement_power0.5__topm__power0.75,bounded_subtraction,0.6552962199559915,0.007135015191091609
1.0,policy::complement_power0.5__topm__power1.25,bounded_subtraction,0.637980351871557,-0.010180852893342918
1.0,policy::complement_power0.5__topm__power1.5,bounded_subtraction,0.627288712078975,-0.020872492685924948
1.0,policy::complement_power0.5__topm__uniform0.02,bounded_subtraction,0.6550792877865004,0.006918083021600463
1.0,policy::complement_power0.5__topm__uniform0.05,bounded_subtraction,0.6603320802189319,0.012170875454031949
1.0,policy::complement_power0.5__topm__uniform0.1,bounded_subtraction,0.6638909928172962,0.015729788052396332
1.0,policy::complement_power0.5__topm__uniform0.2,bounded_subtraction,0.6650594500496011,0.016898245284701185
1.0,policy::complement_power1__full__accept_clip0.02,bounded_subtraction,0.661226999920748,0.013065795155848048
1.0,policy::complement_power1__full__accept_clip0.05,bounded_subtraction,0.66526067894332,0.01709947417842006
1.0,policy::complement_power1__full__accept_clip0.1,bounded_subtraction,0.6654299562549271,0.017268751490027157
1.0,policy::complement_power1__full__bonus1.25,bounded_subtraction,0.6523640131536229,0.0042028083887230006
1.0,policy::complement_power1__full__bonus1.5,bounded_subtraction,0.6536277064760716,0.00546650171117169
1.0,policy::complement_power1__full__bonus2,bounded_subtraction,0.6553969488494732,0.007235744084573281
1.0,policy::complement_power1__full__bonus3,bounded_subtraction,0.6572022660205246,0.00904106125562465
1.0,policy::complement_power1__full__expected_mix0.25,bounded_subtraction,0.6706466763071435,0.022485471542243562
1.0,policy::complement_power1__full__expected_mix0.5,bounded_subtraction,0.6688434079686647,0.020682203203764793
1.0,policy::complement_power1__full__expected_mix0.75,bounded_subtraction,0.6625362437560997,0.01437503899119974
1.0,policy::complement_power1__full__expected_rejection,bounded_subtraction,0.6476647606618211,-0.000496444103078808
1.0,policy::complement_power1__full__h_tau0.8,bounded_subtraction,0.628593556176025,-0.019567648588874942
1.0,policy::complement_power1__full__h_tau0.9,bounded_subtraction,0.6441856704198531,-0.003975534345046827
1.0,policy::complement_power1__full__h_tau1.1,bounded_subtraction,0.6492268693341079,0.0010656645692079803
1.0,policy::complement_power1__full__h_tau1.25,bounded_subtraction,0.63604828724214,-0.012112917522759892
1.0,policy::complement_power1__full__original,bounded_subtraction,0.650272495107286,0.0021112903423861074
1.0,policy::complement_power1__full__power0.5,bounded_subtraction,0.6580049531236833,0.009843748358783433
1.0,policy::complement_power1__full__power0.75,bounded_subtraction,0.6577767069938071,0.009615502228907169
1.0,policy::complement_power1__full__power1.25,bounded_subtraction,0.6402667379316673,-0.007894466833232583
1.0,policy::complement_power1__full__power1.5,bounded_subtraction,0.6287016563934977,-0.01945954837140218
1.0,policy::complement_power1__full__uniform0.02,bounded_subtraction,0.6583649421280438,0.010203737363143839
1.0,policy::complement_power1__full__uniform0.05,bounded_subtraction,0.6630092905373024,0.014848085772402486
1.0,policy::complement_power1__full__uniform0.1,bounded_subtraction,0.6667540475854503,0.018592842820550404
1.0,policy::complement_power1__full__uniform0.2,bounded_subtraction,0.6689495664156793,0.020788361650779352
1.0,policy::complement_power1__topm__accept_clip0.02,bounded_subtraction,0.6561880940809028,0.008026889316002928
1.0,policy::complement_power1__topm__accept_clip0.05,bounded_subtraction,0.6611100578513696,0.012948853086469647
1.0,policy::complement_power1__topm__accept_clip0.1,bounded_subtraction,0.661799099147667,0.01363789438276708
1.0,policy::complement_power1__topm__bonus1.25,bounded_subtraction,0.6491537617685696,0.0009925570036697362
1.0,policy::complement_power1__topm__bonus1.5,bounded_subtraction,0.651230157642432,0.0030689528775320607
1.0,policy::complement_power1__topm__bonus2,bounded_subtraction,0.6529928162113079,0.00483161144640798
1.0,policy::complement_power1__topm__bonus3,bounded_subtraction,0.6543568851761014,0.006195680411201443
1.0,policy::complement_power1__topm__expected_mix0.25,bounded_subtraction,0.6665360328751648,0.018374828110264918
1.0,policy::complement_power1__topm__expected_mix0.5,bounded_subtraction,0.6639495945975182,0.01578838983261832
1.0,policy::complement_power1__topm__expected_mix0.75,bounded_subtraction,0.6581761123146604,0.010014907549760532
1.0,policy::complement_power1__topm__expected_rejection,bounded_subtraction,0.6403956709772081,-0.007765533787691847
1.0,policy::complement_power1__topm__h_tau0.8,bounded_subtraction,0.6259698559918916,-0.022191348773008324
1.0,policy::complement_power1__topm__h_tau0.9,bounded_subtraction,0.6411811515514769,-0.006980053213422988
1.0,policy::complement_power1__topm__h_tau1.1,bounded_subtraction,0.6466819424929493,-0.0014792622719506099
1.0,policy::complement_power1__topm__h_tau1.25,bounded_subtraction,0.6316329633632723,-0.016528241401627564
1.0,policy::complement_power1__topm__original,bounded_subtraction,0.6472157267041141,-0.0009454780607858204
1.0,policy::complement_power1__topm__power0.5,bounded_subtraction,0.6556018900480819,0.00744068528318198
1.0,policy::complement_power1__topm__power0.75,bounded_subtraction,0.6548423838517852,0.006681179086885258
1.0,policy::complement_power1__topm__power1.25,bounded_subtraction,0.637544559937566,-0.010616644827333932
1.0,policy::complement_power1__topm__power1.5,bounded_subtraction,0.6254069460836659,-0.02275425868123404
1.0,policy::complement_power1__topm__uniform0.02,bounded_subtraction,0.6548244940023418,0.006663289237441861
1.0,policy::complement_power1__topm__uniform0.05,bounded_subtraction,0.6596507398632274,0.011489535098327508
1.0,policy::complement_power1__topm__uniform0.1,bounded_subtraction,0.6629874292509057,0.01482622448600579
1.0,policy::complement_power1__topm__uniform0.2,bounded_subtraction,0.6638857908286648,0.015724586063764923
1.0,policy::complement_power2__full__accept_clip0.02,bounded_subtraction,0.6576713212708257,0.009510116505925814
1.0,policy::complement_power2__full__accept_clip0.05,bounded_subtraction,0.6624615508354156,0.014300346070515668
1.0,policy::complement_power2__full__accept_clip0.1,bounded_subtraction,0.6648834324149295,0.01672222765002962
1.0,policy::complement_power2__full__bonus1.25,bounded_subtraction,0.6494384568418566,0.0012772520769567253
1.0,policy::complement_power2__full__bonus1.5,bounded_subtraction,0.6508853454480322,0.0027241406831323145
1.0,policy::complement_power2__full__bonus2,bounded_subtraction,0.6526026794632369,0.004441474698337
1.0,policy::complement_power2__full__bonus3,bounded_subtraction,0.6544779607258535,0.006316755960953602
1.0,policy::complement_power2__full__expected_mix0.25,bounded_subtraction,0.6696249518749733,0.021463747110073372
1.0,policy::complement_power2__full__expected_mix0.5,bounded_subtraction,0.6674959724391293,0.01933476767422937
1.0,policy::complement_power2__full__expected_mix0.75,bounded_subtraction,0.6608025091302662,0.012641304365366257
1.0,policy::complement_power2__full__expected_rejection,bounded_subtraction,0.6449164542946629,-0.003244750470236979
1.0,policy::complement_power2__full__h_tau0.8,bounded_subtraction,0.624022588323731,-0.02413861644116888
1.0,policy::complement_power2__full__h_tau0.9,bounded_subtraction,0.6404712152040923,-0.007689989560807575
1.0,policy::complement_power2__full__h_tau1.1,bounded_subtraction,0.6473706675863471,-0.0007905371785528192
1.0,policy::complement_power2__full__h_tau1.25,bounded_subtraction,0.6338412550758354,-0.01431994968906447
1.0,policy::complement_power2__full__original,bounded_subtraction,0.6475869811270167,-0.0005742236378831755
1.0,policy::complement_power2__full__power0.5,bounded_subtraction,0.6576386327024369,0.00947742793753703
1.0,policy::complement_power2__full__power0.75,bounded_subtraction,0.6547013322503683,0.006540127485468394
1.0,policy::complement_power2__full__power1.25,bounded_subtraction,0.6373419726593492,-0.010819232105550691
1.0,policy::complement_power2__full__power1.5,bounded_subtraction,0.6240548397286578,-0.024106365036242083
1.0,policy::complement_power2__full__uniform0.02,bounded_subtraction,0.6546403502572293,0.006479145492329419
1.0,policy::complement_power2__full__uniform0.05,bounded_subtraction,0.659821360884569,0.011660156119669085
1.0,policy::complement_power2__full__uniform0.1,bounded_subtraction,0.6646347598640857,0.0164735550991858
1.0,policy::complement_power2__full__uniform0.2,bounded_subtraction,0.6666213185048084,0.018460113739908524
1.0,policy::complement_power2__topm__accept_clip0.02,bounded_subtraction,0.6530937389917697,0.004932534226869789
1.0,policy::complement_power2__topm__accept_clip0.05,bounded_subtraction,0.6580953594980439,0.009934154733143963
1.0,policy::complement_power2__topm__accept_clip0.1,bounded_subtraction,0.660751955069244,0.01259075030434409
1.0,policy::complement_power2__topm__bonus1.25,bounded_subtraction,0.6465152469849788,-0.0016459577799211589
1.0,policy::complement_power2__topm__bonus1.5,bounded_subtraction,0.6486132009947299,0.0004519962298299429
1.0,policy::complement_power2__topm__bonus2,bounded_subtraction,0.6509581095220349,0.0027969047571350103
1.0,policy::complement_power2__topm__bonus3,bounded_subtraction,0.6523945537695351,0.004233349004635234
1.0,policy::complement_power2__topm__expected_mix0.25,bounded_subtraction,0.6655314512671745,0.01737024650227459
1.0,policy::complement_power2__topm__expected_mix0.5,bounded_subtraction,0.6635099279695896,0.015348723204689718
1.0,policy::complement_power2__topm__expected_mix0.75,bounded_subtraction,0.6563133834700003,0.008152178705100432
1.0,policy::complement_power2__topm__expected_rejection,bounded_subtraction,0.6397643546426625,-0.008396850122237454
1.0,policy::complement_power2__topm__h_tau0.8,bounded_subtraction,0.6217897986536693,-0.026371406111230566
1.0,policy::complement_power2__topm__h_tau0.9,bounded_subtraction,0.6380329259676542,-0.01012827879724576
1.0,policy::complement_power2__topm__h_tau1.1,bounded_subtraction,0.6450462894669878,-0.0031149152979120798
1.0,policy::complement_power2__topm__h_tau1.25,bounded_subtraction,0.6296080379058901,-0.018553166859009762
1.0,policy::complement_power2__topm__original,bounded_subtraction,0.6445185588070871,-0.003642645957812829
1.0,policy::complement_power2__topm__power0.5,bounded_subtraction,0.6557316736028531,0.007570468837953204
1.0,policy::complement_power2__topm__power0.75,bounded_subtraction,0.6523524633942648,0.004191258629364869
1.0,policy::complement_power2__topm__power1.25,bounded_subtraction,0.6341854699694586,-0.013975734795441341
1.0,policy::complement_power2__topm__power1.5,bounded_subtraction,0.6212986719003241,-0.02686253286457585
1.0,policy::complement_power2__topm__uniform0.02,bounded_subtraction,0.651278811404198,0.003117606639298054
1.0,policy::complement_power2__topm__uniform0.05,bounded_subtraction,0.6558054685826169,0.00764426381771699
1.0,policy::complement_power2__topm__uniform0.1,bounded_subtraction,0.6610673694369311,0.012906164672031206
1.0,policy::complement_power2__topm__uniform0.2,bounded_subtraction,0.6636482157389022,0.015487010974002291
1.0,policy::complement_power4__full__accept_clip0.02,bounded_subtraction,0.6467134406210313,-0.0014477641438686017
1.0,policy::complement_power4__full__accept_clip0.05,bounded_subtraction,0.650807403656629,0.0026461988917291235
1.0,policy::complement_power4__full__accept_clip0.1,bounded_subtraction,0.6537231752193507,0.0055619704544508375
1.0,policy::complement_power4__full__bonus1.25,bounded_subtraction,0.6408671918465808,-0.007294012918319104
1.0,policy::complement_power4__full__bonus1.5,bounded_subtraction,0.6423063215504875,-0.00585488321441241
1.0,policy::complement_power4__full__bonus2,bounded_subtraction,0.6443617088166992,-0.0037994959482007262
1.0,policy::complement_power4__full__bonus3,bounded_subtraction,0.6460489616899059,-0.0021122430749940246
1.0,policy::complement_power4__full__expected_mix0.25,bounded_subtraction,0.6584988120383362,0.010337607273436245
1.0,policy::complement_power4__full__expected_mix0.5,bounded_subtraction,0.6571674309327378,0.00900622616783786
1.0,policy::complement_power4__full__expected_mix0.75,bounded_subtraction,0.6510105859313053,0.002849381166405429
1.0,policy::complement_power4__full__expected_rejection,bounded_subtraction,0.6348922572292771,-0.0132689475356228
1.0,policy::complement_power4__full__h_tau0.8,bounded_subtraction,0.6132426342933008,-0.034918570471599075
1.0,policy::complement_power4__full__h_tau0.9,bounded_subtraction,0.6316087880769383,-0.01655241668796159
1.0,policy::complement_power4__full__h_tau1.1,bounded_subtraction,0.6386022135361707,-0.009558991228729163
1.0,policy::complement_power4__full__h_tau1.25,bounded_subtraction,0.6250106294574199,-0.023150575307479992
1.0,policy::complement_power4__full__original,bounded_subtraction,0.6390959908204663,-0.009065213944433603
1.0,policy::complement_power4__full__power0.5,bounded_subtraction,0.6511428422450453,0.0029816374801453494
1.0,policy::complement_power4__full__power0.75,bounded_subtraction,0.6473738469097091,-0.0007873578551907956
1.0,policy::complement_power4__full__power1.25,bounded_subtraction,0.6274041340828269,-0.020757070682072998
1.0,policy::complement_power4__full__power1.5,bounded_subtraction,0.6135208192995115,-0.03464038546538839
1.0,policy::complement_power4__full__uniform0.02,bounded_subtraction,0.6456961218051005,-0.002465082959799414
1.0,policy::complement_power4__full__uniform0.05,bounded_subtraction,0.6507384918769867,0.0025772871120868235
1.0,policy::complement_power4__full__uniform0.1,bounded_subtraction,0.655124143970345,0.006962939205445107
1.0,policy::complement_power4__full__uniform0.2,bounded_subtraction,0.658354584531175,0.010193379766275101
1.0,policy::complement_power4__topm__accept_clip0.02,bounded_subtraction,0.6431892779313759,-0.0049719268335239875
1.0,policy::complement_power4__topm__accept_clip0.05,bounded_subtraction,0.646599664710603,-0.0015615400542968727
1.0,policy::complement_power4__topm__accept_clip0.1,bounded_subtraction,0.6501211548959729,0.001959950131072974
1.0,policy::complement_power4__topm__bonus1.25,bounded_subtraction,0.6377474908490679,-0.010413713915832012
1.0,policy::complement_power4__topm__bonus1.5,bounded_subtraction,0.639778614939864,-0.008382589825035924
1.0,policy::complement_power4__topm__bonus2,bounded_subtraction,0.6417330655958587,-0.006428139169041169
1.0,policy::complement_power4__topm__bonus3,bounded_subtraction,0.6440854229594495,-0.004075781805450429
1.0,policy::complement_power4__topm__expected_mix0.25,bounded_subtraction,0.6549646266779727,0.006803421913072816
1.0,policy::complement_power4__topm__expected_mix0.5,bounded_subtraction,0.6534780810949447,0.00531687633004474
1.0,policy::complement_power4__topm__expected_mix0.75,bounded_subtraction,0.6468135035740414,-0.0013477011908584746
1.0,policy::complement_power4__topm__expected_rejection,bounded_subtraction,0.6285175191341426,-0.019643685630757357
1.0,policy::complement_power4__topm__h_tau0.8,bounded_subtraction,0.6097644633774142,-0.03839674138748572
1.0,policy::complement_power4__topm__h_tau0.9,bounded_subtraction,0.6278263609999346,-0.020334843764965305
1.0,policy::complement_power4__topm__h_tau1.1,bounded_subtraction,0.6362554249228102,-0.011905779842089736
1.0,policy::complement_power4__topm__h_tau1.25,bounded_subtraction,0.6200345070706508,-0.028126697694249136
1.0,policy::complement_power4__topm__original,bounded_subtraction,0.6354575470368173,-0.012703657728082574
1.0,policy::complement_power4__topm__power0.5,bounded_subtraction,0.6483926089992504,0.0002314042343505296
1.0,policy::complement_power4__topm__power0.75,bounded_subtraction,0.6445083361233895,-0.003652868641510376
1.0,policy::complement_power4__topm__power1.25,bounded_subtraction,0.6237380184080645,-0.02442318635683538
1.0,policy::complement_power4__topm__power1.5,bounded_subtraction,0.6105485533117507,-0.03761265145314918
1.0,policy::complement_power4__topm__uniform0.02,bounded_subtraction,0.6424728390753107,-0.005688365689589192
1.0,policy::complement_power4__topm__uniform0.05,bounded_subtraction,0.6460060793029474,-0.0021551254619525118
1.0,policy::complement_power4__topm__uniform0.1,bounded_subtraction,0.6509344672612807,0.0027732624963807684
1.0,policy::complement_power4__topm__uniform0.2,bounded_subtraction,0.6547953385810525,0.006634133816152632
1.0,policy::epeak0.5__full__accept_clip0.02,local_gate,0.6431087455935751,-0.005052459171324797
1.0,policy::epeak0.5__full__accept_clip0.05,local_gate,0.6447199308708098,-0.003441273894090102
1.0,policy::epeak0.5__full__accept_clip0.1,local_gate,0.6439891445233342,-0.004172060241565689
1.0,policy::epeak0.5__full__bonus1.25,local_gate,0.6356271700896239,-0.012534034675276029
1.0,policy::epeak0.5__full__bonus1.5,local_gate,0.6367231862621574,-0.011438018502742509
1.0,policy::epeak0.5__full__bonus2,local_gate,0.638236424419717,-0.00992478034518296
1.0,policy::epeak0.5__full__bonus3,local_gate,0.6401835978476234,-0.007977606917276558
1.0,policy::epeak0.5__full__expected_mix0.25,local_gate,0.6505523797128016,0.002391174947901642
1.0,policy::epeak0.5__full__expected_mix0.5,local_gate,0.6479960112206906,-0.00016519354420929666
1.0,policy::epeak0.5__full__expected_mix0.75,local_gate,0.6411598945292162,-0.007001310235683733
1.0,policy::epeak0.5__full__expected_rejection,local_gate,0.6292028978746479,-0.01895830689025202
1.0,policy::epeak0.5__full__h_tau0.8,local_gate,0.6155290025448642,-0.03263220222003571
1.0,policy::epeak0.5__full__h_tau0.9,local_gate,0.6291379326000914,-0.01902327216480848
1.0,policy::epeak0.5__full__h_tau1.1,local_gate,0.6322119660250987,-0.015949238739801253
1.0,policy::epeak0.5__full__h_tau1.25,local_gate,0.6176199056947576,-0.030541299070142358
1.0,policy::epeak0.5__full__original,local_gate,0.634275806434247,-0.013885398330652943
1.0,policy::epeak0.5__full__power0.5,local_gate,0.641562232786731,-0.006598971978168944
1.0,policy::epeak0.5__full__power0.75,local_gate,0.6405271530346374,-0.007634051730262548
1.0,policy::epeak0.5__full__power1.25,local_gate,0.6247118775144894,-0.02344932725041049
1.0,policy::epeak0.5__full__power1.5,local_gate,0.6147535639781581,-0.033407640786741855
1.0,policy::epeak0.5__full__uniform0.02,local_gate,0.6403888286457394,-0.0077723761191604845
1.0,policy::epeak0.5__full__uniform0.05,local_gate,0.6443370663950152,-0.003824138369884711
1.0,policy::epeak0.5__full__uniform0.1,local_gate,0.647623662692653,-0.0005375420722468771
1.0,policy::epeak0.5__full__uniform0.2,local_gate,0.6472418006291194,-0.0009194041357805105
1.0,policy::epeak0.5__topm__accept_clip0.02,local_gate,0.6379472630736127,-0.010213941691287198
1.0,policy::epeak0.5__topm__accept_clip0.05,local_gate,0.6398389235801114,-0.008322281184788505
1.0,policy::epeak0.5__topm__accept_clip0.1,local_gate,0.6391271127103295,-0.009034092054570397
1.0,policy::epeak0.5__topm__bonus1.25,local_gate,0.6326702469597624,-0.01549095780513754
1.0,policy::epeak0.5__topm__bonus1.5,local_gate,0.6342820913524492,-0.013879113412450739
1.0,policy::epeak0.5__topm__bonus2,local_gate,0.6358970314582877,-0.012264173306612225
1.0,policy::epeak0.5__topm__bonus3,local_gate,0.6371614164211395,-0.010999788343760364
1.0,policy::epeak0.5__topm__expected_mix0.25,local_gate,0.6466915432631171,-0.0014696615017828485
1.0,policy::epeak0.5__topm__expected_mix0.5,local_gate,0.6428043731741719,-0.005356831590727973
1.0,policy::epeak0.5__topm__expected_mix0.75,local_gate,0.6367781616676803,-0.011383043097219603
1.0,policy::epeak0.5__topm__expected_rejection,local_gate,0.6219532621023142,-0.026207942662585748
1.0,policy::epeak0.5__topm__h_tau0.8,local_gate,0.6128409003316173,-0.0353203044332826
1.0,policy::epeak0.5__topm__h_tau0.9,local_gate,0.6261798473091322,-0.02198135745576768
1.0,policy::epeak0.5__topm__h_tau1.1,local_gate,0.62956484532601,-0.01859635943888993
1.0,policy::epeak0.5__topm__h_tau1.25,local_gate,0.6138417499589004,-0.034319454805999516
1.0,policy::epeak0.5__topm__original,local_gate,0.6310171230383124,-0.017144081726587546
1.0,policy::epeak0.5__topm__power0.5,local_gate,0.639208630263639,-0.008952574501260857
1.0,policy::epeak0.5__topm__power0.75,local_gate,0.6377582651027041,-0.010402939662195854
1.0,policy::epeak0.5__topm__power1.25,local_gate,0.6220381071911596,-0.026123097573740317
1.0,policy::epeak0.5__topm__power1.5,local_gate,0.6119283957155821,-0.036232809049317805
1.0,policy::epeak0.5__topm__uniform0.02,local_gate,0.6364184840457935,-0.011742720719106425
1.0,policy::epeak0.5__topm__uniform0.05,local_gate,0.6396132736800801,-0.008547931084819771
1.0,policy::epeak0.5__topm__uniform0.1,local_gate,0.6432470439733969,-0.004914160791502975
1.0,policy::epeak0.5__topm__uniform0.2,local_gate,0.6437636642022515,-0.004397540562648405
1.0,policy::epeak0.7__full__accept_clip0.02,local_gate,0.6495987167874262,0.0014375120225262883
1.0,policy::epeak0.7__full__accept_clip0.05,local_gate,0.652484193602971,0.00432298883807114
1.0,policy::epeak0.7__full__accept_clip0.1,local_gate,0.6517791375272212,0.003617932762321252
1.0,policy::epeak0.7__full__bonus1.25,local_gate,0.6416561005534543,-0.006505104211445567
1.0,policy::epeak0.7__full__bonus1.5,local_gate,0.6428857943782289,-0.005275410386671009
1.0,policy::epeak0.7__full__bonus2,local_gate,0.6442945170184933,-0.0038666877464066385
1.0,policy::epeak0.7__full__bonus3,local_gate,0.6459052518145283,-0.0022559529503716202
1.0,policy::epeak0.7__full__expected_mix0.25,local_gate,0.6584497949472997,0.010288590182399804
1.0,policy::epeak0.7__full__expected_mix0.5,local_gate,0.6556530010203636,0.007491796255463701
1.0,policy::epeak0.7__full__expected_mix0.75,local_gate,0.6489299615543599,0.0007687567894599789
1.0,policy::epeak0.7__full__expected_rejection,local_gate,0.6359289617334745,-0.01223224303142545
1.0,policy::epeak0.7__full__h_tau0.8,local_gate,0.6214482881349928,-0.026712916629907157
1.0,policy::epeak0.7__full__h_tau0.9,local_gate,0.6349786482946944,-0.013182556470205498
1.0,policy::epeak0.7__full__h_tau1.1,local_gate,0.6389211213008508,-0.009240083464049142
1.0,policy::epeak0.7__full__h_tau1.25,local_gate,0.6245024479380126,-0.02365875682688734
1.0,policy::epeak0.7__full__original,local_gate,0.6401946531762479,-0.007966551588652004
1.0,policy::epeak0.7__full__power0.5,local_gate,0.6475059457865646,-0.0006552589783352936
1.0,policy::epeak0.7__full__power0.75,local_gate,0.6470815960877012,-0.0010796086771986957
1.0,policy::epeak0.7__full__power1.25,local_gate,0.6306746885256599,-0.017486516239240024
1.0,policy::epeak0.7__full__power1.5,local_gate,0.620449194368915,-0.02771201039598492
1.0,policy::epeak0.7__full__uniform0.02,local_gate,0.6471562230084269,-0.0010049817564730112
1.0,policy::epeak0.7__full__uniform0.05,local_gate,0.6506855491690351,0.0025243444041351815
1.0,policy::epeak0.7__full__uniform0.1,local_gate,0.6549275826468187,0.006766377881918806
1.0,policy::epeak0.7__full__uniform0.2,local_gate,0.6546458164594049,0.0064846116945049825
1.0,policy::epeak0.7__topm__accept_clip0.02,local_gate,0.64463607858139,-0.0035251261835098635
1.0,policy::epeak0.7__topm__accept_clip0.05,local_gate,0.6474750354022953,-0.0006861693626045717
1.0,policy::epeak0.7__topm__accept_clip0.1,local_gate,0.6466057629590294,-0.0015554418058705277
1.0,policy::epeak0.7__topm__bonus1.25,local_gate,0.6387753368672479,-0.009385867897652056
1.0,policy::epeak0.7__topm__bonus1.5,local_gate,0.6403267696664086,-0.007834435098491355
1.0,policy::epeak0.7__topm__bonus2,local_gate,0.641889550482863,-0.006271654282036909
1.0,policy::epeak0.7__topm__bonus3,local_gate,0.6432357694554677,-0.004925435309432236
1.0,policy::epeak0.7__topm__expected_mix0.25,local_gate,0.6541004471338144,0.005939242368914521
1.0,policy::epeak0.7__topm__expected_mix0.5,local_gate,0.6509260927395945,0.002764887974694541
1.0,policy::epeak0.7__topm__expected_mix0.75,local_gate,0.6443014093101991,-0.0038597954547008317
1.0,policy::epeak0.7__topm__expected_rejection,local_gate,0.6296033438802552,-0.018557860884644728
1.0,policy::epeak0.7__topm__h_tau0.8,local_gate,0.6191344072309619,-0.029026797533937998
1.0,policy::epeak0.7__topm__h_tau0.9,local_gate,0.6319135895294095,-0.016247615235490454
1.0,policy::epeak0.7__topm__h_tau1.1,local_gate,0.6360012528676411,-0.012159951897258825
1.0,policy::epeak0.7__topm__h_tau1.25,local_gate,0.6202865026824662,-0.0278747020824337
1.0,policy::epeak0.7__topm__original,local_gate,0.6369963138282996,-0.011164890936600336
1.0,policy::epeak0.7__topm__power0.5,local_gate,0.6452485449991707,-0.0029126597657291864
1.0,policy::epeak0.7__topm__power0.75,local_gate,0.6446994206626439,-0.0034617841022560603
1.0,policy::epeak0.7__topm__power1.25,local_gate,0.6278008150759389,-0.020360389688961034
1.0,policy::epeak0.7__topm__power1.5,local_gate,0.6177863277853763,-0.03037487697952357
1.0,policy::epeak0.7__topm__uniform0.02,local_gate,0.6434302792726243,-0.004730925492275606
1.0,policy::epeak0.7__topm__uniform0.05,local_gate,0.6467427806229371,-0.001418424141962804
1.0,policy::epeak0.7__topm__uniform0.1,local_gate,0.6506415302222897,0.0024803254573897426
1.0,policy::epeak0.7__topm__uniform0.2,local_gate,0.6513099971725822,0.003148792407682288
1.0,policy::epeak0.9__full__accept_clip0.02,local_gate,0.6575333628388663,0.009372158073966408
1.0,policy::epeak0.9__full__accept_clip0.05,local_gate,0.6607323046513361,0.012571099886436232
1.0,policy::epeak0.9__full__accept_clip0.1,local_gate,0.6600490824488051,0.011887877683905201
1.0,policy::epeak0.9__full__bonus1.25,local_gate,0.6486458368297634,0.0004846320648634883
1.0,policy::epeak0.9__full__bonus1.5,local_gate,0.6498227000200274,0.0016614952551274875
1.0,policy::epeak0.9__full__bonus2,local_gate,0.6514457856224891,0.0032845808575892033
1.0,policy::epeak0.9__full__bonus3,local_gate,0.65316795206752,0.005006747302620074
1.0,policy::epeak0.9__full__expected_mix0.25,local_gate,0.6660712415682706,0.017910036803370666
1.0,policy::epeak0.9__full__expected_mix0.5,local_gate,0.6635437652884577,0.015382560523557798
1.0,policy::epeak0.9__full__expected_mix0.75,local_gate,0.6566548939305131,0.008493689165613216
1.0,policy::epeak0.9__full__expected_rejection,local_gate,0.6425522564383808,-0.0056089483265191475
1.0,policy::epeak0.9__full__h_tau0.8,local_gate,0.6284779610108135,-0.019683243754086366
1.0,policy::epeak0.9__full__h_tau0.9,local_gate,0.6420784280176537,-0.006082776747246221
1.0,policy::epeak0.9__full__h_tau1.1,local_gate,0.646198581834485,-0.0019626229304149367
1.0,policy::epeak0.9__full__h_tau1.25,local_gate,0.6321349901810562,-0.01602621458384368
1.0,policy::epeak0.9__full__original,local_gate,0.647183077301139,-0.0009781274637609139
1.0,policy::epeak0.9__full__power0.5,local_gate,0.6546006152076262,0.006439410442726334
1.0,policy::epeak0.9__full__power0.75,local_gate,0.6542577558839048,0.006096551119004867
1.0,policy::epeak0.9__full__power1.25,local_gate,0.6380486881741918,-0.01011251659070811
1.0,policy::epeak0.9__full__power1.5,local_gate,0.6273484864177548,-0.020812718347145154
1.0,policy::epeak0.9__full__uniform0.02,local_gate,0.654856244938392,0.006695040173492095
1.0,policy::epeak0.9__full__uniform0.05,local_gate,0.65888951040002,0.010728305635120061
1.0,policy::epeak0.9__full__uniform0.1,local_gate,0.6628404588186925,0.014679254053792556
1.0,policy::epeak0.9__full__uniform0.2,local_gate,0.6633378603489112,0.015176655584011267
1.0,policy::epeak0.9__topm__accept_clip0.02,local_gate,0.6527385651581764,0.004577360393276497
1.0,policy::epeak0.9__topm__accept_clip0.05,local_gate,0.6555781920444607,0.0074169872795607494
1.0,policy::epeak0.9__topm__accept_clip0.1,local_gate,0.6546088601635328,0.006447655398632901
1.0,policy::epeak0.9__topm__bonus1.25,local_gate,0.64588325600836,-0.0022779487565398604
1.0,policy::epeak0.9__topm__bonus1.5,local_gate,0.647458599262179,-0.0007026055027209432
1.0,policy::epeak0.9__topm__bonus2,local_gate,0.6492370159936383,0.0010758112287383437
1.0,policy::epeak0.9__topm__bonus3,local_gate,0.6506088002798854,0.0024475955149855233
1.0,policy::epeak0.9__topm__expected_mix0.25,local_gate,0.6620888294807816,0.013927624715881715
1.0,policy::epeak0.9__topm__expected_mix0.5,local_gate,0.658547838210003,0.010386633445103044
1.0,policy::epeak0.9__topm__expected_mix0.75,local_gate,0.6516137174022136,0.0034525126373137205
1.0,policy::epeak0.9__topm__expected_rejection,local_gate,0.6357580140865797,-0.012403190678320186
1.0,policy::epeak0.9__topm__h_tau0.8,local_gate,0.6258247046497556,-0.02233650011514432
1.0,policy::epeak0.9__topm__h_tau0.9,local_gate,0.6388051369932554,-0.00935606777164455
1.0,policy::epeak0.9__topm__h_tau1.1,local_gate,0.6430099813845669,-0.005151223380333025
1.0,policy::epeak0.9__topm__h_tau1.25,local_gate,0.6278664604129315,-0.02029474435196843
1.0,policy::epeak0.9__topm__original,local_gate,0.6439309202006375,-0.004230284564262443
1.0,policy::epeak0.9__topm__power0.5,local_gate,0.6520990115207264,0.003937806755826445
1.0,policy::epeak0.9__topm__power0.75,local_gate,0.6516764048213511,0.0035152000564512287
1.0,policy::epeak0.9__topm__power1.25,local_gate,0.6349877123055518,-0.013173492459348068
1.0,policy::epeak0.9__topm__power1.5,local_gate,0.6245881809507265,-0.023573023814173366
1.0,policy::epeak0.9__topm__uniform0.02,local_gate,0.6508160787786235,0.0026548740137235516
1.0,policy::epeak0.9__topm__uniform0.05,local_gate,0.6548723788747393,0.006711174109839346
1.0,policy::epeak0.9__topm__uniform0.1,local_gate,0.659123021761461,0.010961816996561069
1.0,policy::epeak0.9__topm__uniform0.2,local_gate,0.6599369213370485,0.011775716572148598
1.0,policy::floor0.25__full__accept_clip0.02,bounded_subtraction,0.6563603980612793,0.008199193296379415
1.0,policy::floor0.25__full__accept_clip0.05,bounded_subtraction,0.6586004686645648,0.010439263899664875
1.0,policy::floor0.25__full__accept_clip0.1,bounded_subtraction,0.6585470966369504,0.010385891872050523
1.0,policy::floor0.25__full__bonus1.25,bounded_subtraction,0.6480618603707569,-9.934439414305274e-05
1.0,policy::floor0.25__full__bonus1.5,bounded_subtraction,0.6487476967652285,0.0005864920003285645
1.0,policy::floor0.25__full__bonus2,bounded_subtraction,0.6498483334360814,0.0016871286711814815
1.0,policy::floor0.25__full__bonus3,bounded_subtraction,0.6505869629028818,0.0024257581379818483
1.0,policy::floor0.25__full__expected_mix0.25,bounded_subtraction,0.6628093643310591,0.014648159566159169
1.0,policy::floor0.25__full__expected_mix0.5,bounded_subtraction,0.6609400620618373,0.012778857296937396
1.0,policy::floor0.25__full__expected_mix0.75,bounded_subtraction,0.6538343638564701,0.005673159091570179
1.0,policy::floor0.25__full__expected_rejection,bounded_subtraction,0.640751913410348,-0.007409291354551928
1.0,policy::floor0.25__full__h_tau0.8,bounded_subtraction,0.6265509059400958,-0.02161029882480414
1.0,policy::floor0.25__full__h_tau0.9,bounded_subtraction,0.6407226134060973,-0.007438591358802649
1.0,policy::floor0.25__full__h_tau1.1,bounded_subtraction,0.6442655062128637,-0.0038956985520361975
1.0,policy::floor0.25__full__h_tau1.25,bounded_subtraction,0.6291968164445226,-0.01896438832037728
1.0,policy::floor0.25__full__original,bounded_subtraction,0.6460771538842579,-0.0020840508806420077
1.0,policy::floor0.25__full__power0.5,bounded_subtraction,0.6522824970004859,0.004121292235585994
1.0,policy::floor0.25__full__power0.75,bounded_subtraction,0.6519190924793614,0.0037578877144615053
1.0,policy::floor0.25__full__power1.25,bounded_subtraction,0.6368047772624293,-0.011356427502470567
1.0,policy::floor0.25__full__power1.5,bounded_subtraction,0.6265456206763674,-0.02161558408853248
1.0,policy::floor0.25__full__uniform0.02,bounded_subtraction,0.6539552243956552,0.0057940196307553204
1.0,policy::floor0.25__full__uniform0.05,bounded_subtraction,0.6581475920919264,0.009986387327026502
1.0,policy::floor0.25__full__uniform0.1,bounded_subtraction,0.6611923324849583,0.013031127720058433
1.0,policy::floor0.25__full__uniform0.2,bounded_subtraction,0.661515687463337,0.013354482698437087
1.0,policy::floor0.25__topm__accept_clip0.02,bounded_subtraction,0.6519305394056667,0.003769334640766786
1.0,policy::floor0.25__topm__accept_clip0.05,bounded_subtraction,0.6539477850859294,0.005786580321029522
1.0,policy::floor0.25__topm__accept_clip0.1,bounded_subtraction,0.6534659786055045,0.005304773840604571
1.0,policy::floor0.25__topm__bonus1.25,bounded_subtraction,0.6443474603383512,-0.003813744426548693
1.0,policy::floor0.25__topm__bonus1.5,bounded_subtraction,0.645857965783424,-0.002303238981475886
1.0,policy::floor0.25__topm__bonus2,bounded_subtraction,0.6476309877981735,-0.0005302169667263934
1.0,policy::floor0.25__topm__bonus3,bounded_subtraction,0.6485990574936435,0.00043785272874363734
1.0,policy::floor0.25__topm__expected_mix0.25,bounded_subtraction,0.6581191833368938,0.009957978571993875
1.0,policy::floor0.25__topm__expected_mix0.5,bounded_subtraction,0.6553436438449025,0.0071824390800026006
1.0,policy::floor0.25__topm__expected_mix0.75,bounded_subtraction,0.649097175528519,0.0009359707636190651
1.0,policy::floor0.25__topm__expected_rejection,bounded_subtraction,0.6339853012741722,-0.014175903490727726
1.0,policy::floor0.25__topm__h_tau0.8,bounded_subtraction,0.6235286544444846,-0.024632550320415336
1.0,policy::floor0.25__topm__h_tau0.9,bounded_subtraction,0.6369333539112152,-0.011227850853684718
1.0,policy::floor0.25__topm__h_tau1.1,bounded_subtraction,0.6403611424570492,-0.007800062307850686
1.0,policy::floor0.25__topm__h_tau1.25,bounded_subtraction,0.6229335194883923,-0.02522768527650765
1.0,policy::floor0.25__topm__original,bounded_subtraction,0.6425652676260414,-0.005595937138858531
1.0,policy::floor0.25__topm__power0.5,bounded_subtraction,0.6490834410325452,0.0009222362676453155
1.0,policy::floor0.25__topm__power0.75,bounded_subtraction,0.6488825856240351,0.0007213808591352011
1.0,policy::floor0.25__topm__power1.25,bounded_subtraction,0.6334657985758064,-0.014695406189093485
1.0,policy::floor0.25__topm__power1.5,bounded_subtraction,0.6238961858920131,-0.02426501887288679
1.0,policy::floor0.25__topm__uniform0.02,bounded_subtraction,0.6498669307110513,0.0017057259461513707
1.0,policy::floor0.25__topm__uniform0.05,bounded_subtraction,0.6540040722902132,0.005842867525313267
1.0,policy::floor0.25__topm__uniform0.1,bounded_subtraction,0.6579481570358547,0.00978695227095483
1.0,policy::floor0.25__topm__uniform0.2,bounded_subtraction,0.6571585470220508,0.008997342257150875
1.0,policy::floor0.5__full__accept_clip0.02,bounded_subtraction,0.6590136707767017,0.010852466011801787
1.0,policy::floor0.5__full__accept_clip0.05,bounded_subtraction,0.6627129191755726,0.014551714410672711
1.0,policy::floor0.5__full__accept_clip0.1,bounded_subtraction,0.6623962975148716,0.0142350927499717
1.0,policy::floor0.5__full__bonus1.25,bounded_subtraction,0.6506688854767966,0.002507680711896665
1.0,policy::floor0.5__full__bonus1.5,bounded_subtraction,0.6517919217794657,0.003630717014565743
1.0,policy::floor0.5__full__bonus2,bounded_subtraction,0.6529015488985203,0.0047403441336203445
1.0,policy::floor0.5__full__bonus3,bounded_subtraction,0.6536741951623798,0.005512990397479878
1.0,policy::floor0.5__full__expected_mix0.25,bounded_subtraction,0.6684756923160997,0.0203144875511998
1.0,policy::floor0.5__full__expected_mix0.5,bounded_subtraction,0.6631409672801833,0.014979762515283435
1.0,policy::floor0.5__full__expected_mix0.75,bounded_subtraction,0.6584640633787924,0.010302858613892463
1.0,policy::floor0.5__full__expected_rejection,bounded_subtraction,0.6438020196593727,-0.004359185105527241
1.0,policy::floor0.5__full__h_tau0.8,bounded_subtraction,0.6297131426563096,-0.01844806210859029
1.0,policy::floor0.5__full__h_tau0.9,bounded_subtraction,0.6436769419900842,-0.004484262774815728
1.0,policy::floor0.5__full__h_tau1.1,bounded_subtraction,0.6477241811925054,-0.0004370235723945015
1.0,policy::floor0.5__full__h_tau1.25,bounded_subtraction,0.6327080175825737,-0.015453187182326245
1.0,policy::floor0.5__full__original,bounded_subtraction,0.6486677012906851,0.0005064965257851606
1.0,policy::floor0.5__full__power0.5,bounded_subtraction,0.6562930449711089,0.00813184020620894
1.0,policy::floor0.5__full__power0.75,bounded_subtraction,0.6554579424408583,0.007296737675958398
1.0,policy::floor0.5__full__power1.25,bounded_subtraction,0.6395989753026495,-0.008562229462250381
1.0,policy::floor0.5__full__power1.5,bounded_subtraction,0.628954338905063,-0.019206865859836886
1.0,policy::floor0.5__full__uniform0.02,bounded_subtraction,0.6567555487308901,0.008594343965990237
1.0,policy::floor0.5__full__uniform0.05,bounded_subtraction,0.6615363594008139,0.013375154635913988
1.0,policy::floor0.5__full__uniform0.1,bounded_subtraction,0.6650825480322933,0.016921343267393363
1.0,policy::floor0.5__full__uniform0.2,bounded_subtraction,0.6651331770860633,0.01697197232116343
1.0,policy::floor0.5__topm__accept_clip0.02,bounded_subtraction,0.6542631321292248,0.0061019273643249106
1.0,policy::floor0.5__topm__accept_clip0.05,bounded_subtraction,0.6576174659623097,0.009456261197409832
1.0,policy::floor0.5__topm__accept_clip0.1,bounded_subtraction,0.6571663598420672,0.00900515507716726
1.0,policy::floor0.5__topm__bonus1.25,bounded_subtraction,0.6469869241020383,-0.0011742806628616265
1.0,policy::floor0.5__topm__bonus1.5,bounded_subtraction,0.6486390502305331,0.00047784546563323094
1.0,policy::floor0.5__topm__bonus2,bounded_subtraction,0.6502928386791984,0.002131633914298492
1.0,policy::floor0.5__topm__bonus3,bounded_subtraction,0.6512994075471334,0.0031382027822335345
1.0,policy::floor0.5__topm__expected_mix0.25,bounded_subtraction,0.6628645989961747,0.014703394231274758
1.0,policy::floor0.5__topm__expected_mix0.5,bounded_subtraction,0.6597303094855145,0.011569104720614565
1.0,policy::floor0.5__topm__expected_mix0.75,bounded_subtraction,0.6526510477032039,0.004489842938304012
1.0,policy::floor0.5__topm__expected_rejection,bounded_subtraction,0.636762199704813,-0.011399005060086953
1.0,policy::floor0.5__topm__h_tau0.8,bounded_subtraction,0.627011685182112,-0.02114951958278788
1.0,policy::floor0.5__topm__h_tau0.9,bounded_subtraction,0.6405755851985394,-0.007585619566360502
1.0,policy::floor0.5__topm__h_tau1.1,bounded_subtraction,0.6441628113081268,-0.003998393456773108
1.0,policy::floor0.5__topm__h_tau1.25,bounded_subtraction,0.6276382407386915,-0.020522964026208457
1.0,policy::floor0.5__topm__original,bounded_subtraction,0.6452273986215652,-0.0029338061433347162
1.0,policy::floor0.5__topm__power0.5,bounded_subtraction,0.652654888404262,0.004493683639362089
1.0,policy::floor0.5__topm__power0.75,bounded_subtraction,0.6523683547324163,0.004207149967516366
1.0,policy::floor0.5__topm__power1.25,bounded_subtraction,0.6368022754603258,-0.011358929304574161
1.0,policy::floor0.5__topm__power1.5,bounded_subtraction,0.6266792653293023,-0.02148193943559762
1.0,policy::floor0.5__topm__uniform0.02,bounded_subtraction,0.6527793182548327,0.004618113489932796
1.0,policy::floor0.5__topm__uniform0.05,bounded_subtraction,0.656297670444109,0.008136465679209115
1.0,policy::floor0.5__topm__uniform0.1,bounded_subtraction,0.6602754583948436,0.012114253629943672
1.0,policy::floor0.5__topm__uniform0.2,bounded_subtraction,0.6610800125265148,0.012918807761614914
1.0,policy::floor0.75__full__accept_clip0.02,bounded_subtraction,0.661249892406437,0.013088687641537033
1.0,policy::floor0.75__full__accept_clip0.05,bounded_subtraction,0.6639385974182102,0.01577739265331024
1.0,policy::floor0.75__full__accept_clip0.1,bounded_subtraction,0.6647448135814936,0.01658360881659371
1.0,policy::floor0.75__full__bonus1.25,bounded_subtraction,0.6518434135442241,0.0036822087793242364
1.0,policy::floor0.75__full__bonus1.5,bounded_subtraction,0.6534156797668604,0.0052544750019605235
1.0,policy::floor0.75__full__bonus2,bounded_subtraction,0.6546853026526991,0.006524097887799174
1.0,policy::floor0.75__full__bonus3,bounded_subtraction,0.6562834900322811,0.008122285267381235
1.0,policy::floor0.75__full__expected_mix0.25,bounded_subtraction,0.6701891074442322,0.0220279026793323
1.0,policy::floor0.75__full__expected_mix0.5,bounded_subtraction,0.6670056543842776,0.0188444496193777
1.0,policy::floor0.75__full__expected_mix0.75,bounded_subtraction,0.6599952709733483,0.011834066208448402
1.0,policy::floor0.75__full__expected_rejection,bounded_subtraction,0.6456220328210754,-0.0025391719438244698
1.0,policy::floor0.75__full__h_tau0.8,bounded_subtraction,0.6305845864244467,-0.01757661834045321
1.0,policy::floor0.75__full__h_tau0.9,bounded_subtraction,0.644880074831621,-0.0032811299332788924
1.0,policy::floor0.75__full__h_tau1.1,bounded_subtraction,0.6498012680866005,0.0016400633217006355
1.0,policy::floor0.75__full__h_tau1.25,bounded_subtraction,0.6345569124495818,-0.013604292315318123
1.0,policy::floor0.75__full__original,bounded_subtraction,0.6506331894208386,0.002471984655938675
1.0,policy::floor0.75__full__power0.5,bounded_subtraction,0.6572347082553265,0.009073503490426571
1.0,policy::floor0.75__full__power0.75,bounded_subtraction,0.657106176129517,0.008944971364617138
1.0,policy::floor0.75__full__power1.25,bounded_subtraction,0.6414545929723143,-0.006706611792585582
1.0,policy::floor0.75__full__power1.5,bounded_subtraction,0.6304339895488327,-0.017727215216067238
1.0,policy::floor0.75__full__uniform0.02,bounded_subtraction,0.6585032218807957,0.010342017115895774
1.0,policy::floor0.75__full__uniform0.05,bounded_subtraction,0.6633541230175957,0.015192918252695753
1.0,policy::floor0.75__full__uniform0.1,bounded_subtraction,0.6668558465313569,0.018694641766456965
1.0,policy::floor0.75__full__uniform0.2,bounded_subtraction,0.6676953738005007,0.01953416903560079
1.0,policy::floor0.75__topm__accept_clip0.02,bounded_subtraction,0.6571566042102052,0.008995399445305252
1.0,policy::floor0.75__topm__accept_clip0.05,bounded_subtraction,0.6606117334580154,0.01245052869311547
1.0,policy::floor0.75__topm__accept_clip0.1,bounded_subtraction,0.6594466651754047,0.011285460410504822
1.0,policy::floor0.75__topm__bonus1.25,bounded_subtraction,0.6495871047194546,0.0014258999545546658
1.0,policy::floor0.75__topm__bonus1.5,bounded_subtraction,0.6510513424796291,0.002890137714729235
1.0,policy::floor0.75__topm__bonus2,bounded_subtraction,0.6524641939555886,0.004302989190688722
1.0,policy::floor0.75__topm__bonus3,bounded_subtraction,0.653641826111923,0.005480621347023096
1.0,policy::floor0.75__topm__expected_mix0.25,bounded_subtraction,0.6658431159096994,0.017681911144799445
1.0,policy::floor0.75__topm__expected_mix0.5,bounded_subtraction,0.6616861594928214,0.013524954727921479
1.0,policy::floor0.75__topm__expected_mix0.75,bounded_subtraction,0.6542317736739777,0.006070568909077756
1.0,policy::floor0.75__topm__expected_rejection,bounded_subtraction,0.638217147417379,-0.009944057347520907
1.0,policy::floor0.75__topm__h_tau0.8,bounded_subtraction,0.6281947463891956,-0.01996645837570432
1.0,policy::floor0.75__topm__h_tau0.9,bounded_subtraction,0.6421694571132426,-0.005991747651657331
1.0,policy::floor0.75__topm__h_tau1.1,bounded_subtraction,0.6460099836854969,-0.0021512210794030207
1.0,policy::floor0.75__topm__h_tau1.25,bounded_subtraction,0.6299602826658457,-0.018200922099054218
1.0,policy::floor0.75__topm__original,bounded_subtraction,0.6476232324279554,-0.0005379723369445255
1.0,policy::floor0.75__topm__power0.5,bounded_subtraction,0.6545537498108427,0.006392545045942777
1.0,policy::floor0.75__topm__power0.75,bounded_subtraction,0.6538190757877537,0.005657871022853755
1.0,policy::floor0.75__topm__power1.25,bounded_subtraction,0.6380709026546523,-0.01009030211024764
1.0,policy::floor0.75__topm__power1.5,bounded_subtraction,0.627856770839496,-0.02030443392540393
1.0,policy::floor0.75__topm__uniform0.02,bounded_subtraction,0.6550029312716439,0.0068417265067439725
1.0,policy::floor0.75__topm__uniform0.05,bounded_subtraction,0.6587362144671873,0.010575009702287419
1.0,policy::floor0.75__topm__uniform0.1,bounded_subtraction,0.6627892651438541,0.014628060378954144
1.0,policy::floor0.75__topm__uniform0.2,bounded_subtraction,0.6637330401818067,0.015571835416906765
1.0,policy::floor0.9__full__accept_clip0.02,bounded_subtraction,0.6625048879319559,0.014343683167056032
1.0,policy::floor0.9__full__accept_clip0.05,bounded_subtraction,0.6653081428222819,0.01714693805738199
1.0,policy::floor0.9__full__accept_clip0.1,bounded_subtraction,0.6652246966075809,0.017063491842680967
1.0,policy::floor0.9__full__bonus1.25,bounded_subtraction,0.6524452171507876,0.004284012385887714
1.0,policy::floor0.9__full__bonus1.5,bounded_subtraction,0.6536602789701668,0.005499074205266852
1.0,policy::floor0.9__full__bonus2,bounded_subtraction,0.655265905753182,0.007104700988282087
1.0,policy::floor0.9__full__bonus3,bounded_subtraction,0.656928512435121,0.008767307670221047
1.0,policy::floor0.9__full__expected_mix0.25,bounded_subtraction,0.6704403739610781,0.022279169196178228
1.0,policy::floor0.9__full__expected_mix0.5,bounded_subtraction,0.6674022696148164,0.0192410648499165
1.0,policy::floor0.9__full__expected_mix0.75,bounded_subtraction,0.6598839618065484,0.01172275704164849
1.0,policy::floor0.9__full__expected_rejection,bounded_subtraction,0.6458174031744776,-0.0023438015904223564
1.0,policy::floor0.9__full__h_tau0.8,bounded_subtraction,0.6311798020036701,-0.016981402761229836
1.0,policy::floor0.9__full__h_tau0.9,bounded_subtraction,0.6455316612189973,-0.002629543545902613
1.0,policy::floor0.9__full__h_tau1.1,bounded_subtraction,0.6502448652360613,0.002083660471161375
1.0,policy::floor0.9__full__h_tau1.25,bounded_subtraction,0.6355431560206833,-0.01261804874421657
1.0,policy::floor0.9__full__original,bounded_subtraction,0.6512749442412777,0.0031137394763778303
1.0,policy::floor0.9__full__power0.5,bounded_subtraction,0.6582215245674026,0.01006031980250266
1.0,policy::floor0.9__full__power0.75,bounded_subtraction,0.6578056270534773,0.009644422288577426
1.0,policy::floor0.9__full__power1.25,bounded_subtraction,0.6417985696175245,-0.0063626351473754506
1.0,policy::floor0.9__full__power1.5,bounded_subtraction,0.6310178966349971,-0.017143308129902834
1.0,policy::floor0.9__full__uniform0.02,bounded_subtraction,0.6594999263043069,0.01133872153940696
1.0,policy::floor0.9__full__uniform0.05,bounded_subtraction,0.6638978179590069,0.01573661319410702
1.0,policy::floor0.9__full__uniform0.1,bounded_subtraction,0.6675449766196955,0.019383771854795562
1.0,policy::floor0.9__full__uniform0.2,bounded_subtraction,0.6679986935650777,0.01983748880017777
1.0,policy::floor0.9__topm__accept_clip0.02,bounded_subtraction,0.6572953353451094,0.00913413058020951
1.0,policy::floor0.9__topm__accept_clip0.05,bounded_subtraction,0.6607411609307743,0.012579956165874373
1.0,policy::floor0.9__topm__accept_clip0.1,bounded_subtraction,0.6601688937586201,0.012007688993720178
1.0,policy::floor0.9__topm__bonus1.25,bounded_subtraction,0.6499466512557052,0.0017854464908052536
1.0,policy::floor0.9__topm__bonus1.5,bounded_subtraction,0.6513293512375165,0.00316814647261654
1.0,policy::floor0.9__topm__bonus2,bounded_subtraction,0.6531321071564479,0.00497090239154796
1.0,policy::floor0.9__topm__bonus3,bounded_subtraction,0.6544694287441095,0.006308223979209604
1.0,policy::floor0.9__topm__expected_mix0.25,bounded_subtraction,0.6667653343455746,0.0186041295806747
1.0,policy::floor0.9__topm__expected_mix0.5,bounded_subtraction,0.6623128842406782,0.014151679475778334
1.0,policy::floor0.9__topm__expected_mix0.75,bounded_subtraction,0.654773721162884,0.006612516397984103
1.0,policy::floor0.9__topm__expected_rejection,bounded_subtraction,0.6381654564147975,-0.009995748350102418
1.0,policy::floor0.9__topm__h_tau0.8,bounded_subtraction,0.6288105932264549,-0.019350611538444973
1.0,policy::floor0.9__topm__h_tau0.9,bounded_subtraction,0.642530606071763,-0.005630598693136868
1.0,policy::floor0.9__topm__h_tau1.1,bounded_subtraction,0.6465758527929181,-0.001585351971981841
1.0,policy::floor0.9__topm__h_tau1.25,bounded_subtraction,0.6315437900366194,-0.01661741472828049
1.0,policy::floor0.9__topm__original,bounded_subtraction,0.647893618853967,-0.0002675859109328993
1.0,policy::floor0.9__topm__power0.5,bounded_subtraction,0.655240913856054,0.007079709091154074
1.0,policy::floor0.9__topm__power0.75,bounded_subtraction,0.6549358074451046,0.006774602680204689
1.0,policy::floor0.9__topm__power1.25,bounded_subtraction,0.6383964804876916,-0.009764724277208314
1.0,policy::floor0.9__topm__power1.5,bounded_subtraction,0.6280912898818534,-0.020069914883046547
1.0,policy::floor0.9__topm__uniform0.02,bounded_subtraction,0.6553228680539953,0.007161663289095399
1.0,policy::floor0.9__topm__uniform0.05,bounded_subtraction,0.6595143744473979,0.011353169682497999
1.0,policy::floor0.9__topm__uniform0.1,bounded_subtraction,0.6636226599466649,0.015461455181765005
1.0,policy::floor0.9__topm__uniform0.2,bounded_subtraction,0.664392051662918,0.016230846898018125
1.0,policy::interval0.05__full__accept_clip0.02,rank_only,0.6162690416703742,-0.031892163094525694
1.0,policy::interval0.05__full__accept_clip0.05,rank_only,0.6180589776658874,-0.030102227099012557
1.0,policy::interval0.05__full__accept_clip0.1,rank_only,0.6177538308486135,-0.03040737391628645
1.0,policy::interval0.05__full__bonus1.25,rank_only,0.6096357020391677,-0.038525502725732186
1.0,policy::interval0.05__full__bonus1.5,rank_only,0.6110416733120544,-0.03711953145284552
1.0,policy::interval0.05__full__bonus2,rank_only,0.6127314549257133,-0.035429749839186564
1.0,policy::interval0.05__full__bonus3,rank_only,0.6148988855422722,-0.03326231922262768
1.0,policy::interval0.05__full__expected_mix0.25,rank_only,0.6240510155335233,-0.024110189231376644
1.0,policy::interval0.05__full__expected_mix0.5,rank_only,0.621832479658306,-0.026328725106593898
1.0,policy::interval0.05__full__expected_mix0.75,rank_only,0.615661015267602,-0.03250018949729794
1.0,policy::interval0.05__full__expected_rejection,rank_only,0.6034243178558504,-0.044736886909049534
1.0,policy::interval0.05__full__h_tau0.8,rank_only,0.5877363296977759,-0.06042487506712402
1.0,policy::interval0.05__full__h_tau0.9,rank_only,0.6029260715631735,-0.04523513320172645
1.0,policy::interval0.05__full__h_tau1.1,rank_only,0.6066019784723163,-0.04155922629258357
1.0,policy::interval0.05__full__h_tau1.25,rank_only,0.5922013610364577,-0.055959843728442205
1.0,policy::interval0.05__full__original,rank_only,0.607704448489863,-0.040456756275036865
1.0,policy::interval0.05__full__power0.5,rank_only,0.6193320478094065,-0.028829156955493374
1.0,policy::interval0.05__full__power0.75,rank_only,0.6167921217904547,-0.031369082974445184
1.0,policy::interval0.05__full__power1.25,rank_only,0.5977598139098905,-0.05040139085500939
1.0,policy::interval0.05__full__power1.5,rank_only,0.5875006457688824,-0.06066055899601752
1.0,policy::interval0.05__full__uniform0.02,rank_only,0.6144368632830778,-0.03372434148182213
1.0,policy::interval0.05__full__uniform0.05,rank_only,0.6188402225178147,-0.029320982247085237
1.0,policy::interval0.05__full__uniform0.1,rank_only,0.6231743927487856,-0.0249868120161143
1.0,policy::interval0.05__full__uniform0.2,rank_only,0.6241000910664845,-0.02406111369841546
1.0,policy::interval0.05__topm__accept_clip0.02,rank_only,0.6118922151921631,-0.03626898957273683
1.0,policy::interval0.05__topm__accept_clip0.05,rank_only,0.6139702043272877,-0.03419100043761225
1.0,policy::interval0.05__topm__accept_clip0.1,rank_only,0.6139652297460931,-0.03419597501880678
1.0,policy::interval0.05__topm__bonus1.25,rank_only,0.6068383741957687,-0.04132283056913122
1.0,policy::interval0.05__topm__bonus1.5,rank_only,0.6087442362432255,-0.03941696852167442
1.0,policy::interval0.05__topm__bonus2,rank_only,0.6108706516922412,-0.037290553072658716
1.0,policy::interval0.05__topm__bonus3,rank_only,0.6128416552083724,-0.035319549556527496
1.0,policy::interval0.05__topm__expected_mix0.25,rank_only,0.6211629492250745,-0.026998255539825378
1.0,policy::interval0.05__topm__expected_mix0.5,rank_only,0.617861931273755,-0.030299273491144918
1.0,policy::interval0.05__topm__expected_mix0.75,rank_only,0.6112954093930347,-0.036865795371865184
1.0,policy::interval0.05__topm__expected_rejection,rank_only,0.597602518935411,-0.05055868582948886
1.0,policy::interval0.05__topm__h_tau0.8,rank_only,0.5850658102448175,-0.06309539452008239
1.0,policy::interval0.05__topm__h_tau0.9,rank_only,0.5998455221270134,-0.04831568263788655
1.0,policy::interval0.05__topm__h_tau1.1,rank_only,0.603817111094447,-0.04434409367045289
1.0,policy::interval0.05__topm__h_tau1.25,rank_only,0.5890778251928499,-0.05908337957205001
1.0,policy::interval0.05__topm__original,rank_only,0.6047942772926624,-0.04336692747223747
1.0,policy::interval0.05__topm__power0.5,rank_only,0.6171981963463087,-0.03096300841859123
1.0,policy::interval0.05__topm__power0.75,rank_only,0.61421383626119,-0.03394736850370994
1.0,policy::interval0.05__topm__power1.25,rank_only,0.5954298652756154,-0.052731339489284546
1.0,policy::interval0.05__topm__power1.5,rank_only,0.585117078750407,-0.06304412601449294
1.0,policy::interval0.05__topm__uniform0.02,rank_only,0.6105499101049916,-0.03761129465990831
1.0,policy::interval0.05__topm__uniform0.05,rank_only,0.6155615300775181,-0.032599674687381786
1.0,policy::interval0.05__topm__uniform0.1,rank_only,0.620943312344612,-0.027217892420287937
1.0,policy::interval0.05__topm__uniform0.2,rank_only,0.6222679619098459,-0.02589324285505401
1.0,policy::interval0.1__full__accept_clip0.02,rank_only,0.6203873666619274,-0.027773838102972515
1.0,policy::interval0.1__full__accept_clip0.05,rank_only,0.6228448832310571,-0.02531632153384278
1.0,policy::interval0.1__full__accept_clip0.1,rank_only,0.622205724028694,-0.025955480736205905
1.0,policy::interval0.1__full__bonus1.25,rank_only,0.6136521335072689,-0.03450907125763103
1.0,policy::interval0.1__full__bonus1.5,rank_only,0.6149698486338071,-0.03319135613109281
1.0,policy::interval0.1__full__bonus2,rank_only,0.6166623461928089,-0.031498858572091004
1.0,policy::interval0.1__full__bonus3,rank_only,0.6185926223420839,-0.029568582422816014
1.0,policy::interval0.1__full__expected_mix0.25,rank_only,0.6287131456727543,-0.019448059092145642
1.0,policy::interval0.1__full__expected_mix0.5,rank_only,0.6264665075252474,-0.02169469723965256
1.0,policy::interval0.1__full__expected_mix0.75,rank_only,0.6204244552136026,-0.027736749551297346
1.0,policy::interval0.1__full__expected_rejection,rank_only,0.6072140696077244,-0.04094713515717552
1.0,policy::interval0.1__full__h_tau0.8,rank_only,0.5916593810141373,-0.056501823750762625
1.0,policy::interval0.1__full__h_tau0.9,rank_only,0.6066404363896268,-0.041520768375273076
1.0,policy::interval0.1__full__h_tau1.1,rank_only,0.610367482894465,-0.03779372187043495
1.0,policy::interval0.1__full__h_tau1.25,rank_only,0.5958118114520791,-0.05234939331282085
1.0,policy::interval0.1__full__original,rank_only,0.6118406159765146,-0.03632058878838529
1.0,policy::interval0.1__full__power0.5,rank_only,0.6231614384233564,-0.02499976634154355
1.0,policy::interval0.1__full__power0.75,rank_only,0.6206929212260425,-0.02746828353885744
1.0,policy::interval0.1__full__power1.25,rank_only,0.6014853851508121,-0.04667581961408784
1.0,policy::interval0.1__full__power1.5,rank_only,0.5907962044517313,-0.0573650003131686
1.0,policy::interval0.1__full__uniform0.02,rank_only,0.6186788665610268,-0.029482338203873137
1.0,policy::interval0.1__full__uniform0.05,rank_only,0.6232829526544045,-0.024878252110495436
1.0,policy::interval0.1__full__uniform0.1,rank_only,0.6277229924329875,-0.020438212331912453
1.0,policy::interval0.1__full__uniform0.2,rank_only,0.6285958782591274,-0.019565326505772473
1.0,policy::interval0.1__topm__accept_clip0.02,rank_only,0.61602156870011,-0.03213963606478987
1.0,policy::interval0.1__topm__accept_clip0.05,rank_only,0.6184802733563017,-0.029680931408598177
1.0,policy::interval0.1__topm__accept_clip0.1,rank_only,0.6184119566555624,-0.029749248109337545
1.0,policy::interval0.1__topm__bonus1.25,rank_only,0.6109472048819129,-0.037213999882987014
1.0,policy::interval0.1__topm__bonus1.5,rank_only,0.6127057814561981,-0.03545542330870177
1.0,policy::interval0.1__topm__bonus2,rank_only,0.6147726717798982,-0.03338853298500166
1.0,policy::interval0.1__topm__bonus3,rank_only,0.616533012169043,-0.03162819259585692
1.0,policy::interval0.1__topm__expected_mix0.25,rank_only,0.625412163197991,-0.022749041566908934
1.0,policy::interval0.1__topm__expected_mix0.5,rank_only,0.6225362529203404,-0.025624951844559485
1.0,policy::interval0.1__topm__expected_mix0.75,rank_only,0.6159066995667423,-0.032254505198157646
1.0,policy::interval0.1__topm__expected_rejection,rank_only,0.6013154877195136,-0.046845717045386315
1.0,policy::interval0.1__topm__h_tau0.8,rank_only,0.5888430464497963,-0.059318158315103564
1.0,policy::interval0.1__topm__h_tau0.9,rank_only,0.6032959800205213,-0.044865224744378596
1.0,policy::interval0.1__topm__h_tau1.1,rank_only,0.6074653714851689,-0.04069583327973103
1.0,policy::interval0.1__topm__h_tau1.25,rank_only,0.59222622596146,-0.055934978803439894
1.0,policy::interval0.1__topm__original,rank_only,0.6088632489720393,-0.03929795579286066
1.0,policy::interval0.1__topm__power0.5,rank_only,0.6209653616208225,-0.027195843144077414
1.0,policy::interval0.1__topm__power0.75,rank_only,0.6180990533827403,-0.03006215138215962
1.0,policy::interval0.1__topm__power1.25,rank_only,0.5988178883501463,-0.049343316414753646
1.0,policy::interval0.1__topm__power1.5,rank_only,0.5883081516169688,-0.0598530531479311
1.0,policy::interval0.1__topm__uniform0.02,rank_only,0.6147709393582831,-0.033390265406616826
1.0,policy::interval0.1__topm__uniform0.05,rank_only,0.6195153985894127,-0.028645806175487176
1.0,policy::interval0.1__topm__uniform0.1,rank_only,0.6248199482564055,-0.02334125650849439
1.0,policy::interval0.1__topm__uniform0.2,rank_only,0.6264700842077195,-0.021691120557180366
1.0,policy::interval0.25__full__accept_clip0.02,rank_only,0.6277291409153977,-0.020432063849502247
1.0,policy::interval0.25__full__accept_clip0.05,rank_only,0.6302300225958994,-0.01793118216900047
1.0,policy::interval0.25__full__accept_clip0.1,rank_only,0.6302208339955482,-0.017940370769351732
1.0,policy::interval0.25__full__bonus1.25,rank_only,0.6209348951317297,-0.027226309633170187
1.0,policy::interval0.25__full__bonus1.5,rank_only,0.622235747426727,-0.025925457338172864
1.0,policy::interval0.25__full__bonus2,rank_only,0.6238547992249572,-0.024306405539942677
1.0,policy::interval0.25__full__bonus3,rank_only,0.6258162155526669,-0.022344989212233046
1.0,policy::interval0.25__full__expected_mix0.25,rank_only,0.6359975665406261,-0.012163638224273798
1.0,policy::interval0.25__full__expected_mix0.5,rank_only,0.6343631460087895,-0.013798058756110398
1.0,policy::interval0.25__full__expected_mix0.75,rank_only,0.6274563864147341,-0.0207048183501658
1.0,policy::interval0.25__full__expected_rejection,rank_only,0.6139991195363197,-0.03416208522858022
1.0,policy::interval0.25__full__h_tau0.8,rank_only,0.5987310469979905,-0.0494301577669094
1.0,policy::interval0.25__full__h_tau0.9,rank_only,0.6136669051854583,-0.03449429957944161
1.0,policy::interval0.25__full__h_tau1.1,rank_only,0.6179193944007986,-0.03024181036410134
1.0,policy::interval0.25__full__h_tau1.25,rank_only,0.6028991617880839,-0.04526204297681602
1.0,policy::interval0.25__full__original,rank_only,0.6191602895797558,-0.029000915185144138
1.0,policy::interval0.25__full__power0.5,rank_only,0.6300945704213119,-0.018066634343588017
1.0,policy::interval0.25__full__power0.75,rank_only,0.6275002249146648,-0.020660979850235073
1.0,policy::interval0.25__full__power1.25,rank_only,0.608979853322556,-0.039181351442343915
1.0,policy::interval0.25__full__power1.5,rank_only,0.5980570795492897,-0.05010412521561025
1.0,policy::interval0.25__full__uniform0.02,rank_only,0.6260323908895645,-0.022128813875335385
1.0,policy::interval0.25__full__uniform0.05,rank_only,0.6305862161805592,-0.0175749885843407
1.0,policy::interval0.25__full__uniform0.1,rank_only,0.6348363322969038,-0.013324872467996074
1.0,policy::interval0.25__full__uniform0.2,rank_only,0.6357922075520839,-0.012368997212816035
1.0,policy::interval0.25__topm__accept_clip0.02,rank_only,0.6234503594245925,-0.02471084534030743
1.0,policy::interval0.25__topm__accept_clip0.05,rank_only,0.6260975704230192,-0.022063634341880745
1.0,policy::interval0.25__topm__accept_clip0.1,rank_only,0.625863010035256,-0.022298194729643894
1.0,policy::interval0.25__topm__bonus1.25,rank_only,0.6183339518573945,-0.02982725290750543
1.0,policy::interval0.25__topm__bonus1.5,rank_only,0.6199830910617412,-0.028178113703158703
1.0,policy::interval0.25__topm__bonus2,rank_only,0.6219944790555795,-0.026166725709320438
1.0,policy::interval0.25__topm__bonus3,rank_only,0.6235371987665523,-0.024624005998347576
1.0,policy::interval0.25__topm__expected_mix0.25,rank_only,0.6326941938418886,-0.015467010923011282
1.0,policy::interval0.25__topm__expected_mix0.5,rank_only,0.629720614577496,-0.01844059018740396
1.0,policy::interval0.25__topm__expected_mix0.75,rank_only,0.6227700768372993,-0.025391127927600565
1.0,policy::interval0.25__topm__expected_rejection,rank_only,0.6073141545170717,-0.0408470502478282
1.0,policy::interval0.25__topm__h_tau0.8,rank_only,0.5959585549495927,-0.0522026498153072
1.0,policy::interval0.25__topm__h_tau0.9,rank_only,0.6104902995540019,-0.037670905210898
1.0,policy::interval0.25__topm__h_tau1.1,rank_only,0.6147427976237796,-0.03341840714112032
1.0,policy::interval0.25__topm__h_tau1.25,rank_only,0.5993223943280271,-0.04883881043687277
1.0,policy::interval0.25__topm__original,rank_only,0.6163281483193239,-0.03183305644557599
1.0,policy::interval0.25__topm__power0.5,rank_only,0.6279157642706066,-0.020245440494293332
1.0,policy::interval0.25__topm__power0.75,rank_only,0.6251773768774905,-0.02298382788740938
1.0,policy::interval0.25__topm__power1.25,rank_only,0.606120076073426,-0.04204112869147392
1.0,policy::interval0.25__topm__power1.5,rank_only,0.5954349809696338,-0.05272622379526615
1.0,policy::interval0.25__topm__uniform0.02,rank_only,0.6222376327947117,-0.02592357197018824
1.0,policy::interval0.25__topm__uniform0.05,rank_only,0.6270549262059445,-0.021106278558955416
1.0,policy::interval0.25__topm__uniform0.1,rank_only,0.6321131926560754,-0.01604801210882456
1.0,policy::interval0.25__topm__uniform0.2,rank_only,0.6334614441694781,-0.014699760595421774
1.0,policy::interval0.5__full__accept_clip0.02,rank_only,0.6377184565548482,-0.010442748210051755
1.0,policy::interval0.5__full__accept_clip0.05,rank_only,0.6400875210186566,-0.008073683746243288
1.0,policy::interval0.5__full__accept_clip0.1,rank_only,0.6402480469507007,-0.007913157814199212
1.0,policy::interval0.5__full__bonus1.25,rank_only,0.6297834803625936,-0.01837772440230634
1.0,policy::interval0.5__full__bonus1.5,rank_only,0.6310650139813208,-0.017096190783579157
1.0,policy::interval0.5__full__bonus2,rank_only,0.6326234049044199,-0.015537799860479984
1.0,policy::interval0.5__full__bonus3,rank_only,0.6345456997001508,-0.013615505064749067
1.0,policy::interval0.5__full__expected_mix0.25,rank_only,0.6455078782395747,-0.002653326525325239
1.0,policy::interval0.5__full__expected_mix0.5,rank_only,0.6435934847045974,-0.0045677200603024826
1.0,policy::interval0.5__full__expected_mix0.75,rank_only,0.6366163920788088,-0.011544812686091088
1.0,policy::interval0.5__full__expected_rejection,rank_only,0.622539592606524,-0.025621612158375884
1.0,policy::interval0.5__full__h_tau0.8,rank_only,0.6074355880048348,-0.04072561676006514
1.0,policy::interval0.5__full__h_tau0.9,rank_only,0.6222239503215187,-0.02593725444338124
1.0,policy::interval0.5__full__h_tau1.1,rank_only,0.6266896512800041,-0.021471553484895822
1.0,policy::interval0.5__full__h_tau1.25,rank_only,0.6118123116834421,-0.036348893081457834
1.0,policy::interval0.5__full__original,rank_only,0.6280678480320967,-0.020093356732803214
1.0,policy::interval0.5__full__power0.5,rank_only,0.638418236904922,-0.009742967859977858
1.0,policy::interval0.5__full__power0.75,rank_only,0.6364532281727459,-0.011707976592154057
1.0,policy::interval0.5__full__power1.25,rank_only,0.6181195275731429,-0.030041677191756988
1.0,policy::interval0.5__full__power1.5,rank_only,0.6070203981261216,-0.04114080663877828
1.0,policy::interval0.5__full__uniform0.02,rank_only,0.6357965547517337,-0.012364650013166223
1.0,policy::interval0.5__full__uniform0.05,rank_only,0.6405305231134677,-0.007630681651432214
1.0,policy::interval0.5__full__uniform0.1,rank_only,0.6443934343320181,-0.0037677704328817896
1.0,policy::interval0.5__full__uniform0.2,rank_only,0.644811229979261,-0.0033499747856389206
1.0,policy::interval0.5__topm__accept_clip0.02,rank_only,0.6330871975817872,-0.015074007183112692
1.0,policy::interval0.5__topm__accept_clip0.05,rank_only,0.6358692183567275,-0.012291986408172417
1.0,policy::interval0.5__topm__accept_clip0.1,rank_only,0.6362951108934451,-0.011866093871454764
1.0,policy::interval0.5__topm__bonus1.25,rank_only,0.6271201040981009,-0.021041100666798984
1.0,policy::interval0.5__topm__bonus1.5,rank_only,0.6288060433506448,-0.019355161414255084
1.0,policy::interval0.5__topm__bonus2,rank_only,0.6307282715414261,-0.017432933223473834
1.0,policy::interval0.5__topm__bonus3,rank_only,0.6322617640803324,-0.0158994406845675
1.0,policy::interval0.5__topm__expected_mix0.25,rank_only,0.6426374578785318,-0.005523746886368142
1.0,policy::interval0.5__topm__expected_mix0.5,rank_only,0.6394137099020458,-0.008747494862854088
1.0,policy::interval0.5__topm__expected_mix0.75,rank_only,0.6318370003088309,-0.01632420445606897
1.0,policy::interval0.5__topm__expected_rejection,rank_only,0.6162131908837443,-0.031948013881155646
1.0,policy::interval0.5__topm__h_tau0.8,rank_only,0.6047529485847694,-0.043408256180130556
1.0,policy::interval0.5__topm__h_tau0.9,rank_only,0.6189303074904081,-0.029230897274491796
1.0,policy::interval0.5__topm__h_tau1.1,rank_only,0.6236809147988305,-0.024480289966069435
1.0,policy::interval0.5__topm__h_tau1.25,rank_only,0.6083039598795306,-0.03985724488536935
1.0,policy::interval0.5__topm__original,rank_only,0.6251599095782976,-0.023001295186602322
1.0,policy::interval0.5__topm__power0.5,rank_only,0.6361479704819237,-0.012013234282976182
1.0,policy::interval0.5__topm__power0.75,rank_only,0.6339140843222096,-0.014247120442690275
1.0,policy::interval0.5__topm__power1.25,rank_only,0.6153848072484291,-0.03277639751647077
1.0,policy::interval0.5__topm__power1.5,rank_only,0.604683381609421,-0.04347782315547888
1.0,policy::interval0.5__topm__uniform0.02,rank_only,0.6317996837357189,-0.01636152102918098
1.0,policy::interval0.5__topm__uniform0.05,rank_only,0.6365633527567257,-0.011597852008174203
1.0,policy::interval0.5__topm__uniform0.1,rank_only,0.6413880551106621,-0.006773149654237809
1.0,policy::interval0.5__topm__uniform0.2,rank_only,0.642734806460826,-0.005426398304073876
1.0,policy::interval0.75__full__accept_clip0.02,rank_only,0.6414963871363681,-0.006664817628531772
1.0,policy::interval0.75__full__accept_clip0.05,rank_only,0.6440311662704679,-0.004130038494432053
1.0,policy::interval0.75__full__accept_clip0.1,rank_only,0.6438568466154424,-0.00430435814945751
1.0,policy::interval0.75__full__bonus1.25,rank_only,0.6330637165838243,-0.015097488181075591
1.0,policy::interval0.75__full__bonus1.5,rank_only,0.6343690818368364,-0.013792122928063533
1.0,policy::interval0.75__full__bonus2,rank_only,0.6358833179566575,-0.012277886808242378
1.0,policy::interval0.75__full__bonus3,rank_only,0.6378858951040104,-0.01027530966088952
1.0,policy::interval0.75__full__expected_mix0.25,rank_only,0.6494742084941771,0.001313003729277229
1.0,policy::interval0.75__full__expected_mix0.5,rank_only,0.6470155054684006,-0.0011456992964993251
1.0,policy::interval0.75__full__expected_mix0.75,rank_only,0.6408019384513624,-0.00735926631353756
1.0,policy::interval0.75__full__expected_rejection,rank_only,0.62625181757256,-0.021909387192339924
1.0,policy::interval0.75__full__h_tau0.8,rank_only,0.611204656825479,-0.036956547939420936
1.0,policy::interval0.75__full__h_tau0.9,rank_only,0.6256865819321533,-0.022474622832746594
1.0,policy::interval0.75__full__h_tau1.1,rank_only,0.630566143878073,-0.01759506088682694
1.0,policy::interval0.75__full__h_tau1.25,rank_only,0.6157562036679093,-0.03240500109699063
1.0,policy::interval0.75__full__original,rank_only,0.6313258154007346,-0.016835389364165287
1.0,policy::interval0.75__full__power0.5,rank_only,0.6413369756618327,-0.006824229103067236
1.0,policy::interval0.75__full__power0.75,rank_only,0.6396736024093239,-0.008487602355575996
1.0,policy::interval0.75__full__power1.25,rank_only,0.621538415445908,-0.02662278931899187
1.0,policy::interval0.75__full__power1.5,rank_only,0.6105334068136719,-0.03762779795122806
1.0,policy::interval0.75__full__uniform0.02,rank_only,0.6394031185085638,-0.008758086256336117
1.0,policy::interval0.75__full__uniform0.05,rank_only,0.6441636042258418,-0.003997600539058066
1.0,policy::interval0.75__full__uniform0.1,rank_only,0.647984060633696,-0.00017714413120395456
1.0,policy::interval0.75__full__uniform0.2,rank_only,0.6484544895575094,0.0002932847926094828
1.0,policy::interval0.75__topm__accept_clip0.02,rank_only,0.6368394192600534,-0.011321785504846527
1.0,policy::interval0.75__topm__accept_clip0.05,rank_only,0.6397201513812323,-0.00844105338366763
1.0,policy::interval0.75__topm__accept_clip0.1,rank_only,0.6396859114652432,-0.008475293299656683
1.0,policy::interval0.75__topm__bonus1.25,rank_only,0.6303377376167597,-0.017823467148140204
1.0,policy::interval0.75__topm__bonus1.5,rank_only,0.6319987749455371,-0.016162429819362778
1.0,policy::interval0.75__topm__bonus2,rank_only,0.6339227113441437,-0.014238493420756226
1.0,policy::interval0.75__topm__bonus3,rank_only,0.6353888952493474,-0.012772309515552527
1.0,policy::interval0.75__topm__expected_mix0.25,rank_only,0.6463985269308317,-0.0017626778340682492
1.0,policy::interval0.75__topm__expected_mix0.5,rank_only,0.6428310694338164,-0.0053301353310835076
1.0,policy::interval0.75__topm__expected_mix0.75,rank_only,0.6353280437019361,-0.012833161062963838
1.0,policy::interval0.75__topm__expected_rejection,rank_only,0.6195099180972655,-0.02865128666763439
1.0,policy::interval0.75__topm__h_tau0.8,rank_only,0.6084918465760532,-0.03966935818884676
1.0,policy::interval0.75__topm__h_tau0.9,rank_only,0.6224200451855071,-0.025741159579392825
1.0,policy::interval0.75__topm__h_tau1.1,rank_only,0.6271005753336305,-0.021060629431269406
1.0,policy::interval0.75__topm__h_tau1.25,rank_only,0.6121476337566263,-0.036013571008273626
1.0,policy::interval0.75__topm__original,rank_only,0.6283302403191551,-0.019830964445744836
1.0,policy::interval0.75__topm__power0.5,rank_only,0.638969900040897,-0.009191304724002869
1.0,policy::interval0.75__topm__power0.75,rank_only,0.6373047540702421,-0.010856450694657793
1.0,policy::interval0.75__topm__power1.25,rank_only,0.6186706785473929,-0.02949052621750703
1.0,policy::interval0.75__topm__power1.5,rank_only,0.6079549915122917,-0.0402062132526082
1.0,policy::interval0.75__topm__uniform0.02,rank_only,0.635393109063743,-0.01276809570115689
1.0,policy::interval0.75__topm__uniform0.05,rank_only,0.6400577541635567,-0.00810345060134321
1.0,policy::interval0.75__topm__uniform0.1,rank_only,0.6449734377883727,-0.0031877669765272287
1.0,policy::interval0.75__topm__uniform0.2,rank_only,0.6458883015161166,-0.0022729032487832646
1.0,policy::interval0__full__accept_clip0.02,rank_only,0.6123796153234569,-0.03578158944144305
1.0,policy::interval0__full__accept_clip0.05,rank_only,0.614103980800839,-0.034057223964060857
1.0,policy::interval0__full__accept_clip0.1,rank_only,0.6137649817109686,-0.03439622305393131
1.0,policy::interval0__full__bonus1.25,rank_only,0.6061404375640882,-0.042020767200811715
1.0,policy::interval0__full__bonus1.5,rank_only,0.6075377227151904,-0.04062348204970956
1.0,policy::interval0__full__bonus2,rank_only,0.6090700972589289,-0.039091107505971
1.0,policy::interval0__full__bonus3,rank_only,0.6112226430007545,-0.03693856176414545
1.0,policy::interval0__full__expected_mix0.25,rank_only,0.6201807357631994,-0.02798046900170048
1.0,policy::interval0__full__expected_mix0.5,rank_only,0.617470652980988,-0.03069055178391189
1.0,policy::interval0__full__expected_mix0.75,rank_only,0.6115257272218753,-0.03663547754302465
1.0,policy::interval0__full__expected_rejection,rank_only,0.5998955687250696,-0.04826563603983036
1.0,policy::interval0__full__h_tau0.8,rank_only,0.5837842502527876,-0.06437695451211234
1.0,policy::interval0__full__h_tau0.9,rank_only,0.5987613606126161,-0.04939984415228382
1.0,policy::interval0__full__h_tau1.1,rank_only,0.602936692192765,-0.04522451257213489
1.0,policy::interval0__full__h_tau1.25,rank_only,0.5882212614289051,-0.05993994333599484
1.0,policy::interval0__full__original,rank_only,0.604199786279659,-0.04396141848524093
1.0,policy::interval0__full__power0.5,rank_only,0.6153711939629097,-0.03279001080199018
1.0,policy::interval0__full__power0.75,rank_only,0.6132383314556054,-0.034922873309294555
1.0,policy::interval0__full__power1.25,rank_only,0.5941589821541765,-0.054002222610723405
1.0,policy::interval0__full__power1.5,rank_only,0.5839140500102592,-0.06424715475464071
1.0,policy::interval0__full__uniform0.02,rank_only,0.6103618156916533,-0.03779938907324665
1.0,policy::interval0__full__uniform0.05,rank_only,0.6145892595590743,-0.033571945205825626
1.0,policy::interval0__full__uniform0.1,rank_only,0.6193700604893273,-0.02879114427557261
1.0,policy::interval0__full__uniform0.2,rank_only,0.620441150507371,-0.02772005425752888
1.0,policy::interval0__topm__accept_clip0.02,rank_only,0.6082523885869846,-0.03990881617791531
1.0,policy::interval0__topm__accept_clip0.05,rank_only,0.6103426172600213,-0.037818587504878654
1.0,policy::interval0__topm__accept_clip0.1,rank_only,0.6101412606781806,-0.03801994408671927
1.0,policy::interval0__topm__bonus1.25,rank_only,0.6035777221217087,-0.04458348264319123
1.0,policy::interval0__topm__bonus1.5,rank_only,0.6053546321961965,-0.04280657256870346
1.0,policy::interval0__topm__bonus2,rank_only,0.6073734117582386,-0.040787793006661355
1.0,policy::interval0__topm__bonus3,rank_only,0.6094446562527003,-0.03871654851219963
1.0,policy::interval0__topm__expected_mix0.25,rank_only,0.6170836115779148,-0.03107759318698511
1.0,policy::interval0__topm__expected_mix0.5,rank_only,0.6143419180665092,-0.03381928669839074
1.0,policy::interval0__topm__expected_mix0.75,rank_only,0.6074013774802595,-0.04075982728464045
1.0,policy::interval0__topm__expected_rejection,rank_only,0.5939428003195513,-0.054218404445348645
1.0,policy::interval0__topm__h_tau0.8,rank_only,0.5809702815297157,-0.06719092323518416
1.0,policy::interval0__topm__h_tau0.9,rank_only,0.596053352858261,-0.05210785190663891
1.0,policy::interval0__topm__h_tau1.1,rank_only,0.6003789814446585,-0.0477822233202414
1.0,policy::interval0__topm__h_tau1.25,rank_only,0.5849123606309127,-0.06324884413398724
1.0,policy::interval0__topm__original,rank_only,0.6014839350038654,-0.04667726976103448
1.0,policy::interval0__topm__power0.5,rank_only,0.6133251569366656,-0.03483604782823435
1.0,policy::interval0__topm__power0.75,rank_only,0.6108198275120975,-0.0373413772528024
1.0,policy::interval0__topm__power1.25,rank_only,0.5916718572402321,-0.05648934752466783
1.0,policy::interval0__topm__power1.5,rank_only,0.5814709094513709,-0.06669029531352899
1.0,policy::interval0__topm__uniform0.02,rank_only,0.606974264846977,-0.04118693991792288
1.0,policy::interval0__topm__uniform0.05,rank_only,0.6116097661714666,-0.03655143859343335
1.0,policy::interval0__topm__uniform0.1,rank_only,0.6170032371975713,-0.03115796756732858
1.0,policy::interval0__topm__uniform0.2,rank_only,0.6179780665929973,-0.030183138171902657
1.0,policy::interval1__full__accept_clip0.02,rank_only,0.6628331549257898,0.014671950160889846
1.0,policy::interval1__full__accept_clip0.05,rank_only,0.6660400688119884,0.017878864047088494
1.0,policy::interval1__full__accept_clip0.1,rank_only,0.665543899704721,0.01738269493982114
1.0,policy::interval1__full__bonus1.25,rank_only,0.6528168952453461,0.0046556904804462285
1.0,policy::interval1__full__bonus1.5,rank_only,0.6540466283019487,0.005885423537048795
1.0,policy::interval1__full__bonus2,rank_only,0.6555167214098938,0.007355516644993898
1.0,policy::interval1__full__bonus3,rank_only,0.6572613730148334,0.009100168249933538
1.0,policy::interval1__full__expected_mix0.25,rank_only,0.6704836150808591,0.022322410315959162
1.0,policy::interval1__full__expected_mix0.5,rank_only,0.6676534009884093,0.019492196223509395
1.0,policy::interval1__full__expected_mix0.75,rank_only,0.6604134417534194,0.012252236988519516
1.0,policy::interval1__full__expected_rejection,rank_only,0.6459043290919952,-0.002256875672904668
1.0,policy::interval1__full__h_tau0.8,rank_only,0.6318631156668001,-0.01629808909809982
1.0,policy::interval1__full__h_tau0.9,rank_only,0.6458957050993993,-0.0022654996655006032
1.0,policy::interval1__full__h_tau1.1,rank_only,0.6503408159600792,0.0021796111951792874
1.0,policy::interval1__full__h_tau1.25,rank_only,0.6356775546206644,-0.01248365014423547
1.0,policy::interval1__full__original,rank_only,0.6514589718333916,0.0032977670684917193
1.0,policy::interval1__full__power0.5,rank_only,0.6579854030986538,0.00982419833375392
1.0,policy::interval1__full__power0.75,rank_only,0.6579402757300772,0.009779070965177272
1.0,policy::interval1__full__power1.25,rank_only,0.641938781683814,-0.006222423081085893
1.0,policy::interval1__full__power1.5,rank_only,0.6312265936145269,-0.01693461115037298
1.0,policy::interval1__full__uniform0.02,rank_only,0.6599932530870181,0.01183204832211815
1.0,policy::interval1__full__uniform0.05,rank_only,0.6638734517475932,0.015712246982693245
1.0,policy::interval1__full__uniform0.1,rank_only,0.6675978347030207,0.019436629938120786
1.0,policy::interval1__full__uniform0.2,rank_only,0.6679425271715578,0.019781322406657864
1.0,policy::interval1__topm__accept_clip0.02,rank_only,0.6576033225724472,0.009442117807547334
1.0,policy::interval1__topm__accept_clip0.05,rank_only,0.6609649800248633,0.012803775259963346
1.0,policy::interval1__topm__accept_clip0.1,rank_only,0.6608420534269941,0.01268084866209418
1.0,policy::interval1__topm__bonus1.25,rank_only,0.6500112177856869,0.0018500130207870225
1.0,policy::interval1__topm__bonus1.5,rank_only,0.65145287212851,0.0032916673636100846
1.0,policy::interval1__topm__bonus2,rank_only,0.6532324204417637,0.0050712156768637495
1.0,policy::interval1__topm__bonus3,rank_only,0.6544743634655174,0.006313158700617438
1.0,policy::interval1__topm__expected_mix0.25,rank_only,0.6666896616026312,0.0185284568377313
1.0,policy::interval1__topm__expected_mix0.5,rank_only,0.662525768657547,0.014364563892647064
1.0,policy::interval1__topm__expected_mix0.75,rank_only,0.6549763033651476,0.006815098600247649
1.0,policy::interval1__topm__expected_rejection,rank_only,0.6388236593347858,-0.009337545430114114
1.0,policy::interval1__topm__h_tau0.8,rank_only,0.6292602586666024,-0.01890094609829751
1.0,policy::interval1__topm__h_tau0.9,rank_only,0.6425783069084636,-0.005582897856436286
1.0,policy::interval1__topm__h_tau1.1,rank_only,0.6467142283973827,-0.0014469763675172276
1.0,policy::interval1__topm__h_tau1.25,rank_only,0.6316145105250827,-0.01654669423981725
1.0,policy::interval1__topm__original,rank_only,0.6481612047648999,0.0
1.0,policy::interval1__topm__power0.5,rank_only,0.6553792925282338,0.00721808776333388
1.0,policy::interval1__topm__power0.75,rank_only,0.6552702336259022,0.007109028861002287
1.0,policy::interval1__topm__power1.25,rank_only,0.6388245400804315,-0.009336664684468365
1.0,policy::interval1__topm__power1.5,rank_only,0.6282177030514823,-0.019943501713417633
1.0,policy::interval1__topm__uniform0.02,rank_only,0.655537657006025,0.007376452241125042
1.0,policy::interval1__topm__uniform0.05,rank_only,0.6599286001761852,0.011767395411285242
1.0,policy::interval1__topm__uniform0.1,rank_only,0.6637945029805591,0.015633298215659175
1.0,policy::interval1__topm__uniform0.2,rank_only,0.664640354464578,0.01647914969967812
1.0,policy::keep12__full__accept_clip0.02,rank_only,0.6620831258722942,0.01392192110739432
1.0,policy::keep12__full__accept_clip0.05,rank_only,0.6654818091217124,0.017320604356812486
1.0,policy::keep12__full__accept_clip0.1,rank_only,0.6649820148137164,0.016820810048816526
1.0,policy::keep12__full__bonus1.25,rank_only,0.6520115358187131,0.0038503310538131608
1.0,policy::keep12__full__bonus1.5,rank_only,0.6532219261424461,0.005060721377546207
1.0,policy::keep12__full__bonus2,rank_only,0.6546724288852678,0.0065112241203678645
1.0,policy::keep12__full__bonus3,rank_only,0.6564406407670826,0.008279436002182727
1.0,policy::keep12__full__expected_mix0.25,rank_only,0.6702021743487849,0.022040969583885017
1.0,policy::keep12__full__expected_mix0.5,rank_only,0.6675231812912511,0.019361976526351188
1.0,policy::keep12__full__expected_mix0.75,rank_only,0.6604040362877222,0.01224283152282224
1.0,policy::keep12__full__expected_rejection,rank_only,0.645914857961557,-0.0022463468033429024
1.0,policy::keep12__full__h_tau0.8,rank_only,0.6308350115809196,-0.01732619318398032
1.0,policy::keep12__full__h_tau0.9,rank_only,0.6450579480962824,-0.003103256668617549
1.0,policy::keep12__full__h_tau1.1,rank_only,0.6497454375874232,0.0015842328225232905
1.0,policy::keep12__full__h_tau1.25,rank_only,0.6351544948779009,-0.013006709886999035
1.0,policy::keep12__full__original,rank_only,0.6506781793162901,0.0025169745513902164
1.0,policy::keep12__full__power0.5,rank_only,0.6576571636784806,0.009495958913580682
1.0,policy::keep12__full__power0.75,rank_only,0.6575745847589818,0.009413379994081872
1.0,policy::keep12__full__power1.25,rank_only,0.6410328298843394,-0.007128374880560506
1.0,policy::keep12__full__power1.5,rank_only,0.6301022664456384,-0.01805893831926153
1.0,policy::keep12__full__uniform0.02,rank_only,0.6593565716644446,0.011195366899544701
1.0,policy::keep12__full__uniform0.05,rank_only,0.6636476704815596,0.01548646571665968
1.0,policy::keep12__full__uniform0.1,rank_only,0.6674954064093139,0.019334201644414017
1.0,policy::keep12__full__uniform0.2,rank_only,0.6679268595895395,0.019765654824639545
1.0,policy::keep12__topm__accept_clip0.02,rank_only,0.6569844910435506,0.0088232862786507
1.0,policy::keep12__topm__accept_clip0.05,rank_only,0.6604888173741316,0.012327612609231653
1.0,policy::keep12__topm__accept_clip0.1,rank_only,0.6604080262431022,0.01224682147820233
1.0,policy::keep12__topm__bonus1.25,rank_only,0.6494005422064727,0.0012393374415727854
1.0,policy::keep12__topm__bonus1.5,rank_only,0.6508550453264573,0.0026938405615574146
1.0,policy::keep12__topm__bonus2,rank_only,0.65258299200173,0.004421787236830066
1.0,policy::keep12__topm__bonus3,rank_only,0.6538744070216278,0.0057132022567278895
1.0,policy::keep12__topm__expected_mix0.25,rank_only,0.6664449927737615,0.018283788008861546
1.0,policy::keep12__topm__expected_mix0.5,rank_only,0.6623888099483308,0.014227605183430914
1.0,policy::keep12__topm__expected_mix0.75,rank_only,0.6548876412565428,0.00672643649164284
1.0,policy::keep12__topm__expected_rejection,rank_only,0.6388248608340921,-0.009336343930807844
1.0,policy::keep12__topm__h_tau0.8,rank_only,0.6282335097197684,-0.019927695045131477
1.0,policy::keep12__topm__h_tau0.9,rank_only,0.6417091694371372,-0.0064520353277627285
1.0,policy::keep12__topm__h_tau1.1,rank_only,0.6460665363232405,-0.0020946684416593975
1.0,policy::keep12__topm__h_tau1.25,rank_only,0.6311176614529004,-0.01704354331199953
1.0,policy::keep12__topm__original,rank_only,0.6475149813967946,-0.0006462233681052698
1.0,policy::keep12__topm__power0.5,rank_only,0.6550745508435889,0.006913346078688987
1.0,policy::keep12__topm__power0.75,rank_only,0.6547353374642063,0.006574132699306401
1.0,policy::keep12__topm__power1.25,rank_only,0.637921964537219,-0.010239240227680857
1.0,policy::keep12__topm__power1.5,rank_only,0.627275445413234,-0.020885759351665922
1.0,policy::keep12__topm__uniform0.02,rank_only,0.6549338976220407,0.006772692857140772
1.0,policy::keep12__topm__uniform0.05,rank_only,0.6594110224296492,0.011249817664749306
1.0,policy::keep12__topm__uniform0.1,rank_only,0.6635319545907316,0.015370749825831642
1.0,policy::keep12__topm__uniform0.2,rank_only,0.664568667411634,0.016407462646734094
1.0,policy::keep1__full__accept_clip0.02,rank_only,0.6272068076309484,-0.02095439713395153
1.0,policy::keep1__full__accept_clip0.05,rank_only,0.630220839468643,-0.017940365296256866
1.0,policy::keep1__full__accept_clip0.1,rank_only,0.6306235148756425,-0.017537689889257413
1.0,policy::keep1__full__bonus1.25,rank_only,0.6173269511107763,-0.030834253654123622
1.0,policy::keep1__full__bonus1.5,rank_only,0.6186782315616652,-0.029482973203234675
1.0,policy::keep1__full__bonus2,rank_only,0.6201433783728189,-0.028017826392081058
1.0,policy::keep1__full__bonus3,rank_only,0.6223929407466697,-0.02576826401823018
1.0,policy::keep1__full__expected_mix0.25,rank_only,0.6354844098833978,-0.012676794881502085
1.0,policy::keep1__full__expected_mix0.5,rank_only,0.6343447672492945,-0.013816437515605462
1.0,policy::keep1__full__expected_mix0.75,rank_only,0.6293504613725451,-0.01881074339235478
1.0,policy::keep1__full__expected_rejection,rank_only,0.6164316427237339,-0.03172956204116606
1.0,policy::keep1__full__h_tau0.8,rank_only,0.5939130894972693,-0.054248115267630626
1.0,policy::keep1__full__h_tau0.9,rank_only,0.6090993400406053,-0.039061864724294626
1.0,policy::keep1__full__h_tau1.1,rank_only,0.6147272698492472,-0.03343393491565272
1.0,policy::keep1__full__h_tau1.25,rank_only,0.6009242468304569,-0.04723695793444305
1.0,policy::keep1__full__original,rank_only,0.6154846379451981,-0.03267656681970177
1.0,policy::keep1__full__power0.5,rank_only,0.6269827057495136,-0.021178499015386265
1.0,policy::keep1__full__power0.75,rank_only,0.6245361443884035,-0.023625060376496365
1.0,policy::keep1__full__power1.25,rank_only,0.6053349189460667,-0.04282628581883319
1.0,policy::keep1__full__power1.5,rank_only,0.5941639956047067,-0.05399720916019324
1.0,policy::keep1__full__uniform0.02,rank_only,0.6242968851791082,-0.023864319585791716
1.0,policy::keep1__full__uniform0.05,rank_only,0.6296656960307212,-0.01849550873417871
1.0,policy::keep1__full__uniform0.1,rank_only,0.6354840681869369,-0.012677136577962989
1.0,policy::keep1__full__uniform0.2,rank_only,0.6375755110425896,-0.01058569372231033
1.0,policy::keep1__topm__accept_clip0.02,rank_only,0.6226712865121538,-0.025489918252746158
1.0,policy::keep1__topm__accept_clip0.05,rank_only,0.6263704376094381,-0.0217907671554618
1.0,policy::keep1__topm__accept_clip0.1,rank_only,0.6267818316252797,-0.02137937313962024
1.0,policy::keep1__topm__bonus1.25,rank_only,0.6145824673652902,-0.033578737399609704
1.0,policy::keep1__topm__bonus1.5,rank_only,0.616309429958764,-0.03185177480613588
1.0,policy::keep1__topm__bonus2,rank_only,0.618393401949521,-0.02976780281537894
1.0,policy::keep1__topm__bonus3,rank_only,0.620513426193468,-0.027647778571431858
1.0,policy::keep1__topm__expected_mix0.25,rank_only,0.6328124852461541,-0.015348719518745835
1.0,policy::keep1__topm__expected_mix0.5,rank_only,0.6310803061394243,-0.01708089862547557
1.0,policy::keep1__topm__expected_mix0.75,rank_only,0.6245691378747682,-0.023592066890131713
1.0,policy::keep1__topm__expected_rejection,rank_only,0.610034351749722,-0.03812685301517793
1.0,policy::keep1__topm__h_tau0.8,rank_only,0.5911337189171694,-0.05702748584773054
1.0,policy::keep1__topm__h_tau0.9,rank_only,0.6062203569078316,-0.04194084785706831
1.0,policy::keep1__topm__h_tau1.1,rank_only,0.6121714367038296,-0.03598976806107035
1.0,policy::keep1__topm__h_tau1.25,rank_only,0.5976064067627824,-0.050554798002117485
1.0,policy::keep1__topm__original,rank_only,0.6124799971189301,-0.035681207645969826
1.0,policy::keep1__topm__power0.5,rank_only,0.6250128550151914,-0.023148349749708474
1.0,policy::keep1__topm__power0.75,rank_only,0.6220013677571624,-0.026159837007737496
1.0,policy::keep1__topm__power1.25,rank_only,0.6028062555259311,-0.04535494923896877
1.0,policy::keep1__topm__power1.5,rank_only,0.5920985745414129,-0.05606263022348701
1.0,policy::keep1__topm__uniform0.02,rank_only,0.6205004424473914,-0.02766076231750847
1.0,policy::keep1__topm__uniform0.05,rank_only,0.6259281034725506,-0.022233101292349344
1.0,policy::keep1__topm__uniform0.1,rank_only,0.6323871932152091,-0.015774011549690825
1.0,policy::keep1__topm__uniform0.2,rank_only,0.6349500721888366,-0.013211132576063322
1.0,policy::keep2__full__accept_clip0.02,rank_only,0.6393411066025667,-0.008820098162333201
1.0,policy::keep2__full__accept_clip0.05,rank_only,0.6431288899085413,-0.005032314856358577
1.0,policy::keep2__full__accept_clip0.1,rank_only,0.6444324068804123,-0.0037287978844876557
1.0,policy::keep2__full__bonus1.25,rank_only,0.6287539749039197,-0.019407229860980202
1.0,policy::keep2__full__bonus1.5,rank_only,0.630106076177946,-0.018055128586953906
1.0,policy::keep2__full__bonus2,rank_only,0.6317772001509826,-0.016384004613917313
1.0,policy::keep2__full__bonus3,rank_only,0.6338962236441158,-0.014264981120784115
1.0,policy::keep2__full__expected_mix0.25,rank_only,0.6488753163127164,0.0007141115478165316
1.0,policy::keep2__full__expected_mix0.5,rank_only,0.6481647146117004,3.5098468005312355e-06
1.0,policy::keep2__full__expected_mix0.75,rank_only,0.6431995215798891,-0.004961683185010779
1.0,policy::keep2__full__expected_rejection,rank_only,0.6297820794341904,-0.01837912533070951
1.0,policy::keep2__full__h_tau0.8,rank_only,0.6052673445041841,-0.042893860260715844
1.0,policy::keep2__full__h_tau0.9,rank_only,0.6206607936372946,-0.027500411127605262
1.0,policy::keep2__full__h_tau1.1,rank_only,0.6268017990546859,-0.021359405710213997
1.0,policy::keep2__full__h_tau1.25,rank_only,0.6130232286928226,-0.03513797607207736
1.0,policy::keep2__full__original,rank_only,0.6270602933056288,-0.021100911459271066
1.0,policy::keep2__full__power0.5,rank_only,0.6386307706506378,-0.009530434114262132
1.0,policy::keep2__full__power0.75,rank_only,0.6361680440796916,-0.011993160685208282
1.0,policy::keep2__full__power1.25,rank_only,0.6168669445188235,-0.0312942602460764
1.0,policy::keep2__full__power1.5,rank_only,0.6055491919522487,-0.042612012812651257
1.0,policy::keep2__full__uniform0.02,rank_only,0.6361756700885021,-0.011985534676397847
1.0,policy::keep2__full__uniform0.05,rank_only,0.6419267204852731,-0.006234484279626806
1.0,policy::keep2__full__uniform0.1,rank_only,0.6477220128514554,-0.00043919191344454767
1.0,policy::keep2__full__uniform0.2,rank_only,0.650629950894442,0.0024687461295420654
1.0,policy::keep2__topm__accept_clip0.02,rank_only,0.6345686368790979,-0.013592567885801987
1.0,policy::keep2__topm__accept_clip0.05,rank_only,0.6387987265724457,-0.009362478192454171
1.0,policy::keep2__topm__accept_clip0.1,rank_only,0.6404380178461979,-0.007723186918701996
1.0,policy::keep2__topm__bonus1.25,rank_only,0.6261333450209823,-0.022027859743917633
1.0,policy::keep2__topm__bonus1.5,rank_only,0.6278044570042287,-0.0203567477606712
1.0,policy::keep2__topm__bonus2,rank_only,0.6299104586664344,-0.018250746098465553
1.0,policy::keep2__topm__bonus3,rank_only,0.6318336800260702,-0.016327524738829702
1.0,policy::keep2__topm__expected_mix0.25,rank_only,0.646096775751395,-0.002064429013504898
1.0,policy::keep2__topm__expected_mix0.5,rank_only,0.6443255018858504,-0.0038357028790495518
1.0,policy::keep2__topm__expected_mix0.75,rank_only,0.6379055421180625,-0.010255662646837416
1.0,policy::keep2__topm__expected_rejection,rank_only,0.6231498172487315,-0.025011387516168382
1.0,policy::keep2__topm__h_tau0.8,rank_only,0.6024278003773622,-0.0457334043875377
1.0,policy::keep2__topm__h_tau0.9,rank_only,0.6176704128720651,-0.030490791892834768
1.0,policy::keep2__topm__h_tau1.1,rank_only,0.6241619997219509,-0.023999205042949057
1.0,policy::keep2__topm__h_tau1.25,rank_only,0.6096905642954876,-0.03847064046941229
1.0,policy::keep2__topm__original,rank_only,0.6241169470126811,-0.024044257752218856
1.0,policy::keep2__topm__power0.5,rank_only,0.636448371742739,-0.011712833022160862
1.0,policy::keep2__topm__power0.75,rank_only,0.6335247484599358,-0.01463645630496413
1.0,policy::keep2__topm__power1.25,rank_only,0.6142055298632045,-0.033955674901695376
1.0,policy::keep2__topm__power1.5,rank_only,0.603264326493902,-0.044896878270997864
1.0,policy::keep2__topm__uniform0.02,rank_only,0.6324199624306615,-0.01574124233423846
1.0,policy::keep2__topm__uniform0.05,rank_only,0.6378399766962922,-0.01032122806860769
1.0,policy::keep2__topm__uniform0.1,rank_only,0.6441747999158054,-0.003986404849094516
1.0,policy::keep2__topm__uniform0.2,rank_only,0.6478314516369055,-0.00032975312799443657
1.0,policy::keep3__full__accept_clip0.02,rank_only,0.6459178386408082,-0.0022433661240917058
1.0,policy::keep3__full__accept_clip0.05,rank_only,0.6500662707240211,0.0019050659591212105
1.0,policy::keep3__full__accept_clip0.1,rank_only,0.651382916897033,0.00322171213213307
1.0,policy::keep3__full__bonus1.25,rank_only,0.6353825578549592,-0.012778646909940683
1.0,policy::keep3__full__bonus1.5,rank_only,0.636620974242808,-0.011540230522091965
1.0,policy::keep3__full__bonus2,rank_only,0.6382386208615667,-0.009922583903333226
1.0,policy::keep3__full__bonus3,rank_only,0.6403194067040088,-0.007841798060891136
1.0,policy::keep3__full__expected_mix0.25,rank_only,0.6562490470729284,0.008087842308028503
1.0,policy::keep3__full__expected_mix0.5,rank_only,0.6549155253002975,0.0067543205353975955
1.0,policy::keep3__full__expected_mix0.75,rank_only,0.6495424493283684,0.0013812445634684423
1.0,policy::keep3__full__expected_rejection,rank_only,0.6353702789473691,-0.01279092581753083
1.0,policy::keep3__full__h_tau0.8,rank_only,0.6121984105854614,-0.035962794179438484
1.0,policy::keep3__full__h_tau0.9,rank_only,0.6270474247130207,-0.02111378005187925
1.0,policy::keep3__full__h_tau1.1,rank_only,0.6336196728404615,-0.014541531924438411
1.0,policy::keep3__full__h_tau1.25,rank_only,0.6194217625320262,-0.028739442232873724
1.0,policy::keep3__full__original,rank_only,0.6337348356864337,-0.014426369078466172
1.0,policy::keep3__full__power0.5,rank_only,0.6452275253670455,-0.002933679397854383
1.0,policy::keep3__full__power0.75,rank_only,0.6427239478881098,-0.005437256876790086
1.0,policy::keep3__full__power1.25,rank_only,0.623421666193516,-0.02473953857138389
1.0,policy::keep3__full__power1.5,rank_only,0.6120159143118932,-0.03614529045300674
1.0,policy::keep3__full__uniform0.02,rank_only,0.6430886677112975,-0.005072537053602444
1.0,policy::keep3__full__uniform0.05,rank_only,0.6487276991442472,0.0005664943793473043
1.0,policy::keep3__full__uniform0.1,rank_only,0.6544959373116186,0.00633473254671868
1.0,policy::keep3__full__uniform0.2,rank_only,0.6571879947630747,0.009026789998174745
1.0,policy::keep3__topm__accept_clip0.02,rank_only,0.6411930661074552,-0.006968138657444722
1.0,policy::keep3__topm__accept_clip0.05,rank_only,0.645859921582752,-0.0023012831821479507
1.0,policy::keep3__topm__accept_clip0.1,rank_only,0.6477238769377527,-0.00043732782714722696
1.0,policy::keep3__topm__bonus1.25,rank_only,0.6326608924773515,-0.015500312287548446
1.0,policy::keep3__topm__bonus1.5,rank_only,0.6343706392890952,-0.013790565475804706
1.0,policy::keep3__topm__bonus2,rank_only,0.636458390739902,-0.011702814024997954
1.0,policy::keep3__topm__bonus3,rank_only,0.6381619168243747,-0.009999287940525181
1.0,policy::keep3__topm__expected_mix0.25,rank_only,0.6531053853158442,0.004944180550944255
1.0,policy::keep3__topm__expected_mix0.5,rank_only,0.6506466134094749,0.0024854086445750267
1.0,policy::keep3__topm__expected_mix0.75,rank_only,0.6439729698374819,-0.004188234927418044
1.0,policy::keep3__topm__expected_rejection,rank_only,0.6285028276214197,-0.019658377143480177
1.0,policy::keep3__topm__h_tau0.8,rank_only,0.609401131735831,-0.03876007302906892
1.0,policy::keep3__topm__h_tau0.9,rank_only,0.6243657929682618,-0.023795411796638133
1.0,policy::keep3__topm__h_tau1.1,rank_only,0.6307337926159631,-0.01742741214893684
1.0,policy::keep3__topm__h_tau1.25,rank_only,0.6160707667730925,-0.03209043799180744
1.0,policy::keep3__topm__original,rank_only,0.6307019679624724,-0.017459236802427558
1.0,policy::keep3__topm__power0.5,rank_only,0.6429042644402245,-0.005256940324675385
1.0,policy::keep3__topm__power0.75,rank_only,0.6401310100375374,-0.00803019472736255
1.0,policy::keep3__topm__power1.25,rank_only,0.6208536038870788,-0.027307600877821137
1.0,policy::keep3__topm__power1.5,rank_only,0.6096542268557313,-0.03850697790916857
1.0,policy::keep3__topm__uniform0.02,rank_only,0.6391194907793261,-0.009041713985573852
1.0,policy::keep3__topm__uniform0.05,rank_only,0.644419593273357,-0.003741611491542951
1.0,policy::keep3__topm__uniform0.1,rank_only,0.650606962395333,0.0024457576304330875
1.0,policy::keep3__topm__uniform0.2,rank_only,0.6542230257754492,0.0060618210105493064
1.0,policy::keep5__full__accept_clip0.02,rank_only,0.6531960182457299,0.005034813480830014
1.0,policy::keep5__full__accept_clip0.05,rank_only,0.6573377016045228,0.00917649683962285
1.0,policy::keep5__full__accept_clip0.1,rank_only,0.6581967020656099,0.010035497300709961
1.0,policy::keep5__full__bonus1.25,rank_only,0.6427063195374215,-0.00545488522747839
1.0,policy::keep5__full__bonus1.5,rank_only,0.6438299928893568,-0.004331211875543084
1.0,policy::keep5__full__bonus2,rank_only,0.6453578986787716,-0.002803306086128332
1.0,policy::keep5__full__bonus3,rank_only,0.6472647059289199,-0.0008964988359799753
1.0,policy::keep5__full__expected_mix0.25,rank_only,0.6632749958461486,0.015113791081248662
1.0,policy::keep5__full__expected_mix0.5,rank_only,0.6619113205003431,0.013750115735443158
1.0,policy::keep5__full__expected_mix0.75,rank_only,0.6562268323017347,0.008065627536834818
1.0,policy::keep5__full__expected_rejection,rank_only,0.641122738978102,-0.007038465786797898
1.0,policy::keep5__full__h_tau0.8,rank_only,0.6201559307882695,-0.02800527397663044
1.0,policy::keep5__full__h_tau0.9,rank_only,0.6346886401047687,-0.013472564660131248
1.0,policy::keep5__full__h_tau1.1,rank_only,0.641041346328064,-0.007119858436835935
1.0,policy::keep5__full__h_tau1.25,rank_only,0.6266395464076522,-0.02152165835724773
1.0,policy::keep5__full__original,rank_only,0.6410783021030986,-0.007082902661801338
1.0,policy::keep5__full__power0.5,rank_only,0.6515565481590017,0.0033953433941017463
1.0,policy::keep5__full__power0.75,rank_only,0.6493817914891364,0.0012205867242365276
1.0,policy::keep5__full__power1.25,rank_only,0.6306383566001523,-0.017522848164747584
1.0,policy::keep5__full__power1.5,rank_only,0.6193440096323971,-0.028817195132502804
1.0,policy::keep5__full__uniform0.02,rank_only,0.6502665891800967,0.0021053844151968093
1.0,policy::keep5__full__uniform0.05,rank_only,0.655782626529699,0.0076214217647990745
1.0,policy::keep5__full__uniform0.1,rank_only,0.660897316877581,0.012736112112681108
1.0,policy::keep5__full__uniform0.2,rank_only,0.6631003480130421,0.014939143248142162
1.0,policy::keep5__topm__accept_clip0.02,rank_only,0.6479962038126807,-0.0001650009522191631
1.0,policy::keep5__topm__accept_clip0.05,rank_only,0.6525297312264193,0.0043685264615194175
1.0,policy::keep5__topm__accept_clip0.1,rank_only,0.6538883776769842,0.005727172912084244
1.0,policy::keep5__topm__bonus1.25,rank_only,0.6397983829243384,-0.008362821840561474
1.0,policy::keep5__topm__bonus1.5,rank_only,0.6414132234843941,-0.006747981280505799
1.0,policy::keep5__topm__bonus2,rank_only,0.6434126660122355,-0.004748538752664455
1.0,policy::keep5__topm__bonus3,rank_only,0.6449325783492088,-0.003228626415691105
1.0,policy::keep5__topm__expected_mix0.25,rank_only,0.6597355478725687,0.011574343107668805
1.0,policy::keep5__topm__expected_mix0.5,rank_only,0.6569808235771888,0.008819618812288876
1.0,policy::keep5__topm__expected_mix0.75,rank_only,0.6502548932225636,0.002093688457663667
1.0,policy::keep5__topm__expected_rejection,rank_only,0.634301243207213,-0.013859961557686873
1.0,policy::keep5__topm__h_tau0.8,rank_only,0.617481451771706,-0.03067975299319392
1.0,policy::keep5__topm__h_tau0.9,rank_only,0.6317048464063885,-0.016456358358511447
1.0,policy::keep5__topm__h_tau1.1,rank_only,0.63744326734542,-0.010717937419479906
1.0,policy::keep5__topm__h_tau1.25,rank_only,0.6229568817052731,-0.025204323059626832
1.0,policy::keep5__topm__original,rank_only,0.6376823171462207,-0.010478887618679211
1.0,policy::keep5__topm__power0.5,rank_only,0.6493900410901234,0.0012288363252235257
1.0,policy::keep5__topm__power0.75,rank_only,0.647052318801963,-0.0011088859629369008
1.0,policy::keep5__topm__power1.25,rank_only,0.627974352722897,-0.02018685204200288
1.0,policy::keep5__topm__power1.5,rank_only,0.6167419609851856,-0.03141924377971428
1.0,policy::keep5__topm__uniform0.02,rank_only,0.6460077874083647,-0.002153417356535181
1.0,policy::keep5__topm__uniform0.05,rank_only,0.6510501171445078,0.0028889123796078664
1.0,policy::keep5__topm__uniform0.1,rank_only,0.6572770043772658,0.00911579961236586
1.0,policy::keep5__topm__uniform0.2,rank_only,0.6598765779106981,0.01171537314579818
1.0,policy::keep8__full__accept_clip0.02,rank_only,0.6584668377593769,0.010305632994476954
1.0,policy::keep8__full__accept_clip0.05,rank_only,0.6624548627164932,0.01429365795159332
1.0,policy::keep8__full__accept_clip0.1,rank_only,0.6624152009141939,0.014253996149294013
1.0,policy::keep8__full__bonus1.25,rank_only,0.6480940381377444,-6.71666271555571e-05
1.0,policy::keep8__full__bonus1.5,rank_only,0.6493222898361529,0.0011610850712530096
1.0,policy::keep8__full__bonus2,rank_only,0.6508882952044135,0.0027270904395135798
1.0,policy::keep8__full__bonus3,rank_only,0.6526966574813082,0.004535452716408317
1.0,policy::keep8__full__expected_mix0.25,rank_only,0.6678861948258876,0.019724990060987713
1.0,policy::keep8__full__expected_mix0.5,rank_only,0.6657577369345098,0.01759653216960988
1.0,policy::keep8__full__expected_mix0.75,rank_only,0.6590302199472815,0.010869015182381592
1.0,policy::keep8__full__expected_rejection,rank_only,0.6444091306168358,-0.0037520741480641107
1.0,policy::keep8__full__h_tau0.8,rank_only,0.6261502956164114,-0.022010909148488467
1.0,policy::keep8__full__h_tau0.9,rank_only,0.6407757430886387,-0.007385461676261196
1.0,policy::keep8__full__h_tau1.1,rank_only,0.646190512799652,-0.001970691965247906
1.0,policy::keep8__full__h_tau1.25,rank_only,0.6322230267124044,-0.015938178052495533
1.0,policy::keep8__full__original,rank_only,0.6466941337741453,-0.0014670709907546042
1.0,policy::keep8__full__power0.5,rank_only,0.6557907761841797,0.007629571419279779
1.0,policy::keep8__full__power0.75,rank_only,0.6545628044851699,0.00640159972026999
1.0,policy::keep8__full__power1.25,rank_only,0.6366098079276394,-0.011551396837260475
1.0,policy::keep8__full__power1.5,rank_only,0.6254474169769151,-0.02271378778798483
1.0,policy::keep8__full__uniform0.02,rank_only,0.655659926480499,0.007498721715599066
1.0,policy::keep8__full__uniform0.05,rank_only,0.660526837990663,0.012365633225763117
1.0,policy::keep8__full__uniform0.1,rank_only,0.6655697556784115,0.017408550913511567
1.0,policy::keep8__full__uniform0.2,rank_only,0.6667740445964947,0.018612839831594785
1.0,policy::keep8__topm__accept_clip0.02,rank_only,0.653428424810053,0.00526722004515312
1.0,policy::keep8__topm__accept_clip0.05,rank_only,0.6576085407239753,0.009447335959075431
1.0,policy::keep8__topm__accept_clip0.1,rank_only,0.6580026817772039,0.009841477012303979
1.0,policy::keep8__topm__bonus1.25,rank_only,0.6452799562283229,-0.002881248536577008
1.0,policy::keep8__topm__bonus1.5,rank_only,0.6469035249236594,-0.0012576798412404777
1.0,policy::keep8__topm__bonus2,rank_only,0.6488487310493524,0.0006875262844524554
1.0,policy::keep8__topm__bonus3,rank_only,0.6501678259639382,0.002006621199038272
1.0,policy::keep8__topm__expected_mix0.25,rank_only,0.664292368313276,0.01613116354837607
1.0,policy::keep8__topm__expected_mix0.5,rank_only,0.6607425769024604,0.012581372137560498
1.0,policy::keep8__topm__expected_mix0.75,rank_only,0.6530567753543461,0.00489557058944623
1.0,policy::keep8__topm__expected_rejection,rank_only,0.6372734066848446,-0.010887798080055355
1.0,policy::keep8__topm__h_tau0.8,rank_only,0.6236815788384545,-0.02447962592644537
1.0,policy::keep8__topm__h_tau0.9,rank_only,0.6374859865589124,-0.010675218205987491
1.0,policy::keep8__topm__h_tau1.1,rank_only,0.6427849612950818,-0.005376243469818132
1.0,policy::keep8__topm__h_tau1.25,rank_only,0.6281720510994993,-0.01998915366540066
1.0,policy::keep8__topm__original,rank_only,0.6434227093054924,-0.004738495459407521
1.0,policy::keep8__topm__power0.5,rank_only,0.6532818541277187,0.005120649362818752
1.0,policy::keep8__topm__power0.75,rank_only,0.6519585973164819,0.0037973925515819573
1.0,policy::keep8__topm__power1.25,rank_only,0.6337357322645307,-0.014425472500369185
1.0,policy::keep8__topm__power1.5,rank_only,0.6229365442078083,-0.025224660557091605
1.0,policy::keep8__topm__uniform0.02,rank_only,0.6514501840908686,0.0032889793259687217
1.0,policy::keep8__topm__uniform0.05,rank_only,0.6563765401919582,0.008215335427058323
1.0,policy::keep8__topm__uniform0.1,rank_only,0.661418651627018,0.01325744686211805
1.0,policy::keep8__topm__uniform0.2,rank_only,0.6632438407410544,0.015082635976154446
1.0,policy::lambda0.1__full__accept_clip0.02,bounded_subtraction,0.6596809948061125,0.011519790041212619
1.0,policy::lambda0.1__full__accept_clip0.05,bounded_subtraction,0.6623953044714531,0.014234099706553205
1.0,policy::lambda0.1__full__accept_clip0.1,bounded_subtraction,0.6624068935699177,0.014245688805017753
1.0,policy::lambda0.1__full__bonus1.25,bounded_subtraction,0.6510497852179568,0.0028885804530568437
1.0,policy::lambda0.1__full__bonus1.5,bounded_subtraction,0.6520943955226662,0.003933190757766325
1.0,policy::lambda0.1__full__bonus2,bounded_subtraction,0.6531198281710535,0.004958623406153606
1.0,policy::lambda0.1__full__bonus3,bounded_subtraction,0.6548292171844339,0.006668012419533964
1.0,policy::lambda0.1__full__expected_mix0.25,bounded_subtraction,0.6681217923488862,0.019960587583986333
1.0,policy::lambda0.1__full__expected_mix0.5,bounded_subtraction,0.6643977810370104,0.016236576272110503
1.0,policy::lambda0.1__full__expected_mix0.75,bounded_subtraction,0.6580255908021029,0.009864386037202966
1.0,policy::lambda0.1__full__expected_rejection,bounded_subtraction,0.6445668784666008,-0.003594326298299144
1.0,policy::lambda0.1__full__h_tau0.8,bounded_subtraction,0.630683602711672,-0.017477602053227903
1.0,policy::lambda0.1__full__h_tau0.9,bounded_subtraction,0.6443329519587094,-0.0038282528061904797
1.0,policy::lambda0.1__full__h_tau1.1,bounded_subtraction,0.6481714443067427,1.0239541842760325e-05
1.0,policy::lambda0.1__full__h_tau1.25,bounded_subtraction,0.6334129265864192,-0.014748278178480678
1.0,policy::lambda0.1__full__original,bounded_subtraction,0.6491720933984191,0.0010108886335191691
1.0,policy::lambda0.1__full__power0.5,bounded_subtraction,0.656975985520885,0.008814780755985074
1.0,policy::lambda0.1__full__power0.75,bounded_subtraction,0.6561342042441961,0.007972999479296194
1.0,policy::lambda0.1__full__power1.25,bounded_subtraction,0.6399972415599704,-0.008163963204929514
1.0,policy::lambda0.1__full__power1.5,bounded_subtraction,0.629719299652409,-0.018441905112490886
1.0,policy::lambda0.1__full__uniform0.02,bounded_subtraction,0.6573313194311716,0.009170114666271711
1.0,policy::lambda0.1__full__uniform0.05,bounded_subtraction,0.6617683586500995,0.013607153885199619
1.0,policy::lambda0.1__full__uniform0.1,bounded_subtraction,0.6658367828047078,0.017675578039807904
1.0,policy::lambda0.1__full__uniform0.2,bounded_subtraction,0.665733775622218,0.017572570857318115
1.0,policy::lambda0.1__topm__accept_clip0.02,bounded_subtraction,0.6558383791481032,0.007677174383203256
1.0,policy::lambda0.1__topm__accept_clip0.05,bounded_subtraction,0.6585486889326495,0.010387484167749594
1.0,policy::lambda0.1__topm__accept_clip0.1,bounded_subtraction,0.6575499663032773,0.009388761538377421
1.0,policy::lambda0.1__topm__bonus1.25,bounded_subtraction,0.6481204642653948,-4.074049950508751e-05
1.0,policy::lambda0.1__topm__bonus1.5,bounded_subtraction,0.6494608018048982,0.0012995970399982681
1.0,policy::lambda0.1__topm__bonus2,bounded_subtraction,0.6509443630679388,0.0027831583030388796
1.0,policy::lambda0.1__topm__bonus3,bounded_subtraction,0.6523125097025898,0.0041513049376898925
1.0,policy::lambda0.1__topm__expected_mix0.25,bounded_subtraction,0.6643008786978084,0.016139673932908494
1.0,policy::lambda0.1__topm__expected_mix0.5,bounded_subtraction,0.6600538535000112,0.01189264873511131
1.0,policy::lambda0.1__topm__expected_mix0.75,bounded_subtraction,0.6525613055782712,0.004400100813371277
1.0,policy::lambda0.1__topm__expected_rejection,bounded_subtraction,0.6375492630056478,-0.010611941759252064
1.0,policy::lambda0.1__topm__h_tau0.8,bounded_subtraction,0.6279269215275621,-0.02023428323733778
1.0,policy::lambda0.1__topm__h_tau0.9,bounded_subtraction,0.641492855698227,-0.006668349066672907
1.0,policy::lambda0.1__topm__h_tau1.1,bounded_subtraction,0.6447861984012102,-0.003375006363689703
1.0,policy::lambda0.1__topm__h_tau1.25,bounded_subtraction,0.6295835722085632,-0.01857763255633671
1.0,policy::lambda0.1__topm__original,bounded_subtraction,0.6458157270150002,-0.0023454777498996826
1.0,policy::lambda0.1__topm__power0.5,bounded_subtraction,0.6541247616084177,0.005963556843517792
1.0,policy::lambda0.1__topm__power0.75,bounded_subtraction,0.6537154614874828,0.005554256722582918
1.0,policy::lambda0.1__topm__power1.25,bounded_subtraction,0.6377858374721022,-0.010375367292797755
1.0,policy::lambda0.1__topm__power1.5,bounded_subtraction,0.6273791548070766,-0.02078204995782329
1.0,policy::lambda0.1__topm__uniform0.02,bounded_subtraction,0.6537228855139843,0.005561680749084363
1.0,policy::lambda0.1__topm__uniform0.05,bounded_subtraction,0.6573166318897795,0.0091554271248796
1.0,policy::lambda0.1__topm__uniform0.1,bounded_subtraction,0.6620269584640539,0.013865753699153993
1.0,policy::lambda0.1__topm__uniform0.2,bounded_subtraction,0.6622816038330253,0.014120399068125344
1.0,policy::lambda0.25__full__accept_clip0.02,bounded_subtraction,0.656849704166534,0.008688499401634076
1.0,policy::lambda0.25__full__accept_clip0.05,bounded_subtraction,0.6589743731158282,0.01081316835092827
1.0,policy::lambda0.25__full__accept_clip0.1,bounded_subtraction,0.6584325368935328,0.010271332128632849
1.0,policy::lambda0.25__full__bonus1.25,bounded_subtraction,0.6477429341397059,-0.00041827062519406155
1.0,policy::lambda0.25__full__bonus1.5,bounded_subtraction,0.6488197886227058,0.0006585838578059278
1.0,policy::lambda0.25__full__bonus2,bounded_subtraction,0.6502751184288319,0.0021139136639319878
1.0,policy::lambda0.25__full__bonus3,bounded_subtraction,0.6517742074528015,0.0036130026879015453
1.0,policy::lambda0.25__full__expected_mix0.25,bounded_subtraction,0.663351610126124,0.015190405361224069
1.0,policy::lambda0.25__full__expected_mix0.5,bounded_subtraction,0.6596349574126847,0.01147375264778483
1.0,policy::lambda0.25__full__expected_mix0.75,bounded_subtraction,0.653034581518973,0.004873376754073067
1.0,policy::lambda0.25__full__expected_rejection,bounded_subtraction,0.640245426957257,-0.007915777807642965
1.0,policy::lambda0.25__full__h_tau0.8,bounded_subtraction,0.6274322997509083,-0.020728905013991605
1.0,policy::lambda0.25__full__h_tau0.9,bounded_subtraction,0.6415406382570394,-0.00662056650786047
1.0,policy::lambda0.25__full__h_tau1.1,bounded_subtraction,0.644796546466675,-0.003364658298224965
1.0,policy::lambda0.25__full__h_tau1.25,bounded_subtraction,0.6295111772589539,-0.01865002750594602
1.0,policy::lambda0.25__full__original,bounded_subtraction,0.6457885912782035,-0.0023726134866963733
1.0,policy::lambda0.25__full__power0.5,bounded_subtraction,0.6537029855302005,0.005541780765300541
1.0,policy::lambda0.25__full__power0.75,bounded_subtraction,0.6529558027392057,0.004794597974305814
1.0,policy::lambda0.25__full__power1.25,bounded_subtraction,0.6371825818824596,-0.010978622882440336
1.0,policy::lambda0.25__full__power1.5,bounded_subtraction,0.6271396038462702,-0.0210216009186297
1.0,policy::lambda0.25__full__uniform0.02,bounded_subtraction,0.6545720474897423,0.0064108427248423805
1.0,policy::lambda0.25__full__uniform0.05,bounded_subtraction,0.6590408673918907,0.010879662626990805
1.0,policy::lambda0.25__full__uniform0.1,bounded_subtraction,0.6619058564556459,0.013744651690746013
1.0,policy::lambda0.25__full__uniform0.2,bounded_subtraction,0.6622602960276178,0.014099091262717911
1.0,policy::lambda0.25__topm__accept_clip0.02,bounded_subtraction,0.652182249946795,0.0040210451818950554
1.0,policy::lambda0.25__topm__accept_clip0.05,bounded_subtraction,0.6548488195124469,0.006687614747546977
1.0,policy::lambda0.25__topm__accept_clip0.1,bounded_subtraction,0.6532933452925727,0.005132140527672746
1.0,policy::lambda0.25__topm__bonus1.25,bounded_subtraction,0.6448452735673754,-0.003315931197524491
1.0,policy::lambda0.25__topm__bonus1.5,bounded_subtraction,0.6459612317415201,-0.00219997302337982
1.0,policy::lambda0.25__topm__bonus2,bounded_subtraction,0.6476313275650375,-0.0005298771998624163
1.0,policy::lambda0.25__topm__bonus3,bounded_subtraction,0.648811160536538,0.0006499557716380666
1.0,policy::lambda0.25__topm__expected_mix0.25,bounded_subtraction,0.6591285549484955,0.010967350183595626
1.0,policy::lambda0.25__topm__expected_mix0.5,bounded_subtraction,0.6550498420289463,0.006888637264046427
1.0,policy::lambda0.25__topm__expected_mix0.75,bounded_subtraction,0.6476076857573477,-0.0005535190075521834
1.0,policy::lambda0.25__topm__expected_rejection,bounded_subtraction,0.6329827329398913,-0.015178471825008644
1.0,policy::lambda0.25__topm__h_tau0.8,bounded_subtraction,0.6256568331247809,-0.02250437164011898
1.0,policy::lambda0.25__topm__h_tau0.9,bounded_subtraction,0.6386793709669362,-0.009481833797963746
1.0,policy::lambda0.25__topm__h_tau1.1,bounded_subtraction,0.6417483538965431,-0.006412850868356856
1.0,policy::lambda0.25__topm__h_tau1.25,bounded_subtraction,0.6249955570304577,-0.023165647734442185
1.0,policy::lambda0.25__topm__original,bounded_subtraction,0.6426983495860358,-0.005462855178864134
1.0,policy::lambda0.25__topm__power0.5,bounded_subtraction,0.6508048402333007,0.00264363546840074
1.0,policy::lambda0.25__topm__power0.75,bounded_subtraction,0.650033417677216,0.0018722129123160958
1.0,policy::lambda0.25__topm__power1.25,bounded_subtraction,0.6342283603047203,-0.013932844460179616
1.0,policy::lambda0.25__topm__power1.5,bounded_subtraction,0.6245679864079557,-0.023593218356944168
1.0,policy::lambda0.25__topm__uniform0.02,bounded_subtraction,0.6499361117232574,0.0017749069583574695
1.0,policy::lambda0.25__topm__uniform0.05,bounded_subtraction,0.6537006168581506,0.005539412093250706
1.0,policy::lambda0.25__topm__uniform0.1,bounded_subtraction,0.6570922994047612,0.008931094639861303
1.0,policy::lambda0.25__topm__uniform0.2,bounded_subtraction,0.658091883314337,0.009930678549437078
1.0,policy::lambda0.5__full__accept_clip0.02,bounded_subtraction,0.649260785502343,0.0010995807374430955
1.0,policy::lambda0.5__full__accept_clip0.05,bounded_subtraction,0.6510070435767977,0.002845838811897816
1.0,policy::lambda0.5__full__accept_clip0.1,bounded_subtraction,0.6503593933682684,0.0021981886033685116
1.0,policy::lambda0.5__full__bonus1.25,bounded_subtraction,0.6405233415034335,-0.007637863261466427
1.0,policy::lambda0.5__full__bonus1.5,bounded_subtraction,0.6412292890062505,-0.006931915758649376
1.0,policy::lambda0.5__full__bonus2,bounded_subtraction,0.6424244786574623,-0.005736726107437584
1.0,policy::lambda0.5__full__bonus3,bounded_subtraction,0.6439569648014681,-0.004204239963431777
1.0,policy::lambda0.5__full__expected_mix0.25,bounded_subtraction,0.6553599989225629,0.007198794157663002
1.0,policy::lambda0.5__full__expected_mix0.5,bounded_subtraction,0.651582416437642,0.0034212116727421193
1.0,policy::lambda0.5__full__expected_mix0.75,bounded_subtraction,0.6449640184540114,-0.0031971863108885
1.0,policy::lambda0.5__full__expected_rejection,bounded_subtraction,0.6314906293608784,-0.016670575404021504
1.0,policy::lambda0.5__full__h_tau0.8,bounded_subtraction,0.6204308512832607,-0.027730353481639214
1.0,policy::lambda0.5__full__h_tau0.9,bounded_subtraction,0.6336557751898773,-0.014505429575022655
1.0,policy::lambda0.5__full__h_tau1.1,bounded_subtraction,0.6362105127836023,-0.011950691981297612
1.0,policy::lambda0.5__full__h_tau1.25,bounded_subtraction,0.6215625932211556,-0.02659861154374432
1.0,policy::lambda0.5__full__original,bounded_subtraction,0.638713300961727,-0.009447903803172952
1.0,policy::lambda0.5__full__power0.5,bounded_subtraction,0.6456511714329245,-0.0025100333319754142
1.0,policy::lambda0.5__full__power0.75,bounded_subtraction,0.6451254735238743,-0.00303573124102563
1.0,policy::lambda0.5__full__power1.25,bounded_subtraction,0.6294339274855918,-0.01872727727930812
1.0,policy::lambda0.5__full__power1.5,bounded_subtraction,0.6195394305006969,-0.02862177426420298
1.0,policy::lambda0.5__full__uniform0.02,bounded_subtraction,0.6465177062331869,-0.0016434985317129724
1.0,policy::lambda0.5__full__uniform0.05,bounded_subtraction,0.6512260459637712,0.003064841198871293
1.0,policy::lambda0.5__full__uniform0.1,bounded_subtraction,0.6541337179797616,0.005972513214861697
1.0,policy::lambda0.5__full__uniform0.2,bounded_subtraction,0.6538225936193313,0.005661388854431348
1.0,policy::lambda0.5__topm__accept_clip0.02,bounded_subtraction,0.6437485614101579,-0.004412643354742007
1.0,policy::lambda0.5__topm__accept_clip0.05,bounded_subtraction,0.6463759938178311,-0.0017852109470688493
1.0,policy::lambda0.5__topm__accept_clip0.1,bounded_subtraction,0.6457958296038562,-0.002365375161043737
1.0,policy::lambda0.5__topm__bonus1.25,bounded_subtraction,0.6365792651894211,-0.011581939575478817
1.0,policy::lambda0.5__topm__bonus1.5,bounded_subtraction,0.638139389584727,-0.010021815180172866
1.0,policy::lambda0.5__topm__bonus2,bounded_subtraction,0.6396773875137192,-0.008483817251180747
1.0,policy::lambda0.5__topm__bonus3,bounded_subtraction,0.6411710347865222,-0.006990169978377758
1.0,policy::lambda0.5__topm__expected_mix0.25,bounded_subtraction,0.6511793262451395,0.0030181214802396106
1.0,policy::lambda0.5__topm__expected_mix0.5,bounded_subtraction,0.6468714635669202,-0.0012897411979797546
1.0,policy::lambda0.5__topm__expected_mix0.75,bounded_subtraction,0.6400691045635036,-0.00809210020139628
1.0,policy::lambda0.5__topm__expected_rejection,bounded_subtraction,0.623442240644652,-0.024718964120247877
1.0,policy::lambda0.5__topm__h_tau0.8,bounded_subtraction,0.61795330978874,-0.030207894976159944
1.0,policy::lambda0.5__topm__h_tau0.9,bounded_subtraction,0.6305041374578408,-0.01765706730705907
1.0,policy::lambda0.5__topm__h_tau1.1,bounded_subtraction,0.6335770459893932,-0.014584158775506673
1.0,policy::lambda0.5__topm__h_tau1.25,bounded_subtraction,0.6167674190725121,-0.03139378569238782
1.0,policy::lambda0.5__topm__original,bounded_subtraction,0.6348876175897491,-0.013273587175150814
1.0,policy::lambda0.5__topm__power0.5,bounded_subtraction,0.6429627225505248,-0.005198482214375133
1.0,policy::lambda0.5__topm__power0.75,bounded_subtraction,0.641602238151914,-0.006558966612985939
1.0,policy::lambda0.5__topm__power1.25,bounded_subtraction,0.6263123884493781,-0.021848816315521824
1.0,policy::lambda0.5__topm__power1.5,bounded_subtraction,0.6168533847101089,-0.03130782005479105
1.0,policy::lambda0.5__topm__uniform0.02,bounded_subtraction,0.6423037334322055,-0.0058574713326944305
1.0,policy::lambda0.5__topm__uniform0.05,bounded_subtraction,0.6463856912326287,-0.0017755135322712334
1.0,policy::lambda0.5__topm__uniform0.1,bounded_subtraction,0.6495068859303581,0.0013456811654581902
1.0,policy::lambda0.5__topm__uniform0.2,bounded_subtraction,0.6500677373597349,0.0019065325948349754
1.0,policy::lambda0.75__full__accept_clip0.02,bounded_subtraction,0.6355856831537801,-0.012575521611119855
1.0,policy::lambda0.75__full__accept_clip0.05,bounded_subtraction,0.6376052106911022,-0.010555994073797703
1.0,policy::lambda0.75__full__accept_clip0.1,bounded_subtraction,0.6365748786994456,-0.011586326065454289
1.0,policy::lambda0.75__full__bonus1.25,bounded_subtraction,0.6279003552668068,-0.020260849498093148
1.0,policy::lambda0.75__full__bonus1.5,bounded_subtraction,0.6288325102289984,-0.01932869453590147
1.0,policy::lambda0.75__full__bonus2,bounded_subtraction,0.6299789805996648,-0.018182224165235072
1.0,policy::lambda0.75__full__bonus3,bounded_subtraction,0.6312442668356097,-0.016916937929290166
1.0,policy::lambda0.75__full__expected_mix0.25,bounded_subtraction,0.6418006772504543,-0.006360527514445602
1.0,policy::lambda0.75__full__expected_mix0.5,bounded_subtraction,0.6390593219513019,-0.009101882813598028
1.0,policy::lambda0.75__full__expected_mix0.75,bounded_subtraction,0.6326775237466823,-0.015483681018217621
1.0,policy::lambda0.75__full__expected_rejection,bounded_subtraction,0.6199112675446642,-0.02824993722023572
1.0,policy::lambda0.75__full__h_tau0.8,bounded_subtraction,0.6089042859056009,-0.03925691885929905
1.0,policy::lambda0.75__full__h_tau0.9,bounded_subtraction,0.6218340404142921,-0.02632716435060778
1.0,policy::lambda0.75__full__h_tau1.1,bounded_subtraction,0.6242458159253137,-0.023915388839586216
1.0,policy::lambda0.75__full__h_tau1.25,bounded_subtraction,0.6089177824556127,-0.039243422309287235
1.0,policy::lambda0.75__full__original,bounded_subtraction,0.626239617939783,-0.021921586825116912
1.0,policy::lambda0.75__full__power0.5,bounded_subtraction,0.6340725226701103,-0.01408868209478964
1.0,policy::lambda0.75__full__power0.75,bounded_subtraction,0.6331100921567175,-0.015051112608182371
1.0,policy::lambda0.75__full__power1.25,bounded_subtraction,0.6171171649721592,-0.03104403979274073
1.0,policy::lambda0.75__full__power1.5,bounded_subtraction,0.6065355971201353,-0.04162560764476464
1.0,policy::lambda0.75__full__uniform0.02,bounded_subtraction,0.6340426848195523,-0.01411851994534763
1.0,policy::lambda0.75__full__uniform0.05,bounded_subtraction,0.6386567325561133,-0.009504472208786585
1.0,policy::lambda0.75__full__uniform0.1,bounded_subtraction,0.6414251084245872,-0.006736096340312692
1.0,policy::lambda0.75__full__uniform0.2,bounded_subtraction,0.6404960317067281,-0.007665173058171826
1.0,policy::lambda0.75__topm__accept_clip0.02,bounded_subtraction,0.6310364148359978,-0.017124789928902096
1.0,policy::lambda0.75__topm__accept_clip0.05,bounded_subtraction,0.6330840758274923,-0.015077128937407647
1.0,policy::lambda0.75__topm__accept_clip0.1,bounded_subtraction,0.6311055755135548,-0.017055629251345072
1.0,policy::lambda0.75__topm__bonus1.25,bounded_subtraction,0.623983675676867,-0.024177529088032945
1.0,policy::lambda0.75__topm__bonus1.5,bounded_subtraction,0.6254229856200313,-0.02273821914486862
1.0,policy::lambda0.75__topm__bonus2,bounded_subtraction,0.6272168412106068,-0.020944363554293077
1.0,policy::lambda0.75__topm__bonus3,bounded_subtraction,0.6282655294901149,-0.019895675274784974
1.0,policy::lambda0.75__topm__expected_mix0.25,bounded_subtraction,0.6380251472687304,-0.010136057496169526
1.0,policy::lambda0.75__topm__expected_mix0.5,bounded_subtraction,0.63440775124918,-0.013753453515719882
1.0,policy::lambda0.75__topm__expected_mix0.75,bounded_subtraction,0.6280218918505688,-0.02013931291433113
1.0,policy::lambda0.75__topm__expected_rejection,bounded_subtraction,0.6137980315086247,-0.03436317325627525
1.0,policy::lambda0.75__topm__h_tau0.8,bounded_subtraction,0.605833563941218,-0.0423276408236819
1.0,policy::lambda0.75__topm__h_tau0.9,bounded_subtraction,0.6188420441820041,-0.029319160582895853
1.0,policy::lambda0.75__topm__h_tau1.1,bounded_subtraction,0.6209072447913713,-0.02725395997352864
1.0,policy::lambda0.75__topm__h_tau1.25,bounded_subtraction,0.6045122042563703,-0.0436490005085296
1.0,policy::lambda0.75__topm__original,bounded_subtraction,0.6220635067118029,-0.02609769805309703
1.0,policy::lambda0.75__topm__power0.5,bounded_subtraction,0.6311950595936682,-0.01696614517123174
1.0,policy::lambda0.75__topm__power0.75,bounded_subtraction,0.6302826568619082,-0.017878547902991704
1.0,policy::lambda0.75__topm__power1.25,bounded_subtraction,0.614297142252037,-0.03386406251286289
1.0,policy::lambda0.75__topm__power1.5,bounded_subtraction,0.6043131569758946,-0.04384804778900531
1.0,policy::lambda0.75__topm__uniform0.02,bounded_subtraction,0.6299313434032662,-0.018229861361633737
1.0,policy::lambda0.75__topm__uniform0.05,bounded_subtraction,0.63385912414911,-0.014302080615789858
1.0,policy::lambda0.75__topm__uniform0.1,bounded_subtraction,0.6373634232738312,-0.010797781491068692
1.0,policy::lambda0.75__topm__uniform0.2,bounded_subtraction,0.6365381280782411,-0.01162307668665885
1.0,policy::proxy__full__accept_clip0.02,proxy_allocation,0.6628331549257898,0.014671950160889846
1.0,policy::proxy__full__accept_clip0.05,proxy_allocation,0.6660400688119884,0.017878864047088494
1.0,policy::proxy__full__accept_clip0.1,proxy_allocation,0.665543899704721,0.01738269493982114
1.0,policy::proxy__full__bonus1.25,proxy_allocation,0.6528168952453461,0.0046556904804462285
1.0,policy::proxy__full__bonus1.5,proxy_allocation,0.6540466283019487,0.005885423537048795
1.0,policy::proxy__full__bonus2,proxy_allocation,0.6555167214098938,0.007355516644993898
1.0,policy::proxy__full__bonus3,proxy_allocation,0.6572613730148334,0.009100168249933538
1.0,policy::proxy__full__expected_mix0.25,proxy_allocation,0.6704836150808591,0.022322410315959162
1.0,policy::proxy__full__expected_mix0.5,proxy_allocation,0.6676534009884093,0.019492196223509395
1.0,policy::proxy__full__expected_mix0.75,proxy_allocation,0.6604134417534194,0.012252236988519516
1.0,policy::proxy__full__expected_rejection,proxy_allocation,0.6459043290919952,-0.002256875672904668
1.0,policy::proxy__full__h_tau0.8,proxy_allocation,0.6318631156668001,-0.01629808909809982
1.0,policy::proxy__full__h_tau0.9,proxy_allocation,0.6458957050993993,-0.0022654996655006032
1.0,policy::proxy__full__h_tau1.1,proxy_allocation,0.6503408159600792,0.0021796111951792874
1.0,policy::proxy__full__h_tau1.25,proxy_allocation,0.6356775546206644,-0.01248365014423547
1.0,policy::proxy__full__original,proxy_allocation,0.6514589718333916,0.0032977670684917193
1.0,policy::proxy__full__power0.5,proxy_allocation,0.6579854030986538,0.00982419833375392
1.0,policy::proxy__full__power0.75,proxy_allocation,0.6579402757300772,0.009779070965177272
1.0,policy::proxy__full__power1.25,proxy_allocation,0.641938781683814,-0.006222423081085893
1.0,policy::proxy__full__power1.5,proxy_allocation,0.6312265936145269,-0.01693461115037298
1.0,policy::proxy__full__uniform0.02,proxy_allocation,0.6599932530870181,0.01183204832211815
1.0,policy::proxy__full__uniform0.05,proxy_allocation,0.6638734517475932,0.015712246982693245
1.0,policy::proxy__full__uniform0.1,proxy_allocation,0.6675978347030207,0.019436629938120786
1.0,policy::proxy__full__uniform0.2,proxy_allocation,0.6679425271715578,0.019781322406657864
1.0,policy::proxy__topm__accept_clip0.02,proxy_allocation,0.6576033225724472,0.009442117807547334
1.0,policy::proxy__topm__accept_clip0.05,proxy_allocation,0.6609649800248633,0.012803775259963346
1.0,policy::proxy__topm__accept_clip0.1,proxy_allocation,0.6608420534269941,0.01268084866209418
1.0,policy::proxy__topm__bonus1.25,proxy_allocation,0.6500112177856869,0.0018500130207870225
1.0,policy::proxy__topm__bonus1.5,proxy_allocation,0.65145287212851,0.0032916673636100846
1.0,policy::proxy__topm__bonus2,proxy_allocation,0.6532324204417637,0.0050712156768637495
1.0,policy::proxy__topm__bonus3,proxy_allocation,0.6544743634655174,0.006313158700617438
1.0,policy::proxy__topm__expected_mix0.25,proxy_allocation,0.6666896616026312,0.0185284568377313
1.0,policy::proxy__topm__expected_mix0.5,proxy_allocation,0.662525768657547,0.014364563892647064
1.0,policy::proxy__topm__expected_mix0.75,proxy_allocation,0.6549763033651476,0.006815098600247649
1.0,policy::proxy__topm__expected_rejection,proxy_allocation,0.6388236593347858,-0.009337545430114114
1.0,policy::proxy__topm__h_tau0.8,proxy_allocation,0.6292602586666024,-0.01890094609829751
1.0,policy::proxy__topm__h_tau0.9,proxy_allocation,0.6425783069084636,-0.005582897856436286
1.0,policy::proxy__topm__h_tau1.1,proxy_allocation,0.6467142283973827,-0.0014469763675172276
1.0,policy::proxy__topm__h_tau1.25,proxy_allocation,0.6316145105250827,-0.01654669423981725
1.0,policy::proxy__topm__original,proxy_allocation,0.6481612047648999,0.0
1.0,policy::proxy__topm__power0.5,proxy_allocation,0.6553792925282338,0.00721808776333388
1.0,policy::proxy__topm__power0.75,proxy_allocation,0.6552702336259022,0.007109028861002287
1.0,policy::proxy__topm__power1.25,proxy_allocation,0.6388245400804315,-0.009336664684468365
1.0,policy::proxy__topm__power1.5,proxy_allocation,0.6282177030514823,-0.019943501713417633
1.0,policy::proxy__topm__uniform0.02,proxy_allocation,0.655537657006025,0.007376452241125042
1.0,policy::proxy__topm__uniform0.05,proxy_allocation,0.6599286001761852,0.011767395411285242
1.0,policy::proxy__topm__uniform0.1,proxy_allocation,0.6637945029805591,0.015633298215659175
1.0,policy::proxy__topm__uniform0.2,proxy_allocation,0.664640354464578,0.01647914969967812
1.0,policy::qpeak0.5__full__accept_clip0.02,local_gate,0.644497173486733,-0.003664031278166946
1.0,policy::qpeak0.5__full__accept_clip0.05,local_gate,0.6457136731952313,-0.002447531569668593
1.0,policy::qpeak0.5__full__accept_clip0.1,local_gate,0.6452827615056188,-0.002878443259281105
1.0,policy::qpeak0.5__full__bonus1.25,local_gate,0.6373399664735995,-0.010821238291300439
1.0,policy::qpeak0.5__full__bonus1.5,local_gate,0.6385966946145352,-0.009564510150364747
1.0,policy::qpeak0.5__full__bonus2,local_gate,0.640272047310209,-0.007889157454690876
1.0,policy::qpeak0.5__full__bonus3,local_gate,0.6419434248456657,-0.006217779919234223
1.0,policy::qpeak0.5__full__expected_mix0.25,local_gate,0.6518267181578858,0.0036655133929859307
1.0,policy::qpeak0.5__full__expected_mix0.5,local_gate,0.6485193134924723,0.00035810872757235934
1.0,policy::qpeak0.5__full__expected_mix0.75,local_gate,0.6405263667358003,-0.007634838029099589
1.0,policy::qpeak0.5__full__expected_rejection,local_gate,0.6276632134886165,-0.020497991276283378
1.0,policy::qpeak0.5__full__h_tau0.8,local_gate,0.61692782091856,-0.03123338384633989
1.0,policy::qpeak0.5__full__h_tau0.9,local_gate,0.6307172484000685,-0.017443956364831426
1.0,policy::qpeak0.5__full__h_tau1.1,local_gate,0.6342569599497908,-0.013904244815109101
1.0,policy::qpeak0.5__full__h_tau1.25,local_gate,0.6187324263267042,-0.02942877843819569
1.0,policy::qpeak0.5__full__original,local_gate,0.6359272128839372,-0.012233991880962747
1.0,policy::qpeak0.5__full__power0.5,local_gate,0.6429734832069645,-0.005187721557935454
1.0,policy::qpeak0.5__full__power0.75,local_gate,0.6428470495251941,-0.005314155239705798
1.0,policy::qpeak0.5__full__power1.25,local_gate,0.6265917475528541,-0.02156945721204584
1.0,policy::qpeak0.5__full__power1.5,local_gate,0.615917636810108,-0.032243567954791885
1.0,policy::qpeak0.5__full__uniform0.02,local_gate,0.6420524186185143,-0.0061087861463856585
1.0,policy::qpeak0.5__full__uniform0.05,local_gate,0.6462302997867639,-0.0019309049781359722
1.0,policy::qpeak0.5__full__uniform0.1,local_gate,0.6497237120404323,0.001562507275532421
1.0,policy::qpeak0.5__full__uniform0.2,local_gate,0.6488927010096321,0.0007314962447322326
1.0,policy::qpeak0.5__topm__accept_clip0.02,local_gate,0.6395285074446067,-0.008632697320293259
1.0,policy::qpeak0.5__topm__accept_clip0.05,local_gate,0.6416240130273376,-0.006537191737562287
1.0,policy::qpeak0.5__topm__accept_clip0.1,local_gate,0.639816509460003,-0.008344695304896899
1.0,policy::qpeak0.5__topm__bonus1.25,local_gate,0.6343482144403306,-0.013812990324569285
1.0,policy::qpeak0.5__topm__bonus1.5,local_gate,0.6360473905760928,-0.012113814188807082
1.0,policy::qpeak0.5__topm__bonus2,local_gate,0.637492334661182,-0.010668870103717865
1.0,policy::qpeak0.5__topm__bonus3,local_gate,0.638851064737321,-0.009310140027578906
1.0,policy::qpeak0.5__topm__expected_mix0.25,local_gate,0.6475894098438283,-0.0005717949210716222
1.0,policy::qpeak0.5__topm__expected_mix0.5,local_gate,0.6435144478319234,-0.004646756932976559
1.0,policy::qpeak0.5__topm__expected_mix0.75,local_gate,0.6365198779160415,-0.011641326848858435
1.0,policy::qpeak0.5__topm__expected_rejection,local_gate,0.6211436942971815,-0.027017510467718386
1.0,policy::qpeak0.5__topm__h_tau0.8,local_gate,0.614129965255655,-0.034031239509244915
1.0,policy::qpeak0.5__topm__h_tau0.9,local_gate,0.6277716780717667,-0.02038952669313321
1.0,policy::qpeak0.5__topm__h_tau1.1,local_gate,0.63072394257885,-0.017437262186049907
1.0,policy::qpeak0.5__topm__h_tau1.25,local_gate,0.6143883051394068,-0.033772899625493125
1.0,policy::qpeak0.5__topm__original,local_gate,0.632498872366482,-0.015662332398417966
1.0,policy::qpeak0.5__topm__power0.5,local_gate,0.6406209014450158,-0.00754030331988409
1.0,policy::qpeak0.5__topm__power0.75,local_gate,0.639572166339471,-0.008589038425428908
1.0,policy::qpeak0.5__topm__power1.25,local_gate,0.623406515706187,-0.02475468905871292
1.0,policy::qpeak0.5__topm__power1.5,local_gate,0.613206087229111,-0.03495511753578895
1.0,policy::qpeak0.5__topm__uniform0.02,local_gate,0.6379836795076006,-0.010177525257299314
1.0,policy::qpeak0.5__topm__uniform0.05,local_gate,0.6422520073642493,-0.0059091974006506565
1.0,policy::qpeak0.5__topm__uniform0.1,local_gate,0.6460463370480765,-0.002114867716823454
1.0,policy::qpeak0.5__topm__uniform0.2,local_gate,0.6450160278929118,-0.00314517687198812
1.0,policy::qpeak0.7__full__accept_clip0.02,local_gate,0.6536506143312181,0.00548940956631816
1.0,policy::qpeak0.7__full__accept_clip0.05,local_gate,0.6562691126046196,0.008107907839719708
1.0,policy::qpeak0.7__full__accept_clip0.1,local_gate,0.6548519145831136,0.006690709818213736
1.0,policy::qpeak0.7__full__bonus1.25,local_gate,0.6455906020747708,-0.002570602690129098
1.0,policy::qpeak0.7__full__bonus1.5,local_gate,0.6466315228176526,-0.001529681947247341
1.0,policy::qpeak0.7__full__bonus2,local_gate,0.6482817479329274,0.0001205431680274538
1.0,policy::qpeak0.7__full__bonus3,local_gate,0.6499198080136828,0.001758603248782853
1.0,policy::qpeak0.7__full__expected_mix0.25,local_gate,0.6613297780165759,0.013168573251675975
1.0,policy::qpeak0.7__full__expected_mix0.5,local_gate,0.6590048673739468,0.0108436626090469
1.0,policy::qpeak0.7__full__expected_mix0.75,local_gate,0.6512552705694318,0.0030940658045318647
1.0,policy::qpeak0.7__full__expected_rejection,local_gate,0.6378710501909691,-0.010290154573930788
1.0,policy::qpeak0.7__full__h_tau0.8,local_gate,0.624945770747569,-0.02321543401733095
1.0,policy::qpeak0.7__full__h_tau0.9,local_gate,0.639017076765791,-0.009144127999108909
1.0,policy::qpeak0.7__full__h_tau1.1,local_gate,0.6427009799527396,-0.0054602248121603525
1.0,policy::qpeak0.7__full__h_tau1.25,local_gate,0.6275215842796023,-0.02063962048529766
1.0,policy::qpeak0.7__full__original,local_gate,0.6440034121684675,-0.0041577925964324525
1.0,policy::qpeak0.7__full__power0.5,local_gate,0.6509469014094675,0.0027856966445676257
1.0,policy::qpeak0.7__full__power0.75,local_gate,0.6507630207408264,0.002601815975926458
1.0,policy::qpeak0.7__full__power1.25,local_gate,0.634815179311422,-0.013346025453477961
1.0,policy::qpeak0.7__full__power1.5,local_gate,0.6238005934755155,-0.024360611289384382
1.0,policy::qpeak0.7__full__uniform0.02,local_gate,0.6511788511971989,0.0030176464322989593
1.0,policy::qpeak0.7__full__uniform0.05,local_gate,0.6551733446965359,0.007012139931635963
1.0,policy::qpeak0.7__full__uniform0.1,local_gate,0.6589589501833056,0.010797745418405724
1.0,policy::qpeak0.7__full__uniform0.2,local_gate,0.6584886786849125,0.010327473920012542
1.0,policy::qpeak0.7__topm__accept_clip0.02,local_gate,0.6490663196046806,0.0009051148397807296
1.0,policy::qpeak0.7__topm__accept_clip0.05,local_gate,0.6516611215949702,0.0034999168300703376
1.0,policy::qpeak0.7__topm__accept_clip0.1,local_gate,0.6500870500688516,0.0019258453039516787
1.0,policy::qpeak0.7__topm__bonus1.25,local_gate,0.6427206945898385,-0.005440510175061419
1.0,policy::qpeak0.7__topm__bonus1.5,local_gate,0.6443553373466864,-0.0038058674182135377
1.0,policy::qpeak0.7__topm__bonus2,local_gate,0.6459901532048524,-0.0021710515600474878
1.0,policy::qpeak0.7__topm__bonus3,local_gate,0.6471749147063394,-0.000986290058560546
1.0,policy::qpeak0.7__topm__expected_mix0.25,local_gate,0.6575774038504556,0.009416199085555688
1.0,policy::qpeak0.7__topm__expected_mix0.5,local_gate,0.6539841305822325,0.005822925817332569
1.0,policy::qpeak0.7__topm__expected_mix0.75,local_gate,0.6466702486119347,-0.0014909561529652393
1.0,policy::qpeak0.7__topm__expected_rejection,local_gate,0.6307372315719424,-0.01742397319295752
1.0,policy::qpeak0.7__topm__h_tau0.8,local_gate,0.6222922910309826,-0.02586891373391731
1.0,policy::qpeak0.7__topm__h_tau0.9,local_gate,0.6358651345928555,-0.012296070172044371
1.0,policy::qpeak0.7__topm__h_tau1.1,local_gate,0.6392153874250299,-0.008945817339869988
1.0,policy::qpeak0.7__topm__h_tau1.25,local_gate,0.6236136407154518,-0.024547564049448134
1.0,policy::qpeak0.7__topm__original,local_gate,0.640904061410779,-0.007257143354120865
1.0,policy::qpeak0.7__topm__power0.5,local_gate,0.6482716958589584,0.00011049109405847357
1.0,policy::qpeak0.7__topm__power0.75,local_gate,0.6482814414302639,0.00012023666536398192
1.0,policy::qpeak0.7__topm__power1.25,local_gate,0.6314376692679944,-0.01672353549690553
1.0,policy::qpeak0.7__topm__power1.5,local_gate,0.6212794911627664,-0.02688171360213354
1.0,policy::qpeak0.7__topm__uniform0.02,local_gate,0.6476060286398186,-0.0005551761250812692
1.0,policy::qpeak0.7__topm__uniform0.05,local_gate,0.650837539859262,0.002676335094362048
1.0,policy::qpeak0.7__topm__uniform0.1,local_gate,0.6552907580665086,0.007129553301608693
1.0,policy::qpeak0.7__topm__uniform0.2,local_gate,0.655010514292403,0.006849309527503067
1.0,policy::qpeak0.9__full__accept_clip0.02,local_gate,0.6602889490412258,0.012127744276325902
1.0,policy::qpeak0.9__full__accept_clip0.05,local_gate,0.6635684730088607,0.01540726824396077
1.0,policy::qpeak0.9__full__accept_clip0.1,local_gate,0.6630114759627983,0.01485027119789839
1.0,policy::qpeak0.9__full__bonus1.25,local_gate,0.6512360643521415,0.0030748595872416296
1.0,policy::qpeak0.9__full__bonus1.5,local_gate,0.65232336173945,0.004162156974550135
1.0,policy::qpeak0.9__full__bonus2,local_gate,0.6538710888046824,0.0057098840397824535
1.0,policy::qpeak0.9__full__bonus3,local_gate,0.6555512937251551,0.00739008896025517
1.0,policy::qpeak0.9__full__expected_mix0.25,local_gate,0.6687282482351795,0.0205670434702796
1.0,policy::qpeak0.9__full__expected_mix0.5,local_gate,0.666014576898218,0.017853372133318057
1.0,policy::qpeak0.9__full__expected_mix0.75,local_gate,0.6584556985994211,0.01029449383452119
1.0,policy::qpeak0.9__full__expected_rejection,local_gate,0.6438470298152513,-0.004314174949648586
1.0,policy::qpeak0.9__full__h_tau0.8,local_gate,0.6304560925850579,-0.017705112179842053
1.0,policy::qpeak0.9__full__h_tau0.9,local_gate,0.644542236330881,-0.0036189684340188766
1.0,policy::qpeak0.9__full__h_tau1.1,local_gate,0.6485393227180988,0.0003781179531988643
1.0,policy::qpeak0.9__full__h_tau1.25,local_gate,0.6340567408272846,-0.01410446393761533
1.0,policy::qpeak0.9__full__original,local_gate,0.6496370231921936,0.001475818427293718
1.0,policy::qpeak0.9__full__power0.5,local_gate,0.6565990848276255,0.008437880062725611
1.0,policy::qpeak0.9__full__power0.75,local_gate,0.6563413212637761,0.008180116498876178
1.0,policy::qpeak0.9__full__power1.25,local_gate,0.6404509556456282,-0.0077102491192717615
1.0,policy::qpeak0.9__full__power1.5,local_gate,0.6297735757385311,-0.018387629026368812
1.0,policy::qpeak0.9__full__uniform0.02,local_gate,0.6576352272897938,0.009474022524893932
1.0,policy::qpeak0.9__full__uniform0.05,local_gate,0.6617803807060526,0.013619175941152695
1.0,policy::qpeak0.9__full__uniform0.1,local_gate,0.6654850339308002,0.01732382916590025
1.0,policy::qpeak0.9__full__uniform0.2,local_gate,0.6660160074552495,0.017854802690349558
1.0,policy::qpeak0.9__topm__accept_clip0.02,local_gate,0.6553070359364956,0.007145831171595729
1.0,policy::qpeak0.9__topm__accept_clip0.05,local_gate,0.6586432579809435,0.010482053216043563
1.0,policy::qpeak0.9__topm__accept_clip0.1,local_gate,0.6577935712589436,0.009632366494043643
1.0,policy::qpeak0.9__topm__bonus1.25,local_gate,0.6482793303375477,0.000118125572647787
1.0,policy::qpeak0.9__topm__bonus1.5,local_gate,0.6498130095408687,0.0016518047759688237
1.0,policy::qpeak0.9__topm__bonus2,local_gate,0.6515438811582183,0.0033826763933183512
1.0,policy::qpeak0.9__topm__bonus3,local_gate,0.6527706063229789,0.004609401558078985
1.0,policy::qpeak0.9__topm__expected_mix0.25,local_gate,0.6648674290724458,0.01670622430754587
1.0,policy::qpeak0.9__topm__expected_mix0.5,local_gate,0.6608815341680399,0.01272032940313994
1.0,policy::qpeak0.9__topm__expected_mix0.75,local_gate,0.6530174887450092,0.004856283980109288
1.0,policy::qpeak0.9__topm__expected_rejection,local_gate,0.6366899526028996,-0.01147125216200029
1.0,policy::qpeak0.9__topm__h_tau0.8,local_gate,0.62785828550965,-0.020302919255249963
1.0,policy::qpeak0.9__topm__h_tau0.9,local_gate,0.6413605149912358,-0.006800689773664104
1.0,policy::qpeak0.9__topm__h_tau1.1,local_gate,0.6449034618758414,-0.003257742889058557
1.0,policy::qpeak0.9__topm__h_tau1.25,local_gate,0.6299337436540012,-0.01822746111089868
1.0,policy::qpeak0.9__topm__original,local_gate,0.6462814769880405,-0.0018797277768594078
1.0,policy::qpeak0.9__topm__power0.5,local_gate,0.6539764399515773,0.00581523518667737
1.0,policy::qpeak0.9__topm__power0.75,local_gate,0.6535737343276657,0.005412529562765833
1.0,policy::qpeak0.9__topm__power1.25,local_gate,0.6372148595317906,-0.010946345233109334
1.0,policy::qpeak0.9__topm__power1.5,local_gate,0.6268435892042575,-0.021317615560642378
1.0,policy::qpeak0.9__topm__uniform0.02,local_gate,0.6533723248934314,0.005211120128531532
1.0,policy::qpeak0.9__topm__uniform0.05,local_gate,0.6575571401444837,0.00939593537958383
1.0,policy::qpeak0.9__topm__uniform0.1,local_gate,0.6615670954034998,0.013405890638599871
1.0,policy::qpeak0.9__topm__uniform0.2,local_gate,0.6623141917014342,0.014152986936534329
1.0,policy::residual__full__accept_clip0.02,residual_allocation,0.6180608256852966,-0.03010037907960328
1.0,policy::residual__full__accept_clip0.05,residual_allocation,0.6186748145158526,-0.029486390249047312
1.0,policy::residual__full__accept_clip0.1,residual_allocation,0.6177727221620599,-0.030388482602839995
1.0,policy::residual__full__bonus1.25,residual_allocation,0.6114827042166457,-0.03667850054825417
1.0,policy::residual__full__bonus1.5,residual_allocation,0.6122744185265825,-0.035886786238317425
1.0,policy::residual__full__bonus2,residual_allocation,0.6137533711369056,-0.034407833627994266
1.0,policy::residual__full__bonus3,residual_allocation,0.6150216540663298,-0.03313955069857011
1.0,policy::residual__full__expected_mix0.25,residual_allocation,0.6243855110228189,-0.023775693742080994
1.0,policy::residual__full__expected_mix0.5,residual_allocation,0.6212908225546923,-0.026870382210207655
1.0,policy::residual__full__expected_mix0.75,residual_allocation,0.6145981091480284,-0.03356309561687154
1.0,policy::residual__full__expected_rejection,residual_allocation,0.6039552679999114,-0.04420593676498852
1.0,policy::residual__full__h_tau0.8,residual_allocation,0.5918203533589893,-0.05634085140591061
1.0,policy::residual__full__h_tau0.9,residual_allocation,0.6051224162890884,-0.04303878847581155
1.0,policy::residual__full__h_tau1.1,residual_allocation,0.6081326826158192,-0.0400285221490807
1.0,policy::residual__full__h_tau1.25,residual_allocation,0.5936925326173805,-0.05446867214751938
1.0,policy::residual__full__original,residual_allocation,0.609880181429585,-0.03828102333531491
1.0,policy::residual__full__power0.5,residual_allocation,0.6174291356836636,-0.03073206908123627
1.0,policy::residual__full__power0.75,residual_allocation,0.6161084652278656,-0.03205273953703436
1.0,policy::residual__full__power1.25,residual_allocation,0.6003129727430161,-0.04784823202188382
1.0,policy::residual__full__power1.5,residual_allocation,0.5901570038215278,-0.05800420094337211
1.0,policy::residual__full__uniform0.02,residual_allocation,0.616426101763073,-0.031735103001826914
1.0,policy::residual__full__uniform0.05,residual_allocation,0.6201445133022582,-0.02801669146264174
1.0,policy::residual__full__uniform0.1,residual_allocation,0.6233556944293268,-0.0248055103355731
1.0,policy::residual__full__uniform0.2,residual_allocation,0.6224282959231823,-0.02573290884171764
1.0,policy::residual__topm__accept_clip0.02,residual_allocation,0.6139299325668566,-0.03423127219804334
1.0,policy::residual__topm__accept_clip0.05,residual_allocation,0.6148227478984516,-0.03333845686644832
1.0,policy::residual__topm__accept_clip0.1,residual_allocation,0.6129198274144648,-0.03524137735043509
1.0,policy::residual__topm__bonus1.25,residual_allocation,0.6085041277566056,-0.03965707700829435
1.0,policy::residual__topm__bonus1.5,residual_allocation,0.6097834194640657,-0.038377785300834244
1.0,policy::residual__topm__bonus2,residual_allocation,0.6111417664951193,-0.0370194382697806
1.0,policy::residual__topm__bonus3,residual_allocation,0.6129432138388765,-0.0352179909260234
1.0,policy::residual__topm__expected_mix0.25,residual_allocation,0.6198338456354028,-0.02832735912949713
1.0,policy::residual__topm__expected_mix0.5,residual_allocation,0.6169233373449547,-0.031237867419945164
1.0,policy::residual__topm__expected_mix0.75,residual_allocation,0.610242667701673,-0.0379185370632269
1.0,policy::residual__topm__expected_rejection,residual_allocation,0.5982175634526361,-0.04994364131226381
1.0,policy::residual__topm__h_tau0.8,residual_allocation,0.5887682137041649,-0.059392991060735034
1.0,policy::residual__topm__h_tau0.9,residual_allocation,0.601725202107312,-0.04643600265758796
1.0,policy::residual__topm__h_tau1.1,residual_allocation,0.6050483068172005,-0.04311289794769946
1.0,policy::residual__topm__h_tau1.25,residual_allocation,0.5892903334486937,-0.058870871316206164
1.0,policy::residual__topm__original,residual_allocation,0.6067692768206596,-0.04139192794424029
1.0,policy::residual__topm__power0.5,residual_allocation,0.6145845914707322,-0.03357661329416772
1.0,policy::residual__topm__power0.75,residual_allocation,0.6137196280130279,-0.03444157675187198
1.0,policy::residual__topm__power1.25,residual_allocation,0.5975193291855794,-0.05064187557932054
1.0,policy::residual__topm__power1.5,residual_allocation,0.5882636785170858,-0.05989752624781408
1.0,policy::residual__topm__uniform0.02,residual_allocation,0.612957939196227,-0.035203265568672926
1.0,policy::residual__topm__uniform0.05,residual_allocation,0.6161343684379338,-0.032026836326966124
1.0,policy::residual__topm__uniform0.1,residual_allocation,0.6201000575645444,-0.028061147200355463
1.0,policy::residual__topm__uniform0.2,residual_allocation,0.619470014645319,-0.02869119011958088
1.0,policy::source_tau0.8__full__accept_clip0.02,source_temperature,0.620424578437486,-0.027736626327413916
1.0,policy::source_tau0.8__full__accept_clip0.05,source_temperature,0.6177434232030948,-0.03041778156180508
1.0,policy::source_tau0.8__full__accept_clip0.1,source_temperature,0.6153078210907184,-0.03285338367418156
1.0,policy::source_tau0.8__full__bonus1.25,source_temperature,0.6144428508655613,-0.03371835389933864
1.0,policy::source_tau0.8__full__bonus1.5,source_temperature,0.6154816075371918,-0.03267959722770808
1.0,policy::source_tau0.8__full__bonus2,source_temperature,0.6163933213825186,-0.031767883382381346
1.0,policy::source_tau0.8__full__bonus3,source_temperature,0.6171517279708378,-0.031009476794062074
1.0,policy::source_tau0.8__full__expected_mix0.25,source_temperature,0.621321514752977,-0.02683969001192288
1.0,policy::source_tau0.8__full__expected_mix0.5,source_temperature,0.6167818974196606,-0.031379307345239305
1.0,policy::source_tau0.8__full__expected_mix0.75,source_temperature,0.6104128890119629,-0.03774831575293702
1.0,policy::source_tau0.8__full__expected_rejection,source_temperature,0.6015138650072243,-0.046647339757675654
1.0,policy::source_tau0.8__full__h_tau0.8,source_temperature,0.6055059571827679,-0.042655247582132017
1.0,policy::source_tau0.8__full__h_tau0.9,source_temperature,0.6115907419985567,-0.03657046276634324
1.0,policy::source_tau0.8__full__h_tau1.1,source_temperature,0.6085397642987993,-0.03962144046610061
1.0,policy::source_tau0.8__full__h_tau1.25,source_temperature,0.5935348539558729,-0.054626350809027
1.0,policy::source_tau0.8__full__original,source_temperature,0.61317645234499,-0.03498475241990995
1.0,policy::source_tau0.8__full__power0.5,source_temperature,0.6141040996430254,-0.03405710512187454
1.0,policy::source_tau0.8__full__power0.75,source_temperature,0.6149476930243917,-0.03321351174050824
1.0,policy::source_tau0.8__full__power1.25,source_temperature,0.6071492996773011,-0.04101190508759878
1.0,policy::source_tau0.8__full__power1.5,source_temperature,0.6022136690615307,-0.04594753570336918
1.0,policy::source_tau0.8__full__uniform0.02,source_temperature,0.6187370731843269,-0.029424131580573
1.0,policy::source_tau0.8__full__uniform0.05,source_temperature,0.6207584225809124,-0.027402782183987506
1.0,policy::source_tau0.8__full__uniform0.1,source_temperature,0.6208047928518048,-0.027356411913095124
1.0,policy::source_tau0.8__full__uniform0.2,source_temperature,0.6172195619089761,-0.030941642855923823
1.0,policy::source_tau0.8__topm__accept_clip0.02,source_temperature,0.6186742558605927,-0.029486948904307253
1.0,policy::source_tau0.8__topm__accept_clip0.05,source_temperature,0.6167073244282032,-0.031453880336696716
1.0,policy::source_tau0.8__topm__accept_clip0.1,source_temperature,0.6133211829946679,-0.034840021770232044
1.0,policy::source_tau0.8__topm__bonus1.25,source_temperature,0.6133565976260251,-0.03480460713887479
1.0,policy::source_tau0.8__topm__bonus1.5,source_temperature,0.6144051565135171,-0.033756048251382786
1.0,policy::source_tau0.8__topm__bonus2,source_temperature,0.6153718277113608,-0.032789377053539126
1.0,policy::source_tau0.8__topm__bonus3,source_temperature,0.6166125436601084,-0.03154866110479149
1.0,policy::source_tau0.8__topm__expected_mix0.25,source_temperature,0.6199499336050592,-0.02821127115984068
1.0,policy::source_tau0.8__topm__expected_mix0.5,source_temperature,0.6156320318092126,-0.03252917295568736
1.0,policy::source_tau0.8__topm__expected_mix0.75,source_temperature,0.6089852430310561,-0.039175961733843856
1.0,policy::source_tau0.8__topm__expected_rejection,source_temperature,0.600038970030619,-0.0481222347342809
1.0,policy::source_tau0.8__topm__h_tau0.8,source_temperature,0.6047413739651113,-0.04341983079978862
1.0,policy::source_tau0.8__topm__h_tau0.9,source_temperature,0.6109852143883355,-0.03717599037656438
1.0,policy::source_tau0.8__topm__h_tau1.1,source_temperature,0.6072917411539022,-0.04086946361099775
1.0,policy::source_tau0.8__topm__h_tau1.25,source_temperature,0.5913025669769758,-0.056858637787924105
1.0,policy::source_tau0.8__topm__original,source_temperature,0.6120684540149862,-0.036092750749913693
1.0,policy::source_tau0.8__topm__power0.5,source_temperature,0.6133517281414033,-0.03480947662349665
1.0,policy::source_tau0.8__topm__power0.75,source_temperature,0.6141083330835504,-0.03405287168134952
1.0,policy::source_tau0.8__topm__power1.25,source_temperature,0.6066267514497782,-0.04153445331512173
1.0,policy::source_tau0.8__topm__power1.5,source_temperature,0.6012496006910095,-0.04691160407389039
1.0,policy::source_tau0.8__topm__uniform0.02,source_temperature,0.6168092400512785,-0.03135196471362145
1.0,policy::source_tau0.8__topm__uniform0.05,source_temperature,0.6186604234500737,-0.029500781314826252
1.0,policy::source_tau0.8__topm__uniform0.1,source_temperature,0.6191972406916179,-0.028963964073282056
1.0,policy::source_tau0.8__topm__uniform0.2,source_temperature,0.6160523445768049,-0.032108860188095
1.0,policy::source_tau0.9__full__accept_clip0.02,source_temperature,0.622781122162084,-0.02538008260281588
1.0,policy::source_tau0.9__full__accept_clip0.05,source_temperature,0.6218201085819679,-0.02634109618293201
1.0,policy::source_tau0.9__full__accept_clip0.1,source_temperature,0.6205193298984526,-0.027641874866447314
1.0,policy::source_tau0.9__full__bonus1.25,source_temperature,0.6161689712366462,-0.031992233528253755
1.0,policy::source_tau0.9__full__bonus1.5,source_temperature,0.6170143838636036,-0.03114682090129628
1.0,policy::source_tau0.9__full__bonus2,source_temperature,0.6188836663997996,-0.029277538365100275
1.0,policy::source_tau0.9__full__bonus3,source_temperature,0.6198849585209405,-0.028276246243959413
1.0,policy::source_tau0.9__full__expected_mix0.25,source_temperature,0.6269944411651671,-0.021166763599732796
1.0,policy::source_tau0.9__full__expected_mix0.5,source_temperature,0.622587716037587,-0.02557348872731291
1.0,policy::source_tau0.9__full__expected_mix0.75,source_temperature,0.6163070277566599,-0.03185417700824
1.0,policy::source_tau0.9__full__expected_rejection,source_temperature,0.6063012005826337,-0.04186000418226621
1.0,policy::source_tau0.9__full__h_tau0.8,source_temperature,0.601215708705008,-0.046945496059891956
1.0,policy::source_tau0.9__full__h_tau0.9,source_temperature,0.6120141164728619,-0.036147088292038054
1.0,policy::source_tau0.9__full__h_tau1.1,source_temperature,0.6113249490491334,-0.03683625571576654
1.0,policy::source_tau0.9__full__h_tau1.25,source_temperature,0.5964013530661125,-0.051759851698787385
1.0,policy::source_tau0.9__full__original,source_temperature,0.6145201445428515,-0.03364106022204838
1.0,policy::source_tau0.9__full__power0.5,source_temperature,0.619661845671449,-0.028499359093450916
1.0,policy::source_tau0.9__full__power0.75,source_temperature,0.6194471151330729,-0.028714089631826978
1.0,policy::source_tau0.9__full__power1.25,source_temperature,0.6079272233158339,-0.04023398144906598
1.0,policy::source_tau0.9__full__power1.5,source_temperature,0.5989887431400523,-0.04917246162484756
1.0,policy::source_tau0.9__full__uniform0.02,source_temperature,0.621329262052214,-0.026831942712685963
1.0,policy::source_tau0.9__full__uniform0.05,source_temperature,0.6247098487103693,-0.023451356054530637
1.0,policy::source_tau0.9__full__uniform0.1,source_temperature,0.6255255455173655,-0.022635659247534412
1.0,policy::source_tau0.9__full__uniform0.2,source_temperature,0.6229796907588265,-0.02518151400607338
1.0,policy::source_tau0.9__topm__accept_clip0.02,source_temperature,0.6198601279445262,-0.02830107682037375
1.0,policy::source_tau0.9__topm__accept_clip0.05,source_temperature,0.6188772223592403,-0.02928398240565966
1.0,policy::source_tau0.9__topm__accept_clip0.1,source_temperature,0.6169277836039468,-0.031233421160953068
1.0,policy::source_tau0.9__topm__bonus1.25,source_temperature,0.6139113282135193,-0.034249876551380565
1.0,policy::source_tau0.9__topm__bonus1.5,source_temperature,0.614802266126984,-0.03335893863791595
1.0,policy::source_tau0.9__topm__bonus2,source_temperature,0.6165009198310861,-0.03166028493381379
1.0,policy::source_tau0.9__topm__bonus3,source_temperature,0.6182642632219448,-0.02989694154295508
1.0,policy::source_tau0.9__topm__expected_mix0.25,source_temperature,0.6237987142562811,-0.024362490508618828
1.0,policy::source_tau0.9__topm__expected_mix0.5,source_temperature,0.6201216474273971,-0.02803955733750285
1.0,policy::source_tau0.9__topm__expected_mix0.75,source_temperature,0.6134568400757411,-0.03470436468915883
1.0,policy::source_tau0.9__topm__expected_rejection,source_temperature,0.6027493874648636,-0.045411817300036295
1.0,policy::source_tau0.9__topm__h_tau0.8,source_temperature,0.5989899156869074,-0.04917128907799251
1.0,policy::source_tau0.9__topm__h_tau0.9,source_temperature,0.6103728277071098,-0.037788377057790146
1.0,policy::source_tau0.9__topm__h_tau1.1,source_temperature,0.6088867511148592,-0.039274453650040675
1.0,policy::source_tau0.9__topm__h_tau1.25,source_temperature,0.5929780087598941,-0.055183196005005763
1.0,policy::source_tau0.9__topm__original,source_temperature,0.6121779175587928,-0.035983287206107106
1.0,policy::source_tau0.9__topm__power0.5,source_temperature,0.6176783543881404,-0.030482850376759463
1.0,policy::source_tau0.9__topm__power0.75,source_temperature,0.6174408781711812,-0.030720326593718705
1.0,policy::source_tau0.9__topm__power1.25,source_temperature,0.6059091463036044,-0.04225205846129554
1.0,policy::source_tau0.9__topm__power1.5,source_temperature,0.5976108730607316,-0.05055033170416834
1.0,policy::source_tau0.9__topm__uniform0.02,source_temperature,0.6186575103528131,-0.02950369441208678
1.0,policy::source_tau0.9__topm__uniform0.05,source_temperature,0.6212260870395803,-0.026935117725319646
1.0,policy::source_tau0.9__topm__uniform0.1,source_temperature,0.6227705401928301,-0.025390664572069843
1.0,policy::source_tau0.9__topm__uniform0.2,source_temperature,0.6204752012335383,-0.027686003531361636
1.0,policy::source_tau1.1__full__accept_clip0.02,source_temperature,0.6053683450006176,-0.042792859764282265
1.0,policy::source_tau1.1__full__accept_clip0.05,source_temperature,0.6081319781222522,-0.04002922664264774
1.0,policy::source_tau1.1__full__accept_clip0.1,source_temperature,0.6092871889375814,-0.03887401582731853
1.0,policy::source_tau1.1__full__bonus1.25,source_temperature,0.599566378234359,-0.048594826530540924
1.0,policy::source_tau1.1__full__bonus1.5,source_temperature,0.6008123621105491,-0.0473488426543508
1.0,policy::source_tau1.1__full__bonus2,source_temperature,0.6020450684386317,-0.04611613632626821
1.0,policy::source_tau1.1__full__bonus3,source_temperature,0.6036617168731642,-0.044499487891735745
1.0,policy::source_tau1.1__full__expected_mix0.25,source_temperature,0.6142438673139952,-0.03391733745090475
1.0,policy::source_tau1.1__full__expected_mix0.5,source_temperature,0.6134223662173923,-0.03473883854750759
1.0,policy::source_tau1.1__full__expected_mix0.75,source_temperature,0.6078791494062354,-0.04028205535866447
1.0,policy::source_tau1.1__full__expected_rejection,source_temperature,0.5960254534156783,-0.05213575134922166
1.0,policy::source_tau1.1__full__h_tau0.8,source_temperature,0.5746800262760154,-0.07348117848888447
1.0,policy::source_tau1.1__full__h_tau0.9,source_temperature,0.5913169880580699,-0.05684421670683004
1.0,policy::source_tau1.1__full__h_tau1.1,source_temperature,0.5979831393350107,-0.05017806542988923
1.0,policy::source_tau1.1__full__h_tau1.25,source_temperature,0.5850042087788623,-0.06315699598603763
1.0,policy::source_tau1.1__full__original,source_temperature,0.5979639567018692,-0.05019724806303072
1.0,policy::source_tau1.1__full__power0.5,source_temperature,0.6097395497462675,-0.03842165501863237
1.0,policy::source_tau1.1__full__power0.75,source_temperature,0.6063410586697235,-0.04182014609517637
1.0,policy::source_tau1.1__full__power1.25,source_temperature,0.5871369116940023,-0.06102429307089763
1.0,policy::source_tau1.1__full__power1.5,source_temperature,0.5765148218788729,-0.07164638288602698
1.0,policy::source_tau1.1__full__uniform0.02,source_temperature,0.6040689845350807,-0.04409222022981918
1.0,policy::source_tau1.1__full__uniform0.05,source_temperature,0.6090537177558506,-0.03910748700904931
1.0,policy::source_tau1.1__full__uniform0.1,source_temperature,0.6127780972143657,-0.0353831075505342
1.0,policy::source_tau1.1__full__uniform0.2,source_temperature,0.6155206423367461,-0.03264056242815383
1.0,policy::source_tau1.1__topm__accept_clip0.02,source_temperature,0.5994312672907571,-0.04872993747414278
1.0,policy::source_tau1.1__topm__accept_clip0.05,source_temperature,0.6022612435286783,-0.04589996123622164
1.0,policy::source_tau1.1__topm__accept_clip0.1,source_temperature,0.6025953726017781,-0.04556583216312182
1.0,policy::source_tau1.1__topm__bonus1.25,source_temperature,0.5954403868149561,-0.052720817949943766
1.0,policy::source_tau1.1__topm__bonus1.5,source_temperature,0.5966592459368101,-0.05150195882808983
1.0,policy::source_tau1.1__topm__bonus2,source_temperature,0.5986483381227717,-0.04951286664212817
1.0,policy::source_tau1.1__topm__bonus3,source_temperature,0.6008170225013749,-0.04734418226352499
1.0,policy::source_tau1.1__topm__expected_mix0.25,source_temperature,0.6093064357272585,-0.0388547690376414
1.0,policy::source_tau1.1__topm__expected_mix0.5,source_temperature,0.6073358646036284,-0.040825340161271484
1.0,policy::source_tau1.1__topm__expected_mix0.75,source_temperature,0.6010158820527177,-0.04714532271218219
1.0,policy::source_tau1.1__topm__expected_rejection,source_temperature,0.5876449524625387,-0.06051625230236124
1.0,policy::source_tau1.1__topm__h_tau0.8,source_temperature,0.5705773912076719,-0.07758381355722799
1.0,policy::source_tau1.1__topm__h_tau0.9,source_temperature,0.5864376761924214,-0.061723528572478537
1.0,policy::source_tau1.1__topm__h_tau1.1,source_temperature,0.5928154547815685,-0.055345749983331416
1.0,policy::source_tau1.1__topm__h_tau1.25,source_temperature,0.5773711580718066,-0.0707900466930933
1.0,policy::source_tau1.1__topm__original,source_temperature,0.593000955862619,-0.055160248902280884
1.0,policy::source_tau1.1__topm__power0.5,source_temperature,0.6059237366090531,-0.042237468155846836
1.0,policy::source_tau1.1__topm__power0.75,source_temperature,0.6021047043290809,-0.04605650043581899
1.0,policy::source_tau1.1__topm__power1.25,source_temperature,0.5827087135742133,-0.06545249119068663
1.0,policy::source_tau1.1__topm__power1.5,source_temperature,0.5719268860564677,-0.07623431870843222
1.0,policy::source_tau1.1__topm__uniform0.02,source_temperature,0.5983189242063403,-0.04984228055855966
1.0,policy::source_tau1.1__topm__uniform0.05,source_temperature,0.6033711048067183,-0.04479009995818162
1.0,policy::source_tau1.1__topm__uniform0.1,source_temperature,0.6085186088073189,-0.03964259595758102
1.0,policy::source_tau1.1__topm__uniform0.2,source_temperature,0.6105781272582229,-0.037583077506677
1.0,policy::twosided0.1__full__accept_clip0.02,bounded_subtraction,0.636564853559561,-0.011596351205338862
1.0,policy::twosided0.1__full__accept_clip0.05,bounded_subtraction,0.6392235590976887,-0.008937645667211225
1.0,policy::twosided0.1__full__accept_clip0.1,bounded_subtraction,0.6386016423381332,-0.009559562426766699
1.0,policy::twosided0.1__full__bonus1.25,bounded_subtraction,0.6281536015472031,-0.02000760321769679
1.0,policy::twosided0.1__full__bonus1.5,bounded_subtraction,0.6287984952379763,-0.01936270952692365
1.0,policy::twosided0.1__full__bonus2,bounded_subtraction,0.6298646529689135,-0.018296551795986438
1.0,policy::twosided0.1__full__bonus3,bounded_subtraction,0.6309321477338968,-0.01722905703100308
1.0,policy::twosided0.1__full__expected_mix0.25,bounded_subtraction,0.6435056411804368,-0.004655563584463063
1.0,policy::twosided0.1__full__expected_mix0.5,bounded_subtraction,0.6402491441874647,-0.00791206057743521
1.0,policy::twosided0.1__full__expected_mix0.75,bounded_subtraction,0.6324254391648086,-0.015735765600091267
1.0,policy::twosided0.1__full__expected_rejection,bounded_subtraction,0.619481603630898,-0.02867960113400192
1.0,policy::twosided0.1__full__h_tau0.8,bounded_subtraction,0.6064654347892063,-0.041695769975693575
1.0,policy::twosided0.1__full__h_tau0.9,bounded_subtraction,0.6206318579534373,-0.027529346811462574
1.0,policy::twosided0.1__full__h_tau1.1,bounded_subtraction,0.6262088187925178,-0.021952385972382138
1.0,policy::twosided0.1__full__h_tau1.25,bounded_subtraction,0.6124085555744333,-0.03575264919046661
1.0,policy::twosided0.1__full__original,bounded_subtraction,0.6264529680759339,-0.021708236688966043
1.0,policy::twosided0.1__full__power0.5,bounded_subtraction,0.6341318615229128,-0.014029343241987124
1.0,policy::twosided0.1__full__power0.75,bounded_subtraction,0.6334140177757709,-0.014747186989129024
1.0,policy::twosided0.1__full__power1.25,bounded_subtraction,0.6161309566101301,-0.03203024815476985
1.0,policy::twosided0.1__full__power1.5,bounded_subtraction,0.6060077024021904,-0.04215350236270954
1.0,policy::twosided0.1__full__uniform0.02,bounded_subtraction,0.6339114860598376,-0.014249718705062309
1.0,policy::twosided0.1__full__uniform0.05,bounded_subtraction,0.6387707085625214,-0.009390496202378529
1.0,policy::twosided0.1__full__uniform0.1,bounded_subtraction,0.6430767984273297,-0.005084406337570235
1.0,policy::twosided0.1__full__uniform0.2,bounded_subtraction,0.6429844757030335,-0.005176729061866392
1.0,policy::twosided0.1__topm__accept_clip0.02,bounded_subtraction,0.6324660378282385,-0.015695166936661398
1.0,policy::twosided0.1__topm__accept_clip0.05,bounded_subtraction,0.6358983392374513,-0.012262865527448596
1.0,policy::twosided0.1__topm__accept_clip0.1,bounded_subtraction,0.6332745883643677,-0.014886616400532238
1.0,policy::twosided0.1__topm__bonus1.25,bounded_subtraction,0.6256137585665239,-0.02254744619837601
1.0,policy::twosided0.1__topm__bonus1.5,bounded_subtraction,0.6268258900294226,-0.02133531473547734
1.0,policy::twosided0.1__topm__bonus2,bounded_subtraction,0.6279872438712113,-0.020173960893688614
1.0,policy::twosided0.1__topm__bonus3,bounded_subtraction,0.6291389068361255,-0.019022297928774412
1.0,policy::twosided0.1__topm__expected_mix0.25,bounded_subtraction,0.6391057002865885,-0.009055504478311382
1.0,policy::twosided0.1__topm__expected_mix0.5,bounded_subtraction,0.6359407557748005,-0.012220448990099442
1.0,policy::twosided0.1__topm__expected_mix0.75,bounded_subtraction,0.6289630803622182,-0.01919812440268176
1.0,policy::twosided0.1__topm__expected_rejection,bounded_subtraction,0.6148495448513338,-0.033311659913566105
1.0,policy::twosided0.1__topm__h_tau0.8,bounded_subtraction,0.603584503619311,-0.04457670114558887
1.0,policy::twosided0.1__topm__h_tau0.9,bounded_subtraction,0.6171679885873592,-0.030993216177540694
1.0,policy::twosided0.1__topm__h_tau1.1,bounded_subtraction,0.6228617800882357,-0.02529942467666424
1.0,policy::twosided0.1__topm__h_tau1.25,bounded_subtraction,0.6070484137199784,-0.04111279104492149
1.0,policy::twosided0.1__topm__original,bounded_subtraction,0.6238424387013,-0.02431876606359995
1.0,policy::twosided0.1__topm__power0.5,bounded_subtraction,0.6320062393253608,-0.016154965439539093
1.0,policy::twosided0.1__topm__power0.75,bounded_subtraction,0.6310864927692006,-0.01707471199569932
1.0,policy::twosided0.1__topm__power1.25,bounded_subtraction,0.6129457006242098,-0.03521550414069008
1.0,policy::twosided0.1__topm__power1.5,bounded_subtraction,0.6037731725537626,-0.044388032211137296
1.0,policy::twosided0.1__topm__uniform0.02,bounded_subtraction,0.6305600135098274,-0.017601191255072535
1.0,policy::twosided0.1__topm__uniform0.05,bounded_subtraction,0.6345870922469437,-0.01357411251795626
1.0,policy::twosided0.1__topm__uniform0.1,bounded_subtraction,0.6389530964551849,-0.009208108309714969
1.0,policy::twosided0.1__topm__uniform0.2,bounded_subtraction,0.6390524631861914,-0.009108741578708557
1.0,policy::twosided0.25__full__accept_clip0.02,bounded_subtraction,0.6356642122404361,-0.01249699252446379
1.0,policy::twosided0.25__full__accept_clip0.05,bounded_subtraction,0.6390226611633393,-0.009138543601560634
1.0,policy::twosided0.25__full__accept_clip0.1,bounded_subtraction,0.6387389529620058,-0.009422251802894133
1.0,policy::twosided0.25__full__bonus1.25,bounded_subtraction,0.6276898760422224,-0.02047132872267754
1.0,policy::twosided0.25__full__bonus1.5,bounded_subtraction,0.6284402919524656,-0.019720912812434266
1.0,policy::twosided0.25__full__bonus2,bounded_subtraction,0.6299725146057907,-0.018188690159109178
1.0,policy::twosided0.25__full__bonus3,bounded_subtraction,0.6311056100859433,-0.017055594678956565
1.0,policy::twosided0.25__full__expected_mix0.25,bounded_subtraction,0.6440103019231409,-0.004150902841759008
1.0,policy::twosided0.25__full__expected_mix0.5,bounded_subtraction,0.6420033152154724,-0.006157889549427531
1.0,policy::twosided0.25__full__expected_mix0.75,bounded_subtraction,0.6357213281585166,-0.012439876606383349
1.0,policy::twosided0.25__full__expected_rejection,bounded_subtraction,0.6221868112260626,-0.025974393538837348
1.0,policy::twosided0.25__full__h_tau0.8,bounded_subtraction,0.6023889800349244,-0.04577222472997555
1.0,policy::twosided0.25__full__h_tau0.9,bounded_subtraction,0.617780969044171,-0.0303802357207289
1.0,policy::twosided0.25__full__h_tau1.1,bounded_subtraction,0.6261505095353308,-0.02201069522956911
1.0,policy::twosided0.25__full__h_tau1.25,bounded_subtraction,0.6124848930465456,-0.03567631171835428
1.0,policy::twosided0.25__full__original,bounded_subtraction,0.6256296846131643,-0.02253152015173565
1.0,policy::twosided0.25__full__power0.5,bounded_subtraction,0.63486996347251,-0.0132912412923899
1.0,policy::twosided0.25__full__power0.75,bounded_subtraction,0.6326803432868123,-0.015480861478087582
1.0,policy::twosided0.25__full__power1.25,bounded_subtraction,0.6147152374223772,-0.0334459673425227
1.0,policy::twosided0.25__full__power1.5,bounded_subtraction,0.6037473430732148,-0.04441386169168515
1.0,policy::twosided0.25__full__uniform0.02,bounded_subtraction,0.6324939091138424,-0.01566729565105751
1.0,policy::twosided0.25__full__uniform0.05,bounded_subtraction,0.637555797031753,-0.010605407733146888
1.0,policy::twosided0.25__full__uniform0.1,bounded_subtraction,0.643487732387475,-0.004673472377424881
1.0,policy::twosided0.25__full__uniform0.2,bounded_subtraction,0.6450878146491621,-0.0030733901157378174
1.0,policy::twosided0.25__topm__accept_clip0.02,bounded_subtraction,0.6299239159537203,-0.018237288811179586
1.0,policy::twosided0.25__topm__accept_clip0.05,bounded_subtraction,0.6351761880925748,-0.0129850166723251
1.0,policy::twosided0.25__topm__accept_clip0.1,bounded_subtraction,0.6344775106604182,-0.01368369410448167
1.0,policy::twosided0.25__topm__bonus1.25,bounded_subtraction,0.6234764841102831,-0.0246847206546168
1.0,policy::twosided0.25__topm__bonus1.5,bounded_subtraction,0.6249834471334903,-0.023177757631409612
1.0,policy::twosided0.25__topm__bonus2,bounded_subtraction,0.6266995372380528,-0.021461667526847084
1.0,policy::twosided0.25__topm__bonus3,bounded_subtraction,0.6282327419230134,-0.01992846284188654
1.0,policy::twosided0.25__topm__expected_mix0.25,bounded_subtraction,0.6400824210083038,-0.008078783756596097
1.0,policy::twosided0.25__topm__expected_mix0.5,bounded_subtraction,0.6371393755668809,-0.011021829198018973
1.0,policy::twosided0.25__topm__expected_mix0.75,bounded_subtraction,0.6319569256331167,-0.01620427913178324
1.0,policy::twosided0.25__topm__expected_rejection,bounded_subtraction,0.6171405329555599,-0.031020671809339984
1.0,policy::twosided0.25__topm__h_tau0.8,bounded_subtraction,0.5993417993880847,-0.04881940537681517
1.0,policy::twosided0.25__topm__h_tau0.9,bounded_subtraction,0.6145303198979317,-0.03363088486696819
1.0,policy::twosided0.25__topm__h_tau1.1,bounded_subtraction,0.6217268781930226,-0.026434326571877276
1.0,policy::twosided0.25__topm__h_tau1.25,bounded_subtraction,0.6079307282215032,-0.04023047654339673
1.0,policy::twosided0.25__topm__original,bounded_subtraction,0.621044601737431,-0.027116603027468877
1.0,policy::twosided0.25__topm__power0.5,bounded_subtraction,0.63223384378705,-0.015927360977849858
1.0,policy::twosided0.25__topm__power0.75,bounded_subtraction,0.6293232160181699,-0.01883798874673004
1.0,policy::twosided0.25__topm__power1.25,bounded_subtraction,0.6100708618859577,-0.038090342878942196
1.0,policy::twosided0.25__topm__power1.5,bounded_subtraction,0.601000951358262,-0.047160253406637875
1.0,policy::twosided0.25__topm__uniform0.02,bounded_subtraction,0.6278658621795067,-0.020295342585393228
1.0,policy::twosided0.25__topm__uniform0.05,bounded_subtraction,0.6332934031009894,-0.014867801663910551
1.0,policy::twosided0.25__topm__uniform0.1,bounded_subtraction,0.6389809173100174,-0.00918028745488253
1.0,policy::twosided0.25__topm__uniform0.2,bounded_subtraction,0.64134179390481,-0.006819410860089858
1.0,policy::twosided0.5__full__accept_clip0.02,bounded_subtraction,0.6275806718991173,-0.020580532865782653
1.0,policy::twosided0.5__full__accept_clip0.05,bounded_subtraction,0.6329792802671798,-0.015181924497720156
1.0,policy::twosided0.5__full__accept_clip0.1,bounded_subtraction,0.6335250541217394,-0.014636150643160484
1.0,policy::twosided0.5__full__bonus1.25,bounded_subtraction,0.6214745535580714,-0.02668665120682856
1.0,policy::twosided0.5__full__bonus1.5,bounded_subtraction,0.6226183675332342,-0.025542837231665727
1.0,policy::twosided0.5__full__bonus2,bounded_subtraction,0.6244019485712984,-0.02375925619360153
1.0,policy::twosided0.5__full__bonus3,bounded_subtraction,0.6262190780855774,-0.021942126679322493
1.0,policy::twosided0.5__full__expected_mix0.25,bounded_subtraction,0.63826207241674,-0.009899132348159867
1.0,policy::twosided0.5__full__expected_mix0.5,bounded_subtraction,0.6373034908685966,-0.0108577138963033
1.0,policy::twosided0.5__full__expected_mix0.75,bounded_subtraction,0.6311121638481473,-0.017049040916752634
1.0,policy::twosided0.5__full__expected_rejection,bounded_subtraction,0.6176457638510232,-0.0305154409138767
1.0,policy::twosided0.5__full__h_tau0.8,bounded_subtraction,0.5959676126709923,-0.052193592093907615
1.0,policy::twosided0.5__full__h_tau0.9,bounded_subtraction,0.6111345970984992,-0.03702660766640076
1.0,policy::twosided0.5__full__h_tau1.1,bounded_subtraction,0.6202868734375971,-0.02787433132730277
1.0,policy::twosided0.5__full__h_tau1.25,bounded_subtraction,0.6068874279242931,-0.041273776840606846
1.0,policy::twosided0.5__full__original,bounded_subtraction,0.6194689089644037,-0.02869229580049626
1.0,policy::twosided0.5__full__power0.5,bounded_subtraction,0.6311789213196815,-0.01698228344521846
1.0,policy::twosided0.5__full__power0.75,bounded_subtraction,0.6274023960783335,-0.020758808686566432
1.0,policy::twosided0.5__full__power1.25,bounded_subtraction,0.6078285252138618,-0.04033267955103814
1.0,policy::twosided0.5__full__power1.5,bounded_subtraction,0.5966933131381151,-0.05146789162678478
1.0,policy::twosided0.5__full__uniform0.02,bounded_subtraction,0.6264629262770389,-0.02169827848786099
1.0,policy::twosided0.5__full__uniform0.05,bounded_subtraction,0.632411790345055,-0.015749414419844898
1.0,policy::twosided0.5__full__uniform0.1,bounded_subtraction,0.6370226706682125,-0.011138534096687414
1.0,policy::twosided0.5__full__uniform0.2,bounded_subtraction,0.6406451250121102,-0.007516079752789673
1.0,policy::twosided0.5__topm__accept_clip0.02,bounded_subtraction,0.6234133963094711,-0.024747808455428788
1.0,policy::twosided0.5__topm__accept_clip0.05,bounded_subtraction,0.6294006982277212,-0.018760506537178756
1.0,policy::twosided0.5__topm__accept_clip0.1,bounded_subtraction,0.6302454658065425,-0.017915738958357408
1.0,policy::twosided0.5__topm__bonus1.25,bounded_subtraction,0.6176521153673898,-0.03050908939751007
1.0,policy::twosided0.5__topm__bonus1.5,bounded_subtraction,0.6194703622219254,-0.028690842542974493
1.0,policy::twosided0.5__topm__bonus2,bounded_subtraction,0.6217214564910533,-0.026439748273846653
1.0,policy::twosided0.5__topm__bonus3,bounded_subtraction,0.6240085275844353,-0.024152677180464655
1.0,policy::twosided0.5__topm__expected_mix0.25,bounded_subtraction,0.6347619860813896,-0.01339921868351035
1.0,policy::twosided0.5__topm__expected_mix0.5,bounded_subtraction,0.6333412639707982,-0.01481994079410176
1.0,policy::twosided0.5__topm__expected_mix0.75,bounded_subtraction,0.6269889336834598,-0.021172271081440153
1.0,policy::twosided0.5__topm__expected_rejection,bounded_subtraction,0.6132663565239553,-0.034894848240944576
1.0,policy::twosided0.5__topm__h_tau0.8,bounded_subtraction,0.5918255059779758,-0.05633569878692413
1.0,policy::twosided0.5__topm__h_tau0.9,bounded_subtraction,0.6076177462262826,-0.040543458538617294
1.0,policy::twosided0.5__topm__h_tau1.1,bounded_subtraction,0.6164443543388933,-0.03171685042600658
1.0,policy::twosided0.5__topm__h_tau1.25,bounded_subtraction,0.6024577704810936,-0.0457034342838063
1.0,policy::twosided0.5__topm__original,bounded_subtraction,0.6156288844405204,-0.03253232032437947
1.0,policy::twosided0.5__topm__power0.5,bounded_subtraction,0.6286691210974369,-0.019492083667463023
1.0,policy::twosided0.5__topm__power0.75,bounded_subtraction,0.6246646566424996,-0.023496548122400318
1.0,policy::twosided0.5__topm__power1.25,bounded_subtraction,0.6045941599816724,-0.04356704478322748
1.0,policy::twosided0.5__topm__power1.5,bounded_subtraction,0.5939080953738604,-0.054253109391039556
1.0,policy::twosided0.5__topm__uniform0.02,bounded_subtraction,0.6224603762403871,-0.02570082852451283
1.0,policy::twosided0.5__topm__uniform0.05,bounded_subtraction,0.6278661648267657,-0.020295039938134196
1.0,policy::twosided0.5__topm__uniform0.1,bounded_subtraction,0.6330127847006384,-0.015148420064261536
1.0,policy::twosided0.5__topm__uniform0.2,bounded_subtraction,0.6380782311104473,-0.010082973654452654
1.0,policy::twosided1__full__accept_clip0.02,bounded_subtraction,0.6141998383035979,-0.03396136646130199
1.0,policy::twosided1__full__accept_clip0.05,bounded_subtraction,0.6202068385360081,-0.027954366228891803
1.0,policy::twosided1__full__accept_clip0.1,bounded_subtraction,0.6226456267855621,-0.02551557797933779
1.0,policy::twosided1__full__bonus1.25,bounded_subtraction,0.6093946780311477,-0.03876652673375225
1.0,policy::twosided1__full__bonus1.5,bounded_subtraction,0.6108284028162423,-0.037332801948657623
1.0,policy::twosided1__full__bonus2,bounded_subtraction,0.6130469850272525,-0.03511421973764739
1.0,policy::twosided1__full__bonus3,bounded_subtraction,0.614764944691222,-0.03339626007367791
1.0,policy::twosided1__full__expected_mix0.25,bounded_subtraction,0.6270967644055948,-0.021064440359305103
1.0,policy::twosided1__full__expected_mix0.5,bounded_subtraction,0.6258202614602595,-0.022340943304640426
1.0,policy::twosided1__full__expected_mix0.75,bounded_subtraction,0.620482684659248,-0.02767852010565186
1.0,policy::twosided1__full__expected_rejection,bounded_subtraction,0.6058648329557034,-0.04229637180919654
1.0,policy::twosided1__full__h_tau0.8,bounded_subtraction,0.5827501747538333,-0.06541103001106663
1.0,policy::twosided1__full__h_tau0.9,bounded_subtraction,0.5995643260629634,-0.04859687870193652
1.0,policy::twosided1__full__h_tau1.1,bounded_subtraction,0.6090063123514307,-0.039154892413469256
1.0,policy::twosided1__full__h_tau1.25,bounded_subtraction,0.5963287885500657,-0.051832416214834254
1.0,policy::twosided1__full__original,bounded_subtraction,0.6074963240013518,-0.04066488076354813
1.0,policy::twosided1__full__power0.5,bounded_subtraction,0.6205771157820795,-0.027584088982820387
1.0,policy::twosided1__full__power0.75,bounded_subtraction,0.6176710623557978,-0.030490142409102083
1.0,policy::twosided1__full__power1.25,bounded_subtraction,0.5955282485816222,-0.05263295618327768
1.0,policy::twosided1__full__power1.5,bounded_subtraction,0.5840245819985145,-0.06413662276638543
1.0,policy::twosided1__full__uniform0.02,bounded_subtraction,0.6139716661157105,-0.03418953864918939
1.0,policy::twosided1__full__uniform0.05,bounded_subtraction,0.6196749022271937,-0.028486302537706232
1.0,policy::twosided1__full__uniform0.1,bounded_subtraction,0.6236112056287664,-0.024549999136133538
1.0,policy::twosided1__full__uniform0.2,bounded_subtraction,0.6286811004485036,-0.01948010431639635
1.0,policy::twosided1__topm__accept_clip0.02,bounded_subtraction,0.6099177201602345,-0.03824348460466542
1.0,policy::twosided1__topm__accept_clip0.05,bounded_subtraction,0.6161108525772092,-0.0320503521876907
1.0,policy::twosided1__topm__accept_clip0.1,bounded_subtraction,0.6179015642694456,-0.030259640495454265
1.0,policy::twosided1__topm__bonus1.25,bounded_subtraction,0.6059964477002795,-0.04216475706462042
1.0,policy::twosided1__topm__bonus1.5,bounded_subtraction,0.6078055134016827,-0.04035569136321726
1.0,policy::twosided1__topm__bonus2,bounded_subtraction,0.6097113079627321,-0.038449896802167816
1.0,policy::twosided1__topm__bonus3,bounded_subtraction,0.6117137174567523,-0.03644748730814762
1.0,policy::twosided1__topm__expected_mix0.25,bounded_subtraction,0.622900331138894,-0.02526087362600593
1.0,policy::twosided1__topm__expected_mix0.5,bounded_subtraction,0.6224856359672226,-0.025675568797677295
1.0,policy::twosided1__topm__expected_mix0.75,bounded_subtraction,0.6165350052441232,-0.03162619952077672
1.0,policy::twosided1__topm__expected_rejection,bounded_subtraction,0.6010015478439694,-0.04715965692093049
1.0,policy::twosided1__topm__h_tau0.8,bounded_subtraction,0.5792530140725752,-0.06890819069232468
1.0,policy::twosided1__topm__h_tau0.9,bounded_subtraction,0.5963025430139964,-0.05185866175090348
1.0,policy::twosided1__topm__h_tau1.1,bounded_subtraction,0.6052564905071846,-0.04290471425771536
1.0,policy::twosided1__topm__h_tau1.25,bounded_subtraction,0.5920820990773278,-0.05607910568757213
1.0,policy::twosided1__topm__original,bounded_subtraction,0.6033269621729369,-0.044834242591963
1.0,policy::twosided1__topm__power0.5,bounded_subtraction,0.6194409399970637,-0.02872026476783618
1.0,policy::twosided1__topm__power0.75,bounded_subtraction,0.6139164140142062,-0.034244790750693754
1.0,policy::twosided1__topm__power1.25,bounded_subtraction,0.5921904979033541,-0.055970706861545816
1.0,policy::twosided1__topm__power1.5,bounded_subtraction,0.5811951582353883,-0.06696604652951166
1.0,policy::twosided1__topm__uniform0.02,bounded_subtraction,0.6097849547116686,-0.03837625005323131
1.0,policy::twosided1__topm__uniform0.05,bounded_subtraction,0.6156339607657715,-0.03252724399912843
1.0,policy::twosided1__topm__uniform0.1,bounded_subtraction,0.6197800565290518,-0.02838114823584814
1.0,policy::twosided1__topm__uniform0.2,bounded_subtraction,0.6248729144149572,-0.02328829034994273
1.0,policy::uncertainty0.01__full__accept_clip0.02,bounded_subtraction,0.6377694595701475,-0.010391745194752389
1.0,policy::uncertainty0.01__full__accept_clip0.05,bounded_subtraction,0.6417590183091331,-0.006402186455766845
1.0,policy::uncertainty0.01__full__accept_clip0.1,bounded_subtraction,0.6419127833692608,-0.006248421395639081
1.0,policy::uncertainty0.01__full__bonus1.25,bounded_subtraction,0.6297607498992851,-0.018400454865614813
1.0,policy::uncertainty0.01__full__bonus1.5,bounded_subtraction,0.6304631315400707,-0.01769807322482919
1.0,policy::uncertainty0.01__full__bonus2,bounded_subtraction,0.6310893690003729,-0.017071835764526977
1.0,policy::uncertainty0.01__full__bonus3,bounded_subtraction,0.6307369598586707,-0.01742424490622918
1.0,policy::uncertainty0.01__full__expected_mix0.25,bounded_subtraction,0.6420506402720414,-0.006110564492858517
1.0,policy::uncertainty0.01__full__expected_mix0.5,bounded_subtraction,0.6375883481280353,-0.01057285663686458
1.0,policy::uncertainty0.01__full__expected_mix0.75,bounded_subtraction,0.6301929338491726,-0.01796827091572728
1.0,policy::uncertainty0.01__full__expected_rejection,bounded_subtraction,0.6186059809926462,-0.029555223772253725
1.0,policy::uncertainty0.01__full__h_tau0.8,bounded_subtraction,0.6116175965104333,-0.036543608254466564
1.0,policy::uncertainty0.01__full__h_tau0.9,bounded_subtraction,0.6251451443156405,-0.023016060449259412
1.0,policy::uncertainty0.01__full__h_tau1.1,bounded_subtraction,0.62860385526089,-0.01955734950400989
1.0,policy::uncertainty0.01__full__h_tau1.25,bounded_subtraction,0.6151984647597626,-0.032962740005137325
1.0,policy::uncertainty0.01__full__original,bounded_subtraction,0.6288781820548279,-0.019283022710071984
1.0,policy::uncertainty0.01__full__power0.5,bounded_subtraction,0.6337200696859088,-0.01444113507899114
1.0,policy::uncertainty0.01__full__power0.75,bounded_subtraction,0.6345950234414978,-0.013566181323402149
1.0,policy::uncertainty0.01__full__power1.25,bounded_subtraction,0.6206164751884011,-0.027544729576498783
1.0,policy::uncertainty0.01__full__power1.5,bounded_subtraction,0.6092882615754408,-0.03887294318945911
1.0,policy::uncertainty0.01__full__uniform0.02,bounded_subtraction,0.635432203137617,-0.012729001627282965
1.0,policy::uncertainty0.01__full__uniform0.05,bounded_subtraction,0.6394395177457084,-0.008721687019191515
1.0,policy::uncertainty0.01__full__uniform0.1,bounded_subtraction,0.6420894947421336,-0.006071710022766297
1.0,policy::uncertainty0.01__full__uniform0.2,bounded_subtraction,0.6421674018624377,-0.005993802902462209
1.0,policy::uncertainty0.01__topm__accept_clip0.02,bounded_subtraction,0.630314645596835,-0.01784655916806488
1.0,policy::uncertainty0.01__topm__accept_clip0.05,bounded_subtraction,0.6317163479868528,-0.01644485677804708
1.0,policy::uncertainty0.01__topm__accept_clip0.1,bounded_subtraction,0.6295061656227784,-0.01865503914212152
1.0,policy::uncertainty0.01__topm__bonus1.25,bounded_subtraction,0.625121826581016,-0.023039378183883907
1.0,policy::uncertainty0.01__topm__bonus1.5,bounded_subtraction,0.6258310740956543,-0.022330130669245607
1.0,policy::uncertainty0.01__topm__bonus2,bounded_subtraction,0.6277256125682988,-0.02043559219660107
1.0,policy::uncertainty0.01__topm__bonus3,bounded_subtraction,0.6282574035951743,-0.019903801169725566
1.0,policy::uncertainty0.01__topm__expected_mix0.25,bounded_subtraction,0.6343949642688718,-0.013766240496028148
1.0,policy::uncertainty0.01__topm__expected_mix0.5,bounded_subtraction,0.629680277437486,-0.01848092732741391
1.0,policy::uncertainty0.01__topm__expected_mix0.75,bounded_subtraction,0.6197988239964962,-0.028362380768403694
1.0,policy::uncertainty0.01__topm__expected_rejection,bounded_subtraction,0.604388005803369,-0.04377319896153087
1.0,policy::uncertainty0.01__topm__h_tau0.8,bounded_subtraction,0.6049518172769828,-0.04320938748791714
1.0,policy::uncertainty0.01__topm__h_tau0.9,bounded_subtraction,0.6182006781923522,-0.029960526572547663
1.0,policy::uncertainty0.01__topm__h_tau1.1,bounded_subtraction,0.6210637877002134,-0.02709741706468649
1.0,policy::uncertainty0.01__topm__h_tau1.25,bounded_subtraction,0.6038257925124938,-0.044335412252406114
1.0,policy::uncertainty0.01__topm__original,bounded_subtraction,0.6232493720104192,-0.024911832754480723
1.0,policy::uncertainty0.01__topm__power0.5,bounded_subtraction,0.6278773668588842,-0.020283837906015734
1.0,policy::uncertainty0.01__topm__power0.75,bounded_subtraction,0.6296258738232432,-0.018535330941656714
1.0,policy::uncertainty0.01__topm__power1.25,bounded_subtraction,0.6139582338228922,-0.03420297094200775
1.0,policy::uncertainty0.01__topm__power1.5,bounded_subtraction,0.6047820902720017,-0.04337911449289822
1.0,policy::uncertainty0.01__topm__uniform0.02,bounded_subtraction,0.6298951439867086,-0.018266060778191262
1.0,policy::uncertainty0.01__topm__uniform0.05,bounded_subtraction,0.632573476255084,-0.015587728509815935
1.0,policy::uncertainty0.01__topm__uniform0.1,bounded_subtraction,0.6354456167285166,-0.012715588036383285
1.0,policy::uncertainty0.01__topm__uniform0.2,bounded_subtraction,0.633371358859298,-0.01478984590560195
1.0,policy::uncertainty0.03__full__accept_clip0.02,bounded_subtraction,0.6472697743087494,-0.0008914304561504771
1.0,policy::uncertainty0.03__full__accept_clip0.05,bounded_subtraction,0.6529370171228372,0.004775812357937337
1.0,policy::uncertainty0.03__full__accept_clip0.1,bounded_subtraction,0.6554865804936998,0.007325375728799877
1.0,policy::uncertainty0.03__full__bonus1.25,bounded_subtraction,0.63928179856901,-0.008879406195889894
1.0,policy::uncertainty0.03__full__bonus1.5,bounded_subtraction,0.6392242165009877,-0.008936988263912204
1.0,policy::uncertainty0.03__full__bonus2,bounded_subtraction,0.6391929512111176,-0.00896825355378228
1.0,policy::uncertainty0.03__full__bonus3,bounded_subtraction,0.6385979566832699,-0.009563248081630005
1.0,policy::uncertainty0.03__full__expected_mix0.25,bounded_subtraction,0.6546777463251522,0.006516541560252276
1.0,policy::uncertainty0.03__full__expected_mix0.5,bounded_subtraction,0.6520807936012125,0.003919588836312604
1.0,policy::uncertainty0.03__full__expected_mix0.75,bounded_subtraction,0.6457567384518723,-0.002404466313027598
1.0,policy::uncertainty0.03__full__expected_rejection,bounded_subtraction,0.6301587529284278,-0.01800245183647209
1.0,policy::uncertainty0.03__full__h_tau0.8,bounded_subtraction,0.620005544039302,-0.028155660725597942
1.0,policy::uncertainty0.03__full__h_tau0.9,bounded_subtraction,0.6338434944776157,-0.014317710287284235
1.0,policy::uncertainty0.03__full__h_tau1.1,bounded_subtraction,0.6384926534389747,-0.009668551325925256
1.0,policy::uncertainty0.03__full__h_tau1.25,bounded_subtraction,0.6284351629819647,-0.019726041782935244
1.0,policy::uncertainty0.03__full__original,bounded_subtraction,0.6387235948304457,-0.009437609934454194
1.0,policy::uncertainty0.03__full__power0.5,bounded_subtraction,0.646503636508436,-0.0016575682564639038
1.0,policy::uncertainty0.03__full__power0.75,bounded_subtraction,0.6453609672722702,-0.002800237492629698
1.0,policy::uncertainty0.03__full__power1.25,bounded_subtraction,0.6293416700399225,-0.018819534724977438
1.0,policy::uncertainty0.03__full__power1.5,bounded_subtraction,0.6177527386229875,-0.030408466141912394
1.0,policy::uncertainty0.03__full__uniform0.02,bounded_subtraction,0.6459023156257201,-0.0022588891391798205
1.0,policy::uncertainty0.03__full__uniform0.05,bounded_subtraction,0.6500474323059116,0.0018862275410116425
1.0,policy::uncertainty0.03__full__uniform0.1,bounded_subtraction,0.6531221266351687,0.004960921870268753
1.0,policy::uncertainty0.03__full__uniform0.2,bounded_subtraction,0.6546566448681751,0.006495440103275185
1.0,policy::uncertainty0.03__topm__accept_clip0.02,bounded_subtraction,0.6397443354564311,-0.008416869308468855
1.0,policy::uncertainty0.03__topm__accept_clip0.05,bounded_subtraction,0.6428417707397097,-0.005319434025190195
1.0,policy::uncertainty0.03__topm__accept_clip0.1,bounded_subtraction,0.6414924458084573,-0.006668758956442589
1.0,policy::uncertainty0.03__topm__bonus1.25,bounded_subtraction,0.632861261542632,-0.015299943222267909
1.0,policy::uncertainty0.03__topm__bonus1.5,bounded_subtraction,0.6341142695010769,-0.014046935263823057
1.0,policy::uncertainty0.03__topm__bonus2,bounded_subtraction,0.6360317307429673,-0.012129474021932651
1.0,policy::uncertainty0.03__topm__bonus3,bounded_subtraction,0.6371754863850814,-0.010985718379818543
1.0,policy::uncertainty0.03__topm__expected_mix0.25,bounded_subtraction,0.6479926450449655,-0.00016855971993445795
1.0,policy::uncertainty0.03__topm__expected_mix0.5,bounded_subtraction,0.645026470918183,-0.0031347338467169195
1.0,policy::uncertainty0.03__topm__expected_mix0.75,bounded_subtraction,0.6358886672773962,-0.012272537487503676
1.0,policy::uncertainty0.03__topm__expected_rejection,bounded_subtraction,0.6162548118797087,-0.03190639288519126
1.0,policy::uncertainty0.03__topm__h_tau0.8,bounded_subtraction,0.6093766569108751,-0.03878454785402485
1.0,policy::uncertainty0.03__topm__h_tau0.9,bounded_subtraction,0.6239968875399453,-0.0241643172249546
1.0,policy::uncertainty0.03__topm__h_tau1.1,bounded_subtraction,0.6293545698689318,-0.018806634895968122
1.0,policy::uncertainty0.03__topm__h_tau1.25,bounded_subtraction,0.6128357187303962,-0.035325486034503695
1.0,policy::uncertainty0.03__topm__original,bounded_subtraction,0.6308784376988239,-0.01728276706607601
1.0,policy::uncertainty0.03__topm__power0.5,bounded_subtraction,0.6410706195395548,-0.007090585225345114
1.0,policy::uncertainty0.03__topm__power0.75,bounded_subtraction,0.6387966460187556,-0.00936455874614428
1.0,policy::uncertainty0.03__topm__power1.25,bounded_subtraction,0.6201155388810686,-0.028045665883831283
1.0,policy::uncertainty0.03__topm__power1.5,bounded_subtraction,0.6087829641926874,-0.03937824057221251
1.0,policy::uncertainty0.03__topm__uniform0.02,bounded_subtraction,0.6374476488101435,-0.010713555954756426
1.0,policy::uncertainty0.03__topm__uniform0.05,bounded_subtraction,0.642966343694504,-0.005194861070395906
1.0,policy::uncertainty0.03__topm__uniform0.1,bounded_subtraction,0.6477615475172823,-0.0003996572476175908
1.0,policy::uncertainty0.03__topm__uniform0.2,bounded_subtraction,0.648052290528266,-0.00010891423663395017
1.0,policy::uncertainty0.1__full__accept_clip0.02,bounded_subtraction,0.6501018734856314,0.0019406687207315088
1.0,policy::uncertainty0.1__full__accept_clip0.05,bounded_subtraction,0.6560394100040379,0.007878205239137959
1.0,policy::uncertainty0.1__full__accept_clip0.1,bounded_subtraction,0.6609957502173867,0.012834545452486745
1.0,policy::uncertainty0.1__full__bonus1.25,bounded_subtraction,0.6427064964632218,-0.005454708301678157
1.0,policy::uncertainty0.1__full__bonus1.5,bounded_subtraction,0.6429157267140919,-0.0052454780508079946
1.0,policy::uncertainty0.1__full__bonus2,bounded_subtraction,0.6429190835186845,-0.00524212124621537
1.0,policy::uncertainty0.1__full__bonus3,bounded_subtraction,0.6413537320778289,-0.006807472687071048
1.0,policy::uncertainty0.1__full__expected_mix0.25,bounded_subtraction,0.6583262665415636,0.010165061776663653
1.0,policy::uncertainty0.1__full__expected_mix0.5,bounded_subtraction,0.6586895965725466,0.010528391807646642
1.0,policy::uncertainty0.1__full__expected_mix0.75,bounded_subtraction,0.6543299625316271,0.0061687577667272064
1.0,policy::uncertainty0.1__full__expected_rejection,bounded_subtraction,0.6382115298126327,-0.009949674952267173
1.0,policy::uncertainty0.1__full__h_tau0.8,bounded_subtraction,0.6222747469535391,-0.025886457811360786
1.0,policy::uncertainty0.1__full__h_tau0.9,bounded_subtraction,0.6355036180202348,-0.012657586744665106
1.0,policy::uncertainty0.1__full__h_tau1.1,bounded_subtraction,0.6447048330617766,-0.0034563717031232954
1.0,policy::uncertainty0.1__full__h_tau1.25,bounded_subtraction,0.6357871728230482,-0.012374031941851715
1.0,policy::uncertainty0.1__full__original,bounded_subtraction,0.6423848272659248,-0.005776377498975083
1.0,policy::uncertainty0.1__full__power0.5,bounded_subtraction,0.6539969516055335,0.005835746840633593
1.0,policy::uncertainty0.1__full__power0.75,bounded_subtraction,0.6518774639553024,0.0037162591904025266
1.0,policy::uncertainty0.1__full__power1.25,bounded_subtraction,0.632837185812912,-0.015324018951987872
1.0,policy::uncertainty0.1__full__power1.5,bounded_subtraction,0.6197661034691136,-0.028395101295786263
1.0,policy::uncertainty0.1__full__uniform0.02,bounded_subtraction,0.6489232152595639,0.0007620104946639561
1.0,policy::uncertainty0.1__full__uniform0.05,bounded_subtraction,0.6525516649989697,0.0043904602340697485
1.0,policy::uncertainty0.1__full__uniform0.1,bounded_subtraction,0.6565559197679512,0.008394715003051334
1.0,policy::uncertainty0.1__full__uniform0.2,bounded_subtraction,0.6590678751310056,0.010906670366105709
1.0,policy::uncertainty0.1__topm__accept_clip0.02,bounded_subtraction,0.6396980064408797,-0.008463198324020205
1.0,policy::uncertainty0.1__topm__accept_clip0.05,bounded_subtraction,0.6470091469484374,-0.0011520578164625483
1.0,policy::uncertainty0.1__topm__accept_clip0.1,bounded_subtraction,0.6503041292298222,0.002142924464922258
1.0,policy::uncertainty0.1__topm__bonus1.25,bounded_subtraction,0.6356290485433382,-0.012532156221561674
1.0,policy::uncertainty0.1__topm__bonus1.5,bounded_subtraction,0.6373486973087802,-0.010812507456119724
1.0,policy::uncertainty0.1__topm__bonus2,bounded_subtraction,0.6395971054060234,-0.008564099358876476
1.0,policy::uncertainty0.1__topm__bonus3,bounded_subtraction,0.6418009636154003,-0.006360241149499624
1.0,policy::uncertainty0.1__topm__expected_mix0.25,bounded_subtraction,0.654590943188986,0.006429738424086118
1.0,policy::uncertainty0.1__topm__expected_mix0.5,bounded_subtraction,0.6565792871135372,0.008418082348637279
1.0,policy::uncertainty0.1__topm__expected_mix0.75,bounded_subtraction,0.649020956046355,0.0008597512814551012
1.0,policy::uncertainty0.1__topm__expected_rejection,bounded_subtraction,0.6308653589100046,-0.017295845854895298
1.0,policy::uncertainty0.1__topm__h_tau0.8,bounded_subtraction,0.6060995392599368,-0.04206166550496315
1.0,policy::uncertainty0.1__topm__h_tau0.9,bounded_subtraction,0.6238402869009156,-0.02432091786398427
1.0,policy::uncertainty0.1__topm__h_tau1.1,bounded_subtraction,0.6335079537207945,-0.01465325104410542
1.0,policy::uncertainty0.1__topm__h_tau1.25,bounded_subtraction,0.616403422350176,-0.031757782414723934
1.0,policy::uncertainty0.1__topm__original,bounded_subtraction,0.6329135156739566,-0.015247689090943317
1.0,policy::uncertainty0.1__topm__power0.5,bounded_subtraction,0.6524513809124327,0.004290176147532798
1.0,policy::uncertainty0.1__topm__power0.75,bounded_subtraction,0.6448658198168309,-0.0032953849480690245
1.0,policy::uncertainty0.1__topm__power1.25,bounded_subtraction,0.6182081962406523,-0.02995300852424765
1.0,policy::uncertainty0.1__topm__power1.5,bounded_subtraction,0.6061199116028024,-0.04204129316209748
1.0,policy::uncertainty0.1__topm__uniform0.02,bounded_subtraction,0.6385314853530991,-0.009629719411800797
1.0,policy::uncertainty0.1__topm__uniform0.05,bounded_subtraction,0.644419113693056,-0.003742091071843867
1.0,policy::uncertainty0.1__topm__uniform0.1,bounded_subtraction,0.6521064623533401,0.003945257588440221
1.0,policy::uncertainty0.1__topm__uniform0.2,bounded_subtraction,0.6594516837985669,0.011290479033666978
1.0,policy::z_gate0.2__full__accept_clip0.02,local_gate,0.6259114096991047,-0.022249795065795164
1.0,policy::z_gate0.2__full__accept_clip0.05,local_gate,0.6271499186217129,-0.021011286143187036
1.0,policy::z_gate0.2__full__accept_clip0.1,local_gate,0.627282267999959,-0.020878936764940903
1.0,policy::z_gate0.2__full__bonus1.25,local_gate,0.6166323372970066,-0.031528867467893296
1.0,policy::z_gate0.2__full__bonus1.5,local_gate,0.6174329446188666,-0.03072826014603336
1.0,policy::z_gate0.2__full__bonus2,local_gate,0.6187933192647785,-0.02936788550012137
1.0,policy::z_gate0.2__full__bonus3,local_gate,0.6198279157794204,-0.028333288985479488
1.0,policy::z_gate0.2__full__expected_mix0.25,local_gate,0.6311934374001277,-0.016967767364772235
1.0,policy::z_gate0.2__full__expected_mix0.5,local_gate,0.6283544400265176,-0.019806764738382276
1.0,policy::z_gate0.2__full__expected_mix0.75,local_gate,0.62168543363327,-0.02647577113162991
1.0,policy::z_gate0.2__full__expected_rejection,local_gate,0.6107850000344391,-0.03737620473046077
1.0,policy::z_gate0.2__full__h_tau0.8,local_gate,0.5964260289017035,-0.051735175863196425
1.0,policy::z_gate0.2__full__h_tau0.9,local_gate,0.6099167097912698,-0.03824449497363014
1.0,policy::z_gate0.2__full__h_tau1.1,local_gate,0.6143270053872002,-0.033834199377699714
1.0,policy::z_gate0.2__full__h_tau1.25,local_gate,0.6003815582551273,-0.04777964650977262
1.0,policy::z_gate0.2__full__original,local_gate,0.6150572088290855,-0.03310399593581437
1.0,policy::z_gate0.2__full__power0.5,local_gate,0.6221893356399801,-0.025971869124919778
1.0,policy::z_gate0.2__full__power0.75,local_gate,0.6211210422394522,-0.02704016252544772
1.0,policy::z_gate0.2__full__power1.25,local_gate,0.6056058457059627,-0.04255535905893726
1.0,policy::z_gate0.2__full__power1.5,local_gate,0.5953879745555241,-0.052773230209375854
1.0,policy::z_gate0.2__full__uniform0.02,local_gate,0.6234914874551697,-0.02466971730973022
1.0,policy::z_gate0.2__full__uniform0.05,local_gate,0.6280884178795418,-0.020072786885358074
1.0,policy::z_gate0.2__full__uniform0.1,local_gate,0.6312872595649761,-0.0168739451999238
1.0,policy::z_gate0.2__full__uniform0.2,local_gate,0.6301876527075911,-0.017973552057308773
1.0,policy::z_gate0.2__topm__accept_clip0.02,local_gate,0.621001461821223,-0.027159742943676957
1.0,policy::z_gate0.2__topm__accept_clip0.05,local_gate,0.6230403081589063,-0.025120896605993592
1.0,policy::z_gate0.2__topm__accept_clip0.1,local_gate,0.6217735076456811,-0.026387697119218845
1.0,policy::z_gate0.2__topm__bonus1.25,local_gate,0.6136663345080586,-0.03449487025684128
1.0,policy::z_gate0.2__topm__bonus1.5,local_gate,0.6148080220313896,-0.03335318273351029
1.0,policy::z_gate0.2__topm__bonus2,local_gate,0.6161497859262932,-0.0320114188386067
1.0,policy::z_gate0.2__topm__bonus3,local_gate,0.6178023320994587,-0.03035887266544124
1.0,policy::z_gate0.2__topm__expected_mix0.25,local_gate,0.626614668449169,-0.02154653631573089
1.0,policy::z_gate0.2__topm__expected_mix0.5,local_gate,0.6236299637282755,-0.024531241036624407
1.0,policy::z_gate0.2__topm__expected_mix0.75,local_gate,0.6170714197834977,-0.031089784981402246
1.0,policy::z_gate0.2__topm__expected_rejection,local_gate,0.604867473457608,-0.04329373130729186
1.0,policy::z_gate0.2__topm__h_tau0.8,local_gate,0.593391532269566,-0.05476967249533393
1.0,policy::z_gate0.2__topm__h_tau0.9,local_gate,0.6063873150331116,-0.041773889731788305
1.0,policy::z_gate0.2__topm__h_tau1.1,local_gate,0.6109107887568368,-0.037250416008063114
1.0,policy::z_gate0.2__topm__h_tau1.25,local_gate,0.5963948570952644,-0.051766347669635504
1.0,policy::z_gate0.2__topm__original,local_gate,0.611885001268024,-0.03627620349687588
1.0,policy::z_gate0.2__topm__power0.5,local_gate,0.6193792506723341,-0.028781954092565787
1.0,policy::z_gate0.2__topm__power0.75,local_gate,0.6184679290414354,-0.029693275723464474
1.0,policy::z_gate0.2__topm__power1.25,local_gate,0.6028020945345198,-0.045359110230380084
1.0,policy::z_gate0.2__topm__power1.5,local_gate,0.5931993778877133,-0.05496182687718665
1.0,policy::z_gate0.2__topm__uniform0.02,local_gate,0.619672395024141,-0.028488809740758958
1.0,policy::z_gate0.2__topm__uniform0.05,local_gate,0.6234046609364532,-0.02475654382844672
1.0,policy::z_gate0.2__topm__uniform0.1,local_gate,0.6274950028917254,-0.020666201873174472
1.0,policy::z_gate0.2__topm__uniform0.2,local_gate,0.6273979398957346,-0.020763264869165354
1.0,policy::z_gate0.4__full__accept_clip0.02,local_gate,0.6384475633182863,-0.009713641446613575
1.0,policy::z_gate0.4__full__accept_clip0.05,local_gate,0.6405398917098948,-0.00762131305500513
1.0,policy::z_gate0.4__full__accept_clip0.1,local_gate,0.640116702884768,-0.008044501880131949
1.0,policy::z_gate0.4__full__bonus1.25,local_gate,0.627959032043252,-0.020202172721647926
1.0,policy::z_gate0.4__full__bonus1.5,local_gate,0.6287756400342155,-0.019385564730684424
1.0,policy::z_gate0.4__full__bonus2,local_gate,0.6300372401372405,-0.018123964627659417
1.0,policy::z_gate0.4__full__bonus3,local_gate,0.6310573092322016,-0.01710389553269831
1.0,policy::z_gate0.4__full__expected_mix0.25,local_gate,0.6443517449829591,-0.003809459781940805
1.0,policy::z_gate0.4__full__expected_mix0.5,local_gate,0.6407647417338541,-0.007396463031045797
1.0,policy::z_gate0.4__full__expected_mix0.75,local_gate,0.6343809851189397,-0.013780219645960212
1.0,policy::z_gate0.4__full__expected_rejection,local_gate,0.6213061186864991,-0.026855086078400814
1.0,policy::z_gate0.4__full__h_tau0.8,local_gate,0.6076875659642498,-0.040473638800650136
1.0,policy::z_gate0.4__full__h_tau0.9,local_gate,0.620817470923874,-0.027343733841025952
1.0,policy::z_gate0.4__full__h_tau1.1,local_gate,0.6250126112252579,-0.02314859353964205
1.0,policy::z_gate0.4__full__h_tau1.25,local_gate,0.610987359172409,-0.03717384559249093
1.0,policy::z_gate0.4__full__original,local_gate,0.6264058996126225,-0.021755305152277415
1.0,policy::z_gate0.4__full__power0.5,local_gate,0.6332184119014557,-0.014942792863444243
1.0,policy::z_gate0.4__full__power0.75,local_gate,0.6327308670389871,-0.015430337725912846
1.0,policy::z_gate0.4__full__power1.25,local_gate,0.6170090038502316,-0.031152200914668304
1.0,policy::z_gate0.4__full__power1.5,local_gate,0.6070751574972975,-0.041086047267602455
1.0,policy::z_gate0.4__full__uniform0.02,local_gate,0.6350960541734696,-0.013065150591430319
1.0,policy::z_gate0.4__full__uniform0.05,local_gate,0.639924630826869,-0.0082365739380309
1.0,policy::z_gate0.4__full__uniform0.1,local_gate,0.6439060228279215,-0.0042551819369783805
1.0,policy::z_gate0.4__full__uniform0.2,local_gate,0.6432174572205676,-0.004943747544332355
1.0,policy::z_gate0.4__topm__accept_clip0.02,local_gate,0.6329291925178167,-0.01523201224708326
1.0,policy::z_gate0.4__topm__accept_clip0.05,local_gate,0.636025552500825,-0.01213565226407487
1.0,policy::z_gate0.4__topm__accept_clip0.1,local_gate,0.6346932121728266,-0.013467992592073319
1.0,policy::z_gate0.4__topm__bonus1.25,local_gate,0.6248598302229722,-0.02330137454192771
1.0,policy::z_gate0.4__topm__bonus1.5,local_gate,0.6261656427251788,-0.021995562039721084
1.0,policy::z_gate0.4__topm__bonus2,local_gate,0.6274339506261459,-0.02072725413875398
1.0,policy::z_gate0.4__topm__bonus3,local_gate,0.6288128842310997,-0.0193483205338002
1.0,policy::z_gate0.4__topm__expected_mix0.25,local_gate,0.6397062646540104,-0.008454940110889542
1.0,policy::z_gate0.4__topm__expected_mix0.5,local_gate,0.6360611671176799,-0.012100037647220008
1.0,policy::z_gate0.4__topm__expected_mix0.75,local_gate,0.6284162985227588,-0.01974490624214109
1.0,policy::z_gate0.4__topm__expected_rejection,local_gate,0.6141933048638426,-0.03396789990105731
1.0,policy::z_gate0.4__topm__h_tau0.8,local_gate,0.6048436435560863,-0.04331756120881358
1.0,policy::z_gate0.4__topm__h_tau0.9,local_gate,0.6178512877890122,-0.030309916975887696
1.0,policy::z_gate0.4__topm__h_tau1.1,local_gate,0.6213840532293362,-0.026777151535563704
1.0,policy::z_gate0.4__topm__h_tau1.25,local_gate,0.6064370901122716,-0.041724114652628264
1.0,policy::z_gate0.4__topm__original,local_gate,0.6231260495758967,-0.025035155189003233
1.0,policy::z_gate0.4__topm__power0.5,local_gate,0.6299143645936421,-0.018246840171257772
1.0,policy::z_gate0.4__topm__power0.75,local_gate,0.6302220557561862,-0.01793914900871374
1.0,policy::z_gate0.4__topm__power1.25,local_gate,0.6140888212417598,-0.034072383523140126
1.0,policy::z_gate0.4__topm__power1.5,local_gate,0.6041243261013342,-0.04403687866356576
1.0,policy::z_gate0.4__topm__uniform0.02,local_gate,0.6307401539328623,-0.0174210508320376
1.0,policy::z_gate0.4__topm__uniform0.05,local_gate,0.6347735984512429,-0.013387606313656986
1.0,policy::z_gate0.4__topm__uniform0.1,local_gate,0.6397044449190208,-0.008456759845879125
1.0,policy::z_gate0.4__topm__uniform0.2,local_gate,0.6401554757101857,-0.008005729054714195
1.0,policy::z_gate0.6__full__accept_clip0.02,local_gate,0.6506923875382983,0.002531182773398366
1.0,policy::z_gate0.6__full__accept_clip0.05,local_gate,0.6532957597747349,0.005134555009834951
1.0,policy::z_gate0.6__full__accept_clip0.1,local_gate,0.6528849415894341,0.004723736824534197
1.0,policy::z_gate0.6__full__bonus1.25,local_gate,0.6404652418752711,-0.007695962889628816
1.0,policy::z_gate0.6__full__bonus1.5,local_gate,0.6413925566888036,-0.00676864807609634
1.0,policy::z_gate0.6__full__bonus2,local_gate,0.6425711666412843,-0.005590038123615582
1.0,policy::z_gate0.6__full__bonus3,local_gate,0.6437968796228918,-0.00436432514200813
1.0,policy::z_gate0.6__full__expected_mix0.25,local_gate,0.6575458417638786,0.009384636998978735
1.0,policy::z_gate0.6__full__expected_mix0.5,local_gate,0.6541885613892324,0.006027356624332514
1.0,policy::z_gate0.6__full__expected_mix0.75,local_gate,0.6472378687785307,-0.0009233359863691781
1.0,policy::z_gate0.6__full__expected_rejection,local_gate,0.6327998763891696,-0.015361328375730343
1.0,policy::z_gate0.6__full__h_tau0.8,local_gate,0.6194693284355605,-0.02869187632933945
1.0,policy::z_gate0.6__full__h_tau0.9,local_gate,0.6331125450266404,-0.015048659738259529
1.0,policy::z_gate0.6__full__h_tau1.1,local_gate,0.6377368982400982,-0.010424306524801752
1.0,policy::z_gate0.6__full__h_tau1.25,local_gate,0.6233095069679027,-0.024851697796997252
1.0,policy::z_gate0.6__full__original,local_gate,0.6390091240635891,-0.009152080701310794
1.0,policy::z_gate0.6__full__power0.5,local_gate,0.6452468338489352,-0.0029143709159646924
1.0,policy::z_gate0.6__full__power0.75,local_gate,0.6451269501149214,-0.0030342546499785295
1.0,policy::z_gate0.6__full__power1.25,local_gate,0.629228416230495,-0.018932788534404943
1.0,policy::z_gate0.6__full__power1.5,local_gate,0.6192790201760754,-0.028882184588824522
1.0,policy::z_gate0.6__full__uniform0.02,local_gate,0.647236542313318,-0.000924662451581959
1.0,policy::z_gate0.6__full__uniform0.05,local_gate,0.6520281865139537,0.003866981749053755
1.0,policy::z_gate0.6__full__uniform0.1,local_gate,0.655432973160712,0.007271768395812117
1.0,policy::z_gate0.6__full__uniform0.2,local_gate,0.6553698990223207,0.007208694257420767
1.0,policy::z_gate0.6__topm__accept_clip0.02,local_gate,0.6450704596717889,-0.0030907450931110247
1.0,policy::z_gate0.6__topm__accept_clip0.05,local_gate,0.6480819796584211,-7.922510647884184e-05
1.0,policy::z_gate0.6__topm__accept_clip0.1,local_gate,0.6473720453568478,-0.0007891594080521314
1.0,policy::z_gate0.6__topm__bonus1.25,local_gate,0.6369538992302372,-0.01120730553466276
1.0,policy::z_gate0.6__topm__bonus1.5,local_gate,0.6382674302826352,-0.009893774482264694
1.0,policy::z_gate0.6__topm__bonus2,local_gate,0.6399925545986592,-0.008168650166240687
1.0,policy::z_gate0.6__topm__bonus3,local_gate,0.6413073536678455,-0.0068538510970543864
1.0,policy::z_gate0.6__topm__expected_mix0.25,local_gate,0.6524979191159613,0.0043367143510614214
1.0,policy::z_gate0.6__topm__expected_mix0.5,local_gate,0.6494043134185796,0.0012431086536797142
1.0,policy::z_gate0.6__topm__expected_mix0.75,local_gate,0.6413840773519631,-0.00677712741293679
1.0,policy::z_gate0.6__topm__expected_rejection,local_gate,0.6255102491745665,-0.022650955590333366
1.0,policy::z_gate0.6__topm__h_tau0.8,local_gate,0.6168303657350253,-0.03133083902987466
1.0,policy::z_gate0.6__topm__h_tau0.9,local_gate,0.6298643657816594,-0.018296838983240526
1.0,policy::z_gate0.6__topm__h_tau1.1,local_gate,0.6338667790445752,-0.014294425720324688
1.0,policy::z_gate0.6__topm__h_tau1.25,local_gate,0.6188624782694454,-0.029298726495454508
1.0,policy::z_gate0.6__topm__original,local_gate,0.6353204625286645,-0.012840742236235436
1.0,policy::z_gate0.6__topm__power0.5,local_gate,0.6420401359931643,-0.006121068771735572
1.0,policy::z_gate0.6__topm__power0.75,local_gate,0.642355756777163,-0.005805447987736967
1.0,policy::z_gate0.6__topm__power1.25,local_gate,0.6262414960897397,-0.021919708675160243
1.0,policy::z_gate0.6__topm__power1.5,local_gate,0.6158624052863886,-0.03229879947851133
1.0,policy::z_gate0.6__topm__uniform0.02,local_gate,0.6426208789598242,-0.005540325805075685
1.0,policy::z_gate0.6__topm__uniform0.05,local_gate,0.6470278518122304,-0.0011333529526694752
1.0,policy::z_gate0.6__topm__uniform0.1,local_gate,0.6517416717517596,0.003580466986859654
1.0,policy::z_gate0.6__topm__uniform0.2,local_gate,0.652172782650538,0.004011577885638107
