/home/chokwans99/anaconda3/envs/ssd/lib/python3.11/site-packages/pydantic/_internal/_generate_schema.py:2249: UnsupportedFieldAttributeWarning: The 'repr' attribute with value False was provided to the `Field()` function, which has no effect in the context it was used. 'repr' is field-specific metadata, and can only be attached to a model field using `Annotated` metadata or by assignment. This may have happened because an `Annotated` type alias using the `type` statement was used, or if the `Field()` function was attached to a single member of a union type.
  warnings.warn(
/home/chokwans99/anaconda3/envs/ssd/lib/python3.11/site-packages/pydantic/_internal/_generate_schema.py:2249: UnsupportedFieldAttributeWarning: The 'frozen' attribute with value True was provided to the `Field()` function, which has no effect in the context it was used. 'frozen' is field-specific metadata, and can only be attached to a model field using `Annotated` metadata or by assignment. This may have happened because an `Annotated` type alias using the `type` statement was used, or if the `Field()` function was attached to a single member of a union type.
  warnings.warn(
Loading 1 prompts from humaneval...
Loading 1 prompts from alpaca...
Loading 1 prompts from gsm...
Loading 1 prompts from ultrafeedback...
Total prompts loaded: 4
/home/chokwans99/anaconda3/envs/ssd/lib/python3.11/site-packages/pydantic/_internal/_generate_schema.py:2249: UnsupportedFieldAttributeWarning: The 'repr' attribute with value False was provided to the `Field()` function, which has no effect in the context it was used. 'repr' is field-specific metadata, and can only be attached to a model field using `Annotated` metadata or by assignment. This may have happened because an `Annotated` type alias using the `type` statement was used, or if the `Field()` function was attached to a single member of a union type.
  warnings.warn(
/home/chokwans99/anaconda3/envs/ssd/lib/python3.11/site-packages/pydantic/_internal/_generate_schema.py:2249: UnsupportedFieldAttributeWarning: The 'frozen' attribute with value True was provided to the `Field()` function, which has no effect in the context it was used. 'frozen' is field-specific metadata, and can only be attached to a model field using `Annotated` metadata or by assignment. This may have happened because an `Annotated` type alias using the `type` statement was used, or if the `Field()` function was attached to a single member of a union type.
  warnings.warn(
`torch_dtype` is deprecated! Use `dtype` instead!
`torch_dtype` is deprecated! Use `dtype` instead!
[model_runner] about to setup and warmup model and cudagraphs, is use_eagle=False
[model_runner] about to setup and warmup model and cudagraphs, is use_eagle=False
Starting LlamaForCausalLM init, draft=False, speculate=True, spec_k=7
[LlamaForCausalLM] use_eagle=False, eagle_layers=None
[LlamaModel] use_eagle=False, eagle_layers=None
Starting LlamaForCausalLM init, draft=False, speculate=True, spec_k=7
[LlamaForCausalLM] use_eagle=False, eagle_layers=None
[LlamaModel] use_eagle=False, eagle_layers=None
Finishing LlamaForCausalLM init, draft=False, speculate=True, spec_k=7
[load_model] loading model from /data2/chokwans99/models/layerskip-llama2-7B
Loading model files:   0%|          | 0/3 [00:00<?, ?it/s]Finishing LlamaForCausalLM init, draft=False, speculate=True, spec_k=7
[load_model] loading model from /data2/chokwans99/models/layerskip-llama2-7B
Loading model files:   0%|          | 0/3 [00:00<?, ?it/s]Loading model files:  33%|███▎      | 1/3 [00:00<00:01,  1.59it/s]Loading model files:  33%|███▎      | 1/3 [00:00<00:01,  1.53it/s]Loading model files:  67%|██████▋   | 2/3 [00:01<00:00,  1.31it/s]Loading model files:  67%|██████▋   | 2/3 [00:01<00:00,  1.31it/s]Loading model files: 100%|██████████| 3/3 [00:02<00:00,  1.24it/s]Loading model files: 100%|██████████| 3/3 [00:02<00:00,  1.28it/s]
[load_model] finished loading model from /data2/chokwans99/models/layerskip-llama2-7B
[int8-quant] enabling target INT8 weight-only (rank=0, lm_head=True)
Loading model files: 100%|██████████| 3/3 [00:02<00:00,  1.25it/s]Loading model files: 100%|██████████| 3/3 [00:02<00:00,  1.28it/s]
[load_model] finished loading model from /data2/chokwans99/models/layerskip-llama2-7B
[int8-quant] enabling target INT8 weight-only (rank=1, lm_head=True)
[int8-quant] lm_head (16000, 4096) bf16 → AQT-int8
[int8-quant] model.layers.0.self_attn.qkv_proj                (6144, 4096) bf16 → AQT-int8
[int8-quant] model.layers.0.self_attn.o_proj                  (4096, 2048) bf16 → AQT-int8
[int8-quant] model.layers.0.mlp.gate_up_proj                  (11008, 4096) bf16 → AQT-int8
[int8-quant] model.layers.0.mlp.down_proj                     (4096, 5504) bf16 → AQT-int8
[int8-quant] model.layers.1.self_attn.qkv_proj                (6144, 4096) bf16 → AQT-int8
[int8-quant] model.layers.1.self_attn.o_proj                  (4096, 2048) bf16 → AQT-int8
[int8-quant] model.layers.1.mlp.gate_up_proj                  (11008, 4096) bf16 → AQT-int8
[int8-quant] model.layers.1.mlp.down_proj                     (4096, 5504) bf16 → AQT-int8
[int8-quant] model.layers.2.self_attn.qkv_proj                (6144, 4096) bf16 → AQT-int8
[int8-quant] model.layers.2.self_attn.o_proj                  (4096, 2048) bf16 → AQT-int8
[int8-quant] model.layers.2.mlp.gate_up_proj                  (11008, 4096) bf16 → AQT-int8
[int8-quant] model.layers.2.mlp.down_proj                     (4096, 5504) bf16 → AQT-int8
[int8-quant] model.layers.3.self_attn.qkv_proj                (6144, 4096) bf16 → AQT-int8
[int8-quant] model.layers.3.self_attn.o_proj                  (4096, 2048) bf16 → AQT-int8
[int8-quant] model.layers.3.mlp.gate_up_proj                  (11008, 4096) bf16 → AQT-int8
[int8-quant] model.layers.3.mlp.down_proj                     (4096, 5504) bf16 → AQT-int8
[int8-quant] model.layers.4.self_attn.qkv_proj                (6144, 4096) bf16 → AQT-int8
[int8-quant] model.layers.4.self_attn.o_proj                  (4096, 2048) bf16 → AQT-int8
[int8-quant] model.layers.4.mlp.gate_up_proj                  (11008, 4096) bf16 → AQT-int8
[int8-quant] model.layers.4.mlp.down_proj                     (4096, 5504) bf16 → AQT-int8
[int8-quant] model.layers.5.self_attn.qkv_proj                (6144, 4096) bf16 → AQT-int8
[int8-quant] model.layers.5.self_attn.o_proj                  (4096, 2048) bf16 → AQT-int8
[int8-quant] model.layers.5.mlp.gate_up_proj                  (11008, 4096) bf16 → AQT-int8
[int8-quant] model.layers.5.mlp.down_proj                     (4096, 5504) bf16 → AQT-int8
[int8-quant] model.layers.6.self_attn.qkv_proj                (6144, 4096) bf16 → AQT-int8
[int8-quant] model.layers.6.self_attn.o_proj                  (4096, 2048) bf16 → AQT-int8
[int8-quant] model.layers.6.mlp.gate_up_proj                  (11008, 4096) bf16 → AQT-int8
[int8-quant] model.layers.6.mlp.down_proj                     (4096, 5504) bf16 → AQT-int8
[int8-quant] model.layers.7.self_attn.qkv_proj                (6144, 4096) bf16 → AQT-int8
[int8-quant] model.layers.7.self_attn.o_proj                  (4096, 2048) bf16 → AQT-int8
[int8-quant] model.layers.7.mlp.gate_up_proj                  (11008, 4096) bf16 → AQT-int8
[int8-quant] model.layers.7.mlp.down_proj                     (4096, 5504) bf16 → AQT-int8
[int8-quant] model.layers.8.self_attn.qkv_proj                (6144, 4096) bf16 → AQT-int8
[int8-quant] model.layers.8.self_attn.o_proj                  (4096, 2048) bf16 → AQT-int8
[int8-quant] model.layers.8.mlp.gate_up_proj                  (11008, 4096) bf16 → AQT-int8
[int8-quant] model.layers.8.mlp.down_proj                     (4096, 5504) bf16 → AQT-int8
[int8-quant] model.layers.9.self_attn.qkv_proj                (6144, 4096) bf16 → AQT-int8
[int8-quant] model.layers.9.self_attn.o_proj                  (4096, 2048) bf16 → AQT-int8
[int8-quant] model.layers.9.mlp.gate_up_proj                  (11008, 4096) bf16 → AQT-int8
[int8-quant] model.layers.9.mlp.down_proj                     (4096, 5504) bf16 → AQT-int8
[int8-quant] model.layers.10.self_attn.qkv_proj               (6144, 4096) bf16 → AQT-int8
[int8-quant] model.layers.10.self_attn.o_proj                 (4096, 2048) bf16 → AQT-int8
[int8-quant] model.layers.10.mlp.gate_up_proj                 (11008, 4096) bf16 → AQT-int8
[int8-quant] model.layers.10.mlp.down_proj                    (4096, 5504) bf16 → AQT-int8
[int8-quant] model.layers.11.self_attn.qkv_proj               (6144, 4096) bf16 → AQT-int8
[int8-quant] model.layers.11.self_attn.o_proj                 (4096, 2048) bf16 → AQT-int8
[int8-quant] model.layers.11.mlp.gate_up_proj                 (11008, 4096) bf16 → AQT-int8
[int8-quant] lm_head (16000, 4096) bf16 → AQT-int8
[int8-quant] model.layers.11.mlp.down_proj                    (4096, 5504) bf16 → AQT-int8
[int8-quant] model.layers.0.self_attn.qkv_proj                (6144, 4096) bf16 → AQT-int8
[int8-quant] model.layers.12.self_attn.qkv_proj               (6144, 4096) bf16 → AQT-int8
[int8-quant] model.layers.0.self_attn.o_proj                  (4096, 2048) bf16 → AQT-int8
[int8-quant] model.layers.12.self_attn.o_proj                 (4096, 2048) bf16 → AQT-int8
[int8-quant] model.layers.0.mlp.gate_up_proj                  (11008, 4096) bf16 → AQT-int8
[int8-quant] model.layers.12.mlp.gate_up_proj                 (11008, 4096) bf16 → AQT-int8
[int8-quant] model.layers.0.mlp.down_proj                     (4096, 5504) bf16 → AQT-int8
[int8-quant] model.layers.12.mlp.down_proj                    (4096, 5504) bf16 → AQT-int8
[int8-quant] model.layers.1.self_attn.qkv_proj                (6144, 4096) bf16 → AQT-int8
[int8-quant] model.layers.13.self_attn.qkv_proj               (6144, 4096) bf16 → AQT-int8
[int8-quant] model.layers.1.self_attn.o_proj                  (4096, 2048) bf16 → AQT-int8
[int8-quant] model.layers.13.self_attn.o_proj                 (4096, 2048) bf16 → AQT-int8
[int8-quant] model.layers.1.mlp.gate_up_proj                  (11008, 4096) bf16 → AQT-int8
[int8-quant] model.layers.13.mlp.gate_up_proj                 (11008, 4096) bf16 → AQT-int8
[int8-quant] model.layers.1.mlp.down_proj                     (4096, 5504) bf16 → AQT-int8
[int8-quant] model.layers.13.mlp.down_proj                    (4096, 5504) bf16 → AQT-int8
[int8-quant] model.layers.2.self_attn.qkv_proj                (6144, 4096) bf16 → AQT-int8
[int8-quant] model.layers.14.self_attn.qkv_proj               (6144, 4096) bf16 → AQT-int8
[int8-quant] model.layers.2.self_attn.o_proj                  (4096, 2048) bf16 → AQT-int8
[int8-quant] model.layers.14.self_attn.o_proj                 (4096, 2048) bf16 → AQT-int8
[int8-quant] model.layers.2.mlp.gate_up_proj                  (11008, 4096) bf16 → AQT-int8
[int8-quant] model.layers.14.mlp.gate_up_proj                 (11008, 4096) bf16 → AQT-int8
[int8-quant] model.layers.2.mlp.down_proj                     (4096, 5504) bf16 → AQT-int8
[int8-quant] model.layers.14.mlp.down_proj                    (4096, 5504) bf16 → AQT-int8
[int8-quant] model.layers.3.self_attn.qkv_proj                (6144, 4096) bf16 → AQT-int8
[int8-quant] model.layers.15.self_attn.qkv_proj               (6144, 4096) bf16 → AQT-int8
[int8-quant] model.layers.3.self_attn.o_proj                  (4096, 2048) bf16 → AQT-int8
[int8-quant] model.layers.15.self_attn.o_proj                 (4096, 2048) bf16 → AQT-int8
[int8-quant] model.layers.3.mlp.gate_up_proj                  (11008, 4096) bf16 → AQT-int8
[int8-quant] model.layers.15.mlp.gate_up_proj                 (11008, 4096) bf16 → AQT-int8
[int8-quant] model.layers.3.mlp.down_proj                     (4096, 5504) bf16 → AQT-int8
[int8-quant] model.layers.15.mlp.down_proj                    (4096, 5504) bf16 → AQT-int8
[int8-quant] model.layers.4.self_attn.qkv_proj                (6144, 4096) bf16 → AQT-int8
[int8-quant] model.layers.16.self_attn.qkv_proj               (6144, 4096) bf16 → AQT-int8
[int8-quant] model.layers.4.self_attn.o_proj                  (4096, 2048) bf16 → AQT-int8
[int8-quant] model.layers.16.self_attn.o_proj                 (4096, 2048) bf16 → AQT-int8
[int8-quant] model.layers.4.mlp.gate_up_proj                  (11008, 4096) bf16 → AQT-int8
[int8-quant] model.layers.4.mlp.down_proj                     (4096, 5504) bf16 → AQT-int8
[int8-quant] model.layers.5.self_attn.qkv_proj                (6144, 4096) bf16 → AQT-int8
[int8-quant] model.layers.5.self_attn.o_proj                  (4096, 2048) bf16 → AQT-int8
[int8-quant] model.layers.5.mlp.gate_up_proj                  (11008, 4096) bf16 → AQT-int8
[int8-quant] model.layers.5.mlp.down_proj                     (4096, 5504) bf16 → AQT-int8
[int8-quant] model.layers.6.self_attn.qkv_proj                (6144, 4096) bf16 → AQT-int8
[int8-quant] model.layers.6.self_attn.o_proj                  (4096, 2048) bf16 → AQT-int8
[int8-quant] model.layers.6.mlp.gate_up_proj                  (11008, 4096) bf16 → AQT-int8
[int8-quant] model.layers.6.mlp.down_proj                     (4096, 5504) bf16 → AQT-int8
[int8-quant] model.layers.7.self_attn.qkv_proj                (6144, 4096) bf16 → AQT-int8
[int8-quant] model.layers.7.self_attn.o_proj                  (4096, 2048) bf16 → AQT-int8
[int8-quant] model.layers.7.mlp.gate_up_proj                  (11008, 4096) bf16 → AQT-int8
[int8-quant] model.layers.7.mlp.down_proj                     (4096, 5504) bf16 → AQT-int8
[int8-quant] model.layers.8.self_attn.qkv_proj                (6144, 4096) bf16 → AQT-int8
[int8-quant] model.layers.8.self_attn.o_proj                  (4096, 2048) bf16 → AQT-int8
[int8-quant] model.layers.8.mlp.gate_up_proj                  (11008, 4096) bf16 → AQT-int8
[int8-quant] model.layers.16.mlp.gate_up_proj                 (11008, 4096) bf16 → AQT-int8
[int8-quant] model.layers.8.mlp.down_proj                     (4096, 5504) bf16 → AQT-int8
[int8-quant] model.layers.9.self_attn.qkv_proj                (6144, 4096) bf16 → AQT-int8
[int8-quant] model.layers.16.mlp.down_proj                    (4096, 5504) bf16 → AQT-int8
[int8-quant] model.layers.9.self_attn.o_proj                  (4096, 2048) bf16 → AQT-int8
[int8-quant] model.layers.9.mlp.gate_up_proj                  (11008, 4096) bf16 → AQT-int8
[int8-quant] model.layers.17.self_attn.qkv_proj               (6144, 4096) bf16 → AQT-int8
[int8-quant] model.layers.9.mlp.down_proj                     (4096, 5504) bf16 → AQT-int8
[int8-quant] model.layers.17.self_attn.o_proj                 (4096, 2048) bf16 → AQT-int8
[int8-quant] model.layers.10.self_attn.qkv_proj               (6144, 4096) bf16 → AQT-int8
[int8-quant] model.layers.10.self_attn.o_proj                 (4096, 2048) bf16 → AQT-int8
[int8-quant] model.layers.17.mlp.gate_up_proj                 (11008, 4096) bf16 → AQT-int8
[int8-quant] model.layers.10.mlp.gate_up_proj                 (11008, 4096) bf16 → AQT-int8
[int8-quant] model.layers.10.mlp.down_proj                    (4096, 5504) bf16 → AQT-int8
[int8-quant] model.layers.17.mlp.down_proj                    (4096, 5504) bf16 → AQT-int8
[int8-quant] model.layers.11.self_attn.qkv_proj               (6144, 4096) bf16 → AQT-int8
[int8-quant] model.layers.18.self_attn.qkv_proj               (6144, 4096) bf16 → AQT-int8
[int8-quant] model.layers.11.self_attn.o_proj                 (4096, 2048) bf16 → AQT-int8
[int8-quant] model.layers.11.mlp.gate_up_proj                 (11008, 4096) bf16 → AQT-int8
[int8-quant] model.layers.18.self_attn.o_proj                 (4096, 2048) bf16 → AQT-int8
[int8-quant] model.layers.11.mlp.down_proj                    (4096, 5504) bf16 → AQT-int8
[int8-quant] model.layers.18.mlp.gate_up_proj                 (11008, 4096) bf16 → AQT-int8
[int8-quant] model.layers.12.self_attn.qkv_proj               (6144, 4096) bf16 → AQT-int8
[int8-quant] model.layers.12.self_attn.o_proj                 (4096, 2048) bf16 → AQT-int8
[int8-quant] model.layers.18.mlp.down_proj                    (4096, 5504) bf16 → AQT-int8
[int8-quant] model.layers.12.mlp.gate_up_proj                 (11008, 4096) bf16 → AQT-int8
[int8-quant] model.layers.19.self_attn.qkv_proj               (6144, 4096) bf16 → AQT-int8
[int8-quant] model.layers.12.mlp.down_proj                    (4096, 5504) bf16 → AQT-int8
[int8-quant] model.layers.13.self_attn.qkv_proj               (6144, 4096) bf16 → AQT-int8
[int8-quant] model.layers.19.self_attn.o_proj                 (4096, 2048) bf16 → AQT-int8
[int8-quant] model.layers.13.self_attn.o_proj                 (4096, 2048) bf16 → AQT-int8
[int8-quant] model.layers.19.mlp.gate_up_proj                 (11008, 4096) bf16 → AQT-int8
[int8-quant] model.layers.13.mlp.gate_up_proj                 (11008, 4096) bf16 → AQT-int8
[int8-quant] model.layers.19.mlp.down_proj                    (4096, 5504) bf16 → AQT-int8
[int8-quant] model.layers.13.mlp.down_proj                    (4096, 5504) bf16 → AQT-int8
[int8-quant] model.layers.14.self_attn.qkv_proj               (6144, 4096) bf16 → AQT-int8
[int8-quant] model.layers.20.self_attn.qkv_proj               (6144, 4096) bf16 → AQT-int8
[int8-quant] model.layers.14.self_attn.o_proj                 (4096, 2048) bf16 → AQT-int8
[int8-quant] model.layers.20.self_attn.o_proj                 (4096, 2048) bf16 → AQT-int8
[int8-quant] model.layers.14.mlp.gate_up_proj                 (11008, 4096) bf16 → AQT-int8
[int8-quant] model.layers.20.mlp.gate_up_proj                 (11008, 4096) bf16 → AQT-int8
[int8-quant] model.layers.14.mlp.down_proj                    (4096, 5504) bf16 → AQT-int8
[int8-quant] model.layers.20.mlp.down_proj                    (4096, 5504) bf16 → AQT-int8
[int8-quant] model.layers.15.self_attn.qkv_proj               (6144, 4096) bf16 → AQT-int8
[int8-quant] model.layers.15.self_attn.o_proj                 (4096, 2048) bf16 → AQT-int8
[int8-quant] model.layers.21.self_attn.qkv_proj               (6144, 4096) bf16 → AQT-int8
[int8-quant] model.layers.15.mlp.gate_up_proj                 (11008, 4096) bf16 → AQT-int8
[int8-quant] model.layers.21.self_attn.o_proj                 (4096, 2048) bf16 → AQT-int8
[int8-quant] model.layers.15.mlp.down_proj                    (4096, 5504) bf16 → AQT-int8
[int8-quant] model.layers.21.mlp.gate_up_proj                 (11008, 4096) bf16 → AQT-int8
[int8-quant] model.layers.16.self_attn.qkv_proj               (6144, 4096) bf16 → AQT-int8
[int8-quant] model.layers.21.mlp.down_proj                    (4096, 5504) bf16 → AQT-int8
[int8-quant] model.layers.16.self_attn.o_proj                 (4096, 2048) bf16 → AQT-int8
[int8-quant] model.layers.22.self_attn.qkv_proj               (6144, 4096) bf16 → AQT-int8
[int8-quant] model.layers.22.self_attn.o_proj                 (4096, 2048) bf16 → AQT-int8
[int8-quant] model.layers.22.mlp.gate_up_proj                 (11008, 4096) bf16 → AQT-int8
[int8-quant] model.layers.22.mlp.down_proj                    (4096, 5504) bf16 → AQT-int8
[int8-quant] model.layers.23.self_attn.qkv_proj               (6144, 4096) bf16 → AQT-int8
[int8-quant] model.layers.23.self_attn.o_proj                 (4096, 2048) bf16 → AQT-int8
[int8-quant] model.layers.23.mlp.gate_up_proj                 (11008, 4096) bf16 → AQT-int8
[int8-quant] model.layers.23.mlp.down_proj                    (4096, 5504) bf16 → AQT-int8
[int8-quant] model.layers.24.self_attn.qkv_proj               (6144, 4096) bf16 → AQT-int8
[int8-quant] model.layers.24.self_attn.o_proj                 (4096, 2048) bf16 → AQT-int8
[int8-quant] model.layers.24.mlp.gate_up_proj                 (11008, 4096) bf16 → AQT-int8
[int8-quant] model.layers.16.mlp.gate_up_proj                 (11008, 4096) bf16 → AQT-int8
[int8-quant] model.layers.24.mlp.down_proj                    (4096, 5504) bf16 → AQT-int8
[int8-quant] model.layers.16.mlp.down_proj                    (4096, 5504) bf16 → AQT-int8
[int8-quant] model.layers.25.self_attn.qkv_proj               (6144, 4096) bf16 → AQT-int8
[int8-quant] model.layers.17.self_attn.qkv_proj               (6144, 4096) bf16 → AQT-int8
[int8-quant] model.layers.25.self_attn.o_proj                 (4096, 2048) bf16 → AQT-int8
[int8-quant] model.layers.17.self_attn.o_proj                 (4096, 2048) bf16 → AQT-int8
[int8-quant] model.layers.25.mlp.gate_up_proj                 (11008, 4096) bf16 → AQT-int8
[int8-quant] model.layers.17.mlp.gate_up_proj                 (11008, 4096) bf16 → AQT-int8
[int8-quant] model.layers.25.mlp.down_proj                    (4096, 5504) bf16 → AQT-int8
[int8-quant] model.layers.17.mlp.down_proj                    (4096, 5504) bf16 → AQT-int8
[int8-quant] model.layers.26.self_attn.qkv_proj               (6144, 4096) bf16 → AQT-int8
[int8-quant] model.layers.26.self_attn.o_proj                 (4096, 2048) bf16 → AQT-int8
[int8-quant] model.layers.18.self_attn.qkv_proj               (6144, 4096) bf16 → AQT-int8
[int8-quant] model.layers.26.mlp.gate_up_proj                 (11008, 4096) bf16 → AQT-int8
[int8-quant] model.layers.18.self_attn.o_proj                 (4096, 2048) bf16 → AQT-int8
[int8-quant] model.layers.26.mlp.down_proj                    (4096, 5504) bf16 → AQT-int8
[int8-quant] model.layers.18.mlp.gate_up_proj                 (11008, 4096) bf16 → AQT-int8
[int8-quant] model.layers.27.self_attn.qkv_proj               (6144, 4096) bf16 → AQT-int8
[int8-quant] model.layers.27.self_attn.o_proj                 (4096, 2048) bf16 → AQT-int8
[int8-quant] model.layers.18.mlp.down_proj                    (4096, 5504) bf16 → AQT-int8
[int8-quant] model.layers.27.mlp.gate_up_proj                 (11008, 4096) bf16 → AQT-int8
[int8-quant] model.layers.19.self_attn.qkv_proj               (6144, 4096) bf16 → AQT-int8
[int8-quant] model.layers.27.mlp.down_proj                    (4096, 5504) bf16 → AQT-int8
[int8-quant] model.layers.19.self_attn.o_proj                 (4096, 2048) bf16 → AQT-int8
[int8-quant] model.layers.28.self_attn.qkv_proj               (6144, 4096) bf16 → AQT-int8
[int8-quant] model.layers.19.mlp.gate_up_proj                 (11008, 4096) bf16 → AQT-int8
[int8-quant] model.layers.28.self_attn.o_proj                 (4096, 2048) bf16 → AQT-int8
[int8-quant] model.layers.28.mlp.gate_up_proj                 (11008, 4096) bf16 → AQT-int8
[int8-quant] model.layers.19.mlp.down_proj                    (4096, 5504) bf16 → AQT-int8
[int8-quant] model.layers.28.mlp.down_proj                    (4096, 5504) bf16 → AQT-int8
[int8-quant] model.layers.20.self_attn.qkv_proj               (6144, 4096) bf16 → AQT-int8
[int8-quant] model.layers.29.self_attn.qkv_proj               (6144, 4096) bf16 → AQT-int8
[int8-quant] model.layers.20.self_attn.o_proj                 (4096, 2048) bf16 → AQT-int8
[int8-quant] model.layers.29.self_attn.o_proj                 (4096, 2048) bf16 → AQT-int8
[int8-quant] model.layers.20.mlp.gate_up_proj                 (11008, 4096) bf16 → AQT-int8
[int8-quant] model.layers.29.mlp.gate_up_proj                 (11008, 4096) bf16 → AQT-int8
[int8-quant] model.layers.20.mlp.down_proj                    (4096, 5504) bf16 → AQT-int8
[int8-quant] model.layers.29.mlp.down_proj                    (4096, 5504) bf16 → AQT-int8
[int8-quant] model.layers.21.self_attn.qkv_proj               (6144, 4096) bf16 → AQT-int8
[int8-quant] model.layers.30.self_attn.qkv_proj               (6144, 4096) bf16 → AQT-int8
[int8-quant] model.layers.21.self_attn.o_proj                 (4096, 2048) bf16 → AQT-int8
[int8-quant] model.layers.30.self_attn.o_proj                 (4096, 2048) bf16 → AQT-int8
[int8-quant] model.layers.21.mlp.gate_up_proj                 (11008, 4096) bf16 → AQT-int8
[int8-quant] model.layers.30.mlp.gate_up_proj                 (11008, 4096) bf16 → AQT-int8
[int8-quant] model.layers.21.mlp.down_proj                    (4096, 5504) bf16 → AQT-int8
[int8-quant] model.layers.30.mlp.down_proj                    (4096, 5504) bf16 → AQT-int8
[int8-quant] model.layers.22.self_attn.qkv_proj               (6144, 4096) bf16 → AQT-int8
[int8-quant] model.layers.31.self_attn.qkv_proj               (6144, 4096) bf16 → AQT-int8
[int8-quant] model.layers.22.self_attn.o_proj                 (4096, 2048) bf16 → AQT-int8
[int8-quant] model.layers.31.self_attn.o_proj                 (4096, 2048) bf16 → AQT-int8
[int8-quant] model.layers.22.mlp.gate_up_proj                 (11008, 4096) bf16 → AQT-int8
[int8-quant] model.layers.31.mlp.gate_up_proj                 (11008, 4096) bf16 → AQT-int8
[int8-quant] model.layers.22.mlp.down_proj                    (4096, 5504) bf16 → AQT-int8
[int8-quant] model.layers.31.mlp.down_proj                    (4096, 5504) bf16 → AQT-int8
[int8-quant] summary: tp_linear=128, lm_head=1, bf16_bytes=6.61 GB → int8_bytes≈3.30 GB (ratio 0.50)
[int8-quant] model.layers.23.self_attn.qkv_proj               (6144, 4096) bf16 → AQT-int8
[int8-quant] model.layers.23.self_attn.o_proj                 (4096, 2048) bf16 → AQT-int8
[int8-quant] model.layers.23.mlp.gate_up_proj                 (11008, 4096) bf16 → AQT-int8
[int8-quant] model.layers.23.mlp.down_proj                    (4096, 5504) bf16 → AQT-int8
[int8-quant] model.layers.24.self_attn.qkv_proj               (6144, 4096) bf16 → AQT-int8
[int8-quant] model.layers.24.self_attn.o_proj                 (4096, 2048) bf16 → AQT-int8
[int8-quant] model.layers.24.mlp.gate_up_proj                 (11008, 4096) bf16 → AQT-int8
[int8-quant] model.layers.24.mlp.down_proj                    (4096, 5504) bf16 → AQT-int8
[int8-quant] model.layers.25.self_attn.qkv_proj               (6144, 4096) bf16 → AQT-int8
[int8-quant] model.layers.25.self_attn.o_proj                 (4096, 2048) bf16 → AQT-int8
[int8-quant] model.layers.25.mlp.gate_up_proj                 (11008, 4096) bf16 → AQT-int8
[int8-quant] model.layers.25.mlp.down_proj                    (4096, 5504) bf16 → AQT-int8
[int8-quant] model.layers.26.self_attn.qkv_proj               (6144, 4096) bf16 → AQT-int8
[int8-quant] model.layers.26.self_attn.o_proj                 (4096, 2048) bf16 → AQT-int8
[int8-quant] model.layers.26.mlp.gate_up_proj                 (11008, 4096) bf16 → AQT-int8
[int8-quant] model.layers.26.mlp.down_proj                    (4096, 5504) bf16 → AQT-int8
[int8-quant] model.layers.27.self_attn.qkv_proj               (6144, 4096) bf16 → AQT-int8
[int8-quant] model.layers.27.self_attn.o_proj                 (4096, 2048) bf16 → AQT-int8
[int8-quant] model.layers.27.mlp.gate_up_proj                 (11008, 4096) bf16 → AQT-int8
[int8-quant] model.layers.27.mlp.down_proj                    (4096, 5504) bf16 → AQT-int8
[int8-quant] model.layers.28.self_attn.qkv_proj               (6144, 4096) bf16 → AQT-int8
[int8-quant] model.layers.28.self_attn.o_proj                 (4096, 2048) bf16 → AQT-int8
[int8-quant] model.layers.28.mlp.gate_up_proj                 (11008, 4096) bf16 → AQT-int8
[int8-quant] model.layers.28.mlp.down_proj                    (4096, 5504) bf16 → AQT-int8
[int8-quant] model.layers.29.self_attn.qkv_proj               (6144, 4096) bf16 → AQT-int8
[int8-quant] model.layers.29.self_attn.o_proj                 (4096, 2048) bf16 → AQT-int8
[int8-quant] model.layers.29.mlp.gate_up_proj                 (11008, 4096) bf16 → AQT-int8
[int8-quant] model.layers.29.mlp.down_proj                    (4096, 5504) bf16 → AQT-int8
[int8-quant] model.layers.30.self_attn.qkv_proj               (6144, 4096) bf16 → AQT-int8
[int8-quant] model.layers.30.self_attn.o_proj                 (4096, 2048) bf16 → AQT-int8
[int8-quant] model.layers.30.mlp.gate_up_proj                 (11008, 4096) bf16 → AQT-int8
[int8-quant] model.layers.30.mlp.down_proj                    (4096, 5504) bf16 → AQT-int8
[int8-quant] model.layers.31.self_attn.qkv_proj               (6144, 4096) bf16 → AQT-int8
[int8-quant] model.layers.31.self_attn.o_proj                 (4096, 2048) bf16 → AQT-int8
[int8-quant] model.layers.31.mlp.gate_up_proj                 (11008, 4096) bf16 → AQT-int8
[int8-quant] model.layers.31.mlp.down_proj                    (4096, 5504) bf16 → AQT-int8
[int8-quant] summary: tp_linear=128, lm_head=1, bf16_bytes=6.61 GB → int8_bytes≈3.30 GB (ratio 0.50)
[DEBUG layer 0] hidden: nan=0 inf=0 absmax=0.00  residual: nan=0 inf=0 absmax=0.00  shape=(512, 4096)
[DEBUG layer 0] hidden: nan=0 inf=0 absmax=0.00  residual: nan=0 inf=0 absmax=0.00  shape=(512, 4096)
[DEBUG layer 1] hidden: nan=0 inf=0 absmax=0.01  residual: nan=0 inf=0 absmax=0.00  shape=(512, 4096)
[DEBUG layer 1] hidden: nan=0 inf=0 absmax=0.01  residual: nan=0 inf=0 absmax=0.00  shape=(512, 4096)
[DEBUG layer 2] hidden: nan=0 inf=0 absmax=0.14  residual: nan=0 inf=0 absmax=0.14  shape=(512, 4096)
[DEBUG layer 2] hidden: nan=0 inf=0 absmax=0.14  residual: nan=0 inf=0 absmax=0.14  shape=(512, 4096)
[DEBUG layer 3] hidden: nan=0 inf=0 absmax=1.55  residual: nan=0 inf=0 absmax=15.32  shape=(512, 4096)
[DEBUG layer 3] hidden: nan=0 inf=0 absmax=1.55  residual: nan=0 inf=0 absmax=15.32  shape=(512, 4096)
[DEBUG layer 4] hidden: nan=0 inf=0 absmax=2.20  residual: nan=0 inf=0 absmax=16.53  shape=(512, 4096)
[DEBUG layer 4] hidden: nan=0 inf=0 absmax=2.20  residual: nan=0 inf=0 absmax=16.53  shape=(512, 4096)
inside allocate_kv_cache -- 
inside allocate_kv_cache -- 
allocate_kv_cache(): kv_cache shape = torch.Size([2, 32, 218, 256, 16, 128])
allocate_kv_cache(): kv_cache shape = torch.Size([2, 32, 218, 256, 16, 128])
[model_runner] about to setup and warmup model and cudagraphs, is use_eagle=False
Starting LlamaForCausalLM init, draft=True, speculate=True, spec_k=7
[LlamaForCausalLM] use_eagle=False, eagle_layers=None
[LlamaModel] use_eagle=False, eagle_layers=None
Finishing LlamaForCausalLM init, draft=True, speculate=True, spec_k=7
[load_model] loading model from /data2/chokwans99/models/TinyLlama-1.1B-Chat-v1.0
Loading model files:   0%|          | 0/1 [00:00<?, ?it/s]Loading model files: 100%|██████████| 1/1 [00:00<00:00,  1.57it/s]Loading model files: 100%|██████████| 1/1 [00:00<00:00,  1.57it/s]
[load_model] finished loading model from /data2/chokwans99/models/TinyLlama-1.1B-Chat-v1.0
[DEBUG layer 0] hidden: nan=0 inf=0 absmax=0.00  residual: nan=0 inf=0 absmax=0.00  shape=(512, 2048)
[DEBUG layer 1] hidden: nan=0 inf=0 absmax=0.00  residual: nan=0 inf=0 absmax=0.00  shape=(512, 2048)
[DEBUG layer 2] hidden: nan=0 inf=0 absmax=0.01  residual: nan=0 inf=0 absmax=0.00  shape=(512, 2048)
[DEBUG layer 3] hidden: nan=0 inf=0 absmax=0.04  residual: nan=0 inf=0 absmax=0.02  shape=(512, 2048)
[DEBUG layer 4] hidden: nan=0 inf=0 absmax=0.09  residual: nan=0 inf=0 absmax=0.96  shape=(512, 2048)
inside allocate_kv_cache -- 
allocate_kv_cache(): kv_cache shape = torch.Size([2, 22, 563, 256, 4, 64])
Draft runner created on rank 0 (no async)
[LLMEngine] finished llm_engine init

============================================================
SWEEP [1/1] temp=0.6 b=1
============================================================
Generating:   0%|          | 0/4 [00:00<?, ?it/s][DEBUG layer 0] hidden: nan=0 inf=0 absmax=2.02  residual: nan=0 inf=0 absmax=0.86  shape=(338, 4096)
[DEBUG layer 0] hidden: nan=0 inf=0 absmax=2.02  residual: nan=0 inf=0 absmax=0.86  shape=(338, 4096)
[DEBUG layer 1] hidden: nan=0 inf=8 absmax=inf  residual: nan=0 inf=0 absmax=1.38  shape=(338, 4096)
[DEBUG layer 1] hidden: nan=0 inf=8 absmax=inf  residual: nan=0 inf=0 absmax=1.38  shape=(338, 4096)
[spec_prefill] target prefill
[DEBUG layer 0] hidden: nan=0 inf=0 absmax=0.38  residual: nan=0 inf=0 absmax=0.44  shape=(338, 2048)
[DEBUG layer 1] hidden: nan=0 inf=0 absmax=0.44  residual: nan=0 inf=0 absmax=0.50  shape=(338, 2048)
[DEBUG layer 2] hidden: nan=0 inf=0 absmax=159.00  residual: nan=0 inf=0 absmax=0.67  shape=(338, 2048)
[DEBUG layer 3] hidden: nan=0 inf=0 absmax=0.28  residual: nan=0 inf=0 absmax=159.00  shape=(338, 2048)
[DEBUG layer 4] hidden: nan=0 inf=0 absmax=0.23  residual: nan=0 inf=0 absmax=159.00  shape=(338, 2048)
[PREFILL] seq0 prompt_len=133 recovery=1678
[DEBUG layer 0] hidden: nan=0 inf=0 absmax=0.15  residual: nan=0 inf=0 absmax=0.23  shape=(1, 2048)
[DEBUG layer 1] hidden: nan=0 inf=0 absmax=0.04  residual: nan=0 inf=0 absmax=0.39  shape=(1, 2048)
[DEBUG layer 2] hidden: nan=0 inf=0 absmax=0.17  residual: nan=0 inf=0 absmax=0.37  shape=(1, 2048)
[DEBUG layer 3] hidden: nan=0 inf=0 absmax=0.11  residual: nan=0 inf=0 absmax=0.34  shape=(1, 2048)
[DEBUG layer 4] hidden: nan=0 inf=0 absmax=0.07  residual: nan=0 inf=0 absmax=0.45  shape=(1, 2048)
[DEBUG layer 0] hidden: nan=0 inf=0 absmax=0.10  residual: nan=0 inf=0 absmax=0.25  shape=(1, 2048)
[DEBUG layer 1] hidden: nan=0 inf=0 absmax=0.04  residual: nan=0 inf=0 absmax=0.38  shape=(1, 2048)
[DEBUG layer 2] hidden: nan=0 inf=0 absmax=0.08  residual: nan=0 inf=0 absmax=0.39  shape=(1, 2048)
[DEBUG layer 3] hidden: nan=0 inf=0 absmax=0.10  residual: nan=0 inf=0 absmax=0.42  shape=(1, 2048)
[DEBUG layer 4] hidden: nan=0 inf=0 absmax=0.07  residual: nan=0 inf=0 absmax=0.55  shape=(1, 2048)
[DEBUG layer 0] hidden: nan=0 inf=0 absmax=0.24  residual: nan=0 inf=0 absmax=0.17  shape=(1, 2048)
[DEBUG layer 1] hidden: nan=0 inf=0 absmax=0.04  residual: nan=0 inf=0 absmax=0.42  shape=(1, 2048)
[DEBUG layer 2] hidden: nan=0 inf=0 absmax=0.15  residual: nan=0 inf=0 absmax=0.50  shape=(1, 2048)
[DEBUG layer 3] hidden: nan=0 inf=0 absmax=0.15  residual: nan=0 inf=0 absmax=0.46  shape=(1, 2048)
[DEBUG layer 4] hidden: nan=0 inf=0 absmax=0.06  residual: nan=0 inf=0 absmax=0.45  shape=(1, 2048)
[DEBUG layer 0] hidden: nan=0 inf=0 absmax=0.04  residual: nan=0 inf=0 absmax=0.29  shape=(1, 2048)
[DEBUG layer 1] hidden: nan=0 inf=0 absmax=0.04  residual: nan=0 inf=0 absmax=0.34  shape=(1, 2048)
[DEBUG layer 2] hidden: nan=0 inf=0 absmax=0.12  residual: nan=0 inf=0 absmax=0.32  shape=(1, 2048)
[DEBUG layer 3] hidden: nan=0 inf=0 absmax=0.15  residual: nan=0 inf=0 absmax=0.38  shape=(1, 2048)
[DEBUG layer 4] hidden: nan=0 inf=0 absmax=0.07  residual: nan=0 inf=0 absmax=0.35  shape=(1, 2048)
[DEBUG layer 0] hidden: nan=0 inf=0 absmax=0.24  residual: nan=0 inf=0 absmax=0.10  shape=(1, 2048)
[DEBUG layer 1] hidden: nan=0 inf=0 absmax=0.08  residual: nan=0 inf=0 absmax=0.37  shape=(1, 2048)
[DEBUG layer 2] hidden: nan=0 inf=0 absmax=0.13  residual: nan=0 inf=0 absmax=0.57  shape=(1, 2048)
[DEBUG layer 3] hidden: nan=0 inf=0 absmax=0.13  residual: nan=0 inf=0 absmax=0.58  shape=(1, 2048)
[DEBUG layer 4] hidden: nan=0 inf=0 absmax=0.06  residual: nan=0 inf=0 absmax=0.73  shape=(1, 2048)
[DEBUG layer 0] hidden: nan=0 inf=0 absmax=0.06  residual: nan=0 inf=0 absmax=0.26  shape=(1, 2048)
[DEBUG layer 1] hidden: nan=0 inf=0 absmax=0.04  residual: nan=0 inf=0 absmax=0.35  shape=(1, 2048)
[DEBUG layer 2] hidden: nan=0 inf=0 absmax=0.18  residual: nan=0 inf=0 absmax=0.42  shape=(1, 2048)
[DEBUG layer 3] hidden: nan=0 inf=0 absmax=0.13  residual: nan=0 inf=0 absmax=0.45  shape=(1, 2048)
[DEBUG layer 4] hidden: nan=0 inf=0 absmax=0.07  residual: nan=0 inf=0 absmax=0.41  shape=(1, 2048)
[DEBUG layer 0] hidden: nan=0 inf=0 absmax=0.11  residual: nan=0 inf=0 absmax=0.23  shape=(1, 2048)
[DEBUG layer 1] hidden: nan=0 inf=0 absmax=0.04  residual: nan=0 inf=0 absmax=0.38  shape=(1, 2048)
[DEBUG layer 2] hidden: nan=0 inf=0 absmax=0.14  residual: nan=0 inf=0 absmax=0.40  shape=(1, 2048)
[DEBUG layer 3] hidden: nan=0 inf=0 absmax=0.11  residual: nan=0 inf=0 absmax=0.41  shape=(1, 2048)
[DEBUG layer 4] hidden: nan=0 inf=0 absmax=0.07  residual: nan=0 inf=0 absmax=0.43  shape=(1, 2048)
[DEBUG layer 0] hidden: nan=0 inf=0 absmax=0.04  residual: nan=0 inf=0 absmax=0.29  shape=(1, 2048)
[DEBUG layer 1] hidden: nan=0 inf=0 absmax=0.04  residual: nan=0 inf=0 absmax=0.36  shape=(1, 2048)
[DEBUG layer 2] hidden: nan=0 inf=0 absmax=0.14  residual: nan=0 inf=0 absmax=0.33  shape=(1, 2048)
[DEBUG layer 3] hidden: nan=0 inf=0 absmax=0.07  residual: nan=0 inf=0 absmax=0.36  shape=(1, 2048)
[DEBUG layer 4] hidden: nan=0 inf=0 absmax=0.09  residual: nan=0 inf=0 absmax=0.42  shape=(1, 2048)
[DEBUG layer 0] hidden: nan=0 inf=0 absmax=0.38  residual: nan=0 inf=0 absmax=0.67  shape=(8, 4096)
[DEBUG layer 0] hidden: nan=0 inf=0 absmax=0.38  residual: nan=0 inf=0 absmax=0.67  shape=(8, 4096)
[DEBUG layer 1] hidden: nan=0 inf=0 absmax=0.23  residual: nan=0 inf=0 absmax=0.72  shape=(8, 4096)
[DEBUG layer 1] hidden: nan=0 inf=0 absmax=0.23  residual: nan=0 inf=0 absmax=0.72  shape=(8, 4096)
[DEBUG layer 2] hidden: nan=0 inf=0 absmax=0.24  residual: nan=0 inf=0 absmax=0.68  shape=(8, 4096)
[DEBUG layer 2] hidden: nan=0 inf=0 absmax=0.24  residual: nan=0 inf=0 absmax=0.68  shape=(8, 4096)
[DEBUG layer 3] hidden: nan=0 inf=0 absmax=0.79  residual: nan=0 inf=0 absmax=0.91  shape=(8, 4096)
[DEBUG layer 3] hidden: nan=0 inf=0 absmax=0.79  residual: nan=0 inf=0 absmax=0.91  shape=(8, 4096)
[DEBUG layer 4] hidden: nan=0 inf=0 absmax=1.11  residual: nan=0 inf=0 absmax=0.91  shape=(8, 4096)
[DEBUG layer 4] hidden: nan=0 inf=0 absmax=1.11  residual: nan=0 inf=0 absmax=0.91  shape=(8, 4096)
[DEBUG verify] logits_p shape=(1, 8, 32000) inf=0 nan=0 max=14.68 min=-15.72
[DEBUG layer 0] hidden: nan=0 inf=0 absmax=0.05  residual: nan=0 inf=0 absmax=0.27  shape=(1, 2048)
[DEBUG layer 1] hidden: nan=0 inf=0 absmax=0.06  residual: nan=0 inf=0 absmax=0.32  shape=(1, 2048)
[DEBUG layer 2] hidden: nan=0 inf=0 absmax=0.11  residual: nan=0 inf=0 absmax=0.33  shape=(1, 2048)
[DEBUG layer 3] hidden: nan=0 inf=0 absmax=0.14  residual: nan=0 inf=0 absmax=0.27  shape=(1, 2048)
[DEBUG layer 4] hidden: nan=0 inf=0 absmax=0.06  residual: nan=0 inf=0 absmax=0.28  shape=(1, 2048)
[DEBUG layer 0] hidden: nan=0 inf=0 absmax=0.08  residual: nan=0 inf=0 absmax=0.31  shape=(1, 2048)
[DEBUG layer 1] hidden: nan=0 inf=0 absmax=0.04  residual: nan=0 inf=0 absmax=0.33  shape=(1, 2048)
[DEBUG layer 2] hidden: nan=0 inf=0 absmax=0.13  residual: nan=0 inf=0 absmax=0.31  shape=(1, 2048)
[DEBUG layer 3] hidden: nan=0 inf=0 absmax=0.13  residual: nan=0 inf=0 absmax=0.36  shape=(1, 2048)
[DEBUG layer 4] hidden: nan=0 inf=0 absmax=0.05  residual: nan=0 inf=0 absmax=0.33  shape=(1, 2048)
[DEBUG layer 0] hidden: nan=0 inf=0 absmax=0.06  residual: nan=0 inf=0 absmax=0.26  shape=(1, 2048)
[DEBUG layer 1] hidden: nan=0 inf=0 absmax=0.05  residual: nan=0 inf=0 absmax=0.29  shape=(1, 2048)
[DEBUG layer 2] hidden: nan=0 inf=0 absmax=0.06  residual: nan=0 inf=0 absmax=0.25  shape=(1, 2048)
[DEBUG layer 3] hidden: nan=0 inf=0 absmax=0.13  residual: nan=0 inf=0 absmax=0.27  shape=(1, 2048)
[DEBUG layer 4] hidden: nan=0 inf=0 absmax=0.05  residual: nan=0 inf=0 absmax=0.40  shape=(1, 2048)
[DEBUG layer 0] hidden: nan=0 inf=0 absmax=0.06  residual: nan=0 inf=0 absmax=0.26  shape=(1, 2048)
[DEBUG layer 1] hidden: nan=0 inf=0 absmax=0.04  residual: nan=0 inf=0 absmax=0.32  shape=(1, 2048)
[DEBUG layer 2] hidden: nan=0 inf=0 absmax=0.12  residual: nan=0 inf=0 absmax=0.34  shape=(1, 2048)
[DEBUG layer 3] hidden: nan=0 inf=0 absmax=0.10  residual: nan=0 inf=0 absmax=0.27  shape=(1, 2048)
[DEBUG layer 4] hidden: nan=0 inf=0 absmax=0.09  residual: nan=0 inf=0 absmax=0.31  shape=(1, 2048)
[DEBUG layer 0] hidden: nan=0 inf=0 absmax=0.08  residual: nan=0 inf=0 absmax=0.26  shape=(1, 2048)
[DEBUG layer 1] hidden: nan=0 inf=0 absmax=0.03  residual: nan=0 inf=0 absmax=0.35  shape=(1, 2048)
[DEBUG layer 2] hidden: nan=0 inf=0 absmax=0.09  residual: nan=0 inf=0 absmax=0.29  shape=(1, 2048)
[DEBUG layer 3] hidden: nan=0 inf=0 absmax=0.07  residual: nan=0 inf=0 absmax=0.23  shape=(1, 2048)
[DEBUG layer 4] hidden: nan=0 inf=0 absmax=0.07  residual: nan=0 inf=0 absmax=0.27  shape=(1, 2048)
[DEBUG layer 0] hidden: nan=0 inf=0 absmax=0.06  residual: nan=0 inf=0 absmax=0.26  shape=(1, 2048)
[DEBUG layer 1] hidden: nan=0 inf=0 absmax=0.10  residual: nan=0 inf=0 absmax=0.32  shape=(1, 2048)
[DEBUG layer 2] hidden: nan=0 inf=0 absmax=0.09  residual: nan=0 inf=0 absmax=0.36  shape=(1, 2048)
[DEBUG layer 3] hidden: nan=0 inf=0 absmax=0.12  residual: nan=0 inf=0 absmax=0.36  shape=(1, 2048)
[DEBUG layer 4] hidden: nan=0 inf=0 absmax=0.05  residual: nan=0 inf=0 absmax=0.44  shape=(1, 2048)
[DEBUG layer 0] hidden: nan=0 inf=0 absmax=0.08  residual: nan=0 inf=0 absmax=0.31  shape=(1, 2048)
[DEBUG layer 1] hidden: nan=0 inf=0 absmax=0.05  residual: nan=0 inf=0 absmax=0.33  shape=(1, 2048)
[DEBUG layer 2] hidden: nan=0 inf=0 absmax=0.17  residual: nan=0 inf=0 absmax=0.38  shape=(1, 2048)
[DEBUG layer 3] hidden: nan=0 inf=0 absmax=0.06  residual: nan=0 inf=0 absmax=0.35  shape=(1, 2048)
[DEBUG layer 4] hidden: nan=0 inf=0 absmax=0.05  residual: nan=0 inf=0 absmax=0.42  shape=(1, 2048)
[DEBUG layer 0] hidden: nan=0 inf=0 absmax=0.06  residual: nan=0 inf=0 absmax=0.26  shape=(1, 2048)
[DEBUG layer 1] hidden: nan=0 inf=0 absmax=0.05  residual: nan=0 inf=0 absmax=0.27  shape=(1, 2048)
[DEBUG layer 2] hidden: nan=0 inf=0 absmax=0.08  residual: nan=0 inf=0 absmax=0.24  shape=(1, 2048)
[DEBUG layer 3] hidden: nan=0 inf=0 absmax=0.10  residual: nan=0 inf=0 absmax=0.26  shape=(1, 2048)
[DEBUG layer 4] hidden: nan=0 inf=0 absmax=0.05  residual: nan=0 inf=0 absmax=0.34  shape=(1, 2048)
[DEBUG layer 0] hidden: nan=0 inf=0 absmax=0.36  residual: nan=0 inf=0 absmax=0.67  shape=(8, 4096)
[DEBUG layer 0] hidden: nan=0 inf=0 absmax=0.36  residual: nan=0 inf=0 absmax=0.67  shape=(8, 4096)
[DEBUG layer 1] hidden: nan=0 inf=0 absmax=0.22  residual: nan=0 inf=0 absmax=0.89  shape=(8, 4096)
[DEBUG layer 1] hidden: nan=0 inf=0 absmax=0.22  residual: nan=0 inf=0 absmax=0.89  shape=(8, 4096)
[DEBUG layer 2] hidden: nan=0 inf=0 absmax=0.23  residual: nan=0 inf=0 absmax=0.96  shape=(8, 4096)
[DEBUG layer 2] hidden: nan=0 inf=0 absmax=0.23  residual: nan=0 inf=0 absmax=0.96  shape=(8, 4096)
[DEBUG layer 3] hidden: nan=0 inf=0 absmax=0.82  residual: nan=0 inf=0 absmax=1.06  shape=(8, 4096)
[DEBUG layer 3] hidden: nan=0 inf=0 absmax=0.82  residual: nan=0 inf=0 absmax=1.06  shape=(8, 4096)
[DEBUG layer 4] hidden: nan=0 inf=0 absmax=0.69  residual: nan=0 inf=0 absmax=0.82  shape=(8, 4096)
[DEBUG layer 4] hidden: nan=0 inf=0 absmax=0.69  residual: nan=0 inf=0 absmax=0.82  shape=(8, 4096)
[DEBUG verify] logits_p shape=(1, 8, 32000) inf=0 nan=0 max=13.01 min=-16.72
[DEBUG layer 0] hidden: nan=0 inf=0 absmax=0.09  residual: nan=0 inf=0 absmax=0.29  shape=(1, 2048)
[DEBUG layer 1] hidden: nan=0 inf=0 absmax=0.05  residual: nan=0 inf=0 absmax=0.26  shape=(1, 2048)
[DEBUG layer 2] hidden: nan=0 inf=0 absmax=0.10  residual: nan=0 inf=0 absmax=0.23  shape=(1, 2048)
[DEBUG layer 3] hidden: nan=0 inf=0 absmax=0.06  residual: nan=0 inf=0 absmax=0.24  shape=(1, 2048)
[DEBUG layer 4] hidden: nan=0 inf=0 absmax=0.05  residual: nan=0 inf=0 absmax=0.26  shape=(1, 2048)
[DEBUG layer 0] hidden: nan=0 inf=0 absmax=0.10  residual: nan=0 inf=0 absmax=0.31  shape=(1, 2048)
[DEBUG layer 1] hidden: nan=0 inf=0 absmax=0.04  residual: nan=0 inf=0 absmax=0.26  shape=(1, 2048)
[DEBUG layer 2] hidden: nan=0 inf=0 absmax=0.08  residual: nan=0 inf=0 absmax=0.24  shape=(1, 2048)
[DEBUG layer 3] hidden: nan=0 inf=0 absmax=0.10  residual: nan=0 inf=0 absmax=0.25  shape=(1, 2048)
[DEBUG layer 4] hidden: nan=0 inf=0 absmax=0.05  residual: nan=0 inf=0 absmax=0.27  shape=(1, 2048)
[DEBUG layer 0] hidden: nan=0 inf=0 absmax=0.11  residual: nan=0 inf=0 absmax=0.31  shape=(1, 2048)
[DEBUG layer 1] hidden: nan=0 inf=0 absmax=0.04  residual: nan=0 inf=0 absmax=0.27  shape=(1, 2048)
[DEBUG layer 2] hidden: nan=0 inf=0 absmax=0.11  residual: nan=0 inf=0 absmax=0.24  shape=(1, 2048)
[DEBUG layer 3] hidden: nan=0 inf=0 absmax=0.12  residual: nan=0 inf=0 absmax=0.25  shape=(1, 2048)
[DEBUG layer 4] hidden: nan=0 inf=0 absmax=0.06  residual: nan=0 inf=0 absmax=0.27  shape=(1, 2048)
[DEBUG layer 0] hidden: nan=0 inf=0 absmax=0.11  residual: nan=0 inf=0 absmax=0.31  shape=(1, 2048)
[DEBUG layer 1] hidden: nan=0 inf=0 absmax=0.05  residual: nan=0 inf=0 absmax=0.29  shape=(1, 2048)
[DEBUG layer 2] hidden: nan=0 inf=0 absmax=0.11  residual: nan=0 inf=0 absmax=0.24  shape=(1, 2048)
[DEBUG layer 3] hidden: nan=0 inf=0 absmax=0.12  residual: nan=0 inf=0 absmax=0.27  shape=(1, 2048)
[DEBUG layer 4] hidden: nan=0 inf=0 absmax=0.06  residual: nan=0 inf=0 absmax=0.29  shape=(1, 2048)
[DEBUG layer 0] hidden: nan=0 inf=0 absmax=0.11  residual: nan=0 inf=0 absmax=0.31  shape=(1, 2048)
[DEBUG layer 1] hidden: nan=0 inf=0 absmax=0.05  residual: nan=0 inf=0 absmax=0.29  shape=(1, 2048)
[DEBUG layer 2] hidden: nan=0 inf=0 absmax=0.08  residual: nan=0 inf=0 absmax=0.25  shape=(1, 2048)
[DEBUG layer 3] hidden: nan=0 inf=0 absmax=0.10  residual: nan=0 inf=0 absmax=0.28  shape=(1, 2048)
[DEBUG layer 4] hidden: nan=0 inf=0 absmax=0.06  residual: nan=0 inf=0 absmax=0.30  shape=(1, 2048)
[DEBUG layer 0] hidden: nan=0 inf=0 absmax=0.11  residual: nan=0 inf=0 absmax=0.31  shape=(1, 2048)
[DEBUG layer 1] hidden: nan=0 inf=0 absmax=0.05  residual: nan=0 inf=0 absmax=0.29  shape=(1, 2048)
[DEBUG layer 2] hidden: nan=0 inf=0 absmax=0.07  residual: nan=0 inf=0 absmax=0.25  shape=(1, 2048)
[DEBUG layer 3] hidden: nan=0 inf=0 absmax=0.12  residual: nan=0 inf=0 absmax=0.29  shape=(1, 2048)
[DEBUG layer 4] hidden: nan=0 inf=0 absmax=0.07  residual: nan=0 inf=0 absmax=0.30  shape=(1, 2048)
[DEBUG layer 0] hidden: nan=0 inf=0 absmax=0.11  residual: nan=0 inf=0 absmax=0.31  shape=(1, 2048)
[DEBUG layer 1] hidden: nan=0 inf=0 absmax=0.05  residual: nan=0 inf=0 absmax=0.29  shape=(1, 2048)
[DEBUG layer 2] hidden: nan=0 inf=0 absmax=0.09  residual: nan=0 inf=0 absmax=0.26  shape=(1, 2048)
[DEBUG layer 3] hidden: nan=0 inf=0 absmax=0.12  residual: nan=0 inf=0 absmax=0.29  shape=(1, 2048)
[DEBUG layer 4] hidden: nan=0 inf=0 absmax=0.07  residual: nan=0 inf=0 absmax=0.29  shape=(1, 2048)
[DEBUG layer 0] hidden: nan=0 inf=0 absmax=0.11  residual: nan=0 inf=0 absmax=0.31  shape=(1, 2048)
[DEBUG layer 1] hidden: nan=0 inf=0 absmax=0.05  residual: nan=0 inf=0 absmax=0.29  shape=(1, 2048)
[DEBUG layer 2] hidden: nan=0 inf=0 absmax=0.10  residual: nan=0 inf=0 absmax=0.26  shape=(1, 2048)
[DEBUG layer 3] hidden: nan=0 inf=0 absmax=0.10  residual: nan=0 inf=0 absmax=0.29  shape=(1, 2048)
[DEBUG layer 4] hidden: nan=0 inf=0 absmax=0.07  residual: nan=0 inf=0 absmax=0.30  shape=(1, 2048)
[DEBUG layer 0] hidden: nan=0 inf=0 absmax=0.20  residual: nan=0 inf=0 absmax=0.62  shape=(8, 4096)
[DEBUG layer 0] hidden: nan=0 inf=0 absmax=0.20  residual: nan=0 inf=0 absmax=0.62  shape=(8, 4096)
[DEBUG layer 1] hidden: nan=0 inf=0 absmax=0.36  residual: nan=0 inf=0 absmax=1.03  shape=(8, 4096)
[DEBUG layer 1] hidden: nan=0 inf=0 absmax=0.36  residual: nan=0 inf=0 absmax=1.03  shape=(8, 4096)
[DEBUG layer 2] hidden: nan=0 inf=0 absmax=0.25  residual: nan=0 inf=0 absmax=0.79  shape=(8, 4096)
[DEBUG layer 2] hidden: nan=0 inf=0 absmax=0.25  residual: nan=0 inf=0 absmax=0.79  shape=(8, 4096)
[DEBUG layer 3] hidden: nan=0 inf=0 absmax=0.62  residual: nan=0 inf=0 absmax=0.58  shape=(8, 4096)
[DEBUG layer 3] hidden: nan=0 inf=0 absmax=0.62  residual: nan=0 inf=0 absmax=0.58  shape=(8, 4096)
[DEBUG layer 4] hidden: nan=0 inf=0 absmax=0.62  residual: nan=0 inf=0 absmax=0.57  shape=(8, 4096)
[DEBUG layer 4] hidden: nan=0 inf=0 absmax=0.62  residual: nan=0 inf=0 absmax=0.57  shape=(8, 4096)
[DEBUG verify] logits_p shape=(1, 8, 32000) inf=0 nan=0 max=9.63 min=-17.39
[DEBUG layer 0] hidden: nan=0 inf=0 absmax=0.08  residual: nan=0 inf=0 absmax=0.27  shape=(1, 2048)
[DEBUG layer 1] hidden: nan=0 inf=0 absmax=0.04  residual: nan=0 inf=0 absmax=0.30  shape=(1, 2048)
[DEBUG layer 2] hidden: nan=0 inf=0 absmax=0.13  residual: nan=0 inf=0 absmax=0.26  shape=(1, 2048)
[DEBUG layer 3] hidden: nan=0 inf=0 absmax=0.10  residual: nan=0 inf=0 absmax=0.24  shape=(1, 2048)
[DEBUG layer 4] hidden: nan=0 inf=0 absmax=0.07  residual: nan=0 inf=0 absmax=0.25  shape=(1, 2048)
[DEBUG layer 0] hidden: nan=0 inf=0 absmax=0.07  residual: nan=0 inf=0 absmax=0.23  shape=(1, 2048)
[DEBUG layer 1] hidden: nan=0 inf=0 absmax=0.11  residual: nan=0 inf=0 absmax=0.32  shape=(1, 2048)
[DEBUG layer 2] hidden: nan=0 inf=0 absmax=0.08  residual: nan=0 inf=0 absmax=0.36  shape=(1, 2048)
[DEBUG layer 3] hidden: nan=0 inf=0 absmax=0.10  residual: nan=0 inf=0 absmax=0.50  shape=(1, 2048)
[DEBUG layer 4] hidden: nan=0 inf=0 absmax=0.08  residual: nan=0 inf=0 absmax=0.47  shape=(1, 2048)
[DEBUG layer 0] hidden: nan=0 inf=0 absmax=0.15  residual: nan=0 inf=0 absmax=0.23  shape=(1, 2048)
[DEBUG layer 1] hidden: nan=0 inf=0 absmax=0.04  residual: nan=0 inf=0 absmax=0.40  shape=(1, 2048)
[DEBUG layer 2] hidden: nan=0 inf=0 absmax=0.14  residual: nan=0 inf=0 absmax=0.38  shape=(1, 2048)
[DEBUG layer 3] hidden: nan=0 inf=0 absmax=0.15  residual: nan=0 inf=0 absmax=0.43  shape=(1, 2048)
[DEBUG layer 4] hidden: nan=0 inf=0 absmax=0.08  residual: nan=0 inf=0 absmax=0.44  shape=(1, 2048)
[DEBUG layer 0] hidden: nan=0 inf=0 absmax=0.12  residual: nan=0 inf=0 absmax=0.15  shape=(1, 2048)
[DEBUG layer 1] hidden: nan=0 inf=0 absmax=0.05  residual: nan=0 inf=0 absmax=0.28  shape=(1, 2048)
[DEBUG layer 2] hidden: nan=0 inf=0 absmax=0.09  residual: nan=0 inf=0 absmax=0.28  shape=(1, 2048)
[DEBUG layer 3] hidden: nan=0 inf=0 absmax=0.16  residual: nan=0 inf=0 absmax=0.24  shape=(1, 2048)
[DEBUG layer 4] hidden: nan=0 inf=0 absmax=0.07  residual: nan=0 inf=0 absmax=0.25  shape=(1, 2048)
[DEBUG layer 0] hidden: nan=0 inf=0 absmax=0.07  residual: nan=0 inf=0 absmax=0.23  shape=(1, 2048)
[DEBUG layer 1] hidden: nan=0 inf=0 absmax=0.13  residual: nan=0 inf=0 absmax=0.31  shape=(1, 2048)
[DEBUG layer 2] hidden: nan=0 inf=0 absmax=0.13  residual: nan=0 inf=0 absmax=0.41  shape=(1, 2048)
[DEBUG layer 3] hidden: nan=0 inf=0 absmax=0.07  residual: nan=0 inf=0 absmax=0.42  shape=(1, 2048)
[DEBUG layer 4] hidden: nan=0 inf=0 absmax=0.12  residual: nan=0 inf=0 absmax=0.48  shape=(1, 2048)
[DEBUG layer 0] hidden: nan=0 inf=0 absmax=0.15  residual: nan=0 inf=0 absmax=0.23  shape=(1, 2048)
[DEBUG layer 1] hidden: nan=0 inf=0 absmax=0.04  residual: nan=0 inf=0 absmax=0.39  shape=(1, 2048)
[DEBUG layer 2] hidden: nan=0 inf=0 absmax=0.18  residual: nan=0 inf=0 absmax=0.39  shape=(1, 2048)
[DEBUG layer 3] hidden: nan=0 inf=0 absmax=0.12  residual: nan=0 inf=0 absmax=0.35  shape=(1, 2048)
[DEBUG layer 4] hidden: nan=0 inf=0 absmax=0.10  residual: nan=0 inf=0 absmax=0.44  shape=(1, 2048)
[DEBUG layer 0] hidden: nan=0 inf=0 absmax=0.26  residual: nan=0 inf=0 absmax=0.15  shape=(1, 2048)
[DEBUG layer 1] hidden: nan=0 inf=0 absmax=0.05  residual: nan=0 inf=0 absmax=0.44  shape=(1, 2048)
[DEBUG layer 2] hidden: nan=0 inf=0 absmax=0.17  residual: nan=0 inf=0 absmax=0.62  shape=(1, 2048)
[DEBUG layer 3] hidden: nan=0 inf=0 absmax=0.20  residual: nan=0 inf=0 absmax=0.58  shape=(1, 2048)
[DEBUG layer 4] hidden: nan=0 inf=0 absmax=0.06  residual: nan=0 inf=0 absmax=0.50  shape=(1, 2048)
[DEBUG layer 0] hidden: nan=0 inf=0 absmax=0.08  residual: nan=0 inf=0 absmax=0.28  shape=(1, 2048)
[DEBUG layer 1] hidden: nan=0 inf=0 absmax=0.07  residual: nan=0 inf=0 absmax=0.34  shape=(1, 2048)
[DEBUG layer 2] hidden: nan=0 inf=0 absmax=0.04  residual: nan=0 inf=0 absmax=0.42  shape=(1, 2048)
[DEBUG layer 3] hidden: nan=0 inf=0 absmax=0.20  residual: nan=0 inf=0 absmax=0.43  shape=(1, 2048)
[DEBUG layer 4] hidden: nan=0 inf=0 absmax=0.06  residual: nan=0 inf=0 absmax=0.32  shape=(1, 2048)
[DEBUG layer 0] hidden: nan=0 inf=0 absmax=0.55  residual: nan=0 inf=0 absmax=0.69  shape=(8, 4096)
[DEBUG layer 0] hidden: nan=0 inf=0 absmax=0.55  residual: nan=0 inf=0 absmax=0.69  shape=(8, 4096)
[DEBUG layer 1] hidden: nan=0 inf=0 absmax=0.18  residual: nan=0 inf=0 absmax=0.82  shape=(8, 4096)
[DEBUG layer 1] hidden: nan=0 inf=0 absmax=0.18  residual: nan=0 inf=0 absmax=0.82  shape=(8, 4096)
[DEBUG layer 2] hidden: nan=0 inf=0 absmax=0.16  residual: nan=0 inf=0 absmax=0.71  shape=(8, 4096)
[DEBUG layer 2] hidden: nan=0 inf=0 absmax=0.16  residual: nan=0 inf=0 absmax=0.71  shape=(8, 4096)
[DEBUG layer 3] hidden: nan=0 inf=0 absmax=0.62  residual: nan=0 inf=0 absmax=0.81  shape=(8, 4096)
[DEBUG layer 3] hidden: nan=0 inf=0 absmax=0.62  residual: nan=0 inf=0 absmax=0.81  shape=(8, 4096)
[DEBUG layer 4] hidden: nan=0 inf=0 absmax=0.82  residual: nan=0 inf=0 absmax=0.80  shape=(8, 4096)
[DEBUG layer 4] hidden: nan=0 inf=0 absmax=0.82  residual: nan=0 inf=0 absmax=0.80  shape=(8, 4096)
[DEBUG verify] logits_p shape=(1, 8, 32000) inf=0 nan=0 max=7.45 min=-18.61
[DEBUG layer 0] hidden: nan=0 inf=0 absmax=0.07  residual: nan=0 inf=0 absmax=0.29  shape=(1, 2048)
[DEBUG layer 1] hidden: nan=0 inf=0 absmax=0.07  residual: nan=0 inf=0 absmax=0.30  shape=(1, 2048)
[DEBUG layer 2] hidden: nan=0 inf=0 absmax=0.12  residual: nan=0 inf=0 absmax=0.22  shape=(1, 2048)
[DEBUG layer 3] hidden: nan=0 inf=0 absmax=0.05  residual: nan=0 inf=0 absmax=0.24  shape=(1, 2048)
[DEBUG layer 4] hidden: nan=0 inf=0 absmax=0.06  residual: nan=0 inf=0 absmax=0.25  shape=(1, 2048)
[DEBUG layer 0] hidden: nan=0 inf=0 absmax=0.10  residual: nan=0 inf=0 absmax=0.30  shape=(1, 2048)
[DEBUG layer 1] hidden: nan=0 inf=0 absmax=0.06  residual: nan=0 inf=0 absmax=0.28  shape=(1, 2048)
[DEBUG layer 2] hidden: nan=0 inf=0 absmax=0.11  residual: nan=0 inf=0 absmax=0.25  shape=(1, 2048)
[DEBUG layer 3] hidden: nan=0 inf=0 absmax=0.09  residual: nan=0 inf=0 absmax=0.27  shape=(1, 2048)
[DEBUG layer 4] hidden: nan=0 inf=0 absmax=0.06  residual: nan=0 inf=0 absmax=0.27  shape=(1, 2048)
[DEBUG layer 0] hidden: nan=0 inf=0 absmax=0.11  residual: nan=0 inf=0 absmax=0.31  shape=(1, 2048)
[DEBUG layer 1] hidden: nan=0 inf=0 absmax=0.04  residual: nan=0 inf=0 absmax=0.28  shape=(1, 2048)
[DEBUG layer 2] hidden: nan=0 inf=0 absmax=0.11  residual: nan=0 inf=0 absmax=0.26  shape=(1, 2048)
[DEBUG layer 3] hidden: nan=0 inf=0 absmax=0.08  residual: nan=0 inf=0 absmax=0.29  shape=(1, 2048)
[DEBUG layer 4] hidden: nan=0 inf=0 absmax=0.06  residual: nan=0 inf=0 absmax=0.30  shape=(1, 2048)
[DEBUG layer 0] hidden: nan=0 inf=0 absmax=0.11  residual: nan=0 inf=0 absmax=0.31  shape=(1, 2048)
[DEBUG layer 1] hidden: nan=0 inf=0 absmax=0.04  residual: nan=0 inf=0 absmax=0.29  shape=(1, 2048)
[DEBUG layer 2] hidden: nan=0 inf=0 absmax=0.14  residual: nan=0 inf=0 absmax=0.27  shape=(1, 2048)
[DEBUG layer 3] hidden: nan=0 inf=0 absmax=0.08  residual: nan=0 inf=0 absmax=0.29  shape=(1, 2048)
[DEBUG layer 4] hidden: nan=0 inf=0 absmax=0.05  residual: nan=0 inf=0 absmax=0.31  shape=(1, 2048)
[DEBUG layer 0] hidden: nan=0 inf=0 absmax=0.11  residual: nan=0 inf=0 absmax=0.31  shape=(1, 2048)
[DEBUG layer 1] hidden: nan=0 inf=0 absmax=0.05  residual: nan=0 inf=0 absmax=0.29  shape=(1, 2048)
[DEBUG layer 2] hidden: nan=0 inf=0 absmax=0.13  residual: nan=0 inf=0 absmax=0.27  shape=(1, 2048)
[DEBUG layer 3] hidden: nan=0 inf=0 absmax=0.08  residual: nan=0 inf=0 absmax=0.30  shape=(1, 2048)
[DEBUG layer 4] hidden: nan=0 inf=0 absmax=0.06  residual: nan=0 inf=0 absmax=0.33  shape=(1, 2048)
[DEBUG layer 0] hidden: nan=0 inf=0 absmax=0.11  residual: nan=0 inf=0 absmax=0.31  shape=(1, 2048)
[DEBUG layer 1] hidden: nan=0 inf=0 absmax=0.05  residual: nan=0 inf=0 absmax=0.29  shape=(1, 2048)
[DEBUG layer 2] hidden: nan=0 inf=0 absmax=0.11  residual: nan=0 inf=0 absmax=0.27  shape=(1, 2048)
[DEBUG layer 3] hidden: nan=0 inf=0 absmax=0.07  residual: nan=0 inf=0 absmax=0.31  shape=(1, 2048)
[DEBUG layer 4] hidden: nan=0 inf=0 absmax=0.05  residual: nan=0 inf=0 absmax=0.33  shape=(1, 2048)
[DEBUG layer 0] hidden: nan=0 inf=0 absmax=0.11  residual: nan=0 inf=0 absmax=0.31  shape=(1, 2048)
[DEBUG layer 1] hidden: nan=0 inf=0 absmax=0.05  residual: nan=0 inf=0 absmax=0.29  shape=(1, 2048)
[DEBUG layer 2] hidden: nan=0 inf=0 absmax=0.11  residual: nan=0 inf=0 absmax=0.26  shape=(1, 2048)
[DEBUG layer 3] hidden: nan=0 inf=0 absmax=0.06  residual: nan=0 inf=0 absmax=0.31  shape=(1, 2048)
[DEBUG layer 4] hidden: nan=0 inf=0 absmax=0.06  residual: nan=0 inf=0 absmax=0.33  shape=(1, 2048)
[DEBUG layer 0] hidden: nan=0 inf=0 absmax=0.11  residual: nan=0 inf=0 absmax=0.31  shape=(1, 2048)
[DEBUG layer 1] hidden: nan=0 inf=0 absmax=0.05  residual: nan=0 inf=0 absmax=0.29  shape=(1, 2048)
[DEBUG layer 2] hidden: nan=0 inf=0 absmax=0.13  residual: nan=0 inf=0 absmax=0.26  shape=(1, 2048)
[DEBUG layer 3] hidden: nan=0 inf=0 absmax=0.08  residual: nan=0 inf=0 absmax=0.31  shape=(1, 2048)
[DEBUG layer 4] hidden: nan=0 inf=0 absmax=0.06  residual: nan=0 inf=0 absmax=0.32  shape=(1, 2048)
[DEBUG layer 0] hidden: nan=0 inf=0 absmax=0.19  residual: nan=0 inf=0 absmax=0.61  shape=(8, 4096)
[DEBUG layer 0] hidden: nan=0 inf=0 absmax=0.19  residual: nan=0 inf=0 absmax=0.61  shape=(8, 4096)
[DEBUG layer 1] hidden: nan=0 inf=0 absmax=0.38  residual: nan=0 inf=0 absmax=0.95  shape=(8, 4096)
[DEBUG layer 1] hidden: nan=0 inf=0 absmax=0.38  residual: nan=0 inf=0 absmax=0.95  shape=(8, 4096)
[DEBUG layer 2] hidden: nan=0 inf=0 absmax=0.26  residual: nan=0 inf=0 absmax=0.80  shape=(8, 4096)
[DEBUG layer 2] hidden: nan=0 inf=0 absmax=0.26  residual: nan=0 inf=0 absmax=0.80  shape=(8, 4096)
[DEBUG layer 3] hidden: nan=0 inf=0 absmax=0.95  residual: nan=0 inf=0 absmax=0.73  shape=(8, 4096)
[DEBUG layer 3] hidden: nan=0 inf=0 absmax=0.95  residual: nan=0 inf=0 absmax=0.73  shape=(8, 4096)
[DEBUG layer 4] hidden: nan=0 inf=0 absmax=0.68  residual: nan=0 inf=0 absmax=0.63  shape=(8, 4096)
[DEBUG layer 4] hidden: nan=0 inf=0 absmax=0.68  residual: nan=0 inf=0 absmax=0.63  shape=(8, 4096)
[DEBUG verify] logits_p shape=(1, 8, 32000) inf=0 nan=0 max=13.23 min=-16.06
[DEBUG layer 0] hidden: nan=0 inf=0 absmax=0.11  residual: nan=0 inf=0 absmax=0.31  shape=(1, 2048)
[DEBUG layer 1] hidden: nan=0 inf=0 absmax=0.05  residual: nan=0 inf=0 absmax=0.29  shape=(1, 2048)
[DEBUG layer 2] hidden: nan=0 inf=0 absmax=0.13  residual: nan=0 inf=0 absmax=0.26  shape=(1, 2048)
[DEBUG layer 3] hidden: nan=0 inf=0 absmax=0.10  residual: nan=0 inf=0 absmax=0.32  shape=(1, 2048)
[DEBUG layer 4] hidden: nan=0 inf=0 absmax=0.06  residual: nan=0 inf=0 absmax=0.34  shape=(1, 2048)
[DEBUG layer 0] hidden: nan=0 inf=0 absmax=0.10  residual: nan=0 inf=0 absmax=0.31  shape=(1, 2048)
[DEBUG layer 1] hidden: nan=0 inf=0 absmax=0.05  residual: nan=0 inf=0 absmax=0.29  shape=(1, 2048)
[DEBUG layer 2] hidden: nan=0 inf=0 absmax=0.14  residual: nan=0 inf=0 absmax=0.26  shape=(1, 2048)
[DEBUG layer 3] hidden: nan=0 inf=0 absmax=0.06  residual: nan=0 inf=0 absmax=0.30  shape=(1, 2048)
[DEBUG layer 4] hidden: nan=0 inf=0 absmax=0.06  residual: nan=0 inf=0 absmax=0.32  shape=(1, 2048)
[DEBUG layer 0] hidden: nan=0 inf=0 absmax=0.10  residual: nan=0 inf=0 absmax=0.30  shape=(1, 2048)
[DEBUG layer 1] hidden: nan=0 inf=0 absmax=0.05  residual: nan=0 inf=0 absmax=0.29  shape=(1, 2048)
[DEBUG layer 2] hidden: nan=0 inf=0 absmax=0.14  residual: nan=0 inf=0 absmax=0.26  shape=(1, 2048)
[DEBUG layer 3] hidden: nan=0 inf=0 absmax=0.06  residual: nan=0 inf=0 absmax=0.31  shape=(1, 2048)
[DEBUG layer 4] hidden: nan=0 inf=0 absmax=0.06  residual: nan=0 inf=0 absmax=0.33  shape=(1, 2048)
[DEBUG layer 0] hidden: nan=0 inf=0 absmax=0.10  residual: nan=0 inf=0 absmax=0.30  shape=(1, 2048)
[DEBUG layer 1] hidden: nan=0 inf=0 absmax=0.05  residual: nan=0 inf=0 absmax=0.29  shape=(1, 2048)
[DEBUG layer 2] hidden: nan=0 inf=0 absmax=0.15  residual: nan=0 inf=0 absmax=0.26  shape=(1, 2048)
[DEBUG layer 3] hidden: nan=0 inf=0 absmax=0.05  residual: nan=0 inf=0 absmax=0.31  shape=(1, 2048)
[DEBUG layer 4] hidden: nan=0 inf=0 absmax=0.06  residual: nan=0 inf=0 absmax=0.34  shape=(1, 2048)
[DEBUG layer 0] hidden: nan=0 inf=0 absmax=0.10  residual: nan=0 inf=0 absmax=0.30  shape=(1, 2048)
[DEBUG layer 1] hidden: nan=0 inf=0 absmax=0.05  residual: nan=0 inf=0 absmax=0.30  shape=(1, 2048)
[DEBUG layer 2] hidden: nan=0 inf=0 absmax=0.16  residual: nan=0 inf=0 absmax=0.26  shape=(1, 2048)
[DEBUG layer 3] hidden: nan=0 inf=0 absmax=0.05  residual: nan=0 inf=0 absmax=0.31  shape=(1, 2048)
[DEBUG layer 4] hidden: nan=0 inf=0 absmax=0.06  residual: nan=0 inf=0 absmax=0.33  shape=(1, 2048)
[DEBUG layer 0] hidden: nan=0 inf=0 absmax=0.10  residual: nan=0 inf=0 absmax=0.30  shape=(1, 2048)
[DEBUG layer 1] hidden: nan=0 inf=0 absmax=0.05  residual: nan=0 inf=0 absmax=0.30  shape=(1, 2048)
[DEBUG layer 2] hidden: nan=0 inf=0 absmax=0.16  residual: nan=0 inf=0 absmax=0.26  shape=(1, 2048)
[DEBUG layer 3] hidden: nan=0 inf=0 absmax=0.06  residual: nan=0 inf=0 absmax=0.30  shape=(1, 2048)
[DEBUG layer 4] hidden: nan=0 inf=0 absmax=0.05  residual: nan=0 inf=0 absmax=0.32  shape=(1, 2048)
[DEBUG layer 0] hidden: nan=0 inf=0 absmax=0.10  residual: nan=0 inf=0 absmax=0.30  shape=(1, 2048)
[DEBUG layer 1] hidden: nan=0 inf=0 absmax=0.05  residual: nan=0 inf=0 absmax=0.30  shape=(1, 2048)
[DEBUG layer 2] hidden: nan=0 inf=0 absmax=0.17  residual: nan=0 inf=0 absmax=0.26  shape=(1, 2048)
[DEBUG layer 3] hidden: nan=0 inf=0 absmax=0.06  residual: nan=0 inf=0 absmax=0.31  shape=(1, 2048)
[DEBUG layer 4] hidden: nan=0 inf=0 absmax=0.06  residual: nan=0 inf=0 absmax=0.33  shape=(1, 2048)
[DEBUG layer 0] hidden: nan=0 inf=0 absmax=0.10  residual: nan=0 inf=0 absmax=0.30  shape=(1, 2048)
[DEBUG layer 1] hidden: nan=0 inf=0 absmax=0.05  residual: nan=0 inf=0 absmax=0.30  shape=(1, 2048)
[DEBUG layer 2] hidden: nan=0 inf=0 absmax=0.17  residual: nan=0 inf=0 absmax=0.26  shape=(1, 2048)
[DEBUG layer 3] hidden: nan=0 inf=0 absmax=0.06  residual: nan=0 inf=0 absmax=0.30  shape=(1, 2048)
[DEBUG layer 4] hidden: nan=0 inf=0 absmax=0.08  residual: nan=0 inf=0 absmax=0.32  shape=(1, 2048)
[DEBUG layer 0] hidden: nan=0 inf=0 absmax=0.17  residual: nan=0 inf=0 absmax=0.62  shape=(8, 4096)
[DEBUG layer 0] hidden: nan=0 inf=0 absmax=0.17  residual: nan=0 inf=0 absmax=0.62  shape=(8, 4096)
[DEBUG layer 1] hidden: nan=0 inf=0 absmax=0.40  residual: nan=0 inf=0 absmax=0.87  shape=(8, 4096)
[DEBUG layer 1] hidden: nan=0 inf=0 absmax=0.40  residual: nan=0 inf=0 absmax=0.87  shape=(8, 4096)
[DEBUG layer 2] hidden: nan=0 inf=0 absmax=0.30  residual: nan=0 inf=0 absmax=0.56  shape=(8, 4096)
[DEBUG layer 2] hidden: nan=0 inf=0 absmax=0.30  residual: nan=0 inf=0 absmax=0.56  shape=(8, 4096)
[DEBUG layer 3] hidden: nan=0 inf=0 absmax=0.72  residual: nan=0 inf=0 absmax=0.62  shape=(8, 4096)
[DEBUG layer 3] hidden: nan=0 inf=0 absmax=0.72  residual: nan=0 inf=0 absmax=0.62  shape=(8, 4096)
[DEBUG layer 4] hidden: nan=0 inf=0 absmax=0.69  residual: nan=0 inf=0 absmax=0.66  shape=(8, 4096)
[DEBUG layer 4] hidden: nan=0 inf=0 absmax=0.69  residual: nan=0 inf=0 absmax=0.66  shape=(8, 4096)
[DEBUG verify] logits_p shape=(1, 8, 32000) inf=0 nan=0 max=15.19 min=-9.76
[DEBUG layer 0] hidden: nan=0 inf=0 absmax=0.10  residual: nan=0 inf=0 absmax=0.29  shape=(1, 2048)
[DEBUG layer 1] hidden: nan=0 inf=0 absmax=0.02  residual: nan=0 inf=0 absmax=0.37  shape=(1, 2048)
[DEBUG layer 2] hidden: nan=0 inf=0 absmax=0.18  residual: nan=0 inf=0 absmax=0.33  shape=(1, 2048)
[DEBUG layer 3] hidden: nan=0 inf=0 absmax=0.06  residual: nan=0 inf=0 absmax=0.27  shape=(1, 2048)
[DEBUG layer 4] hidden: nan=0 inf=0 absmax=0.06  residual: nan=0 inf=0 absmax=0.28  shape=(1, 2048)
[DEBUG layer 0] hidden: nan=0 inf=0 absmax=0.06  residual: nan=0 inf=0 absmax=0.26  shape=(1, 2048)
[DEBUG layer 1] hidden: nan=0 inf=0 absmax=0.05  residual: nan=0 inf=0 absmax=0.29  shape=(1, 2048)
[DEBUG layer 2] hidden: nan=0 inf=0 absmax=0.07  residual: nan=0 inf=0 absmax=0.24  shape=(1, 2048)
[DEBUG layer 3] hidden: nan=0 inf=0 absmax=0.09  residual: nan=0 inf=0 absmax=0.28  shape=(1, 2048)
[DEBUG layer 4] hidden: nan=0 inf=0 absmax=0.06  residual: nan=0 inf=0 absmax=0.31  shape=(1, 2048)
[DEBUG layer 0] hidden: nan=0 inf=0 absmax=0.15  residual: nan=0 inf=0 absmax=0.21  shape=(1, 2048)
[DEBUG layer 1] hidden: nan=0 inf=0 absmax=0.05  residual: nan=0 inf=0 absmax=0.35  shape=(1, 2048)
[DEBUG layer 2] hidden: nan=0 inf=0 absmax=0.15  residual: nan=0 inf=0 absmax=0.39  shape=(1, 2048)
[DEBUG layer 3] hidden: nan=0 inf=0 absmax=0.16  residual: nan=0 inf=0 absmax=0.35  shape=(1, 2048)
[DEBUG layer 4] hidden: nan=0 inf=0 absmax=0.09  residual: nan=0 inf=0 absmax=0.30  shape=(1, 2048)
[DEBUG layer 0] hidden: nan=0 inf=0 absmax=0.27  residual: nan=0 inf=0 absmax=0.14  shape=(1, 2048)
[DEBUG layer 1] hidden: nan=0 inf=0 absmax=0.03  residual: nan=0 inf=0 absmax=0.41  shape=(1, 2048)
[DEBUG layer 2] hidden: nan=0 inf=0 absmax=0.09  residual: nan=0 inf=0 absmax=0.46  shape=(1, 2048)
[DEBUG layer 3] hidden: nan=0 inf=0 absmax=0.12  residual: nan=0 inf=0 absmax=0.48  shape=(1, 2048)
[DEBUG layer 4] hidden: nan=0 inf=0 absmax=0.11  residual: nan=0 inf=0 absmax=0.65  shape=(1, 2048)
[DEBUG layer 0] hidden: nan=0 inf=0 absmax=0.14  residual: nan=0 inf=0 absmax=0.22  shape=(1, 2048)
[DEBUG layer 1] hidden: nan=0 inf=0 absmax=0.05  residual: nan=0 inf=0 absmax=0.37  shape=(1, 2048)
[DEBUG layer 2] hidden: nan=0 inf=0 absmax=0.24  residual: nan=0 inf=0 absmax=0.52  shape=(1, 2048)
[DEBUG layer 3] hidden: nan=0 inf=0 absmax=0.10  residual: nan=0 inf=0 absmax=0.31  shape=(1, 2048)
[DEBUG layer 4] hidden: nan=0 inf=0 absmax=0.07  residual: nan=0 inf=0 absmax=0.34  shape=(1, 2048)
[DEBUG layer 0] hidden: nan=0 inf=0 absmax=0.06  residual: nan=0 inf=0 absmax=0.28  shape=(1, 2048)
[DEBUG layer 1] hidden: nan=0 inf=0 absmax=0.03  residual: nan=0 inf=0 absmax=0.36  shape=(1, 2048)
[DEBUG layer 2] hidden: nan=0 inf=0 absmax=0.13  residual: nan=0 inf=0 absmax=0.32  shape=(1, 2048)
[DEBUG layer 3] hidden: nan=0 inf=0 absmax=0.07  residual: nan=0 inf=0 absmax=0.32  shape=(1, 2048)
[DEBUG layer 4] hidden: nan=0 inf=0 absmax=0.07  residual: nan=0 inf=0 absmax=0.36  shape=(1, 2048)
[DEBUG layer 0] hidden: nan=0 inf=0 absmax=0.05  residual: nan=0 inf=0 absmax=0.28  shape=(1, 2048)
[DEBUG layer 1] hidden: nan=0 inf=0 absmax=0.07  residual: nan=0 inf=0 absmax=0.34  shape=(1, 2048)
[DEBUG layer 2] hidden: nan=0 inf=0 absmax=0.07  residual: nan=0 inf=0 absmax=0.38  shape=(1, 2048)
[DEBUG layer 3] hidden: nan=0 inf=0 absmax=0.10  residual: nan=0 inf=0 absmax=0.43  shape=(1, 2048)
[DEBUG layer 4] hidden: nan=0 inf=0 absmax=0.05  residual: nan=0 inf=0 absmax=0.47  shape=(1, 2048)
[DEBUG layer 0] hidden: nan=0 inf=0 absmax=0.09  residual: nan=0 inf=0 absmax=0.30  shape=(1, 2048)
[DEBUG layer 1] hidden: nan=0 inf=0 absmax=0.08  residual: nan=0 inf=0 absmax=0.34  shape=(1, 2048)
[DEBUG layer 2] hidden: nan=0 inf=0 absmax=0.17  residual: nan=0 inf=0 absmax=0.42  shape=(1, 2048)
[DEBUG layer 3] hidden: nan=0 inf=0 absmax=0.08  residual: nan=0 inf=0 absmax=0.41  shape=(1, 2048)
[DEBUG layer 4] hidden: nan=0 inf=0 absmax=0.06  residual: nan=0 inf=0 absmax=0.44  shape=(1, 2048)
[DEBUG layer 0] hidden: nan=0 inf=0 absmax=0.40  residual: nan=0 inf=0 absmax=0.67  shape=(8, 4096)
[DEBUG layer 0] hidden: nan=0 inf=0 absmax=0.40  residual: nan=0 inf=0 absmax=0.67  shape=(8, 4096)
[DEBUG layer 1] hidden: nan=0 inf=0 absmax=0.22  residual: nan=0 inf=0 absmax=0.88  shape=(8, 4096)
[DEBUG layer 1] hidden: nan=0 inf=0 absmax=0.22  residual: nan=0 inf=0 absmax=0.88  shape=(8, 4096)
[DEBUG layer 2] hidden: nan=0 inf=0 absmax=0.32  residual: nan=0 inf=0 absmax=0.94  shape=(8, 4096)
[DEBUG layer 2] hidden: nan=0 inf=0 absmax=0.32  residual: nan=0 inf=0 absmax=0.94  shape=(8, 4096)
[DEBUG layer 3] hidden: nan=0 inf=0 absmax=0.81  residual: nan=0 inf=0 absmax=1.01  shape=(8, 4096)
[DEBUG layer 3] hidden: nan=0 inf=0 absmax=0.81  residual: nan=0 inf=0 absmax=1.01  shape=(8, 4096)
[DEBUG layer 4] hidden: nan=0 inf=0 absmax=0.72  residual: nan=0 inf=0 absmax=0.78  shape=(8, 4096)
[DEBUG layer 4] hidden: nan=0 inf=0 absmax=0.72  residual: nan=0 inf=0 absmax=0.78  shape=(8, 4096)
[DEBUG verify] logits_p shape=(1, 8, 32000) inf=0 nan=0 max=13.78 min=-17.42
[DEBUG layer 0] hidden: nan=0 inf=0 absmax=0.07  residual: nan=0 inf=0 absmax=0.20  shape=(1, 2048)
[DEBUG layer 1] hidden: nan=0 inf=0 absmax=0.10  residual: nan=0 inf=0 absmax=0.29  shape=(1, 2048)
[DEBUG layer 2] hidden: nan=0 inf=0 absmax=0.09  residual: nan=0 inf=0 absmax=0.28  shape=(1, 2048)
[DEBUG layer 3] hidden: nan=0 inf=0 absmax=0.07  residual: nan=0 inf=0 absmax=0.36  shape=(1, 2048)
[DEBUG layer 4] hidden: nan=0 inf=0 absmax=0.05  residual: nan=0 inf=0 absmax=0.40  shape=(1, 2048)
[DEBUG layer 0] hidden: nan=0 inf=0 absmax=0.15  residual: nan=0 inf=0 absmax=0.23  shape=(1, 2048)
[DEBUG layer 1] hidden: nan=0 inf=0 absmax=0.04  residual: nan=0 inf=0 absmax=0.39  shape=(1, 2048)
[DEBUG layer 2] hidden: nan=0 inf=0 absmax=0.14  residual: nan=0 inf=0 absmax=0.38  shape=(1, 2048)
[DEBUG layer 3] hidden: nan=0 inf=0 absmax=0.16  residual: nan=0 inf=0 absmax=0.43  shape=(1, 2048)
[DEBUG layer 4] hidden: nan=0 inf=0 absmax=0.07  residual: nan=0 inf=0 absmax=0.41  shape=(1, 2048)
[DEBUG layer 0] hidden: nan=0 inf=0 absmax=0.19  residual: nan=0 inf=0 absmax=0.13  shape=(1, 2048)
[DEBUG layer 1] hidden: nan=0 inf=0 absmax=0.04  residual: nan=0 inf=0 absmax=0.34  shape=(1, 2048)
[DEBUG layer 2] hidden: nan=0 inf=0 absmax=0.08  residual: nan=0 inf=0 absmax=0.37  shape=(1, 2048)
[DEBUG layer 3] hidden: nan=0 inf=0 absmax=0.23  residual: nan=0 inf=0 absmax=0.35  shape=(1, 2048)
[DEBUG layer 4] hidden: nan=0 inf=0 absmax=0.15  residual: nan=0 inf=0 absmax=0.23  shape=(1, 2048)
[DEBUG layer 0] hidden: nan=0 inf=0 absmax=0.11  residual: nan=0 inf=0 absmax=0.25  shape=(1, 2048)
[DEBUG layer 1] hidden: nan=0 inf=0 absmax=0.06  residual: nan=0 inf=0 absmax=0.37  shape=(1, 2048)
[DEBUG layer 2] hidden: nan=0 inf=0 absmax=0.13  residual: nan=0 inf=0 absmax=0.50  shape=(1, 2048)
[DEBUG layer 3] hidden: nan=0 inf=0 absmax=0.17  residual: nan=0 inf=0 absmax=0.48  shape=(1, 2048)
[DEBUG layer 4] hidden: nan=0 inf=0 absmax=0.06  residual: nan=0 inf=0 absmax=0.47  shape=(1, 2048)
[DEBUG layer 0] hidden: nan=0 inf=0 absmax=0.05  residual: nan=0 inf=0 absmax=0.28  shape=(1, 2048)
[DEBUG layer 1] hidden: nan=0 inf=0 absmax=0.08  residual: nan=0 inf=0 absmax=0.33  shape=(1, 2048)
[DEBUG layer 2] hidden: nan=0 inf=0 absmax=0.19  residual: nan=0 inf=0 absmax=0.35  shape=(1, 2048)
[DEBUG layer 3] hidden: nan=0 inf=0 absmax=0.08  residual: nan=0 inf=0 absmax=0.22  shape=(1, 2048)
[DEBUG layer 4] hidden: nan=0 inf=0 absmax=0.06  residual: nan=0 inf=0 absmax=0.30  shape=(1, 2048)
[DEBUG layer 0] hidden: nan=0 inf=0 absmax=0.19  residual: nan=0 inf=0 absmax=0.13  shape=(1, 2048)
[DEBUG layer 1] hidden: nan=0 inf=0 absmax=0.04  residual: nan=0 inf=0 absmax=0.31  shape=(1, 2048)
[DEBUG layer 2] hidden: nan=0 inf=0 absmax=0.05  residual: nan=0 inf=0 absmax=0.34  shape=(1, 2048)
[DEBUG layer 3] hidden: nan=0 inf=0 absmax=0.07  residual: nan=0 inf=0 absmax=0.31  shape=(1, 2048)
[DEBUG layer 4] hidden: nan=0 inf=0 absmax=0.10  residual: nan=0 inf=0 absmax=0.48  shape=(1, 2048)
[DEBUG layer 0] hidden: nan=0 inf=0 absmax=0.07  residual: nan=0 inf=0 absmax=0.26  shape=(1, 2048)
[DEBUG layer 1] hidden: nan=0 inf=0 absmax=0.12  residual: nan=0 inf=0 absmax=0.34  shape=(1, 2048)
[DEBUG layer 2] hidden: nan=0 inf=0 absmax=0.16  residual: nan=0 inf=0 absmax=0.42  shape=(1, 2048)
[DEBUG layer 3] hidden: nan=0 inf=0 absmax=0.08  residual: nan=0 inf=0 absmax=0.36  shape=(1, 2048)
[DEBUG layer 4] hidden: nan=0 inf=0 absmax=0.10  residual: nan=0 inf=0 absmax=0.50  shape=(1, 2048)
[DEBUG layer 0] hidden: nan=0 inf=0 absmax=0.17  residual: nan=0 inf=0 absmax=0.11  shape=(1, 2048)
[DEBUG layer 1] hidden: nan=0 inf=0 absmax=0.07  residual: nan=0 inf=0 absmax=0.24  shape=(1, 2048)
[DEBUG layer 2] hidden: nan=0 inf=0 absmax=0.08  residual: nan=0 inf=0 absmax=0.30  shape=(1, 2048)
[DEBUG layer 3] hidden: nan=0 inf=0 absmax=0.06  residual: nan=0 inf=0 absmax=0.28  shape=(1, 2048)
[DEBUG layer 4] hidden: nan=0 inf=0 absmax=0.13  residual: nan=0 inf=0 absmax=0.45  shape=(1, 2048)
[DEBUG layer 0] hidden: nan=0 inf=0 absmax=0.53  residual: nan=0 inf=0 absmax=0.65  shape=(8, 4096)
[DEBUG layer 0] hidden: nan=0 inf=0 absmax=0.53  residual: nan=0 inf=0 absmax=0.65  shape=(8, 4096)
[DEBUG layer 1] hidden: nan=0 inf=0 absmax=0.33  residual: nan=0 inf=0 absmax=0.81  shape=(8, 4096)
[DEBUG layer 1] hidden: nan=0 inf=0 absmax=0.33  residual: nan=0 inf=0 absmax=0.81  shape=(8, 4096)
[DEBUG layer 2] hidden: nan=0 inf=0 absmax=0.13  residual: nan=0 inf=0 absmax=0.72  shape=(8, 4096)
[DEBUG layer 2] hidden: nan=0 inf=0 absmax=0.13  residual: nan=0 inf=0 absmax=0.72  shape=(8, 4096)
[DEBUG layer 3] hidden: nan=0 inf=0 absmax=0.59  residual: nan=0 inf=0 absmax=0.82  shape=(8, 4096)
[DEBUG layer 3] hidden: nan=0 inf=0 absmax=0.59  residual: nan=0 inf=0 absmax=0.82  shape=(8, 4096)
[DEBUG layer 4] hidden: nan=0 inf=0 absmax=0.51  residual: nan=0 inf=0 absmax=0.80  shape=(8, 4096)
[DEBUG layer 4] hidden: nan=0 inf=0 absmax=0.51  residual: nan=0 inf=0 absmax=0.80  shape=(8, 4096)
[DEBUG verify] logits_p shape=(1, 8, 32000) inf=0 nan=0 max=7.48 min=-16.45
[DEBUG layer 0] hidden: nan=0 inf=0 absmax=0.04  residual: nan=0 inf=0 absmax=0.22  shape=(1, 2048)
[DEBUG layer 1] hidden: nan=0 inf=0 absmax=0.04  residual: nan=0 inf=0 absmax=0.28  shape=(1, 2048)
[DEBUG layer 2] hidden: nan=0 inf=0 absmax=0.08  residual: nan=0 inf=0 absmax=0.29  shape=(1, 2048)
[DEBUG layer 3] hidden: nan=0 inf=0 absmax=0.13  residual: nan=0 inf=0 absmax=0.34  shape=(1, 2048)
[DEBUG layer 4] hidden: nan=0 inf=0 absmax=0.07  residual: nan=0 inf=0 absmax=0.31  shape=(1, 2048)
[DEBUG layer 0] hidden: nan=0 inf=0 absmax=0.05  residual: nan=0 inf=0 absmax=0.23  shape=(1, 2048)
[DEBUG layer 1] hidden: nan=0 inf=0 absmax=0.03  residual: nan=0 inf=0 absmax=0.30  shape=(1, 2048)
[DEBUG layer 2] hidden: nan=0 inf=0 absmax=0.10  residual: nan=0 inf=0 absmax=0.32  shape=(1, 2048)
[DEBUG layer 3] hidden: nan=0 inf=0 absmax=0.19  residual: nan=0 inf=0 absmax=0.29  shape=(1, 2048)
[DEBUG layer 4] hidden: nan=0 inf=0 absmax=0.06  residual: nan=0 inf=0 absmax=0.27  shape=(1, 2048)
[DEBUG layer 0] hidden: nan=0 inf=0 absmax=0.20  residual: nan=0 inf=0 absmax=0.18  shape=(1, 2048)
[DEBUG layer 1] hidden: nan=0 inf=0 absmax=0.04  residual: nan=0 inf=0 absmax=0.39  shape=(1, 2048)
[DEBUG layer 2] hidden: nan=0 inf=0 absmax=0.12  residual: nan=0 inf=0 absmax=0.41  shape=(1, 2048)
[DEBUG layer 3] hidden: nan=0 inf=0 absmax=0.11  residual: nan=0 inf=0 absmax=0.34  shape=(1, 2048)
[DEBUG layer 4] hidden: nan=0 inf=0 absmax=0.08  residual: nan=0 inf=0 absmax=0.39  shape=(1, 2048)
[DEBUG layer 0] hidden: nan=0 inf=0 absmax=0.13  residual: nan=0 inf=0 absmax=0.21  shape=(1, 2048)
[DEBUG layer 1] hidden: nan=0 inf=0 absmax=0.05  residual: nan=0 inf=0 absmax=0.32  shape=(1, 2048)
[DEBUG layer 2] hidden: nan=0 inf=0 absmax=0.10  residual: nan=0 inf=0 absmax=0.29  shape=(1, 2048)
[DEBUG layer 3] hidden: nan=0 inf=0 absmax=0.21  residual: nan=0 inf=0 absmax=0.31  shape=(1, 2048)
[DEBUG layer 4] hidden: nan=0 inf=0 absmax=0.07  residual: nan=0 inf=0 absmax=0.35  shape=(1, 2048)
[DEBUG layer 0] hidden: nan=0 inf=0 absmax=0.05  residual: nan=0 inf=0 absmax=0.28  shape=(1, 2048)
[DEBUG layer 1] hidden: nan=0 inf=0 absmax=0.09  residual: nan=0 inf=0 absmax=0.20  shape=(1, 2048)
[DEBUG layer 2] hidden: nan=0 inf=0 absmax=0.09  residual: nan=0 inf=0 absmax=0.15  shape=(1, 2048)
[DEBUG layer 3] hidden: nan=0 inf=0 absmax=0.11  residual: nan=0 inf=0 absmax=0.19  shape=(1, 2048)
[DEBUG layer 4] hidden: nan=0 inf=0 absmax=0.08  residual: nan=0 inf=0 absmax=0.22  shape=(1, 2048)
[DEBUG layer 0] hidden: nan=0 inf=0 absmax=0.10  residual: nan=0 inf=0 absmax=0.27  shape=(1, 2048)
[DEBUG layer 1] hidden: nan=0 inf=0 absmax=0.05  residual: nan=0 inf=0 absmax=0.25  shape=(1, 2048)
[DEBUG layer 2] hidden: nan=0 inf=0 absmax=0.07  residual: nan=0 inf=0 absmax=0.16  shape=(1, 2048)
[DEBUG layer 3] hidden: nan=0 inf=0 absmax=0.15  residual: nan=0 inf=0 absmax=0.24  shape=(1, 2048)
[DEBUG layer 4] hidden: nan=0 inf=0 absmax=0.07  residual: nan=0 inf=0 absmax=0.26  shape=(1, 2048)
[DEBUG layer 0] hidden: nan=0 inf=0 absmax=0.09  residual: nan=0 inf=0 absmax=0.25  shape=(1, 2048)
[DEBUG layer 1] hidden: nan=0 inf=0 absmax=0.05  residual: nan=0 inf=0 absmax=0.32  shape=(1, 2048)
[DEBUG layer 2] hidden: nan=0 inf=0 absmax=0.12  residual: nan=0 inf=0 absmax=0.29  shape=(1, 2048)
[DEBUG layer 3] hidden: nan=0 inf=0 absmax=0.05  residual: nan=0 inf=0 absmax=0.26  shape=(1, 2048)
[DEBUG layer 4] hidden: nan=0 inf=0 absmax=0.06  residual: nan=0 inf=0 absmax=0.28  shape=(1, 2048)
[DEBUG layer 0] hidden: nan=0 inf=0 absmax=0.07  residual: nan=0 inf=0 absmax=0.29  shape=(1, 2048)
[DEBUG layer 1] hidden: nan=0 inf=0 absmax=0.03  residual: nan=0 inf=0 absmax=0.32  shape=(1, 2048)
[DEBUG layer 2] hidden: nan=0 inf=0 absmax=0.09  residual: nan=0 inf=0 absmax=0.28  shape=(1, 2048)
[DEBUG layer 3] hidden: nan=0 inf=0 absmax=0.07  residual: nan=0 inf=0 absmax=0.38  shape=(1, 2048)
[DEBUG layer 4] hidden: nan=0 inf=0 absmax=0.10  residual: nan=0 inf=0 absmax=0.40  shape=(1, 2048)
[DEBUG layer 0] hidden: nan=0 inf=0 absmax=0.58  residual: nan=0 inf=0 absmax=0.65  shape=(8, 4096)
[DEBUG layer 0] hidden: nan=0 inf=0 absmax=0.58  residual: nan=0 inf=0 absmax=0.65  shape=(8, 4096)
[DEBUG layer 1] hidden: nan=0 inf=0 absmax=0.50  residual: nan=0 inf=0 absmax=0.81  shape=(8, 4096)
[DEBUG layer 1] hidden: nan=0 inf=0 absmax=0.50  residual: nan=0 inf=0 absmax=0.81  shape=(8, 4096)
[DEBUG layer 2] hidden: nan=0 inf=0 absmax=0.18  residual: nan=0 inf=0 absmax=0.85  shape=(8, 4096)
[DEBUG layer 2] hidden: nan=0 inf=0 absmax=0.18  residual: nan=0 inf=0 absmax=0.85  shape=(8, 4096)
[DEBUG layer 3] hidden: nan=0 inf=0 absmax=0.66  residual: nan=0 inf=0 absmax=0.98  shape=(8, 4096)
[DEBUG layer 3] hidden: nan=0 inf=0 absmax=0.66  residual: nan=0 inf=0 absmax=0.98  shape=(8, 4096)
[DEBUG layer 4] hidden: nan=0 inf=0 absmax=0.88  residual: nan=0 inf=0 absmax=0.98  shape=(8, 4096)
[DEBUG layer 4] hidden: nan=0 inf=0 absmax=0.88  residual: nan=0 inf=0 absmax=0.98  shape=(8, 4096)
[DEBUG verify] logits_p shape=(1, 8, 32000) inf=0 nan=0 max=7.09 min=-16.67
[DEBUG layer 0] hidden: nan=0 inf=0 absmax=0.29  residual: nan=0 inf=0 absmax=0.07  shape=(1, 2048)
[DEBUG layer 1] hidden: nan=0 inf=0 absmax=0.09  residual: nan=0 inf=0 absmax=0.38  shape=(1, 2048)
[DEBUG layer 2] hidden: nan=0 inf=0 absmax=0.25  residual: nan=0 inf=0 absmax=0.56  shape=(1, 2048)
[DEBUG layer 3] hidden: nan=0 inf=0 absmax=0.12  residual: nan=0 inf=0 absmax=0.34  shape=(1, 2048)
[DEBUG layer 4] hidden: nan=0 inf=0 absmax=0.06  residual: nan=0 inf=0 absmax=0.42  shape=(1, 2048)
[DEBUG layer 0] hidden: nan=0 inf=0 absmax=0.06  residual: nan=0 inf=0 absmax=0.26  shape=(1, 2048)
[DEBUG layer 1] hidden: nan=0 inf=0 absmax=0.05  residual: nan=0 inf=0 absmax=0.28  shape=(1, 2048)
[DEBUG layer 2] hidden: nan=0 inf=0 absmax=0.06  residual: nan=0 inf=0 absmax=0.27  shape=(1, 2048)
[DEBUG layer 3] hidden: nan=0 inf=0 absmax=0.09  residual: nan=0 inf=0 absmax=0.25  shape=(1, 2048)
[DEBUG layer 4] hidden: nan=0 inf=0 absmax=0.08  residual: nan=0 inf=0 absmax=0.29  shape=(1, 2048)
[DEBUG layer 0] hidden: nan=0 inf=0 absmax=0.04  residual: nan=0 inf=0 absmax=0.31  shape=(1, 2048)
[DEBUG layer 1] hidden: nan=0 inf=0 absmax=0.03  residual: nan=0 inf=0 absmax=0.35  shape=(1, 2048)
[DEBUG layer 2] hidden: nan=0 inf=0 absmax=0.04  residual: nan=0 inf=0 absmax=0.33  shape=(1, 2048)
[DEBUG layer 3] hidden: nan=0 inf=0 absmax=0.07  residual: nan=0 inf=0 absmax=0.33  shape=(1, 2048)
[DEBUG layer 4] hidden: nan=0 inf=0 absmax=0.06  residual: nan=0 inf=0 absmax=0.45  shape=(1, 2048)
[DEBUG layer 0] hidden: nan=0 inf=0 absmax=0.08  residual: nan=0 inf=0 absmax=0.26  shape=(1, 2048)
[DEBUG layer 1] hidden: nan=0 inf=0 absmax=0.03  residual: nan=0 inf=0 absmax=0.35  shape=(1, 2048)
[DEBUG layer 2] hidden: nan=0 inf=0 absmax=0.06  residual: nan=0 inf=0 absmax=0.39  shape=(1, 2048)
[DEBUG layer 3] hidden: nan=0 inf=0 absmax=0.14  residual: nan=0 inf=0 absmax=0.46  shape=(1, 2048)
[DEBUG layer 4] hidden: nan=0 inf=0 absmax=0.07  residual: nan=0 inf=0 absmax=0.48  shape=(1, 2048)
[DEBUG layer 0] hidden: nan=0 inf=0 absmax=0.03  residual: nan=0 inf=0 absmax=0.29  shape=(1, 2048)
[DEBUG layer 1] hidden: nan=0 inf=0 absmax=0.03  residual: nan=0 inf=0 absmax=0.34  shape=(1, 2048)
[DEBUG layer 2] hidden: nan=0 inf=0 absmax=0.04  residual: nan=0 inf=0 absmax=0.37  shape=(1, 2048)
[DEBUG layer 3] hidden: nan=0 inf=0 absmax=0.11  residual: nan=0 inf=0 absmax=0.35  shape=(1, 2048)
[DEBUG layer 4] hidden: nan=0 inf=0 absmax=0.06  residual: nan=0 inf=0 absmax=0.37  shape=(1, 2048)
[DEBUG layer 0] hidden: nan=0 inf=0 absmax=0.08  residual: nan=0 inf=0 absmax=0.26  shape=(1, 2048)
[DEBUG layer 1] hidden: nan=0 inf=0 absmax=0.03  residual: nan=0 inf=0 absmax=0.39  shape=(1, 2048)
[DEBUG layer 2] hidden: nan=0 inf=0 absmax=0.13  residual: nan=0 inf=0 absmax=0.48  shape=(1, 2048)
[DEBUG layer 3] hidden: nan=0 inf=0 absmax=0.21  residual: nan=0 inf=0 absmax=0.53  shape=(1, 2048)
[DEBUG layer 4] hidden: nan=0 inf=0 absmax=0.07  residual: nan=0 inf=0 absmax=0.51  shape=(1, 2048)
[DEBUG layer 0] hidden: nan=0 inf=0 absmax=0.09  residual: nan=0 inf=0 absmax=0.24  shape=(1, 2048)
[DEBUG layer 1] hidden: nan=0 inf=0 absmax=0.08  residual: nan=0 inf=0 absmax=0.37  shape=(1, 2048)
[DEBUG layer 2] hidden: nan=0 inf=0 absmax=0.13  residual: nan=0 inf=0 absmax=0.48  shape=(1, 2048)
[DEBUG layer 3] hidden: nan=0 inf=0 absmax=0.12  residual: nan=0 inf=0 absmax=0.49  shape=(1, 2048)
[DEBUG layer 4] hidden: nan=0 inf=0 absmax=0.05  residual: nan=0 inf=0 absmax=0.57  shape=(1, 2048)
[DEBUG layer 0] hidden: nan=0 inf=0 absmax=0.07  residual: nan=0 inf=0 absmax=0.31  shape=(1, 2048)
[DEBUG layer 1] hidden: nan=0 inf=0 absmax=0.07  residual: nan=0 inf=0 absmax=0.33  shape=(1, 2048)
[DEBUG layer 2] hidden: nan=0 inf=0 absmax=0.15  residual: nan=0 inf=0 absmax=0.42  shape=(1, 2048)
[DEBUG layer 3] hidden: nan=0 inf=0 absmax=0.07  residual: nan=0 inf=0 absmax=0.40  shape=(1, 2048)
[DEBUG layer 4] hidden: nan=0 inf=0 absmax=0.06  residual: nan=0 inf=0 absmax=0.52  shape=(1, 2048)
[DEBUG layer 0] hidden: nan=0 inf=0 absmax=0.58  residual: nan=0 inf=0 absmax=0.67  shape=(8, 4096)
[DEBUG layer 0] hidden: nan=0 inf=0 absmax=0.58  residual: nan=0 inf=0 absmax=0.67  shape=(8, 4096)
[DEBUG layer 1] hidden: nan=0 inf=0 absmax=0.28  residual: nan=0 inf=0 absmax=0.92  shape=(8, 4096)
[DEBUG layer 1] hidden: nan=0 inf=0 absmax=0.28  residual: nan=0 inf=0 absmax=0.92  shape=(8, 4096)
[DEBUG layer 2] hidden: nan=0 inf=0 absmax=0.15  residual: nan=0 inf=0 absmax=1.16  shape=(8, 4096)
[DEBUG layer 2] hidden: nan=0 inf=0 absmax=0.15  residual: nan=0 inf=0 absmax=1.16  shape=(8, 4096)
[DEBUG layer 3] hidden: nan=0 inf=0 absmax=0.86  residual: nan=0 inf=0 absmax=1.23  shape=(8, 4096)
[DEBUG layer 3] hidden: nan=0 inf=0 absmax=0.86  residual: nan=0 inf=0 absmax=1.23  shape=(8, 4096)
[DEBUG layer 4] hidden: nan=0 inf=0 absmax=0.76  residual: nan=0 inf=0 absmax=0.80  shape=(8, 4096)
[DEBUG layer 4] hidden: nan=0 inf=0 absmax=0.76  residual: nan=0 inf=0 absmax=0.80  shape=(8, 4096)
[DEBUG verify] logits_p shape=(1, 8, 32000) inf=0 nan=0 max=11.66 min=-17.83
[DEBUG layer 0] hidden: nan=0 inf=0 absmax=0.07  residual: nan=0 inf=0 absmax=0.30  shape=(1, 2048)
[DEBUG layer 1] hidden: nan=0 inf=0 absmax=0.07  residual: nan=0 inf=0 absmax=0.32  shape=(1, 2048)
[DEBUG layer 2] hidden: nan=0 inf=0 absmax=0.13  residual: nan=0 inf=0 absmax=0.37  shape=(1, 2048)
[DEBUG layer 3] hidden: nan=0 inf=0 absmax=0.08  residual: nan=0 inf=0 absmax=0.38  shape=(1, 2048)
[DEBUG layer 4] hidden: nan=0 inf=0 absmax=0.06  residual: nan=0 inf=0 absmax=0.38  shape=(1, 2048)
[DEBUG layer 0] hidden: nan=0 inf=0 absmax=0.04  residual: nan=0 inf=0 absmax=0.23  shape=(1, 2048)
[DEBUG layer 1] hidden: nan=0 inf=0 absmax=0.04  residual: nan=0 inf=0 absmax=0.29  shape=(1, 2048)
[DEBUG layer 2] hidden: nan=0 inf=0 absmax=0.05  residual: nan=0 inf=0 absmax=0.27  shape=(1, 2048)
[DEBUG layer 3] hidden: nan=0 inf=0 absmax=0.07  residual: nan=0 inf=0 absmax=0.31  shape=(1, 2048)
[DEBUG layer 4] hidden: nan=0 inf=0 absmax=0.05  residual: nan=0 inf=0 absmax=0.34  shape=(1, 2048)
[DEBUG layer 0] hidden: nan=0 inf=0 absmax=0.04  residual: nan=0 inf=0 absmax=0.23  shape=(1, 2048)
[DEBUG layer 1] hidden: nan=0 inf=0 absmax=0.03  residual: nan=0 inf=0 absmax=0.29  shape=(1, 2048)
[DEBUG layer 2] hidden: nan=0 inf=0 absmax=0.07  residual: nan=0 inf=0 absmax=0.30  shape=(1, 2048)
[DEBUG layer 3] hidden: nan=0 inf=0 absmax=0.08  residual: nan=0 inf=0 absmax=0.29  shape=(1, 2048)
[DEBUG layer 4] hidden: nan=0 inf=0 absmax=0.04  residual: nan=0 inf=0 absmax=0.31  shape=(1, 2048)
[DEBUG layer 0] hidden: nan=0 inf=0 absmax=0.21  residual: nan=0 inf=0 absmax=0.18  shape=(1, 2048)
[DEBUG layer 1] hidden: nan=0 inf=0 absmax=0.11  residual: nan=0 inf=0 absmax=0.40  shape=(1, 2048)
[DEBUG layer 2] hidden: nan=0 inf=0 absmax=0.12  residual: nan=0 inf=0 absmax=0.53  shape=(1, 2048)
[DEBUG layer 3] hidden: nan=0 inf=0 absmax=0.16  residual: nan=0 inf=0 absmax=0.46  shape=(1, 2048)
[DEBUG layer 4] hidden: nan=0 inf=0 absmax=0.04  residual: nan=0 inf=0 absmax=0.48  shape=(1, 2048)
[DEBUG layer 0] hidden: nan=0 inf=0 absmax=0.11  residual: nan=0 inf=0 absmax=0.20  shape=(1, 2048)
[DEBUG layer 1] hidden: nan=0 inf=0 absmax=0.07  residual: nan=0 inf=0 absmax=0.29  shape=(1, 2048)
[DEBUG layer 2] hidden: nan=0 inf=0 absmax=0.07  residual: nan=0 inf=0 absmax=0.41  shape=(1, 2048)
[DEBUG layer 3] hidden: nan=0 inf=0 absmax=0.12  residual: nan=0 inf=0 absmax=0.44  shape=(1, 2048)
[DEBUG layer 4] hidden: nan=0 inf=0 absmax=0.12  residual: nan=0 inf=0 absmax=0.53  shape=(1, 2048)
[DEBUG layer 0] hidden: nan=0 inf=0 absmax=0.15  residual: nan=0 inf=0 absmax=0.24  shape=(1, 2048)
[DEBUG layer 1] hidden: nan=0 inf=0 absmax=0.04  residual: nan=0 inf=0 absmax=0.42  shape=(1, 2048)
[DEBUG layer 2] hidden: nan=0 inf=0 absmax=0.07  residual: nan=0 inf=0 absmax=0.59  shape=(1, 2048)
[DEBUG layer 3] hidden: nan=0 inf=0 absmax=0.08  residual: nan=0 inf=0 absmax=0.53  shape=(1, 2048)
[DEBUG layer 4] hidden: nan=0 inf=0 absmax=0.05  residual: nan=0 inf=0 absmax=0.59  shape=(1, 2048)
[DEBUG layer 0] hidden: nan=0 inf=0 absmax=0.07  residual: nan=0 inf=0 absmax=0.33  shape=(1, 2048)
[DEBUG layer 1] hidden: nan=0 inf=0 absmax=0.04  residual: nan=0 inf=0 absmax=0.39  shape=(1, 2048)
[DEBUG layer 2] hidden: nan=0 inf=0 absmax=0.06  residual: nan=0 inf=0 absmax=0.42  shape=(1, 2048)
[DEBUG layer 3] hidden: nan=0 inf=0 absmax=0.11  residual: nan=0 inf=0 absmax=0.38  shape=(1, 2048)
[DEBUG layer 4] hidden: nan=0 inf=0 absmax=0.06  residual: nan=0 inf=0 absmax=0.30  shape=(1, 2048)
[DEBUG layer 0] hidden: nan=0 inf=0 absmax=0.07  residual: nan=0 inf=0 absmax=0.27  shape=(1, 2048)
[DEBUG layer 1] hidden: nan=0 inf=0 absmax=0.05  residual: nan=0 inf=0 absmax=0.34  shape=(1, 2048)
[DEBUG layer 2] hidden: nan=0 inf=0 absmax=0.08  residual: nan=0 inf=0 absmax=0.44  shape=(1, 2048)
[DEBUG layer 3] hidden: nan=0 inf=0 absmax=0.13  residual: nan=0 inf=0 absmax=0.51  shape=(1, 2048)
[DEBUG layer 4] hidden: nan=0 inf=0 absmax=0.09  residual: nan=0 inf=0 absmax=0.50  shape=(1, 2048)
[DEBUG layer 0] hidden: nan=0 inf=0 absmax=0.52  residual: nan=0 inf=0 absmax=0.70  shape=(8, 4096)
[DEBUG layer 0] hidden: nan=0 inf=0 absmax=0.52  residual: nan=0 inf=0 absmax=0.70  shape=(8, 4096)
[DEBUG layer 1] hidden: nan=0 inf=0 absmax=0.47  residual: nan=0 inf=0 absmax=0.77  shape=(8, 4096)
[DEBUG layer 1] hidden: nan=0 inf=0 absmax=0.47  residual: nan=0 inf=0 absmax=0.77  shape=(8, 4096)
[DEBUG layer 2] hidden: nan=0 inf=0 absmax=0.18  residual: nan=0 inf=0 absmax=0.95  shape=(8, 4096)
[DEBUG layer 2] hidden: nan=0 inf=0 absmax=0.18  residual: nan=0 inf=0 absmax=0.95  shape=(8, 4096)
[DEBUG layer 3] hidden: nan=0 inf=0 absmax=0.78  residual: nan=0 inf=0 absmax=1.12  shape=(8, 4096)
[DEBUG layer 3] hidden: nan=0 inf=0 absmax=0.78  residual: nan=0 inf=0 absmax=1.12  shape=(8, 4096)
[DEBUG layer 4] hidden: nan=0 inf=0 absmax=0.71  residual: nan=0 inf=0 absmax=1.21  shape=(8, 4096)
[DEBUG layer 4] hidden: nan=0 inf=0 absmax=0.71  residual: nan=0 inf=0 absmax=1.21  shape=(8, 4096)
[DEBUG verify] logits_p shape=(1, 8, 32000) inf=0 nan=0 max=7.27 min=-17.80
[DEBUG layer 0] hidden: nan=0 inf=0 absmax=0.07  residual: nan=0 inf=0 absmax=0.27  shape=(1, 2048)
[DEBUG layer 1] hidden: nan=0 inf=0 absmax=0.06  residual: nan=0 inf=0 absmax=0.28  shape=(1, 2048)
[DEBUG layer 2] hidden: nan=0 inf=0 absmax=0.11  residual: nan=0 inf=0 absmax=0.28  shape=(1, 2048)
[DEBUG layer 3] hidden: nan=0 inf=0 absmax=0.10  residual: nan=0 inf=0 absmax=0.22  shape=(1, 2048)
[DEBUG layer 4] hidden: nan=0 inf=0 absmax=0.07  residual: nan=0 inf=0 absmax=0.26  shape=(1, 2048)
[DEBUG layer 0] hidden: nan=0 inf=0 absmax=0.09  residual: nan=0 inf=0 absmax=0.30  shape=(1, 2048)
[DEBUG layer 1] hidden: nan=0 inf=0 absmax=0.05  residual: nan=0 inf=0 absmax=0.26  shape=(1, 2048)
[DEBUG layer 2] hidden: nan=0 inf=0 absmax=0.06  residual: nan=0 inf=0 absmax=0.22  shape=(1, 2048)
[DEBUG layer 3] hidden: nan=0 inf=0 absmax=0.07  residual: nan=0 inf=0 absmax=0.24  shape=(1, 2048)
[DEBUG layer 4] hidden: nan=0 inf=0 absmax=0.05  residual: nan=0 inf=0 absmax=0.27  shape=(1, 2048)
[DEBUG layer 0] hidden: nan=0 inf=0 absmax=0.02  residual: nan=0 inf=0 absmax=0.28  shape=(1, 2048)
[DEBUG layer 1] hidden: nan=0 inf=0 absmax=0.02  residual: nan=0 inf=0 absmax=0.32  shape=(1, 2048)
[DEBUG layer 2] hidden: nan=0 inf=0 absmax=0.09  residual: nan=0 inf=0 absmax=0.30  shape=(1, 2048)
[DEBUG layer 3] hidden: nan=0 inf=0 absmax=0.06  residual: nan=0 inf=0 absmax=0.32  shape=(1, 2048)
[DEBUG layer 4] hidden: nan=0 inf=0 absmax=0.07  residual: nan=0 inf=0 absmax=0.31  shape=(1, 2048)
[DEBUG layer 0] hidden: nan=0 inf=0 absmax=0.07  residual: nan=0 inf=0 absmax=0.23  shape=(1, 2048)
[DEBUG layer 1] hidden: nan=0 inf=0 absmax=0.07  residual: nan=0 inf=0 absmax=0.32  shape=(1, 2048)
[DEBUG layer 2] hidden: nan=0 inf=0 absmax=0.08  residual: nan=0 inf=0 absmax=0.31  shape=(1, 2048)
[DEBUG layer 3] hidden: nan=0 inf=0 absmax=0.06  residual: nan=0 inf=0 absmax=0.37  shape=(1, 2048)
[DEBUG layer 4] hidden: nan=0 inf=0 absmax=0.04  residual: nan=0 inf=0 absmax=0.46  shape=(1, 2048)
[DEBUG layer 0] hidden: nan=0 inf=0 absmax=0.23  residual: nan=0 inf=0 absmax=0.20  shape=(1, 2048)
[DEBUG layer 1] hidden: nan=0 inf=0 absmax=0.10  residual: nan=0 inf=0 absmax=0.44  shape=(1, 2048)
[DEBUG layer 2] hidden: nan=0 inf=0 absmax=0.14  residual: nan=0 inf=0 absmax=0.55  shape=(1, 2048)
[DEBUG layer 3] hidden: nan=0 inf=0 absmax=0.13  residual: nan=0 inf=0 absmax=0.43  shape=(1, 2048)
[DEBUG layer 4] hidden: nan=0 inf=0 absmax=0.06  residual: nan=0 inf=0 absmax=0.45  shape=(1, 2048)
[DEBUG layer 0] hidden: nan=0 inf=0 absmax=0.09  residual: nan=0 inf=0 absmax=0.27  shape=(1, 2048)
[DEBUG layer 1] hidden: nan=0 inf=0 absmax=0.05  residual: nan=0 inf=0 absmax=0.35  shape=(1, 2048)
[DEBUG layer 2] hidden: nan=0 inf=0 absmax=0.07  residual: nan=0 inf=0 absmax=0.34  shape=(1, 2048)
[DEBUG layer 3] hidden: nan=0 inf=0 absmax=0.08  residual: nan=0 inf=0 absmax=0.32  shape=(1, 2048)
[DEBUG layer 4] hidden: nan=0 inf=0 absmax=0.05  residual: nan=0 inf=0 absmax=0.32  shape=(1, 2048)
[DEBUG layer 0] hidden: nan=0 inf=0 absmax=0.10  residual: nan=0 inf=0 absmax=0.27  shape=(1, 2048)
[DEBUG layer 1] hidden: nan=0 inf=0 absmax=0.04  residual: nan=0 inf=0 absmax=0.38  shape=(1, 2048)
[DEBUG layer 2] hidden: nan=0 inf=0 absmax=0.03  residual: nan=0 inf=0 absmax=0.46  shape=(1, 2048)
[DEBUG layer 3] hidden: nan=0 inf=0 absmax=0.09  residual: nan=0 inf=0 absmax=0.55  shape=(1, 2048)
[DEBUG layer 4] hidden: nan=0 inf=0 absmax=0.05  residual: nan=0 inf=0 absmax=0.61  shape=(1, 2048)
[DEBUG layer 0] hidden: nan=0 inf=0 absmax=0.06  residual: nan=0 inf=0 absmax=0.31  shape=(1, 2048)
[DEBUG layer 1] hidden: nan=0 inf=0 absmax=0.05  residual: nan=0 inf=0 absmax=0.39  shape=(1, 2048)
[DEBUG layer 2] hidden: nan=0 inf=0 absmax=0.05  residual: nan=0 inf=0 absmax=0.43  shape=(1, 2048)
[DEBUG layer 3] hidden: nan=0 inf=0 absmax=0.11  residual: nan=0 inf=0 absmax=0.44  shape=(1, 2048)
[DEBUG layer 4] hidden: nan=0 inf=0 absmax=0.06  residual: nan=0 inf=0 absmax=0.47  shape=(1, 2048)
[DEBUG layer 0] hidden: nan=0 inf=0 absmax=0.50  residual: nan=0 inf=0 absmax=0.71  shape=(8, 4096)
[DEBUG layer 0] hidden: nan=0 inf=0 absmax=0.50  residual: nan=0 inf=0 absmax=0.71  shape=(8, 4096)
[DEBUG layer 1] hidden: nan=0 inf=0 absmax=0.31  residual: nan=0 inf=0 absmax=0.81  shape=(8, 4096)
[DEBUG layer 1] hidden: nan=0 inf=0 absmax=0.31  residual: nan=0 inf=0 absmax=0.81  shape=(8, 4096)
[DEBUG layer 2] hidden: nan=0 inf=0 absmax=0.16  residual: nan=0 inf=0 absmax=0.87  shape=(8, 4096)
[DEBUG layer 2] hidden: nan=0 inf=0 absmax=0.16  residual: nan=0 inf=0 absmax=0.87  shape=(8, 4096)
[DEBUG layer 3] hidden: nan=0 inf=0 absmax=0.84  residual: nan=0 inf=0 absmax=0.90  shape=(8, 4096)
[DEBUG layer 3] hidden: nan=0 inf=0 absmax=0.84  residual: nan=0 inf=0 absmax=0.90  shape=(8, 4096)
[DEBUG layer 4] hidden: nan=0 inf=0 absmax=0.75  residual: nan=0 inf=0 absmax=0.97  shape=(8, 4096)
[DEBUG layer 4] hidden: nan=0 inf=0 absmax=0.75  residual: nan=0 inf=0 absmax=0.97  shape=(8, 4096)
[DEBUG verify] logits_p shape=(1, 8, 32000) inf=0 nan=0 max=9.98 min=-18.34
[DEBUG layer 0] hidden: nan=0 inf=0 absmax=0.10  residual: nan=0 inf=0 absmax=0.30  shape=(1, 2048)
[DEBUG layer 1] hidden: nan=0 inf=0 absmax=0.05  residual: nan=0 inf=0 absmax=0.26  shape=(1, 2048)
[DEBUG layer 2] hidden: nan=0 inf=0 absmax=0.11  residual: nan=0 inf=0 absmax=0.18  shape=(1, 2048)
[DEBUG layer 3] hidden: nan=0 inf=0 absmax=0.08  residual: nan=0 inf=0 absmax=0.22  shape=(1, 2048)
[DEBUG layer 4] hidden: nan=0 inf=0 absmax=0.07  residual: nan=0 inf=0 absmax=0.24  shape=(1, 2048)
[DEBUG layer 0] hidden: nan=0 inf=0 absmax=0.11  residual: nan=0 inf=0 absmax=0.31  shape=(1, 2048)
[DEBUG layer 1] hidden: nan=0 inf=0 absmax=0.04  residual: nan=0 inf=0 absmax=0.27  shape=(1, 2048)
[DEBUG layer 2] hidden: nan=0 inf=0 absmax=0.12  residual: nan=0 inf=0 absmax=0.21  shape=(1, 2048)
[DEBUG layer 3] hidden: nan=0 inf=0 absmax=0.10  residual: nan=0 inf=0 absmax=0.25  shape=(1, 2048)
[DEBUG layer 4] hidden: nan=0 inf=0 absmax=0.05  residual: nan=0 inf=0 absmax=0.28  shape=(1, 2048)
[DEBUG layer 0] hidden: nan=0 inf=0 absmax=0.11  residual: nan=0 inf=0 absmax=0.31  shape=(1, 2048)
[DEBUG layer 1] hidden: nan=0 inf=0 absmax=0.04  residual: nan=0 inf=0 absmax=0.28  shape=(1, 2048)
[DEBUG layer 2] hidden: nan=0 inf=0 absmax=0.11  residual: nan=0 inf=0 absmax=0.24  shape=(1, 2048)
[DEBUG layer 3] hidden: nan=0 inf=0 absmax=0.13  residual: nan=0 inf=0 absmax=0.24  shape=(1, 2048)
[DEBUG layer 4] hidden: nan=0 inf=0 absmax=0.06  residual: nan=0 inf=0 absmax=0.29  shape=(1, 2048)
[DEBUG layer 0] hidden: nan=0 inf=0 absmax=0.11  residual: nan=0 inf=0 absmax=0.31  shape=(1, 2048)
[DEBUG layer 1] hidden: nan=0 inf=0 absmax=0.04  residual: nan=0 inf=0 absmax=0.29  shape=(1, 2048)
[DEBUG layer 2] hidden: nan=0 inf=0 absmax=0.10  residual: nan=0 inf=0 absmax=0.25  shape=(1, 2048)
[DEBUG layer 3] hidden: nan=0 inf=0 absmax=0.10  residual: nan=0 inf=0 absmax=0.26  shape=(1, 2048)
[DEBUG layer 4] hidden: nan=0 inf=0 absmax=0.08  residual: nan=0 inf=0 absmax=0.30  shape=(1, 2048)
[DEBUG layer 0] hidden: nan=0 inf=0 absmax=0.11  residual: nan=0 inf=0 absmax=0.31  shape=(1, 2048)
[DEBUG layer 1] hidden: nan=0 inf=0 absmax=0.05  residual: nan=0 inf=0 absmax=0.29  shape=(1, 2048)
[DEBUG layer 2] hidden: nan=0 inf=0 absmax=0.08  residual: nan=0 inf=0 absmax=0.25  shape=(1, 2048)
[DEBUG layer 3] hidden: nan=0 inf=0 absmax=0.09  residual: nan=0 inf=0 absmax=0.28  shape=(1, 2048)
[DEBUG layer 4] hidden: nan=0 inf=0 absmax=0.05  residual: nan=0 inf=0 absmax=0.30  shape=(1, 2048)
[DEBUG layer 0] hidden: nan=0 inf=0 absmax=0.11  residual: nan=0 inf=0 absmax=0.31  shape=(1, 2048)
[DEBUG layer 1] hidden: nan=0 inf=0 absmax=0.05  residual: nan=0 inf=0 absmax=0.30  shape=(1, 2048)
[DEBUG layer 2] hidden: nan=0 inf=0 absmax=0.08  residual: nan=0 inf=0 absmax=0.24  shape=(1, 2048)
[DEBUG layer 3] hidden: nan=0 inf=0 absmax=0.12  residual: nan=0 inf=0 absmax=0.29  shape=(1, 2048)
[DEBUG layer 4] hidden: nan=0 inf=0 absmax=0.05  residual: nan=0 inf=0 absmax=0.30  shape=(1, 2048)
[DEBUG layer 0] hidden: nan=0 inf=0 absmax=0.08  residual: nan=0 inf=0 absmax=0.26  shape=(1, 2048)
[DEBUG layer 1] hidden: nan=0 inf=0 absmax=0.04  residual: nan=0 inf=0 absmax=0.30  shape=(1, 2048)
[DEBUG layer 2] hidden: nan=0 inf=0 absmax=0.11  residual: nan=0 inf=0 absmax=0.26  shape=(1, 2048)
[DEBUG layer 3] hidden: nan=0 inf=0 absmax=0.08  residual: nan=0 inf=0 absmax=0.24  shape=(1, 2048)
[DEBUG layer 4] hidden: nan=0 inf=0 absmax=0.06  residual: nan=0 inf=0 absmax=0.24  shape=(1, 2048)
[DEBUG layer 0] hidden: nan=0 inf=0 absmax=0.07  residual: nan=0 inf=0 absmax=0.29  shape=(1, 2048)
[DEBUG layer 1] hidden: nan=0 inf=0 absmax=0.07  residual: nan=0 inf=0 absmax=0.30  shape=(1, 2048)
[DEBUG layer 2] hidden: nan=0 inf=0 absmax=0.13  residual: nan=0 inf=0 absmax=0.21  shape=(1, 2048)
[DEBUG layer 3] hidden: nan=0 inf=0 absmax=0.05  residual: nan=0 inf=0 absmax=0.24  shape=(1, 2048)
[DEBUG layer 4] hidden: nan=0 inf=0 absmax=0.06  residual: nan=0 inf=0 absmax=0.25  shape=(1, 2048)
[DEBUG layer 0] hidden: nan=0 inf=0 absmax=0.20  residual: nan=0 inf=0 absmax=0.71  shape=(8, 4096)
[DEBUG layer 0] hidden: nan=0 inf=0 absmax=0.20  residual: nan=0 inf=0 absmax=0.71  shape=(8, 4096)
[DEBUG layer 1] hidden: nan=0 inf=0 absmax=0.32  residual: nan=0 inf=0 absmax=0.95  shape=(8, 4096)
[DEBUG layer 1] hidden: nan=0 inf=0 absmax=0.32  residual: nan=0 inf=0 absmax=0.95  shape=(8, 4096)
[DEBUG layer 2] hidden: nan=0 inf=0 absmax=0.26  residual: nan=0 inf=0 absmax=0.80  shape=(8, 4096)
[DEBUG layer 2] hidden: nan=0 inf=0 absmax=0.26  residual: nan=0 inf=0 absmax=0.80  shape=(8, 4096)
[DEBUG layer 3] hidden: nan=0 inf=0 absmax=0.94  residual: nan=0 inf=0 absmax=0.89  shape=(8, 4096)
[DEBUG layer 3] hidden: nan=0 inf=0 absmax=0.94  residual: nan=0 inf=0 absmax=0.89  shape=(8, 4096)
[DEBUG layer 4] hidden: nan=0 inf=0 absmax=0.70  residual: nan=0 inf=0 absmax=0.62  shape=(8, 4096)
[DEBUG layer 4] hidden: nan=0 inf=0 absmax=0.70  residual: nan=0 inf=0 absmax=0.62  shape=(8, 4096)
[DEBUG verify] logits_p shape=(1, 8, 32000) inf=0 nan=0 max=15.05 min=-14.54
[DEBUG layer 0] hidden: nan=0 inf=0 absmax=0.11  residual: nan=0 inf=0 absmax=0.31  shape=(1, 2048)
[DEBUG layer 1] hidden: nan=0 inf=0 absmax=0.05  residual: nan=0 inf=0 absmax=0.30  shape=(1, 2048)
[DEBUG layer 2] hidden: nan=0 inf=0 absmax=0.09  residual: nan=0 inf=0 absmax=0.24  shape=(1, 2048)
[DEBUG layer 3] hidden: nan=0 inf=0 absmax=0.15  residual: nan=0 inf=0 absmax=0.29  shape=(1, 2048)
[DEBUG layer 4] hidden: nan=0 inf=0 absmax=0.06  residual: nan=0 inf=0 absmax=0.30  shape=(1, 2048)
[DEBUG layer 0] hidden: nan=0 inf=0 absmax=0.11  residual: nan=0 inf=0 absmax=0.31  shape=(1, 2048)
[DEBUG layer 1] hidden: nan=0 inf=0 absmax=0.05  residual: nan=0 inf=0 absmax=0.30  shape=(1, 2048)
[DEBUG layer 2] hidden: nan=0 inf=0 absmax=0.10  residual: nan=0 inf=0 absmax=0.24  shape=(1, 2048)
[DEBUG layer 3] hidden: nan=0 inf=0 absmax=0.12  residual: nan=0 inf=0 absmax=0.31  shape=(1, 2048)
[DEBUG layer 4] hidden: nan=0 inf=0 absmax=0.07  residual: nan=0 inf=0 absmax=0.33  shape=(1, 2048)
[DEBUG layer 0] hidden: nan=0 inf=0 absmax=0.11  residual: nan=0 inf=0 absmax=0.31  shape=(1, 2048)
[DEBUG layer 1] hidden: nan=0 inf=0 absmax=0.05  residual: nan=0 inf=0 absmax=0.30  shape=(1, 2048)
[DEBUG layer 2] hidden: nan=0 inf=0 absmax=0.11  residual: nan=0 inf=0 absmax=0.25  shape=(1, 2048)
[DEBUG layer 3] hidden: nan=0 inf=0 absmax=0.09  residual: nan=0 inf=0 absmax=0.30  shape=(1, 2048)
[DEBUG layer 4] hidden: nan=0 inf=0 absmax=0.06  residual: nan=0 inf=0 absmax=0.31  shape=(1, 2048)
[DEBUG layer 0] hidden: nan=0 inf=0 absmax=0.11  residual: nan=0 inf=0 absmax=0.31  shape=(1, 2048)
[DEBUG layer 1] hidden: nan=0 inf=0 absmax=0.05  residual: nan=0 inf=0 absmax=0.30  shape=(1, 2048)
[DEBUG layer 2] hidden: nan=0 inf=0 absmax=0.12  residual: nan=0 inf=0 absmax=0.25  shape=(1, 2048)
[DEBUG layer 3] hidden: nan=0 inf=0 absmax=0.10  residual: nan=0 inf=0 absmax=0.29  shape=(1, 2048)
[DEBUG layer 4] hidden: nan=0 inf=0 absmax=0.05  residual: nan=0 inf=0 absmax=0.32  shape=(1, 2048)
[DEBUG layer 0] hidden: nan=0 inf=0 absmax=0.11  residual: nan=0 inf=0 absmax=0.31  shape=(1, 2048)
[DEBUG layer 1] hidden: nan=0 inf=0 absmax=0.05  residual: nan=0 inf=0 absmax=0.30  shape=(1, 2048)
[DEBUG layer 2] hidden: nan=0 inf=0 absmax=0.12  residual: nan=0 inf=0 absmax=0.25  shape=(1, 2048)
[DEBUG layer 3] hidden: nan=0 inf=0 absmax=0.10  residual: nan=0 inf=0 absmax=0.30  shape=(1, 2048)
[DEBUG layer 4] hidden: nan=0 inf=0 absmax=0.06  residual: nan=0 inf=0 absmax=0.32  shape=(1, 2048)
[DEBUG layer 0] hidden: nan=0 inf=0 absmax=0.10  residual: nan=0 inf=0 absmax=0.31  shape=(1, 2048)
[DEBUG layer 1] hidden: nan=0 inf=0 absmax=0.05  residual: nan=0 inf=0 absmax=0.30  shape=(1, 2048)
[DEBUG layer 2] hidden: nan=0 inf=0 absmax=0.13  residual: nan=0 inf=0 absmax=0.25  shape=(1, 2048)
[DEBUG layer 3] hidden: nan=0 inf=0 absmax=0.08  residual: nan=0 inf=0 absmax=0.30  shape=(1, 2048)
[DEBUG layer 4] hidden: nan=0 inf=0 absmax=0.06  residual: nan=0 inf=0 absmax=0.32  shape=(1, 2048)
[DEBUG layer 0] hidden: nan=0 inf=0 absmax=0.10  residual: nan=0 inf=0 absmax=0.30  shape=(1, 2048)
[DEBUG layer 1] hidden: nan=0 inf=0 absmax=0.05  residual: nan=0 inf=0 absmax=0.30  shape=(1, 2048)
[DEBUG layer 2] hidden: nan=0 inf=0 absmax=0.13  residual: nan=0 inf=0 absmax=0.25  shape=(1, 2048)
[DEBUG layer 3] hidden: nan=0 inf=0 absmax=0.05  residual: nan=0 inf=0 absmax=0.30  shape=(1, 2048)
[DEBUG layer 4] hidden: nan=0 inf=0 absmax=0.06  residual: nan=0 inf=0 absmax=0.32  shape=(1, 2048)
[DEBUG layer 0] hidden: nan=0 inf=0 absmax=0.10  residual: nan=0 inf=0 absmax=0.30  shape=(1, 2048)
[DEBUG layer 1] hidden: nan=0 inf=0 absmax=0.05  residual: nan=0 inf=0 absmax=0.30  shape=(1, 2048)
[DEBUG layer 2] hidden: nan=0 inf=0 absmax=0.14  residual: nan=0 inf=0 absmax=0.25  shape=(1, 2048)
[DEBUG layer 3] hidden: nan=0 inf=0 absmax=0.07  residual: nan=0 inf=0 absmax=0.31  shape=(1, 2048)
[DEBUG layer 4] hidden: nan=0 inf=0 absmax=0.06  residual: nan=0 inf=0 absmax=0.34  shape=(1, 2048)
[DEBUG layer 0] hidden: nan=0 inf=0 absmax=0.16  residual: nan=0 inf=0 absmax=0.64  shape=(8, 4096)
[DEBUG layer 0] hidden: nan=0 inf=0 absmax=0.16  residual: nan=0 inf=0 absmax=0.64  shape=(8, 4096)
[DEBUG layer 1] hidden: nan=0 inf=0 absmax=0.37  residual: nan=0 inf=0 absmax=0.92  shape=(8, 4096)
[DEBUG layer 1] hidden: nan=0 inf=0 absmax=0.37  residual: nan=0 inf=0 absmax=0.92  shape=(8, 4096)
[DEBUG layer 2] hidden: nan=0 inf=0 absmax=0.28  residual: nan=0 inf=0 absmax=0.67  shape=(8, 4096)
[DEBUG layer 2] hidden: nan=0 inf=0 absmax=0.28  residual: nan=0 inf=0 absmax=0.67  shape=(8, 4096)
[DEBUG layer 3] hidden: nan=0 inf=0 absmax=0.76  residual: nan=0 inf=0 absmax=0.62  shape=(8, 4096)
[DEBUG layer 3] hidden: nan=0 inf=0 absmax=0.76  residual: nan=0 inf=0 absmax=0.62  shape=(8, 4096)
[DEBUG layer 4] hidden: nan=0 inf=0 absmax=0.70  residual: nan=0 inf=0 absmax=0.66  shape=(8, 4096)
[DEBUG layer 4] hidden: nan=0 inf=0 absmax=0.70  residual: nan=0 inf=0 absmax=0.66  shape=(8, 4096)
[DEBUG verify] logits_p shape=(1, 8, 32000) inf=0 nan=0 max=15.47 min=-14.89
[DEBUG layer 0] hidden: nan=0 inf=0 absmax=0.10  residual: nan=0 inf=0 absmax=0.30  shape=(1, 2048)
[DEBUG layer 1] hidden: nan=0 inf=0 absmax=0.05  residual: nan=0 inf=0 absmax=0.30  shape=(1, 2048)
[DEBUG layer 2] hidden: nan=0 inf=0 absmax=0.15  residual: nan=0 inf=0 absmax=0.25  shape=(1, 2048)
[DEBUG layer 3] hidden: nan=0 inf=0 absmax=0.06  residual: nan=0 inf=0 absmax=0.30  shape=(1, 2048)
[DEBUG layer 4] hidden: nan=0 inf=0 absmax=0.05  residual: nan=0 inf=0 absmax=0.33  shape=(1, 2048)
[DEBUG layer 0] hidden: nan=0 inf=0 absmax=0.10  residual: nan=0 inf=0 absmax=0.30  shape=(1, 2048)
[DEBUG layer 1] hidden: nan=0 inf=0 absmax=0.05  residual: nan=0 inf=0 absmax=0.30  shape=(1, 2048)
[DEBUG layer 2] hidden: nan=0 inf=0 absmax=0.15  residual: nan=0 inf=0 absmax=0.25  shape=(1, 2048)
[DEBUG layer 3] hidden: nan=0 inf=0 absmax=0.09  residual: nan=0 inf=0 absmax=0.30  shape=(1, 2048)
[DEBUG layer 4] hidden: nan=0 inf=0 absmax=0.06  residual: nan=0 inf=0 absmax=0.33  shape=(1, 2048)
[DEBUG layer 0] hidden: nan=0 inf=0 absmax=0.10  residual: nan=0 inf=0 absmax=0.30  shape=(1, 2048)
[DEBUG layer 1] hidden: nan=0 inf=0 absmax=0.05  residual: nan=0 inf=0 absmax=0.30  shape=(1, 2048)
[DEBUG layer 2] hidden: nan=0 inf=0 absmax=0.16  residual: nan=0 inf=0 absmax=0.25  shape=(1, 2048)
[DEBUG layer 3] hidden: nan=0 inf=0 absmax=0.07  residual: nan=0 inf=0 absmax=0.31  shape=(1, 2048)
[DEBUG layer 4] hidden: nan=0 inf=0 absmax=0.07  residual: nan=0 inf=0 absmax=0.33  shape=(1, 2048)
[DEBUG layer 0] hidden: nan=0 inf=0 absmax=0.10  residual: nan=0 inf=0 absmax=0.30  shape=(1, 2048)
[DEBUG layer 1] hidden: nan=0 inf=0 absmax=0.05  residual: nan=0 inf=0 absmax=0.30  shape=(1, 2048)
[DEBUG layer 2] hidden: nan=0 inf=0 absmax=0.16  residual: nan=0 inf=0 absmax=0.25  shape=(1, 2048)
[DEBUG layer 3] hidden: nan=0 inf=0 absmax=0.06  residual: nan=0 inf=0 absmax=0.30  shape=(1, 2048)
[DEBUG layer 4] hidden: nan=0 inf=0 absmax=0.06  residual: nan=0 inf=0 absmax=0.33  shape=(1, 2048)
[DEBUG layer 0] hidden: nan=0 inf=0 absmax=0.10  residual: nan=0 inf=0 absmax=0.30  shape=(1, 2048)
[DEBUG layer 1] hidden: nan=0 inf=0 absmax=0.05  residual: nan=0 inf=0 absmax=0.30  shape=(1, 2048)
[DEBUG layer 2] hidden: nan=0 inf=0 absmax=0.16  residual: nan=0 inf=0 absmax=0.26  shape=(1, 2048)
[DEBUG layer 3] hidden: nan=0 inf=0 absmax=0.06  residual: nan=0 inf=0 absmax=0.30  shape=(1, 2048)
[DEBUG layer 4] hidden: nan=0 inf=0 absmax=0.06  residual: nan=0 inf=0 absmax=0.32  shape=(1, 2048)
[DEBUG layer 0] hidden: nan=0 inf=0 absmax=0.10  residual: nan=0 inf=0 absmax=0.30  shape=(1, 2048)
[DEBUG layer 1] hidden: nan=0 inf=0 absmax=0.05  residual: nan=0 inf=0 absmax=0.30  shape=(1, 2048)
[DEBUG layer 2] hidden: nan=0 inf=0 absmax=0.17  residual: nan=0 inf=0 absmax=0.26  shape=(1, 2048)
[DEBUG layer 3] hidden: nan=0 inf=0 absmax=0.06  residual: nan=0 inf=0 absmax=0.31  shape=(1, 2048)
[DEBUG layer 4] hidden: nan=0 inf=0 absmax=0.06  residual: nan=0 inf=0 absmax=0.34  shape=(1, 2048)
[DEBUG layer 0] hidden: nan=0 inf=0 absmax=0.10  residual: nan=0 inf=0 absmax=0.29  shape=(1, 2048)
[DEBUG layer 1] hidden: nan=0 inf=0 absmax=0.03  residual: nan=0 inf=0 absmax=0.37  shape=(1, 2048)
[DEBUG layer 2] hidden: nan=0 inf=0 absmax=0.21  residual: nan=0 inf=0 absmax=0.33  shape=(1, 2048)
[DEBUG layer 3] hidden: nan=0 inf=0 absmax=0.05  residual: nan=0 inf=0 absmax=0.26  shape=(1, 2048)
[DEBUG layer 4] hidden: nan=0 inf=0 absmax=0.05  residual: nan=0 inf=0 absmax=0.23  shape=(1, 2048)
[DEBUG layer 0] hidden: nan=0 inf=0 absmax=0.06  residual: nan=0 inf=0 absmax=0.25  shape=(1, 2048)
[DEBUG layer 1] hidden: nan=0 inf=0 absmax=0.05  residual: nan=0 inf=0 absmax=0.29  shape=(1, 2048)
[DEBUG layer 2] hidden: nan=0 inf=0 absmax=0.07  residual: nan=0 inf=0 absmax=0.24  shape=(1, 2048)
[DEBUG layer 3] hidden: nan=0 inf=0 absmax=0.09  residual: nan=0 inf=0 absmax=0.29  shape=(1, 2048)
[DEBUG layer 4] hidden: nan=0 inf=0 absmax=0.05  residual: nan=0 inf=0 absmax=0.31  shape=(1, 2048)
[DEBUG layer 0] hidden: nan=0 inf=0 absmax=0.33  residual: nan=0 inf=0 absmax=0.63  shape=(8, 4096)
[DEBUG layer 0] hidden: nan=0 inf=0 absmax=0.33  residual: nan=0 inf=0 absmax=0.63  shape=(8, 4096)
[DEBUG layer 1] hidden: nan=0 inf=0 absmax=0.38  residual: nan=0 inf=0 absmax=0.81  shape=(8, 4096)
[DEBUG layer 1] hidden: nan=0 inf=0 absmax=0.38  residual: nan=0 inf=0 absmax=0.81  shape=(8, 4096)
[DEBUG layer 2] hidden: nan=0 inf=0 absmax=0.29  residual: nan=0 inf=0 absmax=0.62  shape=(8, 4096)
[DEBUG layer 2] hidden: nan=0 inf=0 absmax=0.29  residual: nan=0 inf=0 absmax=0.62  shape=(8, 4096)
[DEBUG layer 3] hidden: nan=0 inf=0 absmax=0.84  residual: nan=0 inf=0 absmax=0.62  shape=(8, 4096)
[DEBUG layer 3] hidden: nan=0 inf=0 absmax=0.84  residual: nan=0 inf=0 absmax=0.62  shape=(8, 4096)
[DEBUG layer 4] hidden: nan=0 inf=0 absmax=0.68  residual: nan=0 inf=0 absmax=0.67  shape=(8, 4096)
[DEBUG layer 4] hidden: nan=0 inf=0 absmax=0.68  residual: nan=0 inf=0 absmax=0.67  shape=(8, 4096)
[DEBUG verify] logits_p shape=(1, 8, 32000) inf=0 nan=0 max=15.93 min=-15.43
Generating:  25%|██▌       | 1/4 [00:16<00:50, 16.91s/it][DEBUG layer 0] hidden: nan=0 inf=0 absmax=0.06  residual: nan=0 inf=0 absmax=0.18  shape=(1, 2048)
[DEBUG layer 1] hidden: nan=0 inf=0 absmax=0.38  residual: nan=0 inf=0 absmax=0.16  shape=(1, 2048)
[DEBUG layer 2] hidden: nan=0 inf=0 absmax=0.34  residual: nan=0 inf=0 absmax=0.40  shape=(1, 2048)
[DEBUG layer 3] hidden: nan=0 inf=0 absmax=0.05  residual: nan=0 inf=0 absmax=0.12  shape=(1, 2048)
[DEBUG layer 4] hidden: nan=0 inf=0 absmax=0.07  residual: nan=0 inf=0 absmax=0.13  shape=(1, 2048)
[DEBUG layer 0] hidden: nan=0 inf=0 absmax=0.05  residual: nan=0 inf=0 absmax=0.32  shape=(1, 2048)
[DEBUG layer 1] hidden: nan=0 inf=0 absmax=0.07  residual: nan=0 inf=0 absmax=0.21  shape=(1, 2048)
[DEBUG layer 2] hidden: nan=0 inf=0 absmax=0.05  residual: nan=0 inf=0 absmax=0.13  shape=(1, 2048)
[DEBUG layer 3] hidden: nan=0 inf=0 absmax=0.07  residual: nan=0 inf=0 absmax=0.14  shape=(1, 2048)
[DEBUG layer 4] hidden: nan=0 inf=0 absmax=0.10  residual: nan=0 inf=0 absmax=0.18  shape=(1, 2048)
[DEBUG layer 0] hidden: nan=0 inf=0 absmax=0.03  residual: nan=0 inf=0 absmax=0.27  shape=(1, 2048)
[DEBUG layer 1] hidden: nan=0 inf=0 absmax=0.04  residual: nan=0 inf=0 absmax=0.23  shape=(1, 2048)
[DEBUG layer 2] hidden: nan=0 inf=0 absmax=0.04  residual: nan=0 inf=0 absmax=0.23  shape=(1, 2048)
[DEBUG layer 3] hidden: nan=0 inf=0 absmax=0.06  residual: nan=0 inf=0 absmax=0.23  shape=(1, 2048)
[DEBUG layer 4] hidden: nan=0 inf=0 absmax=0.06  residual: nan=0 inf=0 absmax=0.22  shape=(1, 2048)
[DEBUG layer 0] hidden: nan=0 inf=0 absmax=0.24  residual: nan=0 inf=0 absmax=0.18  shape=(1, 2048)
[DEBUG layer 1] hidden: nan=0 inf=0 absmax=0.13  residual: nan=0 inf=0 absmax=0.40  shape=(1, 2048)
[DEBUG layer 2] hidden: nan=0 inf=0 absmax=0.12  residual: nan=0 inf=0 absmax=0.59  shape=(1, 2048)
[DEBUG layer 3] hidden: nan=0 inf=0 absmax=0.14  residual: nan=0 inf=0 absmax=0.52  shape=(1, 2048)
[DEBUG layer 4] hidden: nan=0 inf=0 absmax=0.06  residual: nan=0 inf=0 absmax=0.43  shape=(1, 2048)
[DEBUG layer 0] hidden: nan=0 inf=0 absmax=0.16  residual: nan=0 inf=0 absmax=0.33  shape=(1, 2048)
[DEBUG layer 1] hidden: nan=0 inf=0 absmax=0.04  residual: nan=0 inf=0 absmax=0.42  shape=(1, 2048)
[DEBUG layer 2] hidden: nan=0 inf=0 absmax=0.12  residual: nan=0 inf=0 absmax=0.38  shape=(1, 2048)
[DEBUG layer 3] hidden: nan=0 inf=0 absmax=0.10  residual: nan=0 inf=0 absmax=0.27  shape=(1, 2048)
[DEBUG layer 4] hidden: nan=0 inf=0 absmax=0.12  residual: nan=0 inf=0 absmax=0.31  shape=(1, 2048)
[DEBUG layer 0] hidden: nan=0 inf=0 absmax=0.08  residual: nan=0 inf=0 absmax=0.32  shape=(1, 2048)
[DEBUG layer 1] hidden: nan=0 inf=0 absmax=0.07  residual: nan=0 inf=0 absmax=0.21  shape=(1, 2048)
[DEBUG layer 2] hidden: nan=0 inf=0 absmax=0.06  residual: nan=0 inf=0 absmax=0.30  shape=(1, 2048)
[DEBUG layer 3] hidden: nan=0 inf=0 absmax=0.21  residual: nan=0 inf=0 absmax=0.37  shape=(1, 2048)
[DEBUG layer 4] hidden: nan=0 inf=0 absmax=0.10  residual: nan=0 inf=0 absmax=0.30  shape=(1, 2048)
[DEBUG layer 0] hidden: nan=0 inf=0 absmax=0.04  residual: nan=0 inf=0 absmax=0.30  shape=(1, 2048)
[DEBUG layer 1] hidden: nan=0 inf=0 absmax=0.03  residual: nan=0 inf=0 absmax=0.32  shape=(1, 2048)
[DEBUG layer 2] hidden: nan=0 inf=0 absmax=0.08  residual: nan=0 inf=0 absmax=0.35  shape=(1, 2048)
[DEBUG layer 3] hidden: nan=0 inf=0 absmax=0.09  residual: nan=0 inf=0 absmax=0.34  shape=(1, 2048)
[DEBUG layer 4] hidden: nan=0 inf=0 absmax=0.08  residual: nan=0 inf=0 absmax=0.42  shape=(1, 2048)
[DEBUG layer 0] hidden: nan=0 inf=0 absmax=0.15  residual: nan=0 inf=0 absmax=0.32  shape=(1, 2048)
[DEBUG layer 1] hidden: nan=0 inf=0 absmax=0.08  residual: nan=0 inf=0 absmax=0.46  shape=(1, 2048)
[DEBUG layer 2] hidden: nan=0 inf=0 absmax=0.23  residual: nan=0 inf=0 absmax=0.61  shape=(1, 2048)
[DEBUG layer 3] hidden: nan=0 inf=0 absmax=0.07  residual: nan=0 inf=0 absmax=0.42  shape=(1, 2048)
[DEBUG layer 4] hidden: nan=0 inf=0 absmax=0.11  residual: nan=0 inf=0 absmax=0.46  shape=(1, 2048)
[DEBUG layer 0] hidden: nan=0 inf=0 absmax=2.15  residual: nan=0 inf=0 absmax=0.68  shape=(8, 4096)
[DEBUG layer 0] hidden: nan=0 inf=0 absmax=2.15  residual: nan=0 inf=0 absmax=0.68  shape=(8, 4096)
[DEBUG layer 1] hidden: nan=0 inf=0 absmax=1.53  residual: nan=0 inf=0 absmax=1.80  shape=(8, 4096)
[DEBUG layer 1] hidden: nan=0 inf=0 absmax=1.53  residual: nan=0 inf=0 absmax=1.80  shape=(8, 4096)
[DEBUG layer 2] hidden: nan=0 inf=0 absmax=0.90  residual: nan=0 inf=0 absmax=1.18  shape=(8, 4096)
[DEBUG layer 2] hidden: nan=0 inf=0 absmax=0.90  residual: nan=0 inf=0 absmax=1.18  shape=(8, 4096)
[DEBUG layer 3] hidden: nan=0 inf=0 absmax=1.17  residual: nan=0 inf=0 absmax=1.36  shape=(8, 4096)
[DEBUG layer 3] hidden: nan=0 inf=0 absmax=1.17  residual: nan=0 inf=0 absmax=1.36  shape=(8, 4096)
[DEBUG layer 4] hidden: nan=0 inf=0 absmax=2.32  residual: nan=0 inf=0 absmax=1.24  shape=(8, 4096)
[DEBUG layer 4] hidden: nan=0 inf=0 absmax=2.32  residual: nan=0 inf=0 absmax=1.24  shape=(8, 4096)
[DEBUG verify] logits_p shape=(1, 8, 32000) inf=0 nan=0 max=11.85 min=-17.06
[DEBUG layer 0] hidden: nan=0 inf=0 absmax=0.07  residual: nan=0 inf=0 absmax=0.29  shape=(1, 2048)
[DEBUG layer 1] hidden: nan=0 inf=0 absmax=0.10  residual: nan=0 inf=0 absmax=0.30  shape=(1, 2048)
[DEBUG layer 2] hidden: nan=0 inf=0 absmax=0.05  residual: nan=0 inf=0 absmax=0.29  shape=(1, 2048)
[DEBUG layer 3] hidden: nan=0 inf=0 absmax=0.05  residual: nan=0 inf=0 absmax=0.40  shape=(1, 2048)
[DEBUG layer 4] hidden: nan=0 inf=0 absmax=0.05  residual: nan=0 inf=0 absmax=0.41  shape=(1, 2048)
[DEBUG layer 0] hidden: nan=0 inf=0 absmax=0.06  residual: nan=0 inf=0 absmax=0.25  shape=(1, 2048)
[DEBUG layer 1] hidden: nan=0 inf=0 absmax=0.06  residual: nan=0 inf=0 absmax=0.28  shape=(1, 2048)
[DEBUG layer 2] hidden: nan=0 inf=0 absmax=0.05  residual: nan=0 inf=0 absmax=0.33  shape=(1, 2048)
[DEBUG layer 3] hidden: nan=0 inf=0 absmax=0.19  residual: nan=0 inf=0 absmax=0.48  shape=(1, 2048)
[DEBUG layer 4] hidden: nan=0 inf=0 absmax=0.06  residual: nan=0 inf=0 absmax=0.33  shape=(1, 2048)
[DEBUG layer 0] hidden: nan=0 inf=0 absmax=0.09  residual: nan=0 inf=0 absmax=0.26  shape=(1, 2048)
[DEBUG layer 1] hidden: nan=0 inf=0 absmax=0.04  residual: nan=0 inf=0 absmax=0.21  shape=(1, 2048)
[DEBUG layer 2] hidden: nan=0 inf=0 absmax=0.07  residual: nan=0 inf=0 absmax=0.17  shape=(1, 2048)
[DEBUG layer 3] hidden: nan=0 inf=0 absmax=0.12  residual: nan=0 inf=0 absmax=0.25  shape=(1, 2048)
[DEBUG layer 4] hidden: nan=0 inf=0 absmax=0.08  residual: nan=0 inf=0 absmax=0.28  shape=(1, 2048)
[DEBUG layer 0] hidden: nan=0 inf=0 absmax=0.03  residual: nan=0 inf=0 absmax=0.30  shape=(1, 2048)
[DEBUG layer 1] hidden: nan=0 inf=0 absmax=0.02  residual: nan=0 inf=0 absmax=0.31  shape=(1, 2048)
[DEBUG layer 2] hidden: nan=0 inf=0 absmax=0.05  residual: nan=0 inf=0 absmax=0.29  shape=(1, 2048)
[DEBUG layer 3] hidden: nan=0 inf=0 absmax=0.09  residual: nan=0 inf=0 absmax=0.33  shape=(1, 2048)
[DEBUG layer 4] hidden: nan=0 inf=0 absmax=0.09  residual: nan=0 inf=0 absmax=0.29  shape=(1, 2048)
[DEBUG layer 0] hidden: nan=0 inf=0 absmax=0.09  residual: nan=0 inf=0 absmax=0.26  shape=(1, 2048)
[DEBUG layer 1] hidden: nan=0 inf=0 absmax=0.03  residual: nan=0 inf=0 absmax=0.35  shape=(1, 2048)
[DEBUG layer 2] hidden: nan=0 inf=0 absmax=0.03  residual: nan=0 inf=0 absmax=0.37  shape=(1, 2048)
[DEBUG layer 3] hidden: nan=0 inf=0 absmax=0.13  residual: nan=0 inf=0 absmax=0.50  shape=(1, 2048)
[DEBUG layer 4] hidden: nan=0 inf=0 absmax=0.06  residual: nan=0 inf=0 absmax=0.43  shape=(1, 2048)
[DEBUG layer 0] hidden: nan=0 inf=0 absmax=0.10  residual: nan=0 inf=0 absmax=0.26  shape=(1, 2048)
[DEBUG layer 1] hidden: nan=0 inf=0 absmax=0.05  residual: nan=0 inf=0 absmax=0.34  shape=(1, 2048)
[DEBUG layer 2] hidden: nan=0 inf=0 absmax=0.07  residual: nan=0 inf=0 absmax=0.42  shape=(1, 2048)
[DEBUG layer 3] hidden: nan=0 inf=0 absmax=0.15  residual: nan=0 inf=0 absmax=0.46  shape=(1, 2048)
[DEBUG layer 4] hidden: nan=0 inf=0 absmax=0.09  residual: nan=0 inf=0 absmax=0.37  shape=(1, 2048)
[DEBUG layer 0] hidden: nan=0 inf=0 absmax=0.08  residual: nan=0 inf=0 absmax=0.33  shape=(1, 2048)
[DEBUG layer 1] hidden: nan=0 inf=0 absmax=0.08  residual: nan=0 inf=0 absmax=0.25  shape=(1, 2048)
[DEBUG layer 2] hidden: nan=0 inf=0 absmax=0.05  residual: nan=0 inf=0 absmax=0.37  shape=(1, 2048)
[DEBUG layer 3] hidden: nan=0 inf=0 absmax=0.22  residual: nan=0 inf=0 absmax=0.47  shape=(1, 2048)
[DEBUG layer 4] hidden: nan=0 inf=0 absmax=0.26  residual: nan=0 inf=0 absmax=0.36  shape=(1, 2048)
[DEBUG layer 0] hidden: nan=0 inf=0 absmax=0.14  residual: nan=0 inf=0 absmax=0.32  shape=(1, 2048)
[DEBUG layer 1] hidden: nan=0 inf=0 absmax=0.06  residual: nan=0 inf=0 absmax=0.42  shape=(1, 2048)
[DEBUG layer 2] hidden: nan=0 inf=0 absmax=0.12  residual: nan=0 inf=0 absmax=0.41  shape=(1, 2048)
[DEBUG layer 3] hidden: nan=0 inf=0 absmax=0.07  residual: nan=0 inf=0 absmax=0.35  shape=(1, 2048)
[DEBUG layer 4] hidden: nan=0 inf=0 absmax=0.05  residual: nan=0 inf=0 absmax=0.32  shape=(1, 2048)
[DEBUG layer 0] hidden: nan=0 inf=0 absmax=1.25  residual: nan=0 inf=0 absmax=0.71  shape=(8, 4096)
[DEBUG layer 0] hidden: nan=0 inf=0 absmax=1.25  residual: nan=0 inf=0 absmax=0.71  shape=(8, 4096)
[DEBUG layer 1] hidden: nan=0 inf=0 absmax=0.37  residual: nan=0 inf=0 absmax=1.02  shape=(8, 4096)
[DEBUG layer 1] hidden: nan=0 inf=0 absmax=0.37  residual: nan=0 inf=0 absmax=1.02  shape=(8, 4096)
[DEBUG layer 2] hidden: nan=0 inf=0 absmax=0.48  residual: nan=0 inf=0 absmax=1.02  shape=(8, 4096)
[DEBUG layer 2] hidden: nan=0 inf=0 absmax=0.48  residual: nan=0 inf=0 absmax=1.02  shape=(8, 4096)
[DEBUG layer 3] hidden: nan=0 inf=0 absmax=1.29  residual: nan=0 inf=0 absmax=1.22  shape=(8, 4096)
[DEBUG layer 3] hidden: nan=0 inf=0 absmax=1.29  residual: nan=0 inf=0 absmax=1.22  shape=(8, 4096)
[DEBUG layer 4] hidden: nan=0 inf=0 absmax=1.30  residual: nan=0 inf=0 absmax=1.12  shape=(8, 4096)
[DEBUG layer 4] hidden: nan=0 inf=0 absmax=1.30  residual: nan=0 inf=0 absmax=1.12  shape=(8, 4096)
[DEBUG verify] logits_p shape=(1, 8, 32000) inf=0 nan=0 max=13.64 min=-17.78
[DEBUG layer 0] hidden: nan=0 inf=0 absmax=0.17  residual: nan=0 inf=0 absmax=0.17  shape=(1, 2048)
[DEBUG layer 1] hidden: nan=0 inf=0 absmax=0.20  residual: nan=0 inf=0 absmax=0.30  shape=(1, 2048)
[DEBUG layer 2] hidden: nan=0 inf=0 absmax=0.21  residual: nan=0 inf=0 absmax=0.63  shape=(1, 2048)
[DEBUG layer 3] hidden: nan=0 inf=0 absmax=0.15  residual: nan=0 inf=0 absmax=0.44  shape=(1, 2048)
[DEBUG layer 4] hidden: nan=0 inf=0 absmax=0.14  residual: nan=0 inf=0 absmax=0.40  shape=(1, 2048)
[DEBUG layer 0] hidden: nan=0 inf=0 absmax=0.09  residual: nan=0 inf=0 absmax=0.27  shape=(1, 2048)
[DEBUG layer 1] hidden: nan=0 inf=0 absmax=0.07  residual: nan=0 inf=0 absmax=0.17  shape=(1, 2048)
[DEBUG layer 2] hidden: nan=0 inf=0 absmax=0.14  residual: nan=0 inf=0 absmax=0.23  shape=(1, 2048)
[DEBUG layer 3] hidden: nan=0 inf=0 absmax=0.13  residual: nan=0 inf=0 absmax=0.38  shape=(1, 2048)
[DEBUG layer 4] hidden: nan=0 inf=0 absmax=0.22  residual: nan=0 inf=0 absmax=0.37  shape=(1, 2048)
[DEBUG layer 0] hidden: nan=0 inf=0 absmax=0.12  residual: nan=0 inf=0 absmax=0.22  shape=(1, 2048)
[DEBUG layer 1] hidden: nan=0 inf=0 absmax=0.05  residual: nan=0 inf=0 absmax=0.32  shape=(1, 2048)
[DEBUG layer 2] hidden: nan=0 inf=0 absmax=0.06  residual: nan=0 inf=0 absmax=0.23  shape=(1, 2048)
[DEBUG layer 3] hidden: nan=0 inf=0 absmax=0.05  residual: nan=0 inf=0 absmax=0.25  shape=(1, 2048)
[DEBUG layer 4] hidden: nan=0 inf=0 absmax=0.14  residual: nan=0 inf=0 absmax=0.29  shape=(1, 2048)
[DEBUG layer 0] hidden: nan=0 inf=0 absmax=0.12  residual: nan=0 inf=0 absmax=0.27  shape=(1, 2048)
[DEBUG layer 1] hidden: nan=0 inf=0 absmax=0.06  residual: nan=0 inf=0 absmax=0.13  shape=(1, 2048)
[DEBUG layer 2] hidden: nan=0 inf=0 absmax=0.08  residual: nan=0 inf=0 absmax=0.12  shape=(1, 2048)
[DEBUG layer 3] hidden: nan=0 inf=0 absmax=0.08  residual: nan=0 inf=0 absmax=0.18  shape=(1, 2048)
[DEBUG layer 4] hidden: nan=0 inf=0 absmax=0.18  residual: nan=0 inf=0 absmax=0.28  shape=(1, 2048)
[DEBUG layer 0] hidden: nan=0 inf=0 absmax=0.05  residual: nan=0 inf=0 absmax=0.30  shape=(1, 2048)
[DEBUG layer 1] hidden: nan=0 inf=0 absmax=0.08  residual: nan=0 inf=0 absmax=0.24  shape=(1, 2048)
[DEBUG layer 2] hidden: nan=0 inf=0 absmax=0.08  residual: nan=0 inf=0 absmax=0.17  shape=(1, 2048)
[DEBUG layer 3] hidden: nan=0 inf=0 absmax=0.13  residual: nan=0 inf=0 absmax=0.27  shape=(1, 2048)
[DEBUG layer 4] hidden: nan=0 inf=0 absmax=0.07  residual: nan=0 inf=0 absmax=0.32  shape=(1, 2048)
[DEBUG layer 0] hidden: nan=0 inf=0 absmax=0.07  residual: nan=0 inf=0 absmax=0.27  shape=(1, 2048)
[DEBUG layer 1] hidden: nan=0 inf=0 absmax=0.08  residual: nan=0 inf=0 absmax=0.33  shape=(1, 2048)
[DEBUG layer 2] hidden: nan=0 inf=0 absmax=0.13  residual: nan=0 inf=0 absmax=0.42  shape=(1, 2048)
[DEBUG layer 3] hidden: nan=0 inf=0 absmax=0.06  residual: nan=0 inf=0 absmax=0.42  shape=(1, 2048)
[DEBUG layer 4] hidden: nan=0 inf=0 absmax=0.05  residual: nan=0 inf=0 absmax=0.45  shape=(1, 2048)
[DEBUG layer 0] hidden: nan=0 inf=0 absmax=0.17  residual: nan=0 inf=0 absmax=0.19  shape=(1, 2048)
[DEBUG layer 1] hidden: nan=0 inf=0 absmax=0.08  residual: nan=0 inf=0 absmax=0.35  shape=(1, 2048)
[DEBUG layer 2] hidden: nan=0 inf=0 absmax=0.17  residual: nan=0 inf=0 absmax=0.59  shape=(1, 2048)
[DEBUG layer 3] hidden: nan=0 inf=0 absmax=0.13  residual: nan=0 inf=0 absmax=0.53  shape=(1, 2048)
[DEBUG layer 4] hidden: nan=0 inf=0 absmax=0.07  residual: nan=0 inf=0 absmax=0.56  shape=(1, 2048)
[DEBUG layer 0] hidden: nan=0 inf=0 absmax=0.06  residual: nan=0 inf=0 absmax=0.28  shape=(1, 2048)
[DEBUG layer 1] hidden: nan=0 inf=0 absmax=0.07  residual: nan=0 inf=0 absmax=0.24  shape=(1, 2048)
[DEBUG layer 2] hidden: nan=0 inf=0 absmax=0.05  residual: nan=0 inf=0 absmax=0.33  shape=(1, 2048)
[DEBUG layer 3] hidden: nan=0 inf=0 absmax=0.14  residual: nan=0 inf=0 absmax=0.48  shape=(1, 2048)
[DEBUG layer 4] hidden: nan=0 inf=0 absmax=0.09  residual: nan=0 inf=0 absmax=0.45  shape=(1, 2048)
[DEBUG layer 0] hidden: nan=0 inf=0 absmax=0.78  residual: nan=0 inf=0 absmax=0.67  shape=(8, 4096)
[DEBUG layer 0] hidden: nan=0 inf=0 absmax=0.78  residual: nan=0 inf=0 absmax=0.67  shape=(8, 4096)
[DEBUG layer 1] hidden: nan=0 inf=0 absmax=0.46  residual: nan=0 inf=0 absmax=0.87  shape=(8, 4096)
[DEBUG layer 1] hidden: nan=0 inf=0 absmax=0.46  residual: nan=0 inf=0 absmax=0.87  shape=(8, 4096)
[DEBUG layer 2] hidden: nan=0 inf=0 absmax=0.70  residual: nan=0 inf=0 absmax=1.04  shape=(8, 4096)
[DEBUG layer 2] hidden: nan=0 inf=0 absmax=0.70  residual: nan=0 inf=0 absmax=1.04  shape=(8, 4096)
[DEBUG layer 3] hidden: nan=0 inf=0 absmax=2.38  residual: nan=0 inf=0 absmax=1.55  shape=(8, 4096)
[DEBUG layer 3] hidden: nan=0 inf=0 absmax=2.38  residual: nan=0 inf=0 absmax=1.55  shape=(8, 4096)
[DEBUG layer 4] hidden: nan=0 inf=0 absmax=1.51  residual: nan=0 inf=0 absmax=1.05  shape=(8, 4096)
[DEBUG layer 4] hidden: nan=0 inf=0 absmax=1.51  residual: nan=0 inf=0 absmax=1.05  shape=(8, 4096)
[DEBUG verify] logits_p shape=(1, 8, 32000) inf=0 nan=0 max=21.53 min=-16.80
[DEBUG layer 0] hidden: nan=0 inf=0 absmax=0.03  residual: nan=0 inf=0 absmax=0.28  shape=(1, 2048)
[DEBUG layer 1] hidden: nan=0 inf=0 absmax=0.12  residual: nan=0 inf=0 absmax=0.29  shape=(1, 2048)
[DEBUG layer 2] hidden: nan=0 inf=0 absmax=0.16  residual: nan=0 inf=0 absmax=0.40  shape=(1, 2048)
[DEBUG layer 3] hidden: nan=0 inf=0 absmax=0.07  residual: nan=0 inf=0 absmax=0.30  shape=(1, 2048)
[DEBUG layer 4] hidden: nan=0 inf=0 absmax=0.06  residual: nan=0 inf=0 absmax=0.34  shape=(1, 2048)
[DEBUG layer 0] hidden: nan=0 inf=0 absmax=0.16  residual: nan=0 inf=0 absmax=0.16  shape=(1, 2048)
[DEBUG layer 1] hidden: nan=0 inf=0 absmax=0.06  residual: nan=0 inf=0 absmax=0.29  shape=(1, 2048)
[DEBUG layer 2] hidden: nan=0 inf=0 absmax=0.05  residual: nan=0 inf=0 absmax=0.27  shape=(1, 2048)
[DEBUG layer 3] hidden: nan=0 inf=0 absmax=0.07  residual: nan=0 inf=0 absmax=0.26  shape=(1, 2048)
[DEBUG layer 4] hidden: nan=0 inf=0 absmax=0.09  residual: nan=0 inf=0 absmax=0.31  shape=(1, 2048)
[DEBUG layer 0] hidden: nan=0 inf=0 absmax=0.12  residual: nan=0 inf=0 absmax=0.26  shape=(1, 2048)
[DEBUG layer 1] hidden: nan=0 inf=0 absmax=0.07  residual: nan=0 inf=0 absmax=0.12  shape=(1, 2048)
[DEBUG layer 2] hidden: nan=0 inf=0 absmax=0.07  residual: nan=0 inf=0 absmax=0.16  shape=(1, 2048)
[DEBUG layer 3] hidden: nan=0 inf=0 absmax=0.11  residual: nan=0 inf=0 absmax=0.26  shape=(1, 2048)
[DEBUG layer 4] hidden: nan=0 inf=0 absmax=0.07  residual: nan=0 inf=0 absmax=0.33  shape=(1, 2048)
[DEBUG layer 0] hidden: nan=0 inf=0 absmax=0.07  residual: nan=0 inf=0 absmax=0.31  shape=(1, 2048)
[DEBUG layer 1] hidden: nan=0 inf=0 absmax=0.05  residual: nan=0 inf=0 absmax=0.24  shape=(1, 2048)
[DEBUG layer 2] hidden: nan=0 inf=0 absmax=0.06  residual: nan=0 inf=0 absmax=0.22  shape=(1, 2048)
[DEBUG layer 3] hidden: nan=0 inf=0 absmax=0.23  residual: nan=0 inf=0 absmax=0.27  shape=(1, 2048)
[DEBUG layer 4] hidden: nan=0 inf=0 absmax=0.09  residual: nan=0 inf=0 absmax=0.32  shape=(1, 2048)
[DEBUG layer 0] hidden: nan=0 inf=0 absmax=0.06  residual: nan=0 inf=0 absmax=0.28  shape=(1, 2048)
[DEBUG layer 1] hidden: nan=0 inf=0 absmax=0.04  residual: nan=0 inf=0 absmax=0.29  shape=(1, 2048)
[DEBUG layer 2] hidden: nan=0 inf=0 absmax=0.06  residual: nan=0 inf=0 absmax=0.33  shape=(1, 2048)
[DEBUG layer 3] hidden: nan=0 inf=0 absmax=0.12  residual: nan=0 inf=0 absmax=0.34  shape=(1, 2048)
[DEBUG layer 4] hidden: nan=0 inf=0 absmax=0.09  residual: nan=0 inf=0 absmax=0.28  shape=(1, 2048)
[DEBUG layer 0] hidden: nan=0 inf=0 absmax=0.13  residual: nan=0 inf=0 absmax=0.28  shape=(1, 2048)
[DEBUG layer 1] hidden: nan=0 inf=0 absmax=0.04  residual: nan=0 inf=0 absmax=0.18  shape=(1, 2048)
[DEBUG layer 2] hidden: nan=0 inf=0 absmax=0.08  residual: nan=0 inf=0 absmax=0.13  shape=(1, 2048)
[DEBUG layer 3] hidden: nan=0 inf=0 absmax=0.06  residual: nan=0 inf=0 absmax=0.21  shape=(1, 2048)
[DEBUG layer 4] hidden: nan=0 inf=0 absmax=0.12  residual: nan=0 inf=0 absmax=0.25  shape=(1, 2048)
[DEBUG layer 0] hidden: nan=0 inf=0 absmax=0.04  residual: nan=0 inf=0 absmax=0.30  shape=(1, 2048)
[DEBUG layer 1] hidden: nan=0 inf=0 absmax=0.06  residual: nan=0 inf=0 absmax=0.29  shape=(1, 2048)
[DEBUG layer 2] hidden: nan=0 inf=0 absmax=0.04  residual: nan=0 inf=0 absmax=0.29  shape=(1, 2048)
[DEBUG layer 3] hidden: nan=0 inf=0 absmax=0.16  residual: nan=0 inf=0 absmax=0.41  shape=(1, 2048)
[DEBUG layer 4] hidden: nan=0 inf=0 absmax=0.11  residual: nan=0 inf=0 absmax=0.37  shape=(1, 2048)
[DEBUG layer 0] hidden: nan=0 inf=0 absmax=0.05  residual: nan=0 inf=0 absmax=0.27  shape=(1, 2048)
[DEBUG layer 1] hidden: nan=0 inf=0 absmax=0.04  residual: nan=0 inf=0 absmax=0.32  shape=(1, 2048)
[DEBUG layer 2] hidden: nan=0 inf=0 absmax=0.11  residual: nan=0 inf=0 absmax=0.39  shape=(1, 2048)
[DEBUG layer 3] hidden: nan=0 inf=0 absmax=0.11  residual: nan=0 inf=0 absmax=0.33  shape=(1, 2048)
[DEBUG layer 4] hidden: nan=0 inf=0 absmax=0.08  residual: nan=0 inf=0 absmax=0.40  shape=(1, 2048)
[DEBUG layer 0] hidden: nan=0 inf=0 absmax=0.50  residual: nan=0 inf=0 absmax=0.70  shape=(8, 4096)
[DEBUG layer 0] hidden: nan=0 inf=0 absmax=0.50  residual: nan=0 inf=0 absmax=0.70  shape=(8, 4096)
[DEBUG layer 1] hidden: nan=0 inf=0 absmax=0.36  residual: nan=0 inf=0 absmax=0.73  shape=(8, 4096)
[DEBUG layer 1] hidden: nan=0 inf=0 absmax=0.36  residual: nan=0 inf=0 absmax=0.73  shape=(8, 4096)
[DEBUG layer 2] hidden: nan=0 inf=0 absmax=0.72  residual: nan=0 inf=0 absmax=0.85  shape=(8, 4096)
[DEBUG layer 2] hidden: nan=0 inf=0 absmax=0.72  residual: nan=0 inf=0 absmax=0.85  shape=(8, 4096)
[DEBUG layer 3] hidden: nan=0 inf=0 absmax=1.80  residual: nan=0 inf=0 absmax=1.06  shape=(8, 4096)
[DEBUG layer 3] hidden: nan=0 inf=0 absmax=1.80  residual: nan=0 inf=0 absmax=1.06  shape=(8, 4096)
[DEBUG layer 4] hidden: nan=0 inf=0 absmax=1.69  residual: nan=0 inf=0 absmax=1.05  shape=(8, 4096)
[DEBUG layer 4] hidden: nan=0 inf=0 absmax=1.69  residual: nan=0 inf=0 absmax=1.05  shape=(8, 4096)
[DEBUG verify] logits_p shape=(1, 8, 32000) inf=0 nan=0 max=18.00 min=-18.02
[DEBUG layer 0] hidden: nan=0 inf=0 absmax=0.12  residual: nan=0 inf=0 absmax=0.14  shape=(1, 2048)
[DEBUG layer 1] hidden: nan=0 inf=0 absmax=0.06  residual: nan=0 inf=0 absmax=0.25  shape=(1, 2048)
[DEBUG layer 2] hidden: nan=0 inf=0 absmax=0.09  residual: nan=0 inf=0 absmax=0.34  shape=(1, 2048)
[DEBUG layer 3] hidden: nan=0 inf=0 absmax=0.15  residual: nan=0 inf=0 absmax=0.34  shape=(1, 2048)
[DEBUG layer 4] hidden: nan=0 inf=0 absmax=0.14  residual: nan=0 inf=0 absmax=0.34  shape=(1, 2048)
[DEBUG layer 0] hidden: nan=0 inf=0 absmax=0.06  residual: nan=0 inf=0 absmax=0.30  shape=(1, 2048)
[DEBUG layer 1] hidden: nan=0 inf=0 absmax=0.04  residual: nan=0 inf=0 absmax=0.34  shape=(1, 2048)
[DEBUG layer 2] hidden: nan=0 inf=0 absmax=0.06  residual: nan=0 inf=0 absmax=0.34  shape=(1, 2048)
[DEBUG layer 3] hidden: nan=0 inf=0 absmax=0.08  residual: nan=0 inf=0 absmax=0.29  shape=(1, 2048)
[DEBUG layer 4] hidden: nan=0 inf=0 absmax=0.18  residual: nan=0 inf=0 absmax=0.26  shape=(1, 2048)
[DEBUG layer 0] hidden: nan=0 inf=0 absmax=0.08  residual: nan=0 inf=0 absmax=0.20  shape=(1, 2048)
[DEBUG layer 1] hidden: nan=0 inf=0 absmax=0.16  residual: nan=0 inf=0 absmax=0.22  shape=(1, 2048)
[DEBUG layer 2] hidden: nan=0 inf=0 absmax=0.03  residual: nan=0 inf=0 absmax=0.34  shape=(1, 2048)
[DEBUG layer 3] hidden: nan=0 inf=0 absmax=0.06  residual: nan=0 inf=0 absmax=0.40  shape=(1, 2048)
[DEBUG layer 4] hidden: nan=0 inf=0 absmax=0.12  residual: nan=0 inf=0 absmax=0.53  shape=(1, 2048)
[DEBUG layer 0] hidden: nan=0 inf=0 absmax=0.03  residual: nan=0 inf=0 absmax=0.29  shape=(1, 2048)
[DEBUG layer 1] hidden: nan=0 inf=0 absmax=0.07  residual: nan=0 inf=0 absmax=0.30  shape=(1, 2048)
[DEBUG layer 2] hidden: nan=0 inf=0 absmax=0.11  residual: nan=0 inf=0 absmax=0.38  shape=(1, 2048)
[DEBUG layer 3] hidden: nan=0 inf=0 absmax=0.15  residual: nan=0 inf=0 absmax=0.28  shape=(1, 2048)
[DEBUG layer 4] hidden: nan=0 inf=0 absmax=0.08  residual: nan=0 inf=0 absmax=0.31  shape=(1, 2048)
[DEBUG layer 0] hidden: nan=0 inf=0 absmax=0.19  residual: nan=0 inf=0 absmax=0.21  shape=(1, 2048)
[DEBUG layer 1] hidden: nan=0 inf=0 absmax=0.05  residual: nan=0 inf=0 absmax=0.39  shape=(1, 2048)
[DEBUG layer 2] hidden: nan=0 inf=0 absmax=0.05  residual: nan=0 inf=0 absmax=0.41  shape=(1, 2048)
[DEBUG layer 3] hidden: nan=0 inf=0 absmax=0.17  residual: nan=0 inf=0 absmax=0.45  shape=(1, 2048)
[DEBUG layer 4] hidden: nan=0 inf=0 absmax=0.20  residual: nan=0 inf=0 absmax=0.37  shape=(1, 2048)
[DEBUG layer 0] hidden: nan=0 inf=0 absmax=0.05  residual: nan=0 inf=0 absmax=0.34  shape=(1, 2048)
[DEBUG layer 1] hidden: nan=0 inf=0 absmax=0.06  residual: nan=0 inf=0 absmax=0.23  shape=(1, 2048)
[DEBUG layer 2] hidden: nan=0 inf=0 absmax=0.08  residual: nan=0 inf=0 absmax=0.16  shape=(1, 2048)
[DEBUG layer 3] hidden: nan=0 inf=0 absmax=0.15  residual: nan=0 inf=0 absmax=0.35  shape=(1, 2048)
[DEBUG layer 4] hidden: nan=0 inf=0 absmax=0.12  residual: nan=0 inf=0 absmax=0.36  shape=(1, 2048)
[DEBUG layer 0] hidden: nan=0 inf=0 absmax=0.10  residual: nan=0 inf=0 absmax=0.29  shape=(1, 2048)
[DEBUG layer 1] hidden: nan=0 inf=0 absmax=0.06  residual: nan=0 inf=0 absmax=0.19  shape=(1, 2048)
[DEBUG layer 2] hidden: nan=0 inf=0 absmax=0.07  residual: nan=0 inf=0 absmax=0.18  shape=(1, 2048)
[DEBUG layer 3] hidden: nan=0 inf=0 absmax=0.21  residual: nan=0 inf=0 absmax=0.36  shape=(1, 2048)
[DEBUG layer 4] hidden: nan=0 inf=0 absmax=0.08  residual: nan=0 inf=0 absmax=0.33  shape=(1, 2048)
[DEBUG layer 0] hidden: nan=0 inf=0 absmax=0.08  residual: nan=0 inf=0 absmax=0.26  shape=(1, 2048)
[DEBUG layer 1] hidden: nan=0 inf=0 absmax=0.11  residual: nan=0 inf=0 absmax=0.34  shape=(1, 2048)
[DEBUG layer 2] hidden: nan=0 inf=0 absmax=0.13  residual: nan=0 inf=0 absmax=0.44  shape=(1, 2048)
[DEBUG layer 3] hidden: nan=0 inf=0 absmax=0.07  residual: nan=0 inf=0 absmax=0.45  shape=(1, 2048)
[DEBUG layer 4] hidden: nan=0 inf=0 absmax=0.06  residual: nan=0 inf=0 absmax=0.37  shape=(1, 2048)
[DEBUG layer 0] hidden: nan=0 inf=0 absmax=0.67  residual: nan=0 inf=0 absmax=0.71  shape=(8, 4096)
[DEBUG layer 0] hidden: nan=0 inf=0 absmax=0.67  residual: nan=0 inf=0 absmax=0.71  shape=(8, 4096)
[DEBUG layer 1] hidden: nan=0 inf=0 absmax=0.27  residual: nan=0 inf=0 absmax=0.87  shape=(8, 4096)
[DEBUG layer 1] hidden: nan=0 inf=0 absmax=0.27  residual: nan=0 inf=0 absmax=0.87  shape=(8, 4096)
[DEBUG layer 2] hidden: nan=0 inf=0 absmax=0.88  residual: nan=0 inf=0 absmax=1.00  shape=(8, 4096)
[DEBUG layer 2] hidden: nan=0 inf=0 absmax=0.88  residual: nan=0 inf=0 absmax=1.00  shape=(8, 4096)
[DEBUG layer 3] hidden: nan=0 inf=0 absmax=1.65  residual: nan=0 inf=0 absmax=1.19  shape=(8, 4096)
[DEBUG layer 3] hidden: nan=0 inf=0 absmax=1.65  residual: nan=0 inf=0 absmax=1.19  shape=(8, 4096)
[DEBUG layer 4] hidden: nan=0 inf=0 absmax=2.04  residual: nan=0 inf=0 absmax=1.05  shape=(8, 4096)
[DEBUG layer 4] hidden: nan=0 inf=0 absmax=2.04  residual: nan=0 inf=0 absmax=1.05  shape=(8, 4096)
[DEBUG verify] logits_p shape=(1, 8, 32000) inf=0 nan=0 max=25.94 min=-18.12
[DEBUG layer 0] hidden: nan=0 inf=0 absmax=0.20  residual: nan=0 inf=0 absmax=0.28  shape=(1, 2048)
[DEBUG layer 1] hidden: nan=0 inf=0 absmax=0.04  residual: nan=0 inf=0 absmax=0.42  shape=(1, 2048)
[DEBUG layer 2] hidden: nan=0 inf=0 absmax=0.10  residual: nan=0 inf=0 absmax=0.39  shape=(1, 2048)
[DEBUG layer 3] hidden: nan=0 inf=0 absmax=0.18  residual: nan=0 inf=0 absmax=0.31  shape=(1, 2048)
[DEBUG layer 4] hidden: nan=0 inf=0 absmax=0.10  residual: nan=0 inf=0 absmax=0.27  shape=(1, 2048)
[DEBUG layer 0] hidden: nan=0 inf=0 absmax=0.19  residual: nan=0 inf=0 absmax=0.28  shape=(1, 2048)
[DEBUG layer 1] hidden: nan=0 inf=0 absmax=0.12  residual: nan=0 inf=0 absmax=0.35  shape=(1, 2048)
[DEBUG layer 2] hidden: nan=0 inf=0 absmax=0.08  residual: nan=0 inf=0 absmax=0.16  shape=(1, 2048)
[DEBUG layer 3] hidden: nan=0 inf=0 absmax=0.09  residual: nan=0 inf=0 absmax=0.19  shape=(1, 2048)
[DEBUG layer 4] hidden: nan=0 inf=0 absmax=0.07  residual: nan=0 inf=0 absmax=0.22  shape=(1, 2048)
[DEBUG layer 0] hidden: nan=0 inf=0 absmax=0.19  residual: nan=0 inf=0 absmax=0.27  shape=(1, 2048)
[DEBUG layer 1] hidden: nan=0 inf=0 absmax=0.17  residual: nan=0 inf=0 absmax=0.32  shape=(1, 2048)
[DEBUG layer 2] hidden: nan=0 inf=0 absmax=0.05  residual: nan=0 inf=0 absmax=0.16  shape=(1, 2048)
[DEBUG layer 3] hidden: nan=0 inf=0 absmax=0.09  residual: nan=0 inf=0 absmax=0.17  shape=(1, 2048)
[DEBUG layer 4] hidden: nan=0 inf=0 absmax=0.07  residual: nan=0 inf=0 absmax=0.23  shape=(1, 2048)
[DEBUG layer 0] hidden: nan=0 inf=0 absmax=0.07  residual: nan=0 inf=0 absmax=0.29  shape=(1, 2048)
[DEBUG layer 1] hidden: nan=0 inf=0 absmax=0.08  residual: nan=0 inf=0 absmax=0.25  shape=(1, 2048)
[DEBUG layer 2] hidden: nan=0 inf=0 absmax=0.06  residual: nan=0 inf=0 absmax=0.14  shape=(1, 2048)
[DEBUG layer 3] hidden: nan=0 inf=0 absmax=0.07  residual: nan=0 inf=0 absmax=0.17  shape=(1, 2048)
[DEBUG layer 4] hidden: nan=0 inf=0 absmax=0.11  residual: nan=0 inf=0 absmax=0.23  shape=(1, 2048)
[DEBUG layer 0] hidden: nan=0 inf=0 absmax=0.19  residual: nan=0 inf=0 absmax=0.26  shape=(1, 2048)
[DEBUG layer 1] hidden: nan=0 inf=0 absmax=0.07  residual: nan=0 inf=0 absmax=0.35  shape=(1, 2048)
[DEBUG layer 2] hidden: nan=0 inf=0 absmax=0.09  residual: nan=0 inf=0 absmax=0.17  shape=(1, 2048)
[DEBUG layer 3] hidden: nan=0 inf=0 absmax=0.15  residual: nan=0 inf=0 absmax=0.19  shape=(1, 2048)
[DEBUG layer 4] hidden: nan=0 inf=0 absmax=0.06  residual: nan=0 inf=0 absmax=0.23  shape=(1, 2048)
[DEBUG layer 0] hidden: nan=0 inf=0 absmax=0.18  residual: nan=0 inf=0 absmax=0.27  shape=(1, 2048)
[DEBUG layer 1] hidden: nan=0 inf=0 absmax=0.14  residual: nan=0 inf=0 absmax=0.32  shape=(1, 2048)
[DEBUG layer 2] hidden: nan=0 inf=0 absmax=0.08  residual: nan=0 inf=0 absmax=0.15  shape=(1, 2048)
[DEBUG layer 3] hidden: nan=0 inf=0 absmax=0.12  residual: nan=0 inf=0 absmax=0.18  shape=(1, 2048)
[DEBUG layer 4] hidden: nan=0 inf=0 absmax=0.08  residual: nan=0 inf=0 absmax=0.22  shape=(1, 2048)
[DEBUG layer 0] hidden: nan=0 inf=0 absmax=0.08  residual: nan=0 inf=0 absmax=0.28  shape=(1, 2048)
[DEBUG layer 1] hidden: nan=0 inf=0 absmax=0.08  residual: nan=0 inf=0 absmax=0.24  shape=(1, 2048)
[DEBUG layer 2] hidden: nan=0 inf=0 absmax=0.06  residual: nan=0 inf=0 absmax=0.15  shape=(1, 2048)
[DEBUG layer 3] hidden: nan=0 inf=0 absmax=0.07  residual: nan=0 inf=0 absmax=0.18  shape=(1, 2048)
[DEBUG layer 4] hidden: nan=0 inf=0 absmax=0.11  residual: nan=0 inf=0 absmax=0.32  shape=(1, 2048)
[DEBUG layer 0] hidden: nan=0 inf=0 absmax=0.19  residual: nan=0 inf=0 absmax=0.26  shape=(1, 2048)
[DEBUG layer 1] hidden: nan=0 inf=0 absmax=0.08  residual: nan=0 inf=0 absmax=0.34  shape=(1, 2048)
[DEBUG layer 2] hidden: nan=0 inf=0 absmax=0.09  residual: nan=0 inf=0 absmax=0.17  shape=(1, 2048)
[DEBUG layer 3] hidden: nan=0 inf=0 absmax=0.17  residual: nan=0 inf=0 absmax=0.20  shape=(1, 2048)
[DEBUG layer 4] hidden: nan=0 inf=0 absmax=0.05  residual: nan=0 inf=0 absmax=0.22  shape=(1, 2048)
[DEBUG layer 0] hidden: nan=0 inf=0 absmax=0.58  residual: nan=0 inf=0 absmax=0.61  shape=(8, 4096)
[DEBUG layer 0] hidden: nan=0 inf=0 absmax=0.58  residual: nan=0 inf=0 absmax=0.61  shape=(8, 4096)
[DEBUG layer 1] hidden: nan=0 inf=0 absmax=0.40  residual: nan=0 inf=0 absmax=0.69  shape=(8, 4096)
[DEBUG layer 1] hidden: nan=0 inf=0 absmax=0.40  residual: nan=0 inf=0 absmax=0.69  shape=(8, 4096)
[DEBUG layer 2] hidden: nan=0 inf=0 absmax=0.69  residual: nan=0 inf=0 absmax=0.79  shape=(8, 4096)
[DEBUG layer 2] hidden: nan=0 inf=0 absmax=0.69  residual: nan=0 inf=0 absmax=0.79  shape=(8, 4096)
[DEBUG layer 3] hidden: nan=0 inf=0 absmax=1.45  residual: nan=0 inf=0 absmax=0.78  shape=(8, 4096)
[DEBUG layer 3] hidden: nan=0 inf=0 absmax=1.45  residual: nan=0 inf=0 absmax=0.78  shape=(8, 4096)
[DEBUG layer 4] hidden: nan=0 inf=0 absmax=1.72  residual: nan=0 inf=0 absmax=0.82  shape=(8, 4096)
[DEBUG layer 4] hidden: nan=0 inf=0 absmax=1.72  residual: nan=0 inf=0 absmax=0.82  shape=(8, 4096)
[DEBUG verify] logits_p shape=(1, 8, 32000) inf=0 nan=0 max=10.27 min=-18.14
[DEBUG layer 0] hidden: nan=0 inf=0 absmax=0.07  residual: nan=0 inf=0 absmax=0.20  shape=(1, 2048)
[DEBUG layer 1] hidden: nan=0 inf=0 absmax=0.16  residual: nan=0 inf=0 absmax=0.17  shape=(1, 2048)
[DEBUG layer 2] hidden: nan=0 inf=0 absmax=0.07  residual: nan=0 inf=0 absmax=0.44  shape=(1, 2048)
[DEBUG layer 3] hidden: nan=0 inf=0 absmax=0.12  residual: nan=0 inf=0 absmax=0.42  shape=(1, 2048)
[DEBUG layer 4] hidden: nan=0 inf=0 absmax=0.06  residual: nan=0 inf=0 absmax=0.42  shape=(1, 2048)
[DEBUG layer 0] hidden: nan=0 inf=0 absmax=0.14  residual: nan=0 inf=0 absmax=0.21  shape=(1, 2048)
[DEBUG layer 1] hidden: nan=0 inf=0 absmax=0.05  residual: nan=0 inf=0 absmax=0.32  shape=(1, 2048)
[DEBUG layer 2] hidden: nan=0 inf=0 absmax=0.07  residual: nan=0 inf=0 absmax=0.22  shape=(1, 2048)
[DEBUG layer 3] hidden: nan=0 inf=0 absmax=0.13  residual: nan=0 inf=0 absmax=0.28  shape=(1, 2048)
[DEBUG layer 4] hidden: nan=0 inf=0 absmax=0.17  residual: nan=0 inf=0 absmax=0.32  shape=(1, 2048)
[DEBUG layer 0] hidden: nan=0 inf=0 absmax=0.14  residual: nan=0 inf=0 absmax=0.17  shape=(1, 2048)
[DEBUG layer 1] hidden: nan=0 inf=0 absmax=0.06  residual: nan=0 inf=0 absmax=0.29  shape=(1, 2048)
[DEBUG layer 2] hidden: nan=0 inf=0 absmax=0.07  residual: nan=0 inf=0 absmax=0.41  shape=(1, 2048)
[DEBUG layer 3] hidden: nan=0 inf=0 absmax=0.12  residual: nan=0 inf=0 absmax=0.40  shape=(1, 2048)
[DEBUG layer 4] hidden: nan=0 inf=0 absmax=0.10  residual: nan=0 inf=0 absmax=0.46  shape=(1, 2048)
[DEBUG layer 0] hidden: nan=0 inf=0 absmax=0.09  residual: nan=0 inf=0 absmax=0.31  shape=(1, 2048)
[DEBUG layer 1] hidden: nan=0 inf=0 absmax=0.07  residual: nan=0 inf=0 absmax=0.24  shape=(1, 2048)
[DEBUG layer 2] hidden: nan=0 inf=0 absmax=0.05  residual: nan=0 inf=0 absmax=0.32  shape=(1, 2048)
[DEBUG layer 3] hidden: nan=0 inf=0 absmax=0.12  residual: nan=0 inf=0 absmax=0.42  shape=(1, 2048)
[DEBUG layer 4] hidden: nan=0 inf=0 absmax=0.15  residual: nan=0 inf=0 absmax=0.47  shape=(1, 2048)
[DEBUG layer 0] hidden: nan=0 inf=0 absmax=0.14  residual: nan=0 inf=0 absmax=0.31  shape=(1, 2048)
[DEBUG layer 1] hidden: nan=0 inf=0 absmax=0.06  residual: nan=0 inf=0 absmax=0.43  shape=(1, 2048)
[DEBUG layer 2] hidden: nan=0 inf=0 absmax=0.11  residual: nan=0 inf=0 absmax=0.41  shape=(1, 2048)
[DEBUG layer 3] hidden: nan=0 inf=0 absmax=0.07  residual: nan=0 inf=0 absmax=0.36  shape=(1, 2048)
[DEBUG layer 4] hidden: nan=0 inf=0 absmax=0.07  residual: nan=0 inf=0 absmax=0.36  shape=(1, 2048)
[DEBUG layer 0] hidden: nan=0 inf=0 absmax=0.07  residual: nan=0 inf=0 absmax=0.19  shape=(1, 2048)
[DEBUG layer 1] hidden: nan=0 inf=0 absmax=0.10  residual: nan=0 inf=0 absmax=0.27  shape=(1, 2048)
[DEBUG layer 2] hidden: nan=0 inf=0 absmax=0.05  residual: nan=0 inf=0 absmax=0.30  shape=(1, 2048)
[DEBUG layer 3] hidden: nan=0 inf=0 absmax=0.11  residual: nan=0 inf=0 absmax=0.26  shape=(1, 2048)
[DEBUG layer 4] hidden: nan=0 inf=0 absmax=0.04  residual: nan=0 inf=0 absmax=0.29  shape=(1, 2048)
[DEBUG layer 0] hidden: nan=0 inf=0 absmax=0.20  residual: nan=0 inf=0 absmax=0.22  shape=(1, 2048)
[DEBUG layer 1] hidden: nan=0 inf=0 absmax=0.14  residual: nan=0 inf=0 absmax=0.43  shape=(1, 2048)
[DEBUG layer 2] hidden: nan=0 inf=0 absmax=0.08  residual: nan=0 inf=0 absmax=0.56  shape=(1, 2048)
[DEBUG layer 3] hidden: nan=0 inf=0 absmax=0.11  residual: nan=0 inf=0 absmax=0.54  shape=(1, 2048)
[DEBUG layer 4] hidden: nan=0 inf=0 absmax=0.06  residual: nan=0 inf=0 absmax=0.57  shape=(1, 2048)
[DEBUG layer 0] hidden: nan=0 inf=0 absmax=0.19  residual: nan=0 inf=0 absmax=0.28  shape=(1, 2048)
[DEBUG layer 1] hidden: nan=0 inf=0 absmax=0.05  residual: nan=0 inf=0 absmax=0.47  shape=(1, 2048)
[DEBUG layer 2] hidden: nan=0 inf=0 absmax=0.23  residual: nan=0 inf=0 absmax=0.57  shape=(1, 2048)
[DEBUG layer 3] hidden: nan=0 inf=0 absmax=0.16  residual: nan=0 inf=0 absmax=0.38  shape=(1, 2048)
[DEBUG layer 4] hidden: nan=0 inf=0 absmax=0.15  residual: nan=0 inf=0 absmax=0.35  shape=(1, 2048)
[DEBUG layer 0] hidden: nan=0 inf=0 absmax=0.92  residual: nan=0 inf=0 absmax=0.70  shape=(8, 4096)
[DEBUG layer 0] hidden: nan=0 inf=0 absmax=0.92  residual: nan=0 inf=0 absmax=0.70  shape=(8, 4096)
[DEBUG layer 1] hidden: nan=0 inf=0 absmax=0.44  residual: nan=0 inf=0 absmax=1.02  shape=(8, 4096)
[DEBUG layer 1] hidden: nan=0 inf=0 absmax=0.44  residual: nan=0 inf=0 absmax=1.02  shape=(8, 4096)
[DEBUG layer 2] hidden: nan=0 inf=0 absmax=0.76  residual: nan=0 inf=0 absmax=1.31  shape=(8, 4096)
[DEBUG layer 2] hidden: nan=0 inf=0 absmax=0.76  residual: nan=0 inf=0 absmax=1.31  shape=(8, 4096)
[DEBUG layer 3] hidden: nan=0 inf=0 absmax=1.83  residual: nan=0 inf=0 absmax=1.54  shape=(8, 4096)
[DEBUG layer 3] hidden: nan=0 inf=0 absmax=1.83  residual: nan=0 inf=0 absmax=1.54  shape=(8, 4096)
[DEBUG layer 4] hidden: nan=0 inf=0 absmax=2.04  residual: nan=0 inf=0 absmax=1.73  shape=(8, 4096)
[DEBUG layer 4] hidden: nan=0 inf=0 absmax=2.04  residual: nan=0 inf=0 absmax=1.73  shape=(8, 4096)
[DEBUG verify] logits_p shape=(1, 8, 32000) inf=0 nan=0 max=17.05 min=-19.12
[DEBUG layer 0] hidden: nan=0 inf=0 absmax=0.14  residual: nan=0 inf=0 absmax=0.31  shape=(1, 2048)
[DEBUG layer 1] hidden: nan=0 inf=0 absmax=0.06  residual: nan=0 inf=0 absmax=0.41  shape=(1, 2048)
[DEBUG layer 2] hidden: nan=0 inf=0 absmax=0.09  residual: nan=0 inf=0 absmax=0.39  shape=(1, 2048)
[DEBUG layer 3] hidden: nan=0 inf=0 absmax=0.07  residual: nan=0 inf=0 absmax=0.35  shape=(1, 2048)
[DEBUG layer 4] hidden: nan=0 inf=0 absmax=0.07  residual: nan=0 inf=0 absmax=0.34  shape=(1, 2048)
[DEBUG layer 0] hidden: nan=0 inf=0 absmax=0.08  residual: nan=0 inf=0 absmax=0.20  shape=(1, 2048)
[DEBUG layer 1] hidden: nan=0 inf=0 absmax=0.10  residual: nan=0 inf=0 absmax=0.28  shape=(1, 2048)
[DEBUG layer 2] hidden: nan=0 inf=0 absmax=0.05  residual: nan=0 inf=0 absmax=0.31  shape=(1, 2048)
[DEBUG layer 3] hidden: nan=0 inf=0 absmax=0.10  residual: nan=0 inf=0 absmax=0.26  shape=(1, 2048)
[DEBUG layer 4] hidden: nan=0 inf=0 absmax=0.04  residual: nan=0 inf=0 absmax=0.29  shape=(1, 2048)
[DEBUG layer 0] hidden: nan=0 inf=0 absmax=0.26  residual: nan=0 inf=0 absmax=0.22  shape=(1, 2048)
[DEBUG layer 1] hidden: nan=0 inf=0 absmax=0.10  residual: nan=0 inf=0 absmax=0.46  shape=(1, 2048)
[DEBUG layer 2] hidden: nan=0 inf=0 absmax=0.21  residual: nan=0 inf=0 absmax=0.62  shape=(1, 2048)
[DEBUG layer 3] hidden: nan=0 inf=0 absmax=0.08  residual: nan=0 inf=0 absmax=0.47  shape=(1, 2048)
[DEBUG layer 4] hidden: nan=0 inf=0 absmax=0.06  residual: nan=0 inf=0 absmax=0.46  shape=(1, 2048)
[DEBUG layer 0] hidden: nan=0 inf=0 absmax=0.12  residual: nan=0 inf=0 absmax=0.30  shape=(1, 2048)
[DEBUG layer 1] hidden: nan=0 inf=0 absmax=0.14  residual: nan=0 inf=0 absmax=0.19  shape=(1, 2048)
[DEBUG layer 2] hidden: nan=0 inf=0 absmax=0.14  residual: nan=0 inf=0 absmax=0.46  shape=(1, 2048)
[DEBUG layer 3] hidden: nan=0 inf=0 absmax=0.18  residual: nan=0 inf=0 absmax=0.38  shape=(1, 2048)
[DEBUG layer 4] hidden: nan=0 inf=0 absmax=0.07  residual: nan=0 inf=0 absmax=0.31  shape=(1, 2048)
[DEBUG layer 0] hidden: nan=0 inf=0 absmax=0.05  residual: nan=0 inf=0 absmax=0.28  shape=(1, 2048)
[DEBUG layer 1] hidden: nan=0 inf=0 absmax=0.07  residual: nan=0 inf=0 absmax=0.28  shape=(1, 2048)
[DEBUG layer 2] hidden: nan=0 inf=0 absmax=0.09  residual: nan=0 inf=0 absmax=0.28  shape=(1, 2048)
[DEBUG layer 3] hidden: nan=0 inf=0 absmax=0.12  residual: nan=0 inf=0 absmax=0.45  shape=(1, 2048)
[DEBUG layer 4] hidden: nan=0 inf=0 absmax=0.09  residual: nan=0 inf=0 absmax=0.48  shape=(1, 2048)
[DEBUG layer 0] hidden: nan=0 inf=0 absmax=0.05  residual: nan=0 inf=0 absmax=0.26  shape=(1, 2048)
[DEBUG layer 1] hidden: nan=0 inf=0 absmax=0.03  residual: nan=0 inf=0 absmax=0.31  shape=(1, 2048)
[DEBUG layer 2] hidden: nan=0 inf=0 absmax=0.06  residual: nan=0 inf=0 absmax=0.35  shape=(1, 2048)
[DEBUG layer 3] hidden: nan=0 inf=0 absmax=0.13  residual: nan=0 inf=0 absmax=0.48  shape=(1, 2048)
[DEBUG layer 4] hidden: nan=0 inf=0 absmax=0.08  residual: nan=0 inf=0 absmax=0.46  shape=(1, 2048)
[DEBUG layer 0] hidden: nan=0 inf=0 absmax=0.03  residual: nan=0 inf=0 absmax=0.30  shape=(1, 2048)
[DEBUG layer 1] hidden: nan=0 inf=0 absmax=0.04  residual: nan=0 inf=0 absmax=0.28  shape=(1, 2048)
[DEBUG layer 2] hidden: nan=0 inf=0 absmax=0.05  residual: nan=0 inf=0 absmax=0.28  shape=(1, 2048)
[DEBUG layer 3] hidden: nan=0 inf=0 absmax=0.12  residual: nan=0 inf=0 absmax=0.34  shape=(1, 2048)
[DEBUG layer 4] hidden: nan=0 inf=0 absmax=0.09  residual: nan=0 inf=0 absmax=0.38  shape=(1, 2048)
[DEBUG layer 0] hidden: nan=0 inf=0 absmax=0.20  residual: nan=0 inf=0 absmax=0.28  shape=(1, 2048)
[DEBUG layer 1] hidden: nan=0 inf=0 absmax=0.05  residual: nan=0 inf=0 absmax=0.48  shape=(1, 2048)
[DEBUG layer 2] hidden: nan=0 inf=0 absmax=0.22  residual: nan=0 inf=0 absmax=0.59  shape=(1, 2048)
[DEBUG layer 3] hidden: nan=0 inf=0 absmax=0.10  residual: nan=0 inf=0 absmax=0.43  shape=(1, 2048)
[DEBUG layer 4] hidden: nan=0 inf=0 absmax=0.13  residual: nan=0 inf=0 absmax=0.47  shape=(1, 2048)
[DEBUG layer 0] hidden: nan=0 inf=0 absmax=0.93  residual: nan=0 inf=0 absmax=0.74  shape=(8, 4096)
[DEBUG layer 0] hidden: nan=0 inf=0 absmax=0.93  residual: nan=0 inf=0 absmax=0.74  shape=(8, 4096)
[DEBUG layer 1] hidden: nan=0 inf=0 absmax=0.57  residual: nan=0 inf=0 absmax=1.04  shape=(8, 4096)
[DEBUG layer 1] hidden: nan=0 inf=0 absmax=0.57  residual: nan=0 inf=0 absmax=1.04  shape=(8, 4096)
[DEBUG layer 2] hidden: nan=0 inf=0 absmax=0.87  residual: nan=0 inf=0 absmax=1.17  shape=(8, 4096)
[DEBUG layer 2] hidden: nan=0 inf=0 absmax=0.87  residual: nan=0 inf=0 absmax=1.17  shape=(8, 4096)
[DEBUG layer 3] hidden: nan=0 inf=0 absmax=1.79  residual: nan=0 inf=0 absmax=1.31  shape=(8, 4096)
[DEBUG layer 3] hidden: nan=0 inf=0 absmax=1.79  residual: nan=0 inf=0 absmax=1.31  shape=(8, 4096)
[DEBUG layer 4] hidden: nan=0 inf=0 absmax=1.89  residual: nan=0 inf=0 absmax=1.34  shape=(8, 4096)
[DEBUG layer 4] hidden: nan=0 inf=0 absmax=1.89  residual: nan=0 inf=0 absmax=1.34  shape=(8, 4096)
[DEBUG verify] logits_p shape=(1, 8, 32000) inf=0 nan=0 max=13.09 min=-19.69
[DEBUG layer 0] hidden: nan=0 inf=0 absmax=0.16  residual: nan=0 inf=0 absmax=0.36  shape=(1, 2048)
[DEBUG layer 1] hidden: nan=0 inf=0 absmax=0.04  residual: nan=0 inf=0 absmax=0.45  shape=(1, 2048)
[DEBUG layer 2] hidden: nan=0 inf=0 absmax=0.13  residual: nan=0 inf=0 absmax=0.42  shape=(1, 2048)
[DEBUG layer 3] hidden: nan=0 inf=0 absmax=0.09  residual: nan=0 inf=0 absmax=0.30  shape=(1, 2048)
[DEBUG layer 4] hidden: nan=0 inf=0 absmax=0.16  residual: nan=0 inf=0 absmax=0.28  shape=(1, 2048)
[DEBUG layer 0] hidden: nan=0 inf=0 absmax=0.15  residual: nan=0 inf=0 absmax=0.31  shape=(1, 2048)
[DEBUG layer 1] hidden: nan=0 inf=0 absmax=0.11  residual: nan=0 inf=0 absmax=0.18  shape=(1, 2048)
[DEBUG layer 2] hidden: nan=0 inf=0 absmax=0.06  residual: nan=0 inf=0 absmax=0.31  shape=(1, 2048)
[DEBUG layer 3] hidden: nan=0 inf=0 absmax=0.14  residual: nan=0 inf=0 absmax=0.29  shape=(1, 2048)
[DEBUG layer 4] hidden: nan=0 inf=0 absmax=0.13  residual: nan=0 inf=0 absmax=0.23  shape=(1, 2048)
[DEBUG layer 0] hidden: nan=0 inf=0 absmax=0.03  residual: nan=0 inf=0 absmax=0.33  shape=(1, 2048)
[DEBUG layer 1] hidden: nan=0 inf=0 absmax=0.02  residual: nan=0 inf=0 absmax=0.34  shape=(1, 2048)
[DEBUG layer 2] hidden: nan=0 inf=0 absmax=0.08  residual: nan=0 inf=0 absmax=0.31  shape=(1, 2048)
[DEBUG layer 3] hidden: nan=0 inf=0 absmax=0.08  residual: nan=0 inf=0 absmax=0.36  shape=(1, 2048)
[DEBUG layer 4] hidden: nan=0 inf=0 absmax=0.06  residual: nan=0 inf=0 absmax=0.25  shape=(1, 2048)
[DEBUG layer 0] hidden: nan=0 inf=0 absmax=0.11  residual: nan=0 inf=0 absmax=0.21  shape=(1, 2048)
[DEBUG layer 1] hidden: nan=0 inf=0 absmax=0.04  residual: nan=0 inf=0 absmax=0.32  shape=(1, 2048)
[DEBUG layer 2] hidden: nan=0 inf=0 absmax=0.04  residual: nan=0 inf=0 absmax=0.25  shape=(1, 2048)
[DEBUG layer 3] hidden: nan=0 inf=0 absmax=0.06  residual: nan=0 inf=0 absmax=0.30  shape=(1, 2048)
[DEBUG layer 4] hidden: nan=0 inf=0 absmax=0.11  residual: nan=0 inf=0 absmax=0.28  shape=(1, 2048)
[DEBUG layer 0] hidden: nan=0 inf=0 absmax=0.09  residual: nan=0 inf=0 absmax=0.23  shape=(1, 2048)
[DEBUG layer 1] hidden: nan=0 inf=0 absmax=0.05  residual: nan=0 inf=0 absmax=0.30  shape=(1, 2048)
[DEBUG layer 2] hidden: nan=0 inf=0 absmax=0.04  residual: nan=0 inf=0 absmax=0.42  shape=(1, 2048)
[DEBUG layer 3] hidden: nan=0 inf=0 absmax=0.14  residual: nan=0 inf=0 absmax=0.50  shape=(1, 2048)
[DEBUG layer 4] hidden: nan=0 inf=0 absmax=0.06  residual: nan=0 inf=0 absmax=0.44  shape=(1, 2048)
[DEBUG layer 0] hidden: nan=0 inf=0 absmax=0.06  residual: nan=0 inf=0 absmax=0.29  shape=(1, 2048)
[DEBUG layer 1] hidden: nan=0 inf=0 absmax=0.06  residual: nan=0 inf=0 absmax=0.35  shape=(1, 2048)
[DEBUG layer 2] hidden: nan=0 inf=0 absmax=0.07  residual: nan=0 inf=0 absmax=0.46  shape=(1, 2048)
[DEBUG layer 3] hidden: nan=0 inf=0 absmax=0.09  residual: nan=0 inf=0 absmax=0.49  shape=(1, 2048)
[DEBUG layer 4] hidden: nan=0 inf=0 absmax=0.05  residual: nan=0 inf=0 absmax=0.47  shape=(1, 2048)
[DEBUG layer 0] hidden: nan=0 inf=0 absmax=0.05  residual: nan=0 inf=0 absmax=0.28  shape=(1, 2048)
[DEBUG layer 1] hidden: nan=0 inf=0 absmax=0.06  residual: nan=0 inf=0 absmax=0.34  shape=(1, 2048)
[DEBUG layer 2] hidden: nan=0 inf=0 absmax=0.06  residual: nan=0 inf=0 absmax=0.35  shape=(1, 2048)
[DEBUG layer 3] hidden: nan=0 inf=0 absmax=0.10  residual: nan=0 inf=0 absmax=0.40  shape=(1, 2048)
[DEBUG layer 4] hidden: nan=0 inf=0 absmax=0.17  residual: nan=0 inf=0 absmax=0.41  shape=(1, 2048)
[DEBUG layer 0] hidden: nan=0 inf=0 absmax=0.05  residual: nan=0 inf=0 absmax=0.31  shape=(1, 2048)
[DEBUG layer 1] hidden: nan=0 inf=0 absmax=0.06  residual: nan=0 inf=0 absmax=0.37  shape=(1, 2048)
[DEBUG layer 2] hidden: nan=0 inf=0 absmax=0.08  residual: nan=0 inf=0 absmax=0.43  shape=(1, 2048)
[DEBUG layer 3] hidden: nan=0 inf=0 absmax=0.08  residual: nan=0 inf=0 absmax=0.40  shape=(1, 2048)
[DEBUG layer 4] hidden: nan=0 inf=0 absmax=0.08  residual: nan=0 inf=0 absmax=0.42  shape=(1, 2048)
[DEBUG layer 0] hidden: nan=0 inf=0 absmax=0.62  residual: nan=0 inf=0 absmax=0.68  shape=(8, 4096)
[DEBUG layer 0] hidden: nan=0 inf=0 absmax=0.62  residual: nan=0 inf=0 absmax=0.68  shape=(8, 4096)
[DEBUG layer 1] hidden: nan=0 inf=0 absmax=0.28  residual: nan=0 inf=0 absmax=0.95  shape=(8, 4096)
[DEBUG layer 1] hidden: nan=0 inf=0 absmax=0.28  residual: nan=0 inf=0 absmax=0.95  shape=(8, 4096)
[DEBUG layer 2] hidden: nan=0 inf=0 absmax=0.68  residual: nan=0 inf=0 absmax=1.11  shape=(8, 4096)
[DEBUG layer 2] hidden: nan=0 inf=0 absmax=0.68  residual: nan=0 inf=0 absmax=1.11  shape=(8, 4096)
[DEBUG layer 3] hidden: nan=0 inf=0 absmax=1.76  residual: nan=0 inf=0 absmax=1.32  shape=(8, 4096)
[DEBUG layer 3] hidden: nan=0 inf=0 absmax=1.76  residual: nan=0 inf=0 absmax=1.32  shape=(8, 4096)
[DEBUG layer 4] hidden: nan=0 inf=0 absmax=1.89  residual: nan=0 inf=0 absmax=1.31  shape=(8, 4096)
[DEBUG layer 4] hidden: nan=0 inf=0 absmax=1.89  residual: nan=0 inf=0 absmax=1.31  shape=(8, 4096)
[DEBUG verify] logits_p shape=(1, 8, 32000) inf=0 nan=0 max=11.34 min=-22.73
[DEBUG layer 0] hidden: nan=0 inf=0 absmax=0.12  residual: nan=0 inf=0 absmax=0.34  shape=(1, 2048)
[DEBUG layer 1] hidden: nan=0 inf=0 absmax=0.08  residual: nan=0 inf=0 absmax=0.20  shape=(1, 2048)
[DEBUG layer 2] hidden: nan=0 inf=0 absmax=0.10  residual: nan=0 inf=0 absmax=0.34  shape=(1, 2048)
[DEBUG layer 3] hidden: nan=0 inf=0 absmax=0.16  residual: nan=0 inf=0 absmax=0.28  shape=(1, 2048)
[DEBUG layer 4] hidden: nan=0 inf=0 absmax=0.08  residual: nan=0 inf=0 absmax=0.23  shape=(1, 2048)
[DEBUG layer 0] hidden: nan=0 inf=0 absmax=0.15  residual: nan=0 inf=0 absmax=0.34  shape=(1, 2048)
[DEBUG layer 1] hidden: nan=0 inf=0 absmax=0.05  residual: nan=0 inf=0 absmax=0.17  shape=(1, 2048)
[DEBUG layer 2] hidden: nan=0 inf=0 absmax=0.06  residual: nan=0 inf=0 absmax=0.14  shape=(1, 2048)
[DEBUG layer 3] hidden: nan=0 inf=0 absmax=0.18  residual: nan=0 inf=0 absmax=0.15  shape=(1, 2048)
[DEBUG layer 4] hidden: nan=0 inf=0 absmax=0.07  residual: nan=0 inf=0 absmax=0.17  shape=(1, 2048)
[DEBUG layer 0] hidden: nan=0 inf=0 absmax=0.07  residual: nan=0 inf=0 absmax=0.31  shape=(1, 2048)
[DEBUG layer 1] hidden: nan=0 inf=0 absmax=0.06  residual: nan=0 inf=0 absmax=0.35  shape=(1, 2048)
[DEBUG layer 2] hidden: nan=0 inf=0 absmax=0.08  residual: nan=0 inf=0 absmax=0.47  shape=(1, 2048)
[DEBUG layer 3] hidden: nan=0 inf=0 absmax=0.07  residual: nan=0 inf=0 absmax=0.43  shape=(1, 2048)
[DEBUG layer 4] hidden: nan=0 inf=0 absmax=0.05  residual: nan=0 inf=0 absmax=0.41  shape=(1, 2048)
[DEBUG layer 0] hidden: nan=0 inf=0 absmax=0.04  residual: nan=0 inf=0 absmax=0.30  shape=(1, 2048)
[DEBUG layer 1] hidden: nan=0 inf=0 absmax=0.03  residual: nan=0 inf=0 absmax=0.34  shape=(1, 2048)
[DEBUG layer 2] hidden: nan=0 inf=0 absmax=0.11  residual: nan=0 inf=0 absmax=0.38  shape=(1, 2048)
[DEBUG layer 3] hidden: nan=0 inf=0 absmax=0.06  residual: nan=0 inf=0 absmax=0.38  shape=(1, 2048)
[DEBUG layer 4] hidden: nan=0 inf=0 absmax=0.08  residual: nan=0 inf=0 absmax=0.40  shape=(1, 2048)
[DEBUG layer 0] hidden: nan=0 inf=0 absmax=0.05  residual: nan=0 inf=0 absmax=0.27  shape=(1, 2048)
[DEBUG layer 1] hidden: nan=0 inf=0 absmax=0.08  residual: nan=0 inf=0 absmax=0.31  shape=(1, 2048)
[DEBUG layer 2] hidden: nan=0 inf=0 absmax=0.11  residual: nan=0 inf=0 absmax=0.41  shape=(1, 2048)
[DEBUG layer 3] hidden: nan=0 inf=0 absmax=0.11  residual: nan=0 inf=0 absmax=0.40  shape=(1, 2048)
[DEBUG layer 4] hidden: nan=0 inf=0 absmax=0.07  residual: nan=0 inf=0 absmax=0.36  shape=(1, 2048)
[DEBUG layer 0] hidden: nan=0 inf=0 absmax=0.12  residual: nan=0 inf=0 absmax=0.30  shape=(1, 2048)
[DEBUG layer 1] hidden: nan=0 inf=0 absmax=0.06  residual: nan=0 inf=0 absmax=0.25  shape=(1, 2048)
[DEBUG layer 2] hidden: nan=0 inf=0 absmax=0.07  residual: nan=0 inf=0 absmax=0.38  shape=(1, 2048)
[DEBUG layer 3] hidden: nan=0 inf=0 absmax=0.08  residual: nan=0 inf=0 absmax=0.40  shape=(1, 2048)
[DEBUG layer 4] hidden: nan=0 inf=0 absmax=0.05  residual: nan=0 inf=0 absmax=0.43  shape=(1, 2048)
[DEBUG layer 0] hidden: nan=0 inf=0 absmax=0.13  residual: nan=0 inf=0 absmax=0.31  shape=(1, 2048)
[DEBUG layer 1] hidden: nan=0 inf=0 absmax=0.05  residual: nan=0 inf=0 absmax=0.22  shape=(1, 2048)
[DEBUG layer 2] hidden: nan=0 inf=0 absmax=0.05  residual: nan=0 inf=0 absmax=0.22  shape=(1, 2048)
[DEBUG layer 3] hidden: nan=0 inf=0 absmax=0.10  residual: nan=0 inf=0 absmax=0.33  shape=(1, 2048)
[DEBUG layer 4] hidden: nan=0 inf=0 absmax=0.06  residual: nan=0 inf=0 absmax=0.36  shape=(1, 2048)
[DEBUG layer 0] hidden: nan=0 inf=0 absmax=0.08  residual: nan=0 inf=0 absmax=0.25  shape=(1, 2048)
[DEBUG layer 1] hidden: nan=0 inf=0 absmax=0.05  residual: nan=0 inf=0 absmax=0.28  shape=(1, 2048)
[DEBUG layer 2] hidden: nan=0 inf=0 absmax=0.06  residual: nan=0 inf=0 absmax=0.26  shape=(1, 2048)
[DEBUG layer 3] hidden: nan=0 inf=0 absmax=0.15  residual: nan=0 inf=0 absmax=0.33  shape=(1, 2048)
[DEBUG layer 4] hidden: nan=0 inf=0 absmax=0.07  residual: nan=0 inf=0 absmax=0.27  shape=(1, 2048)
[DEBUG layer 0] hidden: nan=0 inf=0 absmax=0.60  residual: nan=0 inf=0 absmax=0.73  shape=(8, 4096)
[DEBUG layer 0] hidden: nan=0 inf=0 absmax=0.60  residual: nan=0 inf=0 absmax=0.73  shape=(8, 4096)
[DEBUG layer 1] hidden: nan=0 inf=0 absmax=0.30  residual: nan=0 inf=0 absmax=0.89  shape=(8, 4096)
[DEBUG layer 1] hidden: nan=0 inf=0 absmax=0.30  residual: nan=0 inf=0 absmax=0.89  shape=(8, 4096)
[DEBUG layer 2] hidden: nan=0 inf=0 absmax=0.48  residual: nan=0 inf=0 absmax=1.35  shape=(8, 4096)
[DEBUG layer 2] hidden: nan=0 inf=0 absmax=0.48  residual: nan=0 inf=0 absmax=1.35  shape=(8, 4096)
[DEBUG layer 3] hidden: nan=0 inf=0 absmax=1.61  residual: nan=0 inf=0 absmax=1.32  shape=(8, 4096)
[DEBUG layer 3] hidden: nan=0 inf=0 absmax=1.61  residual: nan=0 inf=0 absmax=1.32  shape=(8, 4096)
[DEBUG layer 4] hidden: nan=0 inf=0 absmax=1.48  residual: nan=0 inf=0 absmax=1.42  shape=(8, 4096)
[DEBUG layer 4] hidden: nan=0 inf=0 absmax=1.48  residual: nan=0 inf=0 absmax=1.42  shape=(8, 4096)
[DEBUG verify] logits_p shape=(1, 8, 32000) inf=0 nan=0 max=17.33 min=-18.36
[DEBUG layer 0] hidden: nan=0 inf=0 absmax=0.14  residual: nan=0 inf=0 absmax=0.20  shape=(1, 2048)
[DEBUG layer 1] hidden: nan=0 inf=0 absmax=0.06  residual: nan=0 inf=0 absmax=0.20  shape=(1, 2048)
[DEBUG layer 2] hidden: nan=0 inf=0 absmax=0.13  residual: nan=0 inf=0 absmax=0.25  shape=(1, 2048)
[DEBUG layer 3] hidden: nan=0 inf=0 absmax=0.14  residual: nan=0 inf=0 absmax=0.22  shape=(1, 2048)
[DEBUG layer 4] hidden: nan=0 inf=0 absmax=0.11  residual: nan=0 inf=0 absmax=0.27  shape=(1, 2048)
[DEBUG layer 0] hidden: nan=0 inf=0 absmax=0.05  residual: nan=0 inf=0 absmax=0.24  shape=(1, 2048)
[DEBUG layer 1] hidden: nan=0 inf=0 absmax=0.05  residual: nan=0 inf=0 absmax=0.21  shape=(1, 2048)
[DEBUG layer 2] hidden: nan=0 inf=0 absmax=0.06  residual: nan=0 inf=0 absmax=0.27  shape=(1, 2048)
[DEBUG layer 3] hidden: nan=0 inf=0 absmax=0.05  residual: nan=0 inf=0 absmax=0.23  shape=(1, 2048)
[DEBUG layer 4] hidden: nan=0 inf=0 absmax=0.07  residual: nan=0 inf=0 absmax=0.24  shape=(1, 2048)
[DEBUG layer 0] hidden: nan=0 inf=0 absmax=0.06  residual: nan=0 inf=0 absmax=0.28  shape=(1, 2048)
[DEBUG layer 1] hidden: nan=0 inf=0 absmax=0.04  residual: nan=0 inf=0 absmax=0.36  shape=(1, 2048)
[DEBUG layer 2] hidden: nan=0 inf=0 absmax=0.08  residual: nan=0 inf=0 absmax=0.36  shape=(1, 2048)
[DEBUG layer 3] hidden: nan=0 inf=0 absmax=0.06  residual: nan=0 inf=0 absmax=0.35  shape=(1, 2048)
[DEBUG layer 4] hidden: nan=0 inf=0 absmax=0.06  residual: nan=0 inf=0 absmax=0.39  shape=(1, 2048)
[DEBUG layer 0] hidden: nan=0 inf=0 absmax=0.05  residual: nan=0 inf=0 absmax=0.28  shape=(1, 2048)
[DEBUG layer 1] hidden: nan=0 inf=0 absmax=0.03  residual: nan=0 inf=0 absmax=0.35  shape=(1, 2048)
[DEBUG layer 2] hidden: nan=0 inf=0 absmax=0.12  residual: nan=0 inf=0 absmax=0.38  shape=(1, 2048)
[DEBUG layer 3] hidden: nan=0 inf=0 absmax=0.05  residual: nan=0 inf=0 absmax=0.39  shape=(1, 2048)
[DEBUG layer 4] hidden: nan=0 inf=0 absmax=0.08  residual: nan=0 inf=0 absmax=0.42  shape=(1, 2048)
[DEBUG layer 0] hidden: nan=0 inf=0 absmax=0.05  residual: nan=0 inf=0 absmax=0.27  shape=(1, 2048)
[DEBUG layer 1] hidden: nan=0 inf=0 absmax=0.08  residual: nan=0 inf=0 absmax=0.32  shape=(1, 2048)
[DEBUG layer 2] hidden: nan=0 inf=0 absmax=0.09  residual: nan=0 inf=0 absmax=0.43  shape=(1, 2048)
[DEBUG layer 3] hidden: nan=0 inf=0 absmax=0.15  residual: nan=0 inf=0 absmax=0.43  shape=(1, 2048)
[DEBUG layer 4] hidden: nan=0 inf=0 absmax=0.05  residual: nan=0 inf=0 absmax=0.36  shape=(1, 2048)
[DEBUG layer 0] hidden: nan=0 inf=0 absmax=0.05  residual: nan=0 inf=0 absmax=0.29  shape=(1, 2048)
[DEBUG layer 1] hidden: nan=0 inf=0 absmax=0.04  residual: nan=0 inf=0 absmax=0.31  shape=(1, 2048)
[DEBUG layer 2] hidden: nan=0 inf=0 absmax=0.18  residual: nan=0 inf=0 absmax=0.31  shape=(1, 2048)
[DEBUG layer 3] hidden: nan=0 inf=0 absmax=0.16  residual: nan=0 inf=0 absmax=0.22  shape=(1, 2048)
[DEBUG layer 4] hidden: nan=0 inf=0 absmax=0.08  residual: nan=0 inf=0 absmax=0.22  shape=(1, 2048)
[DEBUG layer 0] hidden: nan=0 inf=0 absmax=0.05  residual: nan=0 inf=0 absmax=0.27  shape=(1, 2048)
[DEBUG layer 1] hidden: nan=0 inf=0 absmax=0.07  residual: nan=0 inf=0 absmax=0.30  shape=(1, 2048)
[DEBUG layer 2] hidden: nan=0 inf=0 absmax=0.09  residual: nan=0 inf=0 absmax=0.27  shape=(1, 2048)
[DEBUG layer 3] hidden: nan=0 inf=0 absmax=0.14  residual: nan=0 inf=0 absmax=0.23  shape=(1, 2048)
[DEBUG layer 4] hidden: nan=0 inf=0 absmax=0.07  residual: nan=0 inf=0 absmax=0.27  shape=(1, 2048)
[DEBUG layer 0] hidden: nan=0 inf=0 absmax=0.03  residual: nan=0 inf=0 absmax=0.25  shape=(1, 2048)
[DEBUG layer 1] hidden: nan=0 inf=0 absmax=0.07  residual: nan=0 inf=0 absmax=0.25  shape=(1, 2048)
[DEBUG layer 2] hidden: nan=0 inf=0 absmax=0.13  residual: nan=0 inf=0 absmax=0.30  shape=(1, 2048)
[DEBUG layer 3] hidden: nan=0 inf=0 absmax=0.09  residual: nan=0 inf=0 absmax=0.24  shape=(1, 2048)
[DEBUG layer 4] hidden: nan=0 inf=0 absmax=0.12  residual: nan=0 inf=0 absmax=0.20  shape=(1, 2048)
[DEBUG layer 0] hidden: nan=0 inf=0 absmax=0.61  residual: nan=0 inf=0 absmax=0.78  shape=(8, 4096)
[DEBUG layer 0] hidden: nan=0 inf=0 absmax=0.61  residual: nan=0 inf=0 absmax=0.78  shape=(8, 4096)
[DEBUG layer 1] hidden: nan=0 inf=0 absmax=0.36  residual: nan=0 inf=0 absmax=0.98  shape=(8, 4096)
[DEBUG layer 1] hidden: nan=0 inf=0 absmax=0.36  residual: nan=0 inf=0 absmax=0.98  shape=(8, 4096)
[DEBUG layer 2] hidden: nan=0 inf=0 absmax=0.51  residual: nan=0 inf=0 absmax=1.41  shape=(8, 4096)
[DEBUG layer 2] hidden: nan=0 inf=0 absmax=0.51  residual: nan=0 inf=0 absmax=1.41  shape=(8, 4096)
[DEBUG layer 3] hidden: nan=0 inf=0 absmax=1.63  residual: nan=0 inf=0 absmax=1.47  shape=(8, 4096)
[DEBUG layer 3] hidden: nan=0 inf=0 absmax=1.63  residual: nan=0 inf=0 absmax=1.47  shape=(8, 4096)
[DEBUG layer 4] hidden: nan=0 inf=0 absmax=1.59  residual: nan=0 inf=0 absmax=1.42  shape=(8, 4096)
[DEBUG layer 4] hidden: nan=0 inf=0 absmax=1.59  residual: nan=0 inf=0 absmax=1.42  shape=(8, 4096)
[DEBUG verify] logits_p shape=(1, 8, 32000) inf=0 nan=0 max=17.34 min=-18.39
[DEBUG layer 0] hidden: nan=0 inf=0 absmax=0.04  residual: nan=0 inf=0 absmax=0.28  shape=(1, 2048)
[DEBUG layer 1] hidden: nan=0 inf=0 absmax=0.02  residual: nan=0 inf=0 absmax=0.32  shape=(1, 2048)
[DEBUG layer 2] hidden: nan=0 inf=0 absmax=0.09  residual: nan=0 inf=0 absmax=0.31  shape=(1, 2048)
[DEBUG layer 3] hidden: nan=0 inf=0 absmax=0.06  residual: nan=0 inf=0 absmax=0.29  shape=(1, 2048)
[DEBUG layer 4] hidden: nan=0 inf=0 absmax=0.07  residual: nan=0 inf=0 absmax=0.27  shape=(1, 2048)
[DEBUG layer 0] hidden: nan=0 inf=0 absmax=0.26  residual: nan=0 inf=0 absmax=0.06  shape=(1, 2048)
[DEBUG layer 1] hidden: nan=0 inf=0 absmax=0.10  residual: nan=0 inf=0 absmax=0.31  shape=(1, 2048)
[DEBUG layer 2] hidden: nan=0 inf=0 absmax=0.14  residual: nan=0 inf=0 absmax=0.46  shape=(1, 2048)
[DEBUG layer 3] hidden: nan=0 inf=0 absmax=0.10  residual: nan=0 inf=0 absmax=0.40  shape=(1, 2048)
[DEBUG layer 4] hidden: nan=0 inf=0 absmax=0.06  residual: nan=0 inf=0 absmax=0.42  shape=(1, 2048)
[DEBUG layer 0] hidden: nan=0 inf=0 absmax=0.04  residual: nan=0 inf=0 absmax=0.27  shape=(1, 2048)
[DEBUG layer 1] hidden: nan=0 inf=0 absmax=0.08  residual: nan=0 inf=0 absmax=0.32  shape=(1, 2048)
[DEBUG layer 2] hidden: nan=0 inf=0 absmax=0.06  residual: nan=0 inf=0 absmax=0.37  shape=(1, 2048)
[DEBUG layer 3] hidden: nan=0 inf=0 absmax=0.05  residual: nan=0 inf=0 absmax=0.38  shape=(1, 2048)
[DEBUG layer 4] hidden: nan=0 inf=0 absmax=0.06  residual: nan=0 inf=0 absmax=0.48  shape=(1, 2048)
[DEBUG layer 0] hidden: nan=0 inf=0 absmax=0.04  residual: nan=0 inf=0 absmax=0.31  shape=(1, 2048)
[DEBUG layer 1] hidden: nan=0 inf=0 absmax=0.10  residual: nan=0 inf=0 absmax=0.36  shape=(1, 2048)
[DEBUG layer 2] hidden: nan=0 inf=0 absmax=0.10  residual: nan=0 inf=0 absmax=0.40  shape=(1, 2048)
[DEBUG layer 3] hidden: nan=0 inf=0 absmax=0.07  residual: nan=0 inf=0 absmax=0.32  shape=(1, 2048)
[DEBUG layer 4] hidden: nan=0 inf=0 absmax=0.07  residual: nan=0 inf=0 absmax=0.36  shape=(1, 2048)
[DEBUG layer 0] hidden: nan=0 inf=0 absmax=0.09  residual: nan=0 inf=0 absmax=0.28  shape=(1, 2048)
[DEBUG layer 1] hidden: nan=0 inf=0 absmax=0.04  residual: nan=0 inf=0 absmax=0.37  shape=(1, 2048)
[DEBUG layer 2] hidden: nan=0 inf=0 absmax=0.08  residual: nan=0 inf=0 absmax=0.24  shape=(1, 2048)
[DEBUG layer 3] hidden: nan=0 inf=0 absmax=0.14  residual: nan=0 inf=0 absmax=0.27  shape=(1, 2048)
[DEBUG layer 4] hidden: nan=0 inf=0 absmax=0.07  residual: nan=0 inf=0 absmax=0.28  shape=(1, 2048)
[DEBUG layer 0] hidden: nan=0 inf=0 absmax=0.04  residual: nan=0 inf=0 absmax=0.26  shape=(1, 2048)
[DEBUG layer 1] hidden: nan=0 inf=0 absmax=0.04  residual: nan=0 inf=0 absmax=0.26  shape=(1, 2048)
[DEBUG layer 2] hidden: nan=0 inf=0 absmax=0.13  residual: nan=0 inf=0 absmax=0.34  shape=(1, 2048)
[DEBUG layer 3] hidden: nan=0 inf=0 absmax=0.08  residual: nan=0 inf=0 absmax=0.28  shape=(1, 2048)
[DEBUG layer 4] hidden: nan=0 inf=0 absmax=0.06  residual: nan=0 inf=0 absmax=0.29  shape=(1, 2048)
[DEBUG layer 0] hidden: nan=0 inf=0 absmax=0.07  residual: nan=0 inf=0 absmax=0.26  shape=(1, 2048)
[DEBUG layer 1] hidden: nan=0 inf=0 absmax=0.06  residual: nan=0 inf=0 absmax=0.36  shape=(1, 2048)
[DEBUG layer 2] hidden: nan=0 inf=0 absmax=0.07  residual: nan=0 inf=0 absmax=0.41  shape=(1, 2048)
[DEBUG layer 3] hidden: nan=0 inf=0 absmax=0.08  residual: nan=0 inf=0 absmax=0.42  shape=(1, 2048)
[DEBUG layer 4] hidden: nan=0 inf=0 absmax=0.06  residual: nan=0 inf=0 absmax=0.44  shape=(1, 2048)
[DEBUG layer 0] hidden: nan=0 inf=0 absmax=0.03  residual: nan=0 inf=0 absmax=0.29  shape=(1, 2048)
[DEBUG layer 1] hidden: nan=0 inf=0 absmax=0.05  residual: nan=0 inf=0 absmax=0.34  shape=(1, 2048)
[DEBUG layer 2] hidden: nan=0 inf=0 absmax=0.10  residual: nan=0 inf=0 absmax=0.41  shape=(1, 2048)
[DEBUG layer 3] hidden: nan=0 inf=0 absmax=0.06  residual: nan=0 inf=0 absmax=0.37  shape=(1, 2048)
[DEBUG layer 4] hidden: nan=0 inf=0 absmax=0.10  residual: nan=0 inf=0 absmax=0.41  shape=(1, 2048)
[DEBUG layer 0] hidden: nan=0 inf=0 absmax=0.88  residual: nan=0 inf=0 absmax=0.69  shape=(8, 4096)
[DEBUG layer 0] hidden: nan=0 inf=0 absmax=0.88  residual: nan=0 inf=0 absmax=0.69  shape=(8, 4096)
[DEBUG layer 1] hidden: nan=0 inf=0 absmax=0.30  residual: nan=0 inf=0 absmax=1.04  shape=(8, 4096)
[DEBUG layer 1] hidden: nan=0 inf=0 absmax=0.30  residual: nan=0 inf=0 absmax=1.04  shape=(8, 4096)
[DEBUG layer 2] hidden: nan=0 inf=0 absmax=0.68  residual: nan=0 inf=0 absmax=1.03  shape=(8, 4096)
[DEBUG layer 2] hidden: nan=0 inf=0 absmax=0.68  residual: nan=0 inf=0 absmax=1.03  shape=(8, 4096)
[DEBUG layer 3] hidden: nan=0 inf=0 absmax=1.77  residual: nan=0 inf=0 absmax=1.35  shape=(8, 4096)
[DEBUG layer 3] hidden: nan=0 inf=0 absmax=1.77  residual: nan=0 inf=0 absmax=1.35  shape=(8, 4096)
[DEBUG layer 4] hidden: nan=0 inf=0 absmax=1.50  residual: nan=0 inf=0 absmax=1.51  shape=(8, 4096)
[DEBUG layer 4] hidden: nan=0 inf=0 absmax=1.50  residual: nan=0 inf=0 absmax=1.51  shape=(8, 4096)
[DEBUG verify] logits_p shape=(1, 8, 32000) inf=0 nan=0 max=11.55 min=-19.12
[DEBUG layer 0] hidden: nan=0 inf=0 absmax=0.26  residual: nan=0 inf=0 absmax=0.07  shape=(1, 2048)
[DEBUG layer 1] hidden: nan=0 inf=0 absmax=0.12  residual: nan=0 inf=0 absmax=0.31  shape=(1, 2048)
[DEBUG layer 2] hidden: nan=0 inf=0 absmax=0.18  residual: nan=0 inf=0 absmax=0.50  shape=(1, 2048)
[DEBUG layer 3] hidden: nan=0 inf=0 absmax=0.12  residual: nan=0 inf=0 absmax=0.38  shape=(1, 2048)
[DEBUG layer 4] hidden: nan=0 inf=0 absmax=0.06  residual: nan=0 inf=0 absmax=0.35  shape=(1, 2048)
[DEBUG layer 0] hidden: nan=0 inf=0 absmax=0.02  residual: nan=0 inf=0 absmax=0.29  shape=(1, 2048)
[DEBUG layer 1] hidden: nan=0 inf=0 absmax=0.08  residual: nan=0 inf=0 absmax=0.28  shape=(1, 2048)
[DEBUG layer 2] hidden: nan=0 inf=0 absmax=0.12  residual: nan=0 inf=0 absmax=0.31  shape=(1, 2048)
[DEBUG layer 3] hidden: nan=0 inf=0 absmax=0.21  residual: nan=0 inf=0 absmax=0.20  shape=(1, 2048)
[DEBUG layer 4] hidden: nan=0 inf=0 absmax=0.07  residual: nan=0 inf=0 absmax=0.26  shape=(1, 2048)
[DEBUG layer 0] hidden: nan=0 inf=0 absmax=0.19  residual: nan=0 inf=0 absmax=0.34  shape=(1, 2048)
[DEBUG layer 1] hidden: nan=0 inf=0 absmax=0.04  residual: nan=0 inf=0 absmax=0.51  shape=(1, 2048)
[DEBUG layer 2] hidden: nan=0 inf=0 absmax=0.16  residual: nan=0 inf=0 absmax=0.49  shape=(1, 2048)
[DEBUG layer 3] hidden: nan=0 inf=0 absmax=0.10  residual: nan=0 inf=0 absmax=0.36  shape=(1, 2048)
[DEBUG layer 4] hidden: nan=0 inf=0 absmax=0.07  residual: nan=0 inf=0 absmax=0.31  shape=(1, 2048)
[DEBUG layer 0] hidden: nan=0 inf=0 absmax=0.07  residual: nan=0 inf=0 absmax=0.26  shape=(1, 2048)
[DEBUG layer 1] hidden: nan=0 inf=0 absmax=0.04  residual: nan=0 inf=0 absmax=0.23  shape=(1, 2048)
[DEBUG layer 2] hidden: nan=0 inf=0 absmax=0.06  residual: nan=0 inf=0 absmax=0.20  shape=(1, 2048)
[DEBUG layer 3] hidden: nan=0 inf=0 absmax=0.15  residual: nan=0 inf=0 absmax=0.25  shape=(1, 2048)
[DEBUG layer 4] hidden: nan=0 inf=0 absmax=0.09  residual: nan=0 inf=0 absmax=0.27  shape=(1, 2048)
[DEBUG layer 0] hidden: nan=0 inf=0 absmax=0.04  residual: nan=0 inf=0 absmax=0.26  shape=(1, 2048)
[DEBUG layer 1] hidden: nan=0 inf=0 absmax=0.04  residual: nan=0 inf=0 absmax=0.30  shape=(1, 2048)
[DEBUG layer 2] hidden: nan=0 inf=0 absmax=0.17  residual: nan=0 inf=0 absmax=0.39  shape=(1, 2048)
[DEBUG layer 3] hidden: nan=0 inf=0 absmax=0.13  residual: nan=0 inf=0 absmax=0.29  shape=(1, 2048)
[DEBUG layer 4] hidden: nan=0 inf=0 absmax=0.06  residual: nan=0 inf=0 absmax=0.26  shape=(1, 2048)
[DEBUG layer 0] hidden: nan=0 inf=0 absmax=0.08  residual: nan=0 inf=0 absmax=0.27  shape=(1, 2048)
[DEBUG layer 1] hidden: nan=0 inf=0 absmax=0.06  residual: nan=0 inf=0 absmax=0.37  shape=(1, 2048)
[DEBUG layer 2] hidden: nan=0 inf=0 absmax=0.09  residual: nan=0 inf=0 absmax=0.45  shape=(1, 2048)
[DEBUG layer 3] hidden: nan=0 inf=0 absmax=0.08  residual: nan=0 inf=0 absmax=0.42  shape=(1, 2048)
[DEBUG layer 4] hidden: nan=0 inf=0 absmax=0.05  residual: nan=0 inf=0 absmax=0.40  shape=(1, 2048)
[DEBUG layer 0] hidden: nan=0 inf=0 absmax=0.12  residual: nan=0 inf=0 absmax=0.21  shape=(1, 2048)
[DEBUG layer 1] hidden: nan=0 inf=0 absmax=0.05  residual: nan=0 inf=0 absmax=0.35  shape=(1, 2048)
[DEBUG layer 2] hidden: nan=0 inf=0 absmax=0.11  residual: nan=0 inf=0 absmax=0.47  shape=(1, 2048)
[DEBUG layer 3] hidden: nan=0 inf=0 absmax=0.09  residual: nan=0 inf=0 absmax=0.42  shape=(1, 2048)
[DEBUG layer 4] hidden: nan=0 inf=0 absmax=0.08  residual: nan=0 inf=0 absmax=0.42  shape=(1, 2048)
[DEBUG layer 0] hidden: nan=0 inf=0 absmax=0.05  residual: nan=0 inf=0 absmax=0.29  shape=(1, 2048)
[DEBUG layer 1] hidden: nan=0 inf=0 absmax=0.04  residual: nan=0 inf=0 absmax=0.35  shape=(1, 2048)
[DEBUG layer 2] hidden: nan=0 inf=0 absmax=0.04  residual: nan=0 inf=0 absmax=0.40  shape=(1, 2048)
[DEBUG layer 3] hidden: nan=0 inf=0 absmax=0.05  residual: nan=0 inf=0 absmax=0.40  shape=(1, 2048)
[DEBUG layer 4] hidden: nan=0 inf=0 absmax=0.05  residual: nan=0 inf=0 absmax=0.45  shape=(1, 2048)
[DEBUG layer 0] hidden: nan=0 inf=0 absmax=0.59  residual: nan=0 inf=0 absmax=0.69  shape=(8, 4096)
[DEBUG layer 0] hidden: nan=0 inf=0 absmax=0.59  residual: nan=0 inf=0 absmax=0.69  shape=(8, 4096)
[DEBUG layer 1] hidden: nan=0 inf=0 absmax=0.25  residual: nan=0 inf=0 absmax=1.03  shape=(8, 4096)
[DEBUG layer 1] hidden: nan=0 inf=0 absmax=0.25  residual: nan=0 inf=0 absmax=1.03  shape=(8, 4096)
[DEBUG layer 2] hidden: nan=0 inf=0 absmax=0.67  residual: nan=0 inf=0 absmax=1.10  shape=(8, 4096)
[DEBUG layer 2] hidden: nan=0 inf=0 absmax=0.67  residual: nan=0 inf=0 absmax=1.10  shape=(8, 4096)
[DEBUG layer 3] hidden: nan=0 inf=0 absmax=1.46  residual: nan=0 inf=0 absmax=1.26  shape=(8, 4096)
[DEBUG layer 3] hidden: nan=0 inf=0 absmax=1.46  residual: nan=0 inf=0 absmax=1.26  shape=(8, 4096)
[DEBUG layer 4] hidden: nan=0 inf=0 absmax=1.45  residual: nan=0 inf=0 absmax=1.42  shape=(8, 4096)
[DEBUG layer 4] hidden: nan=0 inf=0 absmax=1.45  residual: nan=0 inf=0 absmax=1.42  shape=(8, 4096)
[DEBUG verify] logits_p shape=(1, 8, 32000) inf=0 nan=0 max=17.83 min=-20.16
[DEBUG layer 0] hidden: nan=0 inf=0 absmax=0.12  residual: nan=0 inf=0 absmax=0.37  shape=(1, 2048)
[DEBUG layer 1] hidden: nan=0 inf=0 absmax=0.09  residual: nan=0 inf=0 absmax=0.20  shape=(1, 2048)
[DEBUG layer 2] hidden: nan=0 inf=0 absmax=0.04  residual: nan=0 inf=0 absmax=0.29  shape=(1, 2048)
[DEBUG layer 3] hidden: nan=0 inf=0 absmax=0.18  residual: nan=0 inf=0 absmax=0.35  shape=(1, 2048)
[DEBUG layer 4] hidden: nan=0 inf=0 absmax=0.09  residual: nan=0 inf=0 absmax=0.33  shape=(1, 2048)
[DEBUG layer 0] hidden: nan=0 inf=0 absmax=0.04  residual: nan=0 inf=0 absmax=0.27  shape=(1, 2048)
[DEBUG layer 1] hidden: nan=0 inf=0 absmax=0.04  residual: nan=0 inf=0 absmax=0.29  shape=(1, 2048)
[DEBUG layer 2] hidden: nan=0 inf=0 absmax=0.18  residual: nan=0 inf=0 absmax=0.41  shape=(1, 2048)
[DEBUG layer 3] hidden: nan=0 inf=0 absmax=0.14  residual: nan=0 inf=0 absmax=0.31  shape=(1, 2048)
[DEBUG layer 4] hidden: nan=0 inf=0 absmax=0.05  residual: nan=0 inf=0 absmax=0.26  shape=(1, 2048)
[DEBUG layer 0] hidden: nan=0 inf=0 absmax=0.07  residual: nan=0 inf=0 absmax=0.27  shape=(1, 2048)
[DEBUG layer 1] hidden: nan=0 inf=0 absmax=0.06  residual: nan=0 inf=0 absmax=0.37  shape=(1, 2048)
[DEBUG layer 2] hidden: nan=0 inf=0 absmax=0.09  residual: nan=0 inf=0 absmax=0.45  shape=(1, 2048)
[DEBUG layer 3] hidden: nan=0 inf=0 absmax=0.08  residual: nan=0 inf=0 absmax=0.42  shape=(1, 2048)
[DEBUG layer 4] hidden: nan=0 inf=0 absmax=0.05  residual: nan=0 inf=0 absmax=0.41  shape=(1, 2048)
[DEBUG layer 0] hidden: nan=0 inf=0 absmax=0.11  residual: nan=0 inf=0 absmax=0.21  shape=(1, 2048)
[DEBUG layer 1] hidden: nan=0 inf=0 absmax=0.05  residual: nan=0 inf=0 absmax=0.35  shape=(1, 2048)
[DEBUG layer 2] hidden: nan=0 inf=0 absmax=0.12  residual: nan=0 inf=0 absmax=0.48  shape=(1, 2048)
[DEBUG layer 3] hidden: nan=0 inf=0 absmax=0.09  residual: nan=0 inf=0 absmax=0.43  shape=(1, 2048)
[DEBUG layer 4] hidden: nan=0 inf=0 absmax=0.09  residual: nan=0 inf=0 absmax=0.44  shape=(1, 2048)
[DEBUG layer 0] hidden: nan=0 inf=0 absmax=0.04  residual: nan=0 inf=0 absmax=0.29  shape=(1, 2048)
[DEBUG layer 1] hidden: nan=0 inf=0 absmax=0.04  residual: nan=0 inf=0 absmax=0.35  shape=(1, 2048)
[DEBUG layer 2] hidden: nan=0 inf=0 absmax=0.04  residual: nan=0 inf=0 absmax=0.41  shape=(1, 2048)
[DEBUG layer 3] hidden: nan=0 inf=0 absmax=0.05  residual: nan=0 inf=0 absmax=0.41  shape=(1, 2048)
[DEBUG layer 4] hidden: nan=0 inf=0 absmax=0.05  residual: nan=0 inf=0 absmax=0.45  shape=(1, 2048)
[DEBUG layer 0] hidden: nan=0 inf=0 absmax=0.06  residual: nan=0 inf=0 absmax=0.30  shape=(1, 2048)
[DEBUG layer 1] hidden: nan=0 inf=0 absmax=0.13  residual: nan=0 inf=0 absmax=0.38  shape=(1, 2048)
[DEBUG layer 2] hidden: nan=0 inf=0 absmax=0.10  residual: nan=0 inf=0 absmax=0.48  shape=(1, 2048)
[DEBUG layer 3] hidden: nan=0 inf=0 absmax=0.07  residual: nan=0 inf=0 absmax=0.44  shape=(1, 2048)
[DEBUG layer 4] hidden: nan=0 inf=0 absmax=0.06  residual: nan=0 inf=0 absmax=0.47  shape=(1, 2048)
[DEBUG layer 0] hidden: nan=0 inf=0 absmax=0.06  residual: nan=0 inf=0 absmax=0.34  shape=(1, 2048)
[DEBUG layer 1] hidden: nan=0 inf=0 absmax=0.08  residual: nan=0 inf=0 absmax=0.38  shape=(1, 2048)
[DEBUG layer 2] hidden: nan=0 inf=0 absmax=0.08  residual: nan=0 inf=0 absmax=0.56  shape=(1, 2048)
[DEBUG layer 3] hidden: nan=0 inf=0 absmax=0.17  residual: nan=0 inf=0 absmax=0.56  shape=(1, 2048)
[DEBUG layer 4] hidden: nan=0 inf=0 absmax=0.08  residual: nan=0 inf=0 absmax=0.52  shape=(1, 2048)
[DEBUG layer 0] hidden: nan=0 inf=0 absmax=0.11  residual: nan=0 inf=0 absmax=0.32  shape=(1, 2048)
[DEBUG layer 1] hidden: nan=0 inf=0 absmax=0.09  residual: nan=0 inf=0 absmax=0.19  shape=(1, 2048)
[DEBUG layer 2] hidden: nan=0 inf=0 absmax=0.08  residual: nan=0 inf=0 absmax=0.14  shape=(1, 2048)
[DEBUG layer 3] hidden: nan=0 inf=0 absmax=0.08  residual: nan=0 inf=0 absmax=0.23  shape=(1, 2048)
[DEBUG layer 4] hidden: nan=0 inf=0 absmax=0.16  residual: nan=0 inf=0 absmax=0.29  shape=(1, 2048)
[DEBUG layer 0] hidden: nan=0 inf=0 absmax=0.93  residual: nan=0 inf=0 absmax=0.70  shape=(8, 4096)
[DEBUG layer 0] hidden: nan=0 inf=0 absmax=0.93  residual: nan=0 inf=0 absmax=0.70  shape=(8, 4096)
[DEBUG layer 1] hidden: nan=0 inf=0 absmax=0.53  residual: nan=0 inf=0 absmax=1.15  shape=(8, 4096)
[DEBUG layer 1] hidden: nan=0 inf=0 absmax=0.53  residual: nan=0 inf=0 absmax=1.15  shape=(8, 4096)
[DEBUG layer 2] hidden: nan=0 inf=0 absmax=0.69  residual: nan=0 inf=0 absmax=1.26  shape=(8, 4096)
[DEBUG layer 2] hidden: nan=0 inf=0 absmax=0.69  residual: nan=0 inf=0 absmax=1.26  shape=(8, 4096)
[DEBUG layer 3] hidden: nan=0 inf=0 absmax=1.74  residual: nan=0 inf=0 absmax=1.38  shape=(8, 4096)
[DEBUG layer 3] hidden: nan=0 inf=0 absmax=1.74  residual: nan=0 inf=0 absmax=1.38  shape=(8, 4096)
[DEBUG layer 4] hidden: nan=0 inf=0 absmax=1.57  residual: nan=0 inf=0 absmax=1.38  shape=(8, 4096)
[DEBUG layer 4] hidden: nan=0 inf=0 absmax=1.57  residual: nan=0 inf=0 absmax=1.38  shape=(8, 4096)
[DEBUG verify] logits_p shape=(1, 8, 32000) inf=0 nan=0 max=13.18 min=-18.75
[DEBUG layer 0] hidden: nan=0 inf=0 absmax=0.05  residual: nan=0 inf=0 absmax=0.22  shape=(1, 2048)
[DEBUG layer 1] hidden: nan=0 inf=0 absmax=0.06  residual: nan=0 inf=0 absmax=0.28  shape=(1, 2048)
[DEBUG layer 2] hidden: nan=0 inf=0 absmax=0.05  residual: nan=0 inf=0 absmax=0.30  shape=(1, 2048)
[DEBUG layer 3] hidden: nan=0 inf=0 absmax=0.05  residual: nan=0 inf=0 absmax=0.36  shape=(1, 2048)
[DEBUG layer 4] hidden: nan=0 inf=0 absmax=0.06  residual: nan=0 inf=0 absmax=0.38  shape=(1, 2048)
[DEBUG layer 0] hidden: nan=0 inf=0 absmax=0.26  residual: nan=0 inf=0 absmax=0.18  shape=(1, 2048)
[DEBUG layer 1] hidden: nan=0 inf=0 absmax=0.12  residual: nan=0 inf=0 absmax=0.44  shape=(1, 2048)
[DEBUG layer 2] hidden: nan=0 inf=0 absmax=0.16  residual: nan=0 inf=0 absmax=0.61  shape=(1, 2048)
[DEBUG layer 3] hidden: nan=0 inf=0 absmax=0.15  residual: nan=0 inf=0 absmax=0.49  shape=(1, 2048)
[DEBUG layer 4] hidden: nan=0 inf=0 absmax=0.07  residual: nan=0 inf=0 absmax=0.43  shape=(1, 2048)
[DEBUG layer 0] hidden: nan=0 inf=0 absmax=0.06  residual: nan=0 inf=0 absmax=0.24  shape=(1, 2048)
[DEBUG layer 1] hidden: nan=0 inf=0 absmax=0.06  residual: nan=0 inf=0 absmax=0.25  shape=(1, 2048)
[DEBUG layer 2] hidden: nan=0 inf=0 absmax=0.07  residual: nan=0 inf=0 absmax=0.27  shape=(1, 2048)
[DEBUG layer 3] hidden: nan=0 inf=0 absmax=0.14  residual: nan=0 inf=0 absmax=0.30  shape=(1, 2048)
[DEBUG layer 4] hidden: nan=0 inf=0 absmax=0.08  residual: nan=0 inf=0 absmax=0.35  shape=(1, 2048)
[DEBUG layer 0] hidden: nan=0 inf=0 absmax=0.05  residual: nan=0 inf=0 absmax=0.28  shape=(1, 2048)
[DEBUG layer 1] hidden: nan=0 inf=0 absmax=0.07  residual: nan=0 inf=0 absmax=0.28  shape=(1, 2048)
[DEBUG layer 2] hidden: nan=0 inf=0 absmax=0.08  residual: nan=0 inf=0 absmax=0.25  shape=(1, 2048)
[DEBUG layer 3] hidden: nan=0 inf=0 absmax=0.10  residual: nan=0 inf=0 absmax=0.43  shape=(1, 2048)
[DEBUG layer 4] hidden: nan=0 inf=0 absmax=0.06  residual: nan=0 inf=0 absmax=0.44  shape=(1, 2048)
[DEBUG layer 0] hidden: nan=0 inf=0 absmax=0.03  residual: nan=0 inf=0 absmax=0.30  shape=(1, 2048)
[DEBUG layer 1] hidden: nan=0 inf=0 absmax=0.06  residual: nan=0 inf=0 absmax=0.32  shape=(1, 2048)
[DEBUG layer 2] hidden: nan=0 inf=0 absmax=0.12  residual: nan=0 inf=0 absmax=0.39  shape=(1, 2048)
[DEBUG layer 3] hidden: nan=0 inf=0 absmax=0.10  residual: nan=0 inf=0 absmax=0.41  shape=(1, 2048)
[DEBUG layer 4] hidden: nan=0 inf=0 absmax=0.11  residual: nan=0 inf=0 absmax=0.39  shape=(1, 2048)
[DEBUG layer 0] hidden: nan=0 inf=0 absmax=0.10  residual: nan=0 inf=0 absmax=0.26  shape=(1, 2048)
[DEBUG layer 1] hidden: nan=0 inf=0 absmax=0.03  residual: nan=0 inf=0 absmax=0.37  shape=(1, 2048)
[DEBUG layer 2] hidden: nan=0 inf=0 absmax=0.08  residual: nan=0 inf=0 absmax=0.42  shape=(1, 2048)
[DEBUG layer 3] hidden: nan=0 inf=0 absmax=0.05  residual: nan=0 inf=0 absmax=0.38  shape=(1, 2048)
[DEBUG layer 4] hidden: nan=0 inf=0 absmax=0.06  residual: nan=0 inf=0 absmax=0.49  shape=(1, 2048)
[DEBUG layer 0] hidden: nan=0 inf=0 absmax=0.06  residual: nan=0 inf=0 absmax=0.26  shape=(1, 2048)
[DEBUG layer 1] hidden: nan=0 inf=0 absmax=0.05  residual: nan=0 inf=0 absmax=0.30  shape=(1, 2048)
[DEBUG layer 2] hidden: nan=0 inf=0 absmax=0.07  residual: nan=0 inf=0 absmax=0.35  shape=(1, 2048)
[DEBUG layer 3] hidden: nan=0 inf=0 absmax=0.14  residual: nan=0 inf=0 absmax=0.41  shape=(1, 2048)
[DEBUG layer 4] hidden: nan=0 inf=0 absmax=0.11  residual: nan=0 inf=0 absmax=0.38  shape=(1, 2048)
[DEBUG layer 0] hidden: nan=0 inf=0 absmax=0.04  residual: nan=0 inf=0 absmax=0.29  shape=(1, 2048)
[DEBUG layer 1] hidden: nan=0 inf=0 absmax=0.04  residual: nan=0 inf=0 absmax=0.34  shape=(1, 2048)
[DEBUG layer 2] hidden: nan=0 inf=0 absmax=0.07  residual: nan=0 inf=0 absmax=0.35  shape=(1, 2048)
[DEBUG layer 3] hidden: nan=0 inf=0 absmax=0.09  residual: nan=0 inf=0 absmax=0.30  shape=(1, 2048)
[DEBUG layer 4] hidden: nan=0 inf=0 absmax=0.07  residual: nan=0 inf=0 absmax=0.29  shape=(1, 2048)
[DEBUG layer 0] hidden: nan=0 inf=0 absmax=0.70  residual: nan=0 inf=0 absmax=0.71  shape=(8, 4096)
[DEBUG layer 0] hidden: nan=0 inf=0 absmax=0.70  residual: nan=0 inf=0 absmax=0.71  shape=(8, 4096)
[DEBUG layer 1] hidden: nan=0 inf=0 absmax=0.40  residual: nan=0 inf=0 absmax=1.00  shape=(8, 4096)
[DEBUG layer 1] hidden: nan=0 inf=0 absmax=0.40  residual: nan=0 inf=0 absmax=1.00  shape=(8, 4096)
[DEBUG layer 2] hidden: nan=0 inf=0 absmax=0.52  residual: nan=0 inf=0 absmax=1.16  shape=(8, 4096)
[DEBUG layer 2] hidden: nan=0 inf=0 absmax=0.52  residual: nan=0 inf=0 absmax=1.16  shape=(8, 4096)
[DEBUG layer 3] hidden: nan=0 inf=0 absmax=1.40  residual: nan=0 inf=0 absmax=1.44  shape=(8, 4096)
[DEBUG layer 3] hidden: nan=0 inf=0 absmax=1.40  residual: nan=0 inf=0 absmax=1.44  shape=(8, 4096)
[DEBUG layer 4] hidden: nan=0 inf=0 absmax=1.84  residual: nan=0 inf=0 absmax=1.49  shape=(8, 4096)
[DEBUG layer 4] hidden: nan=0 inf=0 absmax=1.84  residual: nan=0 inf=0 absmax=1.49  shape=(8, 4096)
[DEBUG verify] logits_p shape=(1, 8, 32000) inf=0 nan=0 max=11.90 min=-19.28
[DEBUG layer 0] hidden: nan=0 inf=0 absmax=0.05  residual: nan=0 inf=0 absmax=0.29  shape=(1, 2048)
[DEBUG layer 1] hidden: nan=0 inf=0 absmax=0.10  residual: nan=0 inf=0 absmax=0.34  shape=(1, 2048)
[DEBUG layer 2] hidden: nan=0 inf=0 absmax=0.10  residual: nan=0 inf=0 absmax=0.37  shape=(1, 2048)
[DEBUG layer 3] hidden: nan=0 inf=0 absmax=0.07  residual: nan=0 inf=0 absmax=0.29  shape=(1, 2048)
[DEBUG layer 4] hidden: nan=0 inf=0 absmax=0.06  residual: nan=0 inf=0 absmax=0.33  shape=(1, 2048)
[DEBUG layer 0] hidden: nan=0 inf=0 absmax=0.05  residual: nan=0 inf=0 absmax=0.25  shape=(1, 2048)
[DEBUG layer 1] hidden: nan=0 inf=0 absmax=0.04  residual: nan=0 inf=0 absmax=0.31  shape=(1, 2048)
[DEBUG layer 2] hidden: nan=0 inf=0 absmax=0.07  residual: nan=0 inf=0 absmax=0.28  shape=(1, 2048)
[DEBUG layer 3] hidden: nan=0 inf=0 absmax=0.14  residual: nan=0 inf=0 absmax=0.28  shape=(1, 2048)
[DEBUG layer 4] hidden: nan=0 inf=0 absmax=0.07  residual: nan=0 inf=0 absmax=0.27  shape=(1, 2048)
[DEBUG layer 0] hidden: nan=0 inf=0 absmax=0.06  residual: nan=0 inf=0 absmax=0.27  shape=(1, 2048)
[DEBUG layer 1] hidden: nan=0 inf=0 absmax=0.03  residual: nan=0 inf=0 absmax=0.30  shape=(1, 2048)
[DEBUG layer 2] hidden: nan=0 inf=0 absmax=0.06  residual: nan=0 inf=0 absmax=0.16  shape=(1, 2048)
[DEBUG layer 3] hidden: nan=0 inf=0 absmax=0.09  residual: nan=0 inf=0 absmax=0.28  shape=(1, 2048)
[DEBUG layer 4] hidden: nan=0 inf=0 absmax=0.11  residual: nan=0 inf=0 absmax=0.27  shape=(1, 2048)
[DEBUG layer 0] hidden: nan=0 inf=0 absmax=0.04  residual: nan=0 inf=0 absmax=0.29  shape=(1, 2048)
[DEBUG layer 1] hidden: nan=0 inf=0 absmax=0.06  residual: nan=0 inf=0 absmax=0.33  shape=(1, 2048)
[DEBUG layer 2] hidden: nan=0 inf=0 absmax=0.10  residual: nan=0 inf=0 absmax=0.38  shape=(1, 2048)
[DEBUG layer 3] hidden: nan=0 inf=0 absmax=0.07  residual: nan=0 inf=0 absmax=0.41  shape=(1, 2048)
[DEBUG layer 4] hidden: nan=0 inf=0 absmax=0.05  residual: nan=0 inf=0 absmax=0.44  shape=(1, 2048)
[DEBUG layer 0] hidden: nan=0 inf=0 absmax=0.12  residual: nan=0 inf=0 absmax=0.25  shape=(1, 2048)
[DEBUG layer 1] hidden: nan=0 inf=0 absmax=0.05  residual: nan=0 inf=0 absmax=0.37  shape=(1, 2048)
[DEBUG layer 2] hidden: nan=0 inf=0 absmax=0.10  residual: nan=0 inf=0 absmax=0.43  shape=(1, 2048)
[DEBUG layer 3] hidden: nan=0 inf=0 absmax=0.12  residual: nan=0 inf=0 absmax=0.42  shape=(1, 2048)
[DEBUG layer 4] hidden: nan=0 inf=0 absmax=0.05  residual: nan=0 inf=0 absmax=0.44  shape=(1, 2048)
[DEBUG layer 0] hidden: nan=0 inf=0 absmax=0.04  residual: nan=0 inf=0 absmax=0.28  shape=(1, 2048)
[DEBUG layer 1] hidden: nan=0 inf=0 absmax=0.10  residual: nan=0 inf=0 absmax=0.30  shape=(1, 2048)
[DEBUG layer 2] hidden: nan=0 inf=0 absmax=0.07  residual: nan=0 inf=0 absmax=0.40  shape=(1, 2048)
[DEBUG layer 3] hidden: nan=0 inf=0 absmax=0.14  residual: nan=0 inf=0 absmax=0.43  shape=(1, 2048)
[DEBUG layer 4] hidden: nan=0 inf=0 absmax=0.06  residual: nan=0 inf=0 absmax=0.33  shape=(1, 2048)
[DEBUG layer 0] hidden: nan=0 inf=0 absmax=0.08  residual: nan=0 inf=0 absmax=0.28  shape=(1, 2048)
[DEBUG layer 1] hidden: nan=0 inf=0 absmax=0.04  residual: nan=0 inf=0 absmax=0.31  shape=(1, 2048)
[DEBUG layer 2] hidden: nan=0 inf=0 absmax=0.06  residual: nan=0 inf=0 absmax=0.32  shape=(1, 2048)
[DEBUG layer 3] hidden: nan=0 inf=0 absmax=0.14  residual: nan=0 inf=0 absmax=0.40  shape=(1, 2048)
[DEBUG layer 4] hidden: nan=0 inf=0 absmax=0.14  residual: nan=0 inf=0 absmax=0.40  shape=(1, 2048)
[DEBUG layer 0] hidden: nan=0 inf=0 absmax=0.09  residual: nan=0 inf=0 absmax=0.25  shape=(1, 2048)
[DEBUG layer 1] hidden: nan=0 inf=0 absmax=0.04  residual: nan=0 inf=0 absmax=0.36  shape=(1, 2048)
[DEBUG layer 2] hidden: nan=0 inf=0 absmax=0.04  residual: nan=0 inf=0 absmax=0.40  shape=(1, 2048)
[DEBUG layer 3] hidden: nan=0 inf=0 absmax=0.09  residual: nan=0 inf=0 absmax=0.53  shape=(1, 2048)
[DEBUG layer 4] hidden: nan=0 inf=0 absmax=0.06  residual: nan=0 inf=0 absmax=0.57  shape=(1, 2048)
[DEBUG layer 0] hidden: nan=0 inf=0 absmax=0.82  residual: nan=0 inf=0 absmax=0.72  shape=(8, 4096)
[DEBUG layer 0] hidden: nan=0 inf=0 absmax=0.82  residual: nan=0 inf=0 absmax=0.72  shape=(8, 4096)
[DEBUG layer 1] hidden: nan=0 inf=0 absmax=0.33  residual: nan=0 inf=0 absmax=1.04  shape=(8, 4096)
[DEBUG layer 1] hidden: nan=0 inf=0 absmax=0.33  residual: nan=0 inf=0 absmax=1.04  shape=(8, 4096)
[DEBUG layer 2] hidden: nan=0 inf=0 absmax=0.43  residual: nan=0 inf=0 absmax=1.15  shape=(8, 4096)
[DEBUG layer 2] hidden: nan=0 inf=0 absmax=0.43  residual: nan=0 inf=0 absmax=1.15  shape=(8, 4096)
[DEBUG layer 3] hidden: nan=0 inf=0 absmax=1.37  residual: nan=0 inf=0 absmax=1.32  shape=(8, 4096)
[DEBUG layer 3] hidden: nan=0 inf=0 absmax=1.37  residual: nan=0 inf=0 absmax=1.32  shape=(8, 4096)
[DEBUG layer 4] hidden: nan=0 inf=0 absmax=2.07  residual: nan=0 inf=0 absmax=1.31  shape=(8, 4096)
[DEBUG layer 4] hidden: nan=0 inf=0 absmax=2.07  residual: nan=0 inf=0 absmax=1.31  shape=(8, 4096)
[DEBUG verify] logits_p shape=(1, 8, 32000) inf=0 nan=0 max=12.89 min=-20.78
[DEBUG layer 0] hidden: nan=0 inf=0 absmax=0.09  residual: nan=0 inf=0 absmax=0.27  shape=(1, 2048)
[DEBUG layer 1] hidden: nan=0 inf=0 absmax=0.06  residual: nan=0 inf=0 absmax=0.29  shape=(1, 2048)
[DEBUG layer 2] hidden: nan=0 inf=0 absmax=0.07  residual: nan=0 inf=0 absmax=0.25  shape=(1, 2048)
[DEBUG layer 3] hidden: nan=0 inf=0 absmax=0.15  residual: nan=0 inf=0 absmax=0.31  shape=(1, 2048)
[DEBUG layer 4] hidden: nan=0 inf=0 absmax=0.14  residual: nan=0 inf=0 absmax=0.36  shape=(1, 2048)
[DEBUG layer 0] hidden: nan=0 inf=0 absmax=0.07  residual: nan=0 inf=0 absmax=0.25  shape=(1, 2048)
[DEBUG layer 1] hidden: nan=0 inf=0 absmax=0.05  residual: nan=0 inf=0 absmax=0.23  shape=(1, 2048)
[DEBUG layer 2] hidden: nan=0 inf=0 absmax=0.07  residual: nan=0 inf=0 absmax=0.15  shape=(1, 2048)
[DEBUG layer 3] hidden: nan=0 inf=0 absmax=0.07  residual: nan=0 inf=0 absmax=0.26  shape=(1, 2048)
[DEBUG layer 4] hidden: nan=0 inf=0 absmax=0.08  residual: nan=0 inf=0 absmax=0.32  shape=(1, 2048)
[DEBUG layer 0] hidden: nan=0 inf=0 absmax=0.03  residual: nan=0 inf=0 absmax=0.30  shape=(1, 2048)
[DEBUG layer 1] hidden: nan=0 inf=0 absmax=0.07  residual: nan=0 inf=0 absmax=0.32  shape=(1, 2048)
[DEBUG layer 2] hidden: nan=0 inf=0 absmax=0.08  residual: nan=0 inf=0 absmax=0.36  shape=(1, 2048)
[DEBUG layer 3] hidden: nan=0 inf=0 absmax=0.07  residual: nan=0 inf=0 absmax=0.41  shape=(1, 2048)
[DEBUG layer 4] hidden: nan=0 inf=0 absmax=0.04  residual: nan=0 inf=0 absmax=0.45  shape=(1, 2048)
[DEBUG layer 0] hidden: nan=0 inf=0 absmax=0.27  residual: nan=0 inf=0 absmax=0.29  shape=(1, 2048)
[DEBUG layer 1] hidden: nan=0 inf=0 absmax=0.05  residual: nan=0 inf=0 absmax=0.54  shape=(1, 2048)
[DEBUG layer 2] hidden: nan=0 inf=0 absmax=0.24  residual: nan=0 inf=0 absmax=0.68  shape=(1, 2048)
[DEBUG layer 3] hidden: nan=0 inf=0 absmax=0.14  residual: nan=0 inf=0 absmax=0.54  shape=(1, 2048)
[DEBUG layer 4] hidden: nan=0 inf=0 absmax=0.08  residual: nan=0 inf=0 absmax=0.57  shape=(1, 2048)
[DEBUG layer 0] hidden: nan=0 inf=0 absmax=0.11  residual: nan=0 inf=0 absmax=0.34  shape=(1, 2048)
[DEBUG layer 1] hidden: nan=0 inf=0 absmax=0.08  residual: nan=0 inf=0 absmax=0.22  shape=(1, 2048)
[DEBUG layer 2] hidden: nan=0 inf=0 absmax=0.16  residual: nan=0 inf=0 absmax=0.39  shape=(1, 2048)
[DEBUG layer 3] hidden: nan=0 inf=0 absmax=0.18  residual: nan=0 inf=0 absmax=0.29  shape=(1, 2048)
[DEBUG layer 4] hidden: nan=0 inf=0 absmax=0.06  residual: nan=0 inf=0 absmax=0.21  shape=(1, 2048)
[DEBUG layer 0] hidden: nan=0 inf=0 absmax=0.15  residual: nan=0 inf=0 absmax=0.31  shape=(1, 2048)
[DEBUG layer 1] hidden: nan=0 inf=0 absmax=0.09  residual: nan=0 inf=0 absmax=0.18  shape=(1, 2048)
[DEBUG layer 2] hidden: nan=0 inf=0 absmax=0.08  residual: nan=0 inf=0 absmax=0.25  shape=(1, 2048)
[DEBUG layer 3] hidden: nan=0 inf=0 absmax=0.10  residual: nan=0 inf=0 absmax=0.19  shape=(1, 2048)
[DEBUG layer 4] hidden: nan=0 inf=0 absmax=0.07  residual: nan=0 inf=0 absmax=0.20  shape=(1, 2048)
[DEBUG layer 0] hidden: nan=0 inf=0 absmax=0.04  residual: nan=0 inf=0 absmax=0.29  shape=(1, 2048)
[DEBUG layer 1] hidden: nan=0 inf=0 absmax=0.02  residual: nan=0 inf=0 absmax=0.34  shape=(1, 2048)
[DEBUG layer 2] hidden: nan=0 inf=0 absmax=0.09  residual: nan=0 inf=0 absmax=0.40  shape=(1, 2048)
[DEBUG layer 3] hidden: nan=0 inf=0 absmax=0.06  residual: nan=0 inf=0 absmax=0.38  shape=(1, 2048)
[DEBUG layer 4] hidden: nan=0 inf=0 absmax=0.06  residual: nan=0 inf=0 absmax=0.43  shape=(1, 2048)
[DEBUG layer 0] hidden: nan=0 inf=0 absmax=0.26  residual: nan=0 inf=0 absmax=0.07  shape=(1, 2048)
[DEBUG layer 1] hidden: nan=0 inf=0 absmax=0.11  residual: nan=0 inf=0 absmax=0.32  shape=(1, 2048)
[DEBUG layer 2] hidden: nan=0 inf=0 absmax=0.20  residual: nan=0 inf=0 absmax=0.52  shape=(1, 2048)
[DEBUG layer 3] hidden: nan=0 inf=0 absmax=0.14  residual: nan=0 inf=0 absmax=0.41  shape=(1, 2048)
[DEBUG layer 4] hidden: nan=0 inf=0 absmax=0.07  residual: nan=0 inf=0 absmax=0.43  shape=(1, 2048)
[DEBUG layer 0] hidden: nan=0 inf=0 absmax=0.68  residual: nan=0 inf=0 absmax=0.71  shape=(8, 4096)
[DEBUG layer 0] hidden: nan=0 inf=0 absmax=0.68  residual: nan=0 inf=0 absmax=0.71  shape=(8, 4096)
[DEBUG layer 1] hidden: nan=0 inf=0 absmax=0.31  residual: nan=0 inf=0 absmax=1.00  shape=(8, 4096)
[DEBUG layer 1] hidden: nan=0 inf=0 absmax=0.31  residual: nan=0 inf=0 absmax=1.00  shape=(8, 4096)
[DEBUG layer 2] hidden: nan=0 inf=0 absmax=0.58  residual: nan=0 inf=0 absmax=1.48  shape=(8, 4096)
[DEBUG layer 2] hidden: nan=0 inf=0 absmax=0.58  residual: nan=0 inf=0 absmax=1.48  shape=(8, 4096)
[DEBUG layer 3] hidden: nan=0 inf=0 absmax=1.40  residual: nan=0 inf=0 absmax=1.37  shape=(8, 4096)
[DEBUG layer 3] hidden: nan=0 inf=0 absmax=1.40  residual: nan=0 inf=0 absmax=1.37  shape=(8, 4096)
[DEBUG layer 4] hidden: nan=0 inf=0 absmax=1.71  residual: nan=0 inf=0 absmax=1.38  shape=(8, 4096)
[DEBUG layer 4] hidden: nan=0 inf=0 absmax=1.71  residual: nan=0 inf=0 absmax=1.38  shape=(8, 4096)
[DEBUG verify] logits_p shape=(1, 8, 32000) inf=0 nan=0 max=19.48 min=-19.42
[DEBUG layer 0] hidden: nan=0 inf=0 absmax=0.17  residual: nan=0 inf=0 absmax=0.35  shape=(1, 2048)
[DEBUG layer 1] hidden: nan=0 inf=0 absmax=0.05  residual: nan=0 inf=0 absmax=0.47  shape=(1, 2048)
[DEBUG layer 2] hidden: nan=0 inf=0 absmax=0.13  residual: nan=0 inf=0 absmax=0.50  shape=(1, 2048)
[DEBUG layer 3] hidden: nan=0 inf=0 absmax=0.12  residual: nan=0 inf=0 absmax=0.42  shape=(1, 2048)
[DEBUG layer 4] hidden: nan=0 inf=0 absmax=0.14  residual: nan=0 inf=0 absmax=0.40  shape=(1, 2048)
[DEBUG layer 0] hidden: nan=0 inf=0 absmax=0.11  residual: nan=0 inf=0 absmax=0.34  shape=(1, 2048)
[DEBUG layer 1] hidden: nan=0 inf=0 absmax=0.08  residual: nan=0 inf=0 absmax=0.21  shape=(1, 2048)
[DEBUG layer 2] hidden: nan=0 inf=0 absmax=0.12  residual: nan=0 inf=0 absmax=0.35  shape=(1, 2048)
[DEBUG layer 3] hidden: nan=0 inf=0 absmax=0.18  residual: nan=0 inf=0 absmax=0.29  shape=(1, 2048)
[DEBUG layer 4] hidden: nan=0 inf=0 absmax=0.07  residual: nan=0 inf=0 absmax=0.24  shape=(1, 2048)
[DEBUG layer 0] hidden: nan=0 inf=0 absmax=0.13  residual: nan=0 inf=0 absmax=0.20  shape=(1, 2048)
[DEBUG layer 1] hidden: nan=0 inf=0 absmax=0.03  residual: nan=0 inf=0 absmax=0.21  shape=(1, 2048)
[DEBUG layer 2] hidden: nan=0 inf=0 absmax=0.12  residual: nan=0 inf=0 absmax=0.25  shape=(1, 2048)
[DEBUG layer 3] hidden: nan=0 inf=0 absmax=0.16  residual: nan=0 inf=0 absmax=0.24  shape=(1, 2048)
[DEBUG layer 4] hidden: nan=0 inf=0 absmax=0.08  residual: nan=0 inf=0 absmax=0.24  shape=(1, 2048)
[DEBUG layer 0] hidden: nan=0 inf=0 absmax=0.05  residual: nan=0 inf=0 absmax=0.24  shape=(1, 2048)
[DEBUG layer 1] hidden: nan=0 inf=0 absmax=0.05  residual: nan=0 inf=0 absmax=0.22  shape=(1, 2048)
[DEBUG layer 2] hidden: nan=0 inf=0 absmax=0.07  residual: nan=0 inf=0 absmax=0.27  shape=(1, 2048)
[DEBUG layer 3] hidden: nan=0 inf=0 absmax=0.06  residual: nan=0 inf=0 absmax=0.22  shape=(1, 2048)
[DEBUG layer 4] hidden: nan=0 inf=0 absmax=0.06  residual: nan=0 inf=0 absmax=0.21  shape=(1, 2048)
[DEBUG layer 0] hidden: nan=0 inf=0 absmax=0.05  residual: nan=0 inf=0 absmax=0.28  shape=(1, 2048)
[DEBUG layer 1] hidden: nan=0 inf=0 absmax=0.02  residual: nan=0 inf=0 absmax=0.34  shape=(1, 2048)
[DEBUG layer 2] hidden: nan=0 inf=0 absmax=0.09  residual: nan=0 inf=0 absmax=0.34  shape=(1, 2048)
[DEBUG layer 3] hidden: nan=0 inf=0 absmax=0.12  residual: nan=0 inf=0 absmax=0.37  shape=(1, 2048)
[DEBUG layer 4] hidden: nan=0 inf=0 absmax=0.05  residual: nan=0 inf=0 absmax=0.33  shape=(1, 2048)
[DEBUG layer 0] hidden: nan=0 inf=0 absmax=0.26  residual: nan=0 inf=0 absmax=0.07  shape=(1, 2048)
[DEBUG layer 1] hidden: nan=0 inf=0 absmax=0.12  residual: nan=0 inf=0 absmax=0.32  shape=(1, 2048)
[DEBUG layer 2] hidden: nan=0 inf=0 absmax=0.19  residual: nan=0 inf=0 absmax=0.54  shape=(1, 2048)
[DEBUG layer 3] hidden: nan=0 inf=0 absmax=0.14  residual: nan=0 inf=0 absmax=0.41  shape=(1, 2048)
[DEBUG layer 4] hidden: nan=0 inf=0 absmax=0.07  residual: nan=0 inf=0 absmax=0.43  shape=(1, 2048)
[DEBUG layer 0] hidden: nan=0 inf=0 absmax=0.03  residual: nan=0 inf=0 absmax=0.28  shape=(1, 2048)
[DEBUG layer 1] hidden: nan=0 inf=0 absmax=0.08  residual: nan=0 inf=0 absmax=0.27  shape=(1, 2048)
[DEBUG layer 2] hidden: nan=0 inf=0 absmax=0.12  residual: nan=0 inf=0 absmax=0.32  shape=(1, 2048)
[DEBUG layer 3] hidden: nan=0 inf=0 absmax=0.18  residual: nan=0 inf=0 absmax=0.19  shape=(1, 2048)
[DEBUG layer 4] hidden: nan=0 inf=0 absmax=0.07  residual: nan=0 inf=0 absmax=0.28  shape=(1, 2048)
[DEBUG layer 0] hidden: nan=0 inf=0 absmax=0.19  residual: nan=0 inf=0 absmax=0.34  shape=(1, 2048)
[DEBUG layer 1] hidden: nan=0 inf=0 absmax=0.04  residual: nan=0 inf=0 absmax=0.52  shape=(1, 2048)
[DEBUG layer 2] hidden: nan=0 inf=0 absmax=0.16  residual: nan=0 inf=0 absmax=0.49  shape=(1, 2048)
[DEBUG layer 3] hidden: nan=0 inf=0 absmax=0.10  residual: nan=0 inf=0 absmax=0.37  shape=(1, 2048)
[DEBUG layer 4] hidden: nan=0 inf=0 absmax=0.07  residual: nan=0 inf=0 absmax=0.36  shape=(1, 2048)
[DEBUG layer 0] hidden: nan=0 inf=0 absmax=0.56  residual: nan=0 inf=0 absmax=0.76  shape=(8, 4096)
[DEBUG layer 0] hidden: nan=0 inf=0 absmax=0.56  residual: nan=0 inf=0 absmax=0.76  shape=(8, 4096)
[DEBUG layer 1] hidden: nan=0 inf=0 absmax=0.35  residual: nan=0 inf=0 absmax=1.06  shape=(8, 4096)
[DEBUG layer 1] hidden: nan=0 inf=0 absmax=0.35  residual: nan=0 inf=0 absmax=1.06  shape=(8, 4096)
[DEBUG layer 2] hidden: nan=0 inf=0 absmax=0.67  residual: nan=0 inf=0 absmax=1.30  shape=(8, 4096)
[DEBUG layer 2] hidden: nan=0 inf=0 absmax=0.67  residual: nan=0 inf=0 absmax=1.30  shape=(8, 4096)
[DEBUG layer 3] hidden: nan=0 inf=0 absmax=1.74  residual: nan=0 inf=0 absmax=1.67  shape=(8, 4096)
[DEBUG layer 3] hidden: nan=0 inf=0 absmax=1.74  residual: nan=0 inf=0 absmax=1.67  shape=(8, 4096)
[DEBUG layer 4] hidden: nan=0 inf=0 absmax=1.81  residual: nan=0 inf=0 absmax=1.49  shape=(8, 4096)
[DEBUG layer 4] hidden: nan=0 inf=0 absmax=1.81  residual: nan=0 inf=0 absmax=1.49  shape=(8, 4096)
[DEBUG verify] logits_p shape=(1, 8, 32000) inf=0 nan=0 max=23.95 min=-16.62
[DEBUG layer 0] hidden: nan=0 inf=0 absmax=0.12  residual: nan=0 inf=0 absmax=0.37  shape=(1, 2048)
[DEBUG layer 1] hidden: nan=0 inf=0 absmax=0.09  residual: nan=0 inf=0 absmax=0.21  shape=(1, 2048)
[DEBUG layer 2] hidden: nan=0 inf=0 absmax=0.04  residual: nan=0 inf=0 absmax=0.31  shape=(1, 2048)
[DEBUG layer 3] hidden: nan=0 inf=0 absmax=0.20  residual: nan=0 inf=0 absmax=0.37  shape=(1, 2048)
[DEBUG layer 4] hidden: nan=0 inf=0 absmax=0.11  residual: nan=0 inf=0 absmax=0.35  shape=(1, 2048)
[DEBUG layer 0] hidden: nan=0 inf=0 absmax=0.06  residual: nan=0 inf=0 absmax=0.25  shape=(1, 2048)
[DEBUG layer 1] hidden: nan=0 inf=0 absmax=0.04  residual: nan=0 inf=0 absmax=0.33  shape=(1, 2048)
[DEBUG layer 2] hidden: nan=0 inf=0 absmax=0.15  residual: nan=0 inf=0 absmax=0.41  shape=(1, 2048)
[DEBUG layer 3] hidden: nan=0 inf=0 absmax=0.13  residual: nan=0 inf=0 absmax=0.42  shape=(1, 2048)
[DEBUG layer 4] hidden: nan=0 inf=0 absmax=0.05  residual: nan=0 inf=0 absmax=0.40  shape=(1, 2048)
[DEBUG layer 0] hidden: nan=0 inf=0 absmax=0.08  residual: nan=0 inf=0 absmax=0.24  shape=(1, 2048)
[DEBUG layer 1] hidden: nan=0 inf=0 absmax=0.05  residual: nan=0 inf=0 absmax=0.35  shape=(1, 2048)
[DEBUG layer 2] hidden: nan=0 inf=0 absmax=0.12  residual: nan=0 inf=0 absmax=0.42  shape=(1, 2048)
[DEBUG layer 3] hidden: nan=0 inf=0 absmax=0.12  residual: nan=0 inf=0 absmax=0.38  shape=(1, 2048)
[DEBUG layer 4] hidden: nan=0 inf=0 absmax=0.08  residual: nan=0 inf=0 absmax=0.37  shape=(1, 2048)
[DEBUG layer 0] hidden: nan=0 inf=0 absmax=0.09  residual: nan=0 inf=0 absmax=0.18  shape=(1, 2048)
[DEBUG layer 1] hidden: nan=0 inf=0 absmax=0.05  residual: nan=0 inf=0 absmax=0.21  shape=(1, 2048)
[DEBUG layer 2] hidden: nan=0 inf=0 absmax=0.17  residual: nan=0 inf=0 absmax=0.29  shape=(1, 2048)
[DEBUG layer 3] hidden: nan=0 inf=0 absmax=0.16  residual: nan=0 inf=0 absmax=0.25  shape=(1, 2048)
[DEBUG layer 4] hidden: nan=0 inf=0 absmax=0.07  residual: nan=0 inf=0 absmax=0.26  shape=(1, 2048)
[DEBUG layer 0] hidden: nan=0 inf=0 absmax=0.08  residual: nan=0 inf=0 absmax=0.19  shape=(1, 2048)
[DEBUG layer 1] hidden: nan=0 inf=0 absmax=0.07  residual: nan=0 inf=0 absmax=0.25  shape=(1, 2048)
[DEBUG layer 2] hidden: nan=0 inf=0 absmax=0.09  residual: nan=0 inf=0 absmax=0.30  shape=(1, 2048)
[DEBUG layer 3] hidden: nan=0 inf=0 absmax=0.11  residual: nan=0 inf=0 absmax=0.34  shape=(1, 2048)
[DEBUG layer 4] hidden: nan=0 inf=0 absmax=0.10  residual: nan=0 inf=0 absmax=0.33  shape=(1, 2048)
[DEBUG layer 0] hidden: nan=0 inf=0 absmax=0.07  residual: nan=0 inf=0 absmax=0.24  shape=(1, 2048)
[DEBUG layer 1] hidden: nan=0 inf=0 absmax=0.04  residual: nan=0 inf=0 absmax=0.32  shape=(1, 2048)
[DEBUG layer 2] hidden: nan=0 inf=0 absmax=0.05  residual: nan=0 inf=0 absmax=0.32  shape=(1, 2048)
[DEBUG layer 3] hidden: nan=0 inf=0 absmax=0.12  residual: nan=0 inf=0 absmax=0.42  shape=(1, 2048)
[DEBUG layer 4] hidden: nan=0 inf=0 absmax=0.10  residual: nan=0 inf=0 absmax=0.39  shape=(1, 2048)
[DEBUG layer 0] hidden: nan=0 inf=0 absmax=0.03  residual: nan=0 inf=0 absmax=0.29  shape=(1, 2048)
[DEBUG layer 1] hidden: nan=0 inf=0 absmax=0.03  residual: nan=0 inf=0 absmax=0.31  shape=(1, 2048)
[DEBUG layer 2] hidden: nan=0 inf=0 absmax=0.05  residual: nan=0 inf=0 absmax=0.27  shape=(1, 2048)
[DEBUG layer 3] hidden: nan=0 inf=0 absmax=0.10  residual: nan=0 inf=0 absmax=0.33  shape=(1, 2048)
[DEBUG layer 4] hidden: nan=0 inf=0 absmax=0.07  residual: nan=0 inf=0 absmax=0.39  shape=(1, 2048)
[DEBUG layer 0] hidden: nan=0 inf=0 absmax=0.09  residual: nan=0 inf=0 absmax=0.28  shape=(1, 2048)
[DEBUG layer 1] hidden: nan=0 inf=0 absmax=0.05  residual: nan=0 inf=0 absmax=0.39  shape=(1, 2048)
[DEBUG layer 2] hidden: nan=0 inf=0 absmax=0.03  residual: nan=0 inf=0 absmax=0.46  shape=(1, 2048)
[DEBUG layer 3] hidden: nan=0 inf=0 absmax=0.12  residual: nan=0 inf=0 absmax=0.56  shape=(1, 2048)
[DEBUG layer 4] hidden: nan=0 inf=0 absmax=0.05  residual: nan=0 inf=0 absmax=0.54  shape=(1, 2048)
[DEBUG layer 0] hidden: nan=0 inf=0 absmax=0.44  residual: nan=0 inf=0 absmax=0.76  shape=(8, 4096)
[DEBUG layer 0] hidden: nan=0 inf=0 absmax=0.44  residual: nan=0 inf=0 absmax=0.76  shape=(8, 4096)
[DEBUG layer 1] hidden: nan=0 inf=0 absmax=0.41  residual: nan=0 inf=0 absmax=1.04  shape=(8, 4096)
[DEBUG layer 1] hidden: nan=0 inf=0 absmax=0.41  residual: nan=0 inf=0 absmax=1.04  shape=(8, 4096)
[DEBUG layer 2] hidden: nan=0 inf=0 absmax=0.60  residual: nan=0 inf=0 absmax=1.41  shape=(8, 4096)
[DEBUG layer 2] hidden: nan=0 inf=0 absmax=0.60  residual: nan=0 inf=0 absmax=1.41  shape=(8, 4096)
[DEBUG layer 3] hidden: nan=0 inf=0 absmax=1.52  residual: nan=0 inf=0 absmax=1.96  shape=(8, 4096)
[DEBUG layer 3] hidden: nan=0 inf=0 absmax=1.52  residual: nan=0 inf=0 absmax=1.96  shape=(8, 4096)
[DEBUG layer 4] hidden: nan=0 inf=0 absmax=1.70  residual: nan=0 inf=0 absmax=1.69  shape=(8, 4096)
[DEBUG layer 4] hidden: nan=0 inf=0 absmax=1.70  residual: nan=0 inf=0 absmax=1.69  shape=(8, 4096)
[DEBUG verify] logits_p shape=(1, 8, 32000) inf=0 nan=0 max=21.28 min=-19.17
[DEBUG layer 0] hidden: nan=0 inf=0 absmax=0.09  residual: nan=0 inf=0 absmax=0.24  shape=(1, 2048)
[DEBUG layer 1] hidden: nan=0 inf=0 absmax=0.05  residual: nan=0 inf=0 absmax=0.33  shape=(1, 2048)
[DEBUG layer 2] hidden: nan=0 inf=0 absmax=0.15  residual: nan=0 inf=0 absmax=0.42  shape=(1, 2048)
[DEBUG layer 3] hidden: nan=0 inf=0 absmax=0.18  residual: nan=0 inf=0 absmax=0.44  shape=(1, 2048)
[DEBUG layer 4] hidden: nan=0 inf=0 absmax=0.05  residual: nan=0 inf=0 absmax=0.34  shape=(1, 2048)
[DEBUG layer 0] hidden: nan=0 inf=0 absmax=0.03  residual: nan=0 inf=0 absmax=0.21  shape=(1, 2048)
[DEBUG layer 1] hidden: nan=0 inf=0 absmax=0.06  residual: nan=0 inf=0 absmax=0.26  shape=(1, 2048)
[DEBUG layer 2] hidden: nan=0 inf=0 absmax=0.05  residual: nan=0 inf=0 absmax=0.27  shape=(1, 2048)
[DEBUG layer 3] hidden: nan=0 inf=0 absmax=0.09  residual: nan=0 inf=0 absmax=0.36  shape=(1, 2048)
[DEBUG layer 4] hidden: nan=0 inf=0 absmax=0.04  residual: nan=0 inf=0 absmax=0.36  shape=(1, 2048)
[DEBUG layer 0] hidden: nan=0 inf=0 absmax=0.24  residual: nan=0 inf=0 absmax=0.17  shape=(1, 2048)
[DEBUG layer 1] hidden: nan=0 inf=0 absmax=0.12  residual: nan=0 inf=0 absmax=0.42  shape=(1, 2048)
[DEBUG layer 2] hidden: nan=0 inf=0 absmax=0.14  residual: nan=0 inf=0 absmax=0.59  shape=(1, 2048)
[DEBUG layer 3] hidden: nan=0 inf=0 absmax=0.19  residual: nan=0 inf=0 absmax=0.54  shape=(1, 2048)
[DEBUG layer 4] hidden: nan=0 inf=0 absmax=0.05  residual: nan=0 inf=0 absmax=0.52  shape=(1, 2048)
[DEBUG layer 0] hidden: nan=0 inf=0 absmax=0.04  residual: nan=0 inf=0 absmax=0.28  shape=(1, 2048)
[DEBUG layer 1] hidden: nan=0 inf=0 absmax=0.13  residual: nan=0 inf=0 absmax=0.27  shape=(1, 2048)
[DEBUG layer 2] hidden: nan=0 inf=0 absmax=0.05  residual: nan=0 inf=0 absmax=0.33  shape=(1, 2048)
[DEBUG layer 3] hidden: nan=0 inf=0 absmax=0.11  residual: nan=0 inf=0 absmax=0.35  shape=(1, 2048)
[DEBUG layer 4] hidden: nan=0 inf=0 absmax=0.08  residual: nan=0 inf=0 absmax=0.37  shape=(1, 2048)
[DEBUG layer 0] hidden: nan=0 inf=0 absmax=0.04  residual: nan=0 inf=0 absmax=0.31  shape=(1, 2048)
[DEBUG layer 1] hidden: nan=0 inf=0 absmax=0.04  residual: nan=0 inf=0 absmax=0.35  shape=(1, 2048)
[DEBUG layer 2] hidden: nan=0 inf=0 absmax=0.06  residual: nan=0 inf=0 absmax=0.30  shape=(1, 2048)
[DEBUG layer 3] hidden: nan=0 inf=0 absmax=0.07  residual: nan=0 inf=0 absmax=0.29  shape=(1, 2048)
[DEBUG layer 4] hidden: nan=0 inf=0 absmax=0.07  residual: nan=0 inf=0 absmax=0.30  shape=(1, 2048)
[DEBUG layer 0] hidden: nan=0 inf=0 absmax=0.14  residual: nan=0 inf=0 absmax=0.17  shape=(1, 2048)
[DEBUG layer 1] hidden: nan=0 inf=0 absmax=0.03  residual: nan=0 inf=0 absmax=0.33  shape=(1, 2048)
[DEBUG layer 2] hidden: nan=0 inf=0 absmax=0.05  residual: nan=0 inf=0 absmax=0.41  shape=(1, 2048)
[DEBUG layer 3] hidden: nan=0 inf=0 absmax=0.12  residual: nan=0 inf=0 absmax=0.45  shape=(1, 2048)
[DEBUG layer 4] hidden: nan=0 inf=0 absmax=0.14  residual: nan=0 inf=0 absmax=0.43  shape=(1, 2048)
[DEBUG layer 0] hidden: nan=0 inf=0 absmax=0.03  residual: nan=0 inf=0 absmax=0.29  shape=(1, 2048)
[DEBUG layer 1] hidden: nan=0 inf=0 absmax=0.06  residual: nan=0 inf=0 absmax=0.30  shape=(1, 2048)
[DEBUG layer 2] hidden: nan=0 inf=0 absmax=0.07  residual: nan=0 inf=0 absmax=0.39  shape=(1, 2048)
[DEBUG layer 3] hidden: nan=0 inf=0 absmax=0.13  residual: nan=0 inf=0 absmax=0.44  shape=(1, 2048)
[DEBUG layer 4] hidden: nan=0 inf=0 absmax=0.06  residual: nan=0 inf=0 absmax=0.44  shape=(1, 2048)
[DEBUG layer 0] hidden: nan=0 inf=0 absmax=0.05  residual: nan=0 inf=0 absmax=0.30  shape=(1, 2048)
[DEBUG layer 1] hidden: nan=0 inf=0 absmax=0.05  residual: nan=0 inf=0 absmax=0.38  shape=(1, 2048)
[DEBUG layer 2] hidden: nan=0 inf=0 absmax=0.09  residual: nan=0 inf=0 absmax=0.44  shape=(1, 2048)
[DEBUG layer 3] hidden: nan=0 inf=0 absmax=0.09  residual: nan=0 inf=0 absmax=0.36  shape=(1, 2048)
[DEBUG layer 4] hidden: nan=0 inf=0 absmax=0.07  residual: nan=0 inf=0 absmax=0.48  shape=(1, 2048)
[DEBUG layer 0] hidden: nan=0 inf=0 absmax=0.78  residual: nan=0 inf=0 absmax=0.72  shape=(8, 4096)
[DEBUG layer 0] hidden: nan=0 inf=0 absmax=0.78  residual: nan=0 inf=0 absmax=0.72  shape=(8, 4096)
[DEBUG layer 1] hidden: nan=0 inf=0 absmax=0.37  residual: nan=0 inf=0 absmax=1.05  shape=(8, 4096)
[DEBUG layer 1] hidden: nan=0 inf=0 absmax=0.37  residual: nan=0 inf=0 absmax=1.05  shape=(8, 4096)
[DEBUG layer 2] hidden: nan=0 inf=0 absmax=0.68  residual: nan=0 inf=0 absmax=1.12  shape=(8, 4096)
[DEBUG layer 2] hidden: nan=0 inf=0 absmax=0.68  residual: nan=0 inf=0 absmax=1.12  shape=(8, 4096)
[DEBUG layer 3] hidden: nan=0 inf=0 absmax=1.57  residual: nan=0 inf=0 absmax=1.31  shape=(8, 4096)
[DEBUG layer 3] hidden: nan=0 inf=0 absmax=1.57  residual: nan=0 inf=0 absmax=1.31  shape=(8, 4096)
[DEBUG layer 4] hidden: nan=0 inf=0 absmax=2.06  residual: nan=0 inf=0 absmax=1.43  shape=(8, 4096)
[DEBUG layer 4] hidden: nan=0 inf=0 absmax=2.06  residual: nan=0 inf=0 absmax=1.43  shape=(8, 4096)
[DEBUG verify] logits_p shape=(1, 8, 32000) inf=0 nan=0 max=11.95 min=-18.89
[DEBUG layer 0] hidden: nan=0 inf=0 absmax=0.20  residual: nan=0 inf=0 absmax=0.22  shape=(1, 2048)
[DEBUG layer 1] hidden: nan=0 inf=0 absmax=0.11  residual: nan=0 inf=0 absmax=0.44  shape=(1, 2048)
[DEBUG layer 2] hidden: nan=0 inf=0 absmax=0.09  residual: nan=0 inf=0 absmax=0.56  shape=(1, 2048)
[DEBUG layer 3] hidden: nan=0 inf=0 absmax=0.11  residual: nan=0 inf=0 absmax=0.55  shape=(1, 2048)
[DEBUG layer 4] hidden: nan=0 inf=0 absmax=0.06  residual: nan=0 inf=0 absmax=0.58  shape=(1, 2048)
[DEBUG layer 0] hidden: nan=0 inf=0 absmax=0.06  residual: nan=0 inf=0 absmax=0.24  shape=(1, 2048)
[DEBUG layer 1] hidden: nan=0 inf=0 absmax=0.07  residual: nan=0 inf=0 absmax=0.30  shape=(1, 2048)
[DEBUG layer 2] hidden: nan=0 inf=0 absmax=0.07  residual: nan=0 inf=0 absmax=0.38  shape=(1, 2048)
[DEBUG layer 3] hidden: nan=0 inf=0 absmax=0.14  residual: nan=0 inf=0 absmax=0.39  shape=(1, 2048)
[DEBUG layer 4] hidden: nan=0 inf=0 absmax=0.06  residual: nan=0 inf=0 absmax=0.42  shape=(1, 2048)
[DEBUG layer 0] hidden: nan=0 inf=0 absmax=0.17  residual: nan=0 inf=0 absmax=0.35  shape=(1, 2048)
[DEBUG layer 1] hidden: nan=0 inf=0 absmax=0.04  residual: nan=0 inf=0 absmax=0.47  shape=(1, 2048)
[DEBUG layer 2] hidden: nan=0 inf=0 absmax=0.12  residual: nan=0 inf=0 absmax=0.48  shape=(1, 2048)
[DEBUG layer 3] hidden: nan=0 inf=0 absmax=0.12  residual: nan=0 inf=0 absmax=0.40  shape=(1, 2048)
[DEBUG layer 4] hidden: nan=0 inf=0 absmax=0.17  residual: nan=0 inf=0 absmax=0.44  shape=(1, 2048)
[DEBUG layer 0] hidden: nan=0 inf=0 absmax=0.11  residual: nan=0 inf=0 absmax=0.35  shape=(1, 2048)
[DEBUG layer 1] hidden: nan=0 inf=0 absmax=0.08  residual: nan=0 inf=0 absmax=0.22  shape=(1, 2048)
[DEBUG layer 2] hidden: nan=0 inf=0 absmax=0.13  residual: nan=0 inf=0 absmax=0.36  shape=(1, 2048)
[DEBUG layer 3] hidden: nan=0 inf=0 absmax=0.18  residual: nan=0 inf=0 absmax=0.28  shape=(1, 2048)
[DEBUG layer 4] hidden: nan=0 inf=0 absmax=0.07  residual: nan=0 inf=0 absmax=0.21  shape=(1, 2048)
[DEBUG layer 0] hidden: nan=0 inf=0 absmax=0.14  residual: nan=0 inf=0 absmax=0.20  shape=(1, 2048)
[DEBUG layer 1] hidden: nan=0 inf=0 absmax=0.03  residual: nan=0 inf=0 absmax=0.21  shape=(1, 2048)
[DEBUG layer 2] hidden: nan=0 inf=0 absmax=0.11  residual: nan=0 inf=0 absmax=0.24  shape=(1, 2048)
[DEBUG layer 3] hidden: nan=0 inf=0 absmax=0.16  residual: nan=0 inf=0 absmax=0.21  shape=(1, 2048)
[DEBUG layer 4] hidden: nan=0 inf=0 absmax=0.08  residual: nan=0 inf=0 absmax=0.23  shape=(1, 2048)
[DEBUG layer 0] hidden: nan=0 inf=0 absmax=0.05  residual: nan=0 inf=0 absmax=0.24  shape=(1, 2048)
[DEBUG layer 1] hidden: nan=0 inf=0 absmax=0.05  residual: nan=0 inf=0 absmax=0.23  shape=(1, 2048)
[DEBUG layer 2] hidden: nan=0 inf=0 absmax=0.08  residual: nan=0 inf=0 absmax=0.28  shape=(1, 2048)
[DEBUG layer 3] hidden: nan=0 inf=0 absmax=0.06  residual: nan=0 inf=0 absmax=0.23  shape=(1, 2048)
[DEBUG layer 4] hidden: nan=0 inf=0 absmax=0.06  residual: nan=0 inf=0 absmax=0.23  shape=(1, 2048)
[DEBUG layer 0] hidden: nan=0 inf=0 absmax=0.04  residual: nan=0 inf=0 absmax=0.28  shape=(1, 2048)
[DEBUG layer 1] hidden: nan=0 inf=0 absmax=0.02  residual: nan=0 inf=0 absmax=0.34  shape=(1, 2048)
[DEBUG layer 2] hidden: nan=0 inf=0 absmax=0.09  residual: nan=0 inf=0 absmax=0.35  shape=(1, 2048)
[DEBUG layer 3] hidden: nan=0 inf=0 absmax=0.13  residual: nan=0 inf=0 absmax=0.35  shape=(1, 2048)
[DEBUG layer 4] hidden: nan=0 inf=0 absmax=0.06  residual: nan=0 inf=0 absmax=0.34  shape=(1, 2048)
[DEBUG layer 0] hidden: nan=0 inf=0 absmax=0.25  residual: nan=0 inf=0 absmax=0.07  shape=(1, 2048)
[DEBUG layer 1] hidden: nan=0 inf=0 absmax=0.11  residual: nan=0 inf=0 absmax=0.32  shape=(1, 2048)
[DEBUG layer 2] hidden: nan=0 inf=0 absmax=0.21  residual: nan=0 inf=0 absmax=0.56  shape=(1, 2048)
[DEBUG layer 3] hidden: nan=0 inf=0 absmax=0.14  residual: nan=0 inf=0 absmax=0.42  shape=(1, 2048)
[DEBUG layer 4] hidden: nan=0 inf=0 absmax=0.06  residual: nan=0 inf=0 absmax=0.47  shape=(1, 2048)
[DEBUG layer 0] hidden: nan=0 inf=0 absmax=0.63  residual: nan=0 inf=0 absmax=0.75  shape=(8, 4096)
[DEBUG layer 0] hidden: nan=0 inf=0 absmax=0.63  residual: nan=0 inf=0 absmax=0.75  shape=(8, 4096)
[DEBUG layer 1] hidden: nan=0 inf=0 absmax=0.37  residual: nan=0 inf=0 absmax=1.00  shape=(8, 4096)
[DEBUG layer 1] hidden: nan=0 inf=0 absmax=0.37  residual: nan=0 inf=0 absmax=1.00  shape=(8, 4096)
[DEBUG layer 2] hidden: nan=0 inf=0 absmax=0.63  residual: nan=0 inf=0 absmax=1.38  shape=(8, 4096)
[DEBUG layer 2] hidden: nan=0 inf=0 absmax=0.63  residual: nan=0 inf=0 absmax=1.38  shape=(8, 4096)
[DEBUG layer 3] hidden: nan=0 inf=0 absmax=1.65  residual: nan=0 inf=0 absmax=1.74  shape=(8, 4096)
[DEBUG layer 3] hidden: nan=0 inf=0 absmax=1.65  residual: nan=0 inf=0 absmax=1.74  shape=(8, 4096)
[DEBUG layer 4] hidden: nan=0 inf=0 absmax=1.83  residual: nan=0 inf=0 absmax=1.79  shape=(8, 4096)
[DEBUG layer 4] hidden: nan=0 inf=0 absmax=1.83  residual: nan=0 inf=0 absmax=1.79  shape=(8, 4096)
[DEBUG verify] logits_p shape=(1, 8, 32000) inf=0 nan=0 max=20.81 min=-18.25
[DEBUG layer 0] hidden: nan=0 inf=0 absmax=0.03  residual: nan=0 inf=0 absmax=0.28  shape=(1, 2048)
[DEBUG layer 1] hidden: nan=0 inf=0 absmax=0.08  residual: nan=0 inf=0 absmax=0.28  shape=(1, 2048)
[DEBUG layer 2] hidden: nan=0 inf=0 absmax=0.13  residual: nan=0 inf=0 absmax=0.34  shape=(1, 2048)
[DEBUG layer 3] hidden: nan=0 inf=0 absmax=0.17  residual: nan=0 inf=0 absmax=0.20  shape=(1, 2048)
[DEBUG layer 4] hidden: nan=0 inf=0 absmax=0.07  residual: nan=0 inf=0 absmax=0.26  shape=(1, 2048)
[DEBUG layer 0] hidden: nan=0 inf=0 absmax=0.19  residual: nan=0 inf=0 absmax=0.34  shape=(1, 2048)
[DEBUG layer 1] hidden: nan=0 inf=0 absmax=0.03  residual: nan=0 inf=0 absmax=0.52  shape=(1, 2048)
[DEBUG layer 2] hidden: nan=0 inf=0 absmax=0.16  residual: nan=0 inf=0 absmax=0.50  shape=(1, 2048)
[DEBUG layer 3] hidden: nan=0 inf=0 absmax=0.10  residual: nan=0 inf=0 absmax=0.39  shape=(1, 2048)
[DEBUG layer 4] hidden: nan=0 inf=0 absmax=0.07  residual: nan=0 inf=0 absmax=0.39  shape=(1, 2048)
[DEBUG layer 0] hidden: nan=0 inf=0 absmax=0.12  residual: nan=0 inf=0 absmax=0.37  shape=(1, 2048)
[DEBUG layer 1] hidden: nan=0 inf=0 absmax=0.09  residual: nan=0 inf=0 absmax=0.21  shape=(1, 2048)
[DEBUG layer 2] hidden: nan=0 inf=0 absmax=0.04  residual: nan=0 inf=0 absmax=0.31  shape=(1, 2048)
[DEBUG layer 3] hidden: nan=0 inf=0 absmax=0.21  residual: nan=0 inf=0 absmax=0.36  shape=(1, 2048)
[DEBUG layer 4] hidden: nan=0 inf=0 absmax=0.11  residual: nan=0 inf=0 absmax=0.35  shape=(1, 2048)
[DEBUG layer 0] hidden: nan=0 inf=0 absmax=0.04  residual: nan=0 inf=0 absmax=0.27  shape=(1, 2048)
[DEBUG layer 1] hidden: nan=0 inf=0 absmax=0.04  residual: nan=0 inf=0 absmax=0.30  shape=(1, 2048)
[DEBUG layer 2] hidden: nan=0 inf=0 absmax=0.19  residual: nan=0 inf=0 absmax=0.42  shape=(1, 2048)
[DEBUG layer 3] hidden: nan=0 inf=0 absmax=0.18  residual: nan=0 inf=0 absmax=0.35  shape=(1, 2048)
[DEBUG layer 4] hidden: nan=0 inf=0 absmax=0.05  residual: nan=0 inf=0 absmax=0.31  shape=(1, 2048)
[DEBUG layer 0] hidden: nan=0 inf=0 absmax=0.07  residual: nan=0 inf=0 absmax=0.27  shape=(1, 2048)
[DEBUG layer 1] hidden: nan=0 inf=0 absmax=0.06  residual: nan=0 inf=0 absmax=0.38  shape=(1, 2048)
[DEBUG layer 2] hidden: nan=0 inf=0 absmax=0.09  residual: nan=0 inf=0 absmax=0.47  shape=(1, 2048)
[DEBUG layer 3] hidden: nan=0 inf=0 absmax=0.11  residual: nan=0 inf=0 absmax=0.47  shape=(1, 2048)
[DEBUG layer 4] hidden: nan=0 inf=0 absmax=0.06  residual: nan=0 inf=0 absmax=0.48  shape=(1, 2048)
[DEBUG layer 0] hidden: nan=0 inf=0 absmax=0.05  residual: nan=0 inf=0 absmax=0.29  shape=(1, 2048)
[DEBUG layer 1] hidden: nan=0 inf=0 absmax=0.06  residual: nan=0 inf=0 absmax=0.37  shape=(1, 2048)
[DEBUG layer 2] hidden: nan=0 inf=0 absmax=0.13  residual: nan=0 inf=0 absmax=0.47  shape=(1, 2048)
[DEBUG layer 3] hidden: nan=0 inf=0 absmax=0.06  residual: nan=0 inf=0 absmax=0.41  shape=(1, 2048)
[DEBUG layer 4] hidden: nan=0 inf=0 absmax=0.06  residual: nan=0 inf=0 absmax=0.45  shape=(1, 2048)
[DEBUG layer 0] hidden: nan=0 inf=0 absmax=0.09  residual: nan=0 inf=0 absmax=0.30  shape=(1, 2048)
[DEBUG layer 1] hidden: nan=0 inf=0 absmax=0.08  residual: nan=0 inf=0 absmax=0.39  shape=(1, 2048)
[DEBUG layer 2] hidden: nan=0 inf=0 absmax=0.10  residual: nan=0 inf=0 absmax=0.62  shape=(1, 2048)
[DEBUG layer 3] hidden: nan=0 inf=0 absmax=0.07  residual: nan=0 inf=0 absmax=0.60  shape=(1, 2048)
[DEBUG layer 4] hidden: nan=0 inf=0 absmax=0.10  residual: nan=0 inf=0 absmax=0.71  shape=(1, 2048)
[DEBUG layer 0] hidden: nan=0 inf=0 absmax=0.10  residual: nan=0 inf=0 absmax=0.31  shape=(1, 2048)
[DEBUG layer 1] hidden: nan=0 inf=0 absmax=0.06  residual: nan=0 inf=0 absmax=0.39  shape=(1, 2048)
[DEBUG layer 2] hidden: nan=0 inf=0 absmax=0.09  residual: nan=0 inf=0 absmax=0.36  shape=(1, 2048)
[DEBUG layer 3] hidden: nan=0 inf=0 absmax=0.12  residual: nan=0 inf=0 absmax=0.46  shape=(1, 2048)
[DEBUG layer 4] hidden: nan=0 inf=0 absmax=0.05  residual: nan=0 inf=0 absmax=0.44  shape=(1, 2048)
[DEBUG layer 0] hidden: nan=0 inf=0 absmax=0.56  residual: nan=0 inf=0 absmax=0.69  shape=(8, 4096)
[DEBUG layer 0] hidden: nan=0 inf=0 absmax=0.56  residual: nan=0 inf=0 absmax=0.69  shape=(8, 4096)
[DEBUG layer 1] hidden: nan=0 inf=0 absmax=0.45  residual: nan=0 inf=0 absmax=1.07  shape=(8, 4096)
[DEBUG layer 1] hidden: nan=0 inf=0 absmax=0.45  residual: nan=0 inf=0 absmax=1.07  shape=(8, 4096)
[DEBUG layer 2] hidden: nan=0 inf=0 absmax=0.64  residual: nan=0 inf=0 absmax=1.64  shape=(8, 4096)
[DEBUG layer 2] hidden: nan=0 inf=0 absmax=0.64  residual: nan=0 inf=0 absmax=1.64  shape=(8, 4096)
[DEBUG layer 3] hidden: nan=0 inf=0 absmax=1.86  residual: nan=0 inf=0 absmax=1.98  shape=(8, 4096)
[DEBUG layer 3] hidden: nan=0 inf=0 absmax=1.86  residual: nan=0 inf=0 absmax=1.98  shape=(8, 4096)
[DEBUG layer 4] hidden: nan=0 inf=0 absmax=1.79  residual: nan=0 inf=0 absmax=1.47  shape=(8, 4096)
[DEBUG layer 4] hidden: nan=0 inf=0 absmax=1.79  residual: nan=0 inf=0 absmax=1.47  shape=(8, 4096)
[DEBUG verify] logits_p shape=(1, 8, 32000) inf=0 nan=0 max=26.08 min=-17.45
Generating:  50%|█████     | 2/4 [00:23<00:22, 11.06s/it][DEBUG layer 0] hidden: nan=0 inf=0 absmax=0.06  residual: nan=0 inf=0 absmax=0.21  shape=(1, 2048)
[DEBUG layer 1] hidden: nan=0 inf=0 absmax=0.04  residual: nan=0 inf=0 absmax=0.26  shape=(1, 2048)
[DEBUG layer 2] hidden: nan=0 inf=0 absmax=0.09  residual: nan=0 inf=0 absmax=0.24  shape=(1, 2048)
[DEBUG layer 3] hidden: nan=0 inf=0 absmax=0.07  residual: nan=0 inf=0 absmax=0.21  shape=(1, 2048)
[DEBUG layer 4] hidden: nan=0 inf=0 absmax=0.07  residual: nan=0 inf=0 absmax=0.23  shape=(1, 2048)
[DEBUG layer 0] hidden: nan=0 inf=0 absmax=0.06  residual: nan=0 inf=0 absmax=0.20  shape=(1, 2048)
[DEBUG layer 1] hidden: nan=0 inf=0 absmax=0.07  residual: nan=0 inf=0 absmax=0.25  shape=(1, 2048)
[DEBUG layer 2] hidden: nan=0 inf=0 absmax=0.09  residual: nan=0 inf=0 absmax=0.32  shape=(1, 2048)
[DEBUG layer 3] hidden: nan=0 inf=0 absmax=0.04  residual: nan=0 inf=0 absmax=0.27  shape=(1, 2048)
[DEBUG layer 4] hidden: nan=0 inf=0 absmax=0.04  residual: nan=0 inf=0 absmax=0.30  shape=(1, 2048)
[DEBUG layer 0] hidden: nan=0 inf=0 absmax=0.03  residual: nan=0 inf=0 absmax=0.20  shape=(1, 2048)
[DEBUG layer 1] hidden: nan=0 inf=0 absmax=0.07  residual: nan=0 inf=0 absmax=0.21  shape=(1, 2048)
[DEBUG layer 2] hidden: nan=0 inf=0 absmax=0.13  residual: nan=0 inf=0 absmax=0.34  shape=(1, 2048)
[DEBUG layer 3] hidden: nan=0 inf=0 absmax=0.04  residual: nan=0 inf=0 absmax=0.30  shape=(1, 2048)
[DEBUG layer 4] hidden: nan=0 inf=0 absmax=0.05  residual: nan=0 inf=0 absmax=0.36  shape=(1, 2048)
[DEBUG layer 0] hidden: nan=0 inf=0 absmax=0.28  residual: nan=0 inf=0 absmax=0.09  shape=(1, 2048)
[DEBUG layer 1] hidden: nan=0 inf=0 absmax=0.04  residual: nan=0 inf=0 absmax=0.34  shape=(1, 2048)
[DEBUG layer 2] hidden: nan=0 inf=0 absmax=0.16  residual: nan=0 inf=0 absmax=0.50  shape=(1, 2048)
[DEBUG layer 3] hidden: nan=0 inf=0 absmax=0.13  residual: nan=0 inf=0 absmax=0.33  shape=(1, 2048)
[DEBUG layer 4] hidden: nan=0 inf=0 absmax=0.09  residual: nan=0 inf=0 absmax=0.31  shape=(1, 2048)
[DEBUG layer 0] hidden: nan=0 inf=0 absmax=0.04  residual: nan=0 inf=0 absmax=0.26  shape=(1, 2048)
[DEBUG layer 1] hidden: nan=0 inf=0 absmax=0.04  residual: nan=0 inf=0 absmax=0.23  shape=(1, 2048)
[DEBUG layer 2] hidden: nan=0 inf=0 absmax=0.07  residual: nan=0 inf=0 absmax=0.28  shape=(1, 2048)
[DEBUG layer 3] hidden: nan=0 inf=0 absmax=0.09  residual: nan=0 inf=0 absmax=0.28  shape=(1, 2048)
[DEBUG layer 4] hidden: nan=0 inf=0 absmax=0.06  residual: nan=0 inf=0 absmax=0.31  shape=(1, 2048)
[DEBUG layer 0] hidden: nan=0 inf=0 absmax=0.08  residual: nan=0 inf=0 absmax=0.25  shape=(1, 2048)
[DEBUG layer 1] hidden: nan=0 inf=0 absmax=0.05  residual: nan=0 inf=0 absmax=0.30  shape=(1, 2048)
[DEBUG layer 2] hidden: nan=0 inf=0 absmax=0.13  residual: nan=0 inf=0 absmax=0.40  shape=(1, 2048)
[DEBUG layer 3] hidden: nan=0 inf=0 absmax=0.09  residual: nan=0 inf=0 absmax=0.27  shape=(1, 2048)
[DEBUG layer 4] hidden: nan=0 inf=0 absmax=0.07  residual: nan=0 inf=0 absmax=0.33  shape=(1, 2048)
[DEBUG layer 0] hidden: nan=0 inf=0 absmax=0.05  residual: nan=0 inf=0 absmax=0.28  shape=(1, 2048)
[DEBUG layer 1] hidden: nan=0 inf=0 absmax=0.11  residual: nan=0 inf=0 absmax=0.31  shape=(1, 2048)
[DEBUG layer 2] hidden: nan=0 inf=0 absmax=0.10  residual: nan=0 inf=0 absmax=0.40  shape=(1, 2048)
[DEBUG layer 3] hidden: nan=0 inf=0 absmax=0.10  residual: nan=0 inf=0 absmax=0.38  shape=(1, 2048)
[DEBUG layer 4] hidden: nan=0 inf=0 absmax=0.06  residual: nan=0 inf=0 absmax=0.45  shape=(1, 2048)
[DEBUG layer 0] hidden: nan=0 inf=0 absmax=0.13  residual: nan=0 inf=0 absmax=0.32  shape=(1, 2048)
[DEBUG layer 1] hidden: nan=0 inf=0 absmax=0.03  residual: nan=0 inf=0 absmax=0.24  shape=(1, 2048)
[DEBUG layer 2] hidden: nan=0 inf=0 absmax=0.05  residual: nan=0 inf=0 absmax=0.27  shape=(1, 2048)
[DEBUG layer 3] hidden: nan=0 inf=0 absmax=0.10  residual: nan=0 inf=0 absmax=0.25  shape=(1, 2048)
[DEBUG layer 4] hidden: nan=0 inf=0 absmax=0.05  residual: nan=0 inf=0 absmax=0.41  shape=(1, 2048)
[DEBUG layer 0] hidden: nan=0 inf=0 absmax=0.61  residual: nan=0 inf=0 absmax=0.77  shape=(8, 4096)
[DEBUG layer 0] hidden: nan=0 inf=0 absmax=0.61  residual: nan=0 inf=0 absmax=0.77  shape=(8, 4096)
[DEBUG layer 1] hidden: nan=0 inf=0 absmax=0.36  residual: nan=0 inf=0 absmax=0.90  shape=(8, 4096)
[DEBUG layer 1] hidden: nan=0 inf=0 absmax=0.36  residual: nan=0 inf=0 absmax=0.90  shape=(8, 4096)
[DEBUG layer 2] hidden: nan=0 inf=0 absmax=0.21  residual: nan=0 inf=0 absmax=1.09  shape=(8, 4096)
[DEBUG layer 2] hidden: nan=0 inf=0 absmax=0.21  residual: nan=0 inf=0 absmax=1.09  shape=(8, 4096)
[DEBUG layer 3] hidden: nan=0 inf=0 absmax=0.60  residual: nan=0 inf=0 absmax=1.19  shape=(8, 4096)
[DEBUG layer 3] hidden: nan=0 inf=0 absmax=0.60  residual: nan=0 inf=0 absmax=1.19  shape=(8, 4096)
[DEBUG layer 4] hidden: nan=0 inf=0 absmax=0.93  residual: nan=0 inf=0 absmax=1.24  shape=(8, 4096)
[DEBUG layer 4] hidden: nan=0 inf=0 absmax=0.93  residual: nan=0 inf=0 absmax=1.24  shape=(8, 4096)
[DEBUG verify] logits_p shape=(1, 8, 32000) inf=0 nan=0 max=10.09 min=-16.36
[DEBUG layer 0] hidden: nan=0 inf=0 absmax=0.07  residual: nan=0 inf=0 absmax=0.28  shape=(1, 2048)
[DEBUG layer 1] hidden: nan=0 inf=0 absmax=0.07  residual: nan=0 inf=0 absmax=0.34  shape=(1, 2048)
[DEBUG layer 2] hidden: nan=0 inf=0 absmax=0.10  residual: nan=0 inf=0 absmax=0.42  shape=(1, 2048)
[DEBUG layer 3] hidden: nan=0 inf=0 absmax=0.07  residual: nan=0 inf=0 absmax=0.32  shape=(1, 2048)
[DEBUG layer 4] hidden: nan=0 inf=0 absmax=0.06  residual: nan=0 inf=0 absmax=0.33  shape=(1, 2048)
[DEBUG layer 0] hidden: nan=0 inf=0 absmax=0.08  residual: nan=0 inf=0 absmax=0.23  shape=(1, 2048)
[DEBUG layer 1] hidden: nan=0 inf=0 absmax=0.07  residual: nan=0 inf=0 absmax=0.27  shape=(1, 2048)
[DEBUG layer 2] hidden: nan=0 inf=0 absmax=0.08  residual: nan=0 inf=0 absmax=0.29  shape=(1, 2048)
[DEBUG layer 3] hidden: nan=0 inf=0 absmax=0.10  residual: nan=0 inf=0 absmax=0.44  shape=(1, 2048)
[DEBUG layer 4] hidden: nan=0 inf=0 absmax=0.06  residual: nan=0 inf=0 absmax=0.41  shape=(1, 2048)
[DEBUG layer 0] hidden: nan=0 inf=0 absmax=0.07  residual: nan=0 inf=0 absmax=0.29  shape=(1, 2048)
[DEBUG layer 1] hidden: nan=0 inf=0 absmax=0.05  residual: nan=0 inf=0 absmax=0.31  shape=(1, 2048)
[DEBUG layer 2] hidden: nan=0 inf=0 absmax=0.05  residual: nan=0 inf=0 absmax=0.34  shape=(1, 2048)
[DEBUG layer 3] hidden: nan=0 inf=0 absmax=0.09  residual: nan=0 inf=0 absmax=0.40  shape=(1, 2048)
[DEBUG layer 4] hidden: nan=0 inf=0 absmax=0.05  residual: nan=0 inf=0 absmax=0.37  shape=(1, 2048)
[DEBUG layer 0] hidden: nan=0 inf=0 absmax=0.12  residual: nan=0 inf=0 absmax=0.24  shape=(1, 2048)
[DEBUG layer 1] hidden: nan=0 inf=0 absmax=0.03  residual: nan=0 inf=0 absmax=0.37  shape=(1, 2048)
[DEBUG layer 2] hidden: nan=0 inf=0 absmax=0.09  residual: nan=0 inf=0 absmax=0.44  shape=(1, 2048)
[DEBUG layer 3] hidden: nan=0 inf=0 absmax=0.09  residual: nan=0 inf=0 absmax=0.41  shape=(1, 2048)
[DEBUG layer 4] hidden: nan=0 inf=0 absmax=0.05  residual: nan=0 inf=0 absmax=0.46  shape=(1, 2048)
[DEBUG layer 0] hidden: nan=0 inf=0 absmax=0.07  residual: nan=0 inf=0 absmax=0.25  shape=(1, 2048)
[DEBUG layer 1] hidden: nan=0 inf=0 absmax=0.04  residual: nan=0 inf=0 absmax=0.33  shape=(1, 2048)
[DEBUG layer 2] hidden: nan=0 inf=0 absmax=0.14  residual: nan=0 inf=0 absmax=0.39  shape=(1, 2048)
[DEBUG layer 3] hidden: nan=0 inf=0 absmax=0.10  residual: nan=0 inf=0 absmax=0.39  shape=(1, 2048)
[DEBUG layer 4] hidden: nan=0 inf=0 absmax=0.05  residual: nan=0 inf=0 absmax=0.37  shape=(1, 2048)
[DEBUG layer 0] hidden: nan=0 inf=0 absmax=0.23  residual: nan=0 inf=0 absmax=0.24  shape=(1, 2048)
[DEBUG layer 1] hidden: nan=0 inf=0 absmax=0.20  residual: nan=0 inf=0 absmax=0.47  shape=(1, 2048)
[DEBUG layer 2] hidden: nan=0 inf=0 absmax=0.13  residual: nan=0 inf=0 absmax=0.64  shape=(1, 2048)
[DEBUG layer 3] hidden: nan=0 inf=0 absmax=0.07  residual: nan=0 inf=0 absmax=0.52  shape=(1, 2048)
[DEBUG layer 4] hidden: nan=0 inf=0 absmax=0.10  residual: nan=0 inf=0 absmax=0.56  shape=(1, 2048)
[DEBUG layer 0] hidden: nan=0 inf=0 absmax=0.05  residual: nan=0 inf=0 absmax=0.31  shape=(1, 2048)
[DEBUG layer 1] hidden: nan=0 inf=0 absmax=0.06  residual: nan=0 inf=0 absmax=0.27  shape=(1, 2048)
[DEBUG layer 2] hidden: nan=0 inf=0 absmax=0.21  residual: nan=0 inf=0 absmax=0.33  shape=(1, 2048)
[DEBUG layer 3] hidden: nan=0 inf=0 absmax=0.08  residual: nan=0 inf=0 absmax=0.20  shape=(1, 2048)
[DEBUG layer 4] hidden: nan=0 inf=0 absmax=0.08  residual: nan=0 inf=0 absmax=0.25  shape=(1, 2048)
[DEBUG layer 0] hidden: nan=0 inf=0 absmax=0.02  residual: nan=0 inf=0 absmax=0.24  shape=(1, 2048)
[DEBUG layer 1] hidden: nan=0 inf=0 absmax=0.04  residual: nan=0 inf=0 absmax=0.24  shape=(1, 2048)
[DEBUG layer 2] hidden: nan=0 inf=0 absmax=0.14  residual: nan=0 inf=0 absmax=0.27  shape=(1, 2048)
[DEBUG layer 3] hidden: nan=0 inf=0 absmax=0.06  residual: nan=0 inf=0 absmax=0.30  shape=(1, 2048)
[DEBUG layer 4] hidden: nan=0 inf=0 absmax=0.07  residual: nan=0 inf=0 absmax=0.36  shape=(1, 2048)
[DEBUG layer 0] hidden: nan=0 inf=0 absmax=1.09  residual: nan=0 inf=0 absmax=0.73  shape=(8, 4096)
[DEBUG layer 0] hidden: nan=0 inf=0 absmax=1.09  residual: nan=0 inf=0 absmax=0.73  shape=(8, 4096)
[DEBUG layer 1] hidden: nan=0 inf=0 absmax=0.43  residual: nan=0 inf=0 absmax=1.11  shape=(8, 4096)
[DEBUG layer 1] hidden: nan=0 inf=0 absmax=0.43  residual: nan=0 inf=0 absmax=1.11  shape=(8, 4096)
[DEBUG layer 2] hidden: nan=0 inf=0 absmax=0.56  residual: nan=0 inf=0 absmax=1.21  shape=(8, 4096)
[DEBUG layer 2] hidden: nan=0 inf=0 absmax=0.56  residual: nan=0 inf=0 absmax=1.21  shape=(8, 4096)
[DEBUG layer 3] hidden: nan=0 inf=0 absmax=0.94  residual: nan=0 inf=0 absmax=1.73  shape=(8, 4096)
[DEBUG layer 3] hidden: nan=0 inf=0 absmax=0.94  residual: nan=0 inf=0 absmax=1.73  shape=(8, 4096)
[DEBUG layer 4] hidden: nan=0 inf=0 absmax=1.03  residual: nan=0 inf=0 absmax=1.60  shape=(8, 4096)
[DEBUG layer 4] hidden: nan=0 inf=0 absmax=1.03  residual: nan=0 inf=0 absmax=1.60  shape=(8, 4096)
[DEBUG verify] logits_p shape=(1, 8, 32000) inf=0 nan=0 max=22.14 min=-17.70
[DEBUG layer 0] hidden: nan=0 inf=0 absmax=0.06  residual: nan=0 inf=0 absmax=0.28  shape=(1, 2048)
[DEBUG layer 1] hidden: nan=0 inf=0 absmax=0.10  residual: nan=0 inf=0 absmax=0.23  shape=(1, 2048)
[DEBUG layer 2] hidden: nan=0 inf=0 absmax=0.11  residual: nan=0 inf=0 absmax=0.38  shape=(1, 2048)
[DEBUG layer 3] hidden: nan=0 inf=0 absmax=0.06  residual: nan=0 inf=0 absmax=0.33  shape=(1, 2048)
[DEBUG layer 4] hidden: nan=0 inf=0 absmax=0.05  residual: nan=0 inf=0 absmax=0.36  shape=(1, 2048)
[DEBUG layer 0] hidden: nan=0 inf=0 absmax=0.08  residual: nan=0 inf=0 absmax=0.20  shape=(1, 2048)
[DEBUG layer 1] hidden: nan=0 inf=0 absmax=0.11  residual: nan=0 inf=0 absmax=0.24  shape=(1, 2048)
[DEBUG layer 2] hidden: nan=0 inf=0 absmax=0.09  residual: nan=0 inf=0 absmax=0.32  shape=(1, 2048)
[DEBUG layer 3] hidden: nan=0 inf=0 absmax=0.07  residual: nan=0 inf=0 absmax=0.27  shape=(1, 2048)
[DEBUG layer 4] hidden: nan=0 inf=0 absmax=0.06  residual: nan=0 inf=0 absmax=0.34  shape=(1, 2048)
[DEBUG layer 0] hidden: nan=0 inf=0 absmax=0.09  residual: nan=0 inf=0 absmax=0.29  shape=(1, 2048)
[DEBUG layer 1] hidden: nan=0 inf=0 absmax=0.04  residual: nan=0 inf=0 absmax=0.38  shape=(1, 2048)
[DEBUG layer 2] hidden: nan=0 inf=0 absmax=0.05  residual: nan=0 inf=0 absmax=0.38  shape=(1, 2048)
[DEBUG layer 3] hidden: nan=0 inf=0 absmax=0.08  residual: nan=0 inf=0 absmax=0.41  shape=(1, 2048)
[DEBUG layer 4] hidden: nan=0 inf=0 absmax=0.08  residual: nan=0 inf=0 absmax=0.36  shape=(1, 2048)
[DEBUG layer 0] hidden: nan=0 inf=0 absmax=0.10  residual: nan=0 inf=0 absmax=0.31  shape=(1, 2048)
[DEBUG layer 1] hidden: nan=0 inf=0 absmax=0.05  residual: nan=0 inf=0 absmax=0.31  shape=(1, 2048)
[DEBUG layer 2] hidden: nan=0 inf=0 absmax=0.05  residual: nan=0 inf=0 absmax=0.23  shape=(1, 2048)
[DEBUG layer 3] hidden: nan=0 inf=0 absmax=0.09  residual: nan=0 inf=0 absmax=0.25  shape=(1, 2048)
[DEBUG layer 4] hidden: nan=0 inf=0 absmax=0.08  residual: nan=0 inf=0 absmax=0.28  shape=(1, 2048)
[DEBUG layer 0] hidden: nan=0 inf=0 absmax=0.04  residual: nan=0 inf=0 absmax=0.31  shape=(1, 2048)
[DEBUG layer 1] hidden: nan=0 inf=0 absmax=0.03  residual: nan=0 inf=0 absmax=0.35  shape=(1, 2048)
[DEBUG layer 2] hidden: nan=0 inf=0 absmax=0.05  residual: nan=0 inf=0 absmax=0.35  shape=(1, 2048)
[DEBUG layer 3] hidden: nan=0 inf=0 absmax=0.10  residual: nan=0 inf=0 absmax=0.37  shape=(1, 2048)
[DEBUG layer 4] hidden: nan=0 inf=0 absmax=0.06  residual: nan=0 inf=0 absmax=0.33  shape=(1, 2048)
[DEBUG layer 0] hidden: nan=0 inf=0 absmax=0.07  residual: nan=0 inf=0 absmax=0.24  shape=(1, 2048)
[DEBUG layer 1] hidden: nan=0 inf=0 absmax=0.03  residual: nan=0 inf=0 absmax=0.32  shape=(1, 2048)
[DEBUG layer 2] hidden: nan=0 inf=0 absmax=0.04  residual: nan=0 inf=0 absmax=0.33  shape=(1, 2048)
[DEBUG layer 3] hidden: nan=0 inf=0 absmax=0.22  residual: nan=0 inf=0 absmax=0.42  shape=(1, 2048)
[DEBUG layer 4] hidden: nan=0 inf=0 absmax=0.09  residual: nan=0 inf=0 absmax=0.27  shape=(1, 2048)
[DEBUG layer 0] hidden: nan=0 inf=0 absmax=0.07  residual: nan=0 inf=0 absmax=0.27  shape=(1, 2048)
[DEBUG layer 1] hidden: nan=0 inf=0 absmax=0.08  residual: nan=0 inf=0 absmax=0.33  shape=(1, 2048)
[DEBUG layer 2] hidden: nan=0 inf=0 absmax=0.14  residual: nan=0 inf=0 absmax=0.43  shape=(1, 2048)
[DEBUG layer 3] hidden: nan=0 inf=0 absmax=0.07  residual: nan=0 inf=0 absmax=0.42  shape=(1, 2048)
[DEBUG layer 4] hidden: nan=0 inf=0 absmax=0.05  residual: nan=0 inf=0 absmax=0.43  shape=(1, 2048)
[DEBUG layer 0] hidden: nan=0 inf=0 absmax=0.08  residual: nan=0 inf=0 absmax=0.23  shape=(1, 2048)
[DEBUG layer 1] hidden: nan=0 inf=0 absmax=0.04  residual: nan=0 inf=0 absmax=0.33  shape=(1, 2048)
[DEBUG layer 2] hidden: nan=0 inf=0 absmax=0.16  residual: nan=0 inf=0 absmax=0.37  shape=(1, 2048)
[DEBUG layer 3] hidden: nan=0 inf=0 absmax=0.10  residual: nan=0 inf=0 absmax=0.34  shape=(1, 2048)
[DEBUG layer 4] hidden: nan=0 inf=0 absmax=0.05  residual: nan=0 inf=0 absmax=0.38  shape=(1, 2048)
[DEBUG layer 0] hidden: nan=0 inf=0 absmax=0.78  residual: nan=0 inf=0 absmax=0.78  shape=(8, 4096)
[DEBUG layer 0] hidden: nan=0 inf=0 absmax=0.78  residual: nan=0 inf=0 absmax=0.78  shape=(8, 4096)
[DEBUG layer 1] hidden: nan=0 inf=0 absmax=0.36  residual: nan=0 inf=0 absmax=1.09  shape=(8, 4096)
[DEBUG layer 1] hidden: nan=0 inf=0 absmax=0.36  residual: nan=0 inf=0 absmax=1.09  shape=(8, 4096)
[DEBUG layer 2] hidden: nan=0 inf=0 absmax=0.14  residual: nan=0 inf=0 absmax=1.33  shape=(8, 4096)
[DEBUG layer 2] hidden: nan=0 inf=0 absmax=0.14  residual: nan=0 inf=0 absmax=1.33  shape=(8, 4096)
[DEBUG layer 3] hidden: nan=0 inf=0 absmax=0.70  residual: nan=0 inf=0 absmax=1.43  shape=(8, 4096)
[DEBUG layer 3] hidden: nan=0 inf=0 absmax=0.70  residual: nan=0 inf=0 absmax=1.43  shape=(8, 4096)
[DEBUG layer 4] hidden: nan=0 inf=0 absmax=0.93  residual: nan=0 inf=0 absmax=1.23  shape=(8, 4096)
[DEBUG layer 4] hidden: nan=0 inf=0 absmax=0.93  residual: nan=0 inf=0 absmax=1.23  shape=(8, 4096)
[DEBUG verify] logits_p shape=(1, 8, 32000) inf=0 nan=0 max=13.88 min=-15.81
[DEBUG layer 0] hidden: nan=0 inf=0 absmax=0.10  residual: nan=0 inf=0 absmax=0.26  shape=(1, 2048)
[DEBUG layer 1] hidden: nan=0 inf=0 absmax=0.05  residual: nan=0 inf=0 absmax=0.28  shape=(1, 2048)
[DEBUG layer 2] hidden: nan=0 inf=0 absmax=0.08  residual: nan=0 inf=0 absmax=0.22  shape=(1, 2048)
[DEBUG layer 3] hidden: nan=0 inf=0 absmax=0.08  residual: nan=0 inf=0 absmax=0.21  shape=(1, 2048)
[DEBUG layer 4] hidden: nan=0 inf=0 absmax=0.06  residual: nan=0 inf=0 absmax=0.24  shape=(1, 2048)
[DEBUG layer 0] hidden: nan=0 inf=0 absmax=0.08  residual: nan=0 inf=0 absmax=0.35  shape=(1, 2048)
[DEBUG layer 1] hidden: nan=0 inf=0 absmax=0.03  residual: nan=0 inf=0 absmax=0.37  shape=(1, 2048)
[DEBUG layer 2] hidden: nan=0 inf=0 absmax=0.06  residual: nan=0 inf=0 absmax=0.23  shape=(1, 2048)
[DEBUG layer 3] hidden: nan=0 inf=0 absmax=0.12  residual: nan=0 inf=0 absmax=0.18  shape=(1, 2048)
[DEBUG layer 4] hidden: nan=0 inf=0 absmax=0.06  residual: nan=0 inf=0 absmax=0.21  shape=(1, 2048)
[DEBUG layer 0] hidden: nan=0 inf=0 absmax=0.16  residual: nan=0 inf=0 absmax=0.28  shape=(1, 2048)
[DEBUG layer 1] hidden: nan=0 inf=0 absmax=0.06  residual: nan=0 inf=0 absmax=0.33  shape=(1, 2048)
[DEBUG layer 2] hidden: nan=0 inf=0 absmax=0.08  residual: nan=0 inf=0 absmax=0.30  shape=(1, 2048)
[DEBUG layer 3] hidden: nan=0 inf=0 absmax=0.08  residual: nan=0 inf=0 absmax=0.25  shape=(1, 2048)
[DEBUG layer 4] hidden: nan=0 inf=0 absmax=0.11  residual: nan=0 inf=0 absmax=0.27  shape=(1, 2048)
[DEBUG layer 0] hidden: nan=0 inf=0 absmax=0.05  residual: nan=0 inf=0 absmax=0.31  shape=(1, 2048)
[DEBUG layer 1] hidden: nan=0 inf=0 absmax=0.07  residual: nan=0 inf=0 absmax=0.18  shape=(1, 2048)
[DEBUG layer 2] hidden: nan=0 inf=0 absmax=0.04  residual: nan=0 inf=0 absmax=0.24  shape=(1, 2048)
[DEBUG layer 3] hidden: nan=0 inf=0 absmax=0.30  residual: nan=0 inf=0 absmax=0.30  shape=(1, 2048)
[DEBUG layer 4] hidden: nan=0 inf=0 absmax=0.10  residual: nan=0 inf=0 absmax=0.20  shape=(1, 2048)
[DEBUG layer 0] hidden: nan=0 inf=0 absmax=0.08  residual: nan=0 inf=0 absmax=0.26  shape=(1, 2048)
[DEBUG layer 1] hidden: nan=0 inf=0 absmax=0.05  residual: nan=0 inf=0 absmax=0.21  shape=(1, 2048)
[DEBUG layer 2] hidden: nan=0 inf=0 absmax=0.06  residual: nan=0 inf=0 absmax=0.16  shape=(1, 2048)
[DEBUG layer 3] hidden: nan=0 inf=0 absmax=0.08  residual: nan=0 inf=0 absmax=0.17  shape=(1, 2048)
[DEBUG layer 4] hidden: nan=0 inf=0 absmax=0.07  residual: nan=0 inf=0 absmax=0.19  shape=(1, 2048)
[DEBUG layer 0] hidden: nan=0 inf=0 absmax=0.12  residual: nan=0 inf=0 absmax=0.28  shape=(1, 2048)
[DEBUG layer 1] hidden: nan=0 inf=0 absmax=0.04  residual: nan=0 inf=0 absmax=0.38  shape=(1, 2048)
[DEBUG layer 2] hidden: nan=0 inf=0 absmax=0.12  residual: nan=0 inf=0 absmax=0.35  shape=(1, 2048)
[DEBUG layer 3] hidden: nan=0 inf=0 absmax=0.03  residual: nan=0 inf=0 absmax=0.31  shape=(1, 2048)
[DEBUG layer 4] hidden: nan=0 inf=0 absmax=0.06  residual: nan=0 inf=0 absmax=0.32  shape=(1, 2048)
[DEBUG layer 0] hidden: nan=0 inf=0 absmax=0.11  residual: nan=0 inf=0 absmax=0.25  shape=(1, 2048)
[DEBUG layer 1] hidden: nan=0 inf=0 absmax=0.07  residual: nan=0 inf=0 absmax=0.34  shape=(1, 2048)
[DEBUG layer 2] hidden: nan=0 inf=0 absmax=0.13  residual: nan=0 inf=0 absmax=0.47  shape=(1, 2048)
[DEBUG layer 3] hidden: nan=0 inf=0 absmax=0.08  residual: nan=0 inf=0 absmax=0.35  shape=(1, 2048)
[DEBUG layer 4] hidden: nan=0 inf=0 absmax=0.10  residual: nan=0 inf=0 absmax=0.42  shape=(1, 2048)
[DEBUG layer 0] hidden: nan=0 inf=0 absmax=0.15  residual: nan=0 inf=0 absmax=0.22  shape=(1, 2048)
[DEBUG layer 1] hidden: nan=0 inf=0 absmax=0.04  residual: nan=0 inf=0 absmax=0.29  shape=(1, 2048)
[DEBUG layer 2] hidden: nan=0 inf=0 absmax=0.12  residual: nan=0 inf=0 absmax=0.31  shape=(1, 2048)
[DEBUG layer 3] hidden: nan=0 inf=0 absmax=0.18  residual: nan=0 inf=0 absmax=0.22  shape=(1, 2048)
[DEBUG layer 4] hidden: nan=0 inf=0 absmax=0.07  residual: nan=0 inf=0 absmax=0.22  shape=(1, 2048)
[DEBUG layer 0] hidden: nan=0 inf=0 absmax=0.62  residual: nan=0 inf=0 absmax=0.68  shape=(8, 4096)
[DEBUG layer 0] hidden: nan=0 inf=0 absmax=0.62  residual: nan=0 inf=0 absmax=0.68  shape=(8, 4096)
[DEBUG layer 1] hidden: nan=0 inf=0 absmax=0.38  residual: nan=0 inf=0 absmax=0.97  shape=(8, 4096)
[DEBUG layer 1] hidden: nan=0 inf=0 absmax=0.38  residual: nan=0 inf=0 absmax=0.97  shape=(8, 4096)
[DEBUG layer 2] hidden: nan=0 inf=0 absmax=0.24  residual: nan=0 inf=0 absmax=0.91  shape=(8, 4096)
[DEBUG layer 2] hidden: nan=0 inf=0 absmax=0.24  residual: nan=0 inf=0 absmax=0.91  shape=(8, 4096)
[DEBUG layer 3] hidden: nan=0 inf=0 absmax=0.73  residual: nan=0 inf=0 absmax=0.97  shape=(8, 4096)
[DEBUG layer 3] hidden: nan=0 inf=0 absmax=0.73  residual: nan=0 inf=0 absmax=0.97  shape=(8, 4096)
[DEBUG layer 4] hidden: nan=0 inf=0 absmax=0.72  residual: nan=0 inf=0 absmax=0.92  shape=(8, 4096)
[DEBUG layer 4] hidden: nan=0 inf=0 absmax=0.72  residual: nan=0 inf=0 absmax=0.92  shape=(8, 4096)
[DEBUG verify] logits_p shape=(1, 8, 32000) inf=0 nan=0 max=8.27 min=-17.20
[DEBUG layer 0] hidden: nan=0 inf=0 absmax=0.04  residual: nan=0 inf=0 absmax=0.31  shape=(1, 2048)
[DEBUG layer 1] hidden: nan=0 inf=0 absmax=0.05  residual: nan=0 inf=0 absmax=0.31  shape=(1, 2048)
[DEBUG layer 2] hidden: nan=0 inf=0 absmax=0.06  residual: nan=0 inf=0 absmax=0.29  shape=(1, 2048)
[DEBUG layer 3] hidden: nan=0 inf=0 absmax=0.05  residual: nan=0 inf=0 absmax=0.29  shape=(1, 2048)
[DEBUG layer 4] hidden: nan=0 inf=0 absmax=0.06  residual: nan=0 inf=0 absmax=0.30  shape=(1, 2048)
[DEBUG layer 0] hidden: nan=0 inf=0 absmax=0.06  residual: nan=0 inf=0 absmax=0.26  shape=(1, 2048)
[DEBUG layer 1] hidden: nan=0 inf=0 absmax=0.07  residual: nan=0 inf=0 absmax=0.33  shape=(1, 2048)
[DEBUG layer 2] hidden: nan=0 inf=0 absmax=0.07  residual: nan=0 inf=0 absmax=0.52  shape=(1, 2048)
[DEBUG layer 3] hidden: nan=0 inf=0 absmax=0.26  residual: nan=0 inf=0 absmax=0.57  shape=(1, 2048)
[DEBUG layer 4] hidden: nan=0 inf=0 absmax=0.07  residual: nan=0 inf=0 absmax=0.40  shape=(1, 2048)
[DEBUG layer 0] hidden: nan=0 inf=0 absmax=0.05  residual: nan=0 inf=0 absmax=0.30  shape=(1, 2048)
[DEBUG layer 1] hidden: nan=0 inf=0 absmax=0.04  residual: nan=0 inf=0 absmax=0.29  shape=(1, 2048)
[DEBUG layer 2] hidden: nan=0 inf=0 absmax=0.08  residual: nan=0 inf=0 absmax=0.39  shape=(1, 2048)
[DEBUG layer 3] hidden: nan=0 inf=0 absmax=0.13  residual: nan=0 inf=0 absmax=0.43  shape=(1, 2048)
[DEBUG layer 4] hidden: nan=0 inf=0 absmax=0.08  residual: nan=0 inf=0 absmax=0.39  shape=(1, 2048)
[DEBUG layer 0] hidden: nan=0 inf=0 absmax=0.07  residual: nan=0 inf=0 absmax=0.33  shape=(1, 2048)
[DEBUG layer 1] hidden: nan=0 inf=0 absmax=0.03  residual: nan=0 inf=0 absmax=0.36  shape=(1, 2048)
[DEBUG layer 2] hidden: nan=0 inf=0 absmax=0.09  residual: nan=0 inf=0 absmax=0.44  shape=(1, 2048)
[DEBUG layer 3] hidden: nan=0 inf=0 absmax=0.17  residual: nan=0 inf=0 absmax=0.38  shape=(1, 2048)
[DEBUG layer 4] hidden: nan=0 inf=0 absmax=0.06  residual: nan=0 inf=0 absmax=0.29  shape=(1, 2048)
[DEBUG layer 0] hidden: nan=0 inf=0 absmax=0.08  residual: nan=0 inf=0 absmax=0.26  shape=(1, 2048)
[DEBUG layer 1] hidden: nan=0 inf=0 absmax=0.08  residual: nan=0 inf=0 absmax=0.34  shape=(1, 2048)
[DEBUG layer 2] hidden: nan=0 inf=0 absmax=0.09  residual: nan=0 inf=0 absmax=0.50  shape=(1, 2048)
[DEBUG layer 3] hidden: nan=0 inf=0 absmax=0.12  residual: nan=0 inf=0 absmax=0.50  shape=(1, 2048)
[DEBUG layer 4] hidden: nan=0 inf=0 absmax=0.14  residual: nan=0 inf=0 absmax=0.53  shape=(1, 2048)
[DEBUG layer 0] hidden: nan=0 inf=0 absmax=0.07  residual: nan=0 inf=0 absmax=0.27  shape=(1, 2048)
[DEBUG layer 1] hidden: nan=0 inf=0 absmax=0.06  residual: nan=0 inf=0 absmax=0.29  shape=(1, 2048)
[DEBUG layer 2] hidden: nan=0 inf=0 absmax=0.10  residual: nan=0 inf=0 absmax=0.44  shape=(1, 2048)
[DEBUG layer 3] hidden: nan=0 inf=0 absmax=0.13  residual: nan=0 inf=0 absmax=0.41  shape=(1, 2048)
[DEBUG layer 4] hidden: nan=0 inf=0 absmax=0.14  residual: nan=0 inf=0 absmax=0.48  shape=(1, 2048)
[DEBUG layer 0] hidden: nan=0 inf=0 absmax=0.04  residual: nan=0 inf=0 absmax=0.25  shape=(1, 2048)
[DEBUG layer 1] hidden: nan=0 inf=0 absmax=0.12  residual: nan=0 inf=0 absmax=0.22  shape=(1, 2048)
[DEBUG layer 2] hidden: nan=0 inf=0 absmax=0.06  residual: nan=0 inf=0 absmax=0.45  shape=(1, 2048)
[DEBUG layer 3] hidden: nan=0 inf=0 absmax=0.12  residual: nan=0 inf=0 absmax=0.51  shape=(1, 2048)
[DEBUG layer 4] hidden: nan=0 inf=0 absmax=0.08  residual: nan=0 inf=0 absmax=0.61  shape=(1, 2048)
[DEBUG layer 0] hidden: nan=0 inf=0 absmax=0.14  residual: nan=0 inf=0 absmax=0.21  shape=(1, 2048)
[DEBUG layer 1] hidden: nan=0 inf=0 absmax=0.06  residual: nan=0 inf=0 absmax=0.23  shape=(1, 2048)
[DEBUG layer 2] hidden: nan=0 inf=0 absmax=0.14  residual: nan=0 inf=0 absmax=0.30  shape=(1, 2048)
[DEBUG layer 3] hidden: nan=0 inf=0 absmax=0.18  residual: nan=0 inf=0 absmax=0.22  shape=(1, 2048)
[DEBUG layer 4] hidden: nan=0 inf=0 absmax=0.06  residual: nan=0 inf=0 absmax=0.28  shape=(1, 2048)
[DEBUG layer 0] hidden: nan=0 inf=0 absmax=0.72  residual: nan=0 inf=0 absmax=0.74  shape=(8, 4096)
[DEBUG layer 0] hidden: nan=0 inf=0 absmax=0.72  residual: nan=0 inf=0 absmax=0.74  shape=(8, 4096)
[DEBUG layer 1] hidden: nan=0 inf=0 absmax=0.31  residual: nan=0 inf=0 absmax=1.01  shape=(8, 4096)
[DEBUG layer 1] hidden: nan=0 inf=0 absmax=0.31  residual: nan=0 inf=0 absmax=1.01  shape=(8, 4096)
[DEBUG layer 2] hidden: nan=0 inf=0 absmax=0.18  residual: nan=0 inf=0 absmax=1.05  shape=(8, 4096)
[DEBUG layer 2] hidden: nan=0 inf=0 absmax=0.18  residual: nan=0 inf=0 absmax=1.05  shape=(8, 4096)
[DEBUG layer 3] hidden: nan=0 inf=0 absmax=0.91  residual: nan=0 inf=0 absmax=1.02  shape=(8, 4096)
[DEBUG layer 3] hidden: nan=0 inf=0 absmax=0.91  residual: nan=0 inf=0 absmax=1.02  shape=(8, 4096)
[DEBUG layer 4] hidden: nan=0 inf=0 absmax=0.84  residual: nan=0 inf=0 absmax=0.95  shape=(8, 4096)
[DEBUG layer 4] hidden: nan=0 inf=0 absmax=0.84  residual: nan=0 inf=0 absmax=0.95  shape=(8, 4096)
[DEBUG verify] logits_p shape=(1, 8, 32000) inf=0 nan=0 max=7.04 min=-19.50
[DEBUG layer 0] hidden: nan=0 inf=0 absmax=0.06  residual: nan=0 inf=0 absmax=0.28  shape=(1, 2048)
[DEBUG layer 1] hidden: nan=0 inf=0 absmax=0.07  residual: nan=0 inf=0 absmax=0.32  shape=(1, 2048)
[DEBUG layer 2] hidden: nan=0 inf=0 absmax=0.09  residual: nan=0 inf=0 absmax=0.45  shape=(1, 2048)
[DEBUG layer 3] hidden: nan=0 inf=0 absmax=0.16  residual: nan=0 inf=0 absmax=0.44  shape=(1, 2048)
[DEBUG layer 4] hidden: nan=0 inf=0 absmax=0.09  residual: nan=0 inf=0 absmax=0.37  shape=(1, 2048)
[DEBUG layer 0] hidden: nan=0 inf=0 absmax=0.04  residual: nan=0 inf=0 absmax=0.29  shape=(1, 2048)
[DEBUG layer 1] hidden: nan=0 inf=0 absmax=0.08  residual: nan=0 inf=0 absmax=0.22  shape=(1, 2048)
[DEBUG layer 2] hidden: nan=0 inf=0 absmax=0.05  residual: nan=0 inf=0 absmax=0.22  shape=(1, 2048)
[DEBUG layer 3] hidden: nan=0 inf=0 absmax=0.17  residual: nan=0 inf=0 absmax=0.34  shape=(1, 2048)
[DEBUG layer 4] hidden: nan=0 inf=0 absmax=0.07  residual: nan=0 inf=0 absmax=0.27  shape=(1, 2048)
[DEBUG layer 0] hidden: nan=0 inf=0 absmax=0.16  residual: nan=0 inf=0 absmax=0.24  shape=(1, 2048)
[DEBUG layer 1] hidden: nan=0 inf=0 absmax=0.05  residual: nan=0 inf=0 absmax=0.38  shape=(1, 2048)
[DEBUG layer 2] hidden: nan=0 inf=0 absmax=0.11  residual: nan=0 inf=0 absmax=0.44  shape=(1, 2048)
[DEBUG layer 3] hidden: nan=0 inf=0 absmax=0.12  residual: nan=0 inf=0 absmax=0.36  shape=(1, 2048)
[DEBUG layer 4] hidden: nan=0 inf=0 absmax=0.11  residual: nan=0 inf=0 absmax=0.33  shape=(1, 2048)
[DEBUG layer 0] hidden: nan=0 inf=0 absmax=0.06  residual: nan=0 inf=0 absmax=0.30  shape=(1, 2048)
[DEBUG layer 1] hidden: nan=0 inf=0 absmax=0.08  residual: nan=0 inf=0 absmax=0.23  shape=(1, 2048)
[DEBUG layer 2] hidden: nan=0 inf=0 absmax=0.05  residual: nan=0 inf=0 absmax=0.29  shape=(1, 2048)
[DEBUG layer 3] hidden: nan=0 inf=0 absmax=0.16  residual: nan=0 inf=0 absmax=0.39  shape=(1, 2048)
[DEBUG layer 4] hidden: nan=0 inf=0 absmax=0.06  residual: nan=0 inf=0 absmax=0.29  shape=(1, 2048)
[DEBUG layer 0] hidden: nan=0 inf=0 absmax=0.04  residual: nan=0 inf=0 absmax=0.30  shape=(1, 2048)
[DEBUG layer 1] hidden: nan=0 inf=0 absmax=0.04  residual: nan=0 inf=0 absmax=0.34  shape=(1, 2048)
[DEBUG layer 2] hidden: nan=0 inf=0 absmax=0.09  residual: nan=0 inf=0 absmax=0.41  shape=(1, 2048)
[DEBUG layer 3] hidden: nan=0 inf=0 absmax=0.05  residual: nan=0 inf=0 absmax=0.44  shape=(1, 2048)
[DEBUG layer 4] hidden: nan=0 inf=0 absmax=0.13  residual: nan=0 inf=0 absmax=0.45  shape=(1, 2048)
[DEBUG layer 0] hidden: nan=0 inf=0 absmax=0.05  residual: nan=0 inf=0 absmax=0.30  shape=(1, 2048)
[DEBUG layer 1] hidden: nan=0 inf=0 absmax=0.06  residual: nan=0 inf=0 absmax=0.34  shape=(1, 2048)
[DEBUG layer 2] hidden: nan=0 inf=0 absmax=0.11  residual: nan=0 inf=0 absmax=0.43  shape=(1, 2048)
[DEBUG layer 3] hidden: nan=0 inf=0 absmax=0.12  residual: nan=0 inf=0 absmax=0.42  shape=(1, 2048)
[DEBUG layer 4] hidden: nan=0 inf=0 absmax=0.06  residual: nan=0 inf=0 absmax=0.36  shape=(1, 2048)
[DEBUG layer 0] hidden: nan=0 inf=0 absmax=0.06  residual: nan=0 inf=0 absmax=0.27  shape=(1, 2048)
[DEBUG layer 1] hidden: nan=0 inf=0 absmax=0.04  residual: nan=0 inf=0 absmax=0.31  shape=(1, 2048)
[DEBUG layer 2] hidden: nan=0 inf=0 absmax=0.07  residual: nan=0 inf=0 absmax=0.42  shape=(1, 2048)
[DEBUG layer 3] hidden: nan=0 inf=0 absmax=0.24  residual: nan=0 inf=0 absmax=0.47  shape=(1, 2048)
[DEBUG layer 4] hidden: nan=0 inf=0 absmax=0.08  residual: nan=0 inf=0 absmax=0.32  shape=(1, 2048)
[DEBUG layer 0] hidden: nan=0 inf=0 absmax=0.16  residual: nan=0 inf=0 absmax=0.28  shape=(1, 2048)
[DEBUG layer 1] hidden: nan=0 inf=0 absmax=0.06  residual: nan=0 inf=0 absmax=0.40  shape=(1, 2048)
[DEBUG layer 2] hidden: nan=0 inf=0 absmax=0.15  residual: nan=0 inf=0 absmax=0.39  shape=(1, 2048)
[DEBUG layer 3] hidden: nan=0 inf=0 absmax=0.06  residual: nan=0 inf=0 absmax=0.34  shape=(1, 2048)
[DEBUG layer 4] hidden: nan=0 inf=0 absmax=0.07  residual: nan=0 inf=0 absmax=0.34  shape=(1, 2048)
[DEBUG layer 0] hidden: nan=0 inf=0 absmax=0.72  residual: nan=0 inf=0 absmax=0.75  shape=(8, 4096)
[DEBUG layer 0] hidden: nan=0 inf=0 absmax=0.72  residual: nan=0 inf=0 absmax=0.75  shape=(8, 4096)
[DEBUG layer 1] hidden: nan=0 inf=0 absmax=0.52  residual: nan=0 inf=0 absmax=1.03  shape=(8, 4096)
[DEBUG layer 1] hidden: nan=0 inf=0 absmax=0.52  residual: nan=0 inf=0 absmax=1.03  shape=(8, 4096)
[DEBUG layer 2] hidden: nan=0 inf=0 absmax=0.33  residual: nan=0 inf=0 absmax=0.84  shape=(8, 4096)
[DEBUG layer 2] hidden: nan=0 inf=0 absmax=0.33  residual: nan=0 inf=0 absmax=0.84  shape=(8, 4096)
[DEBUG layer 3] hidden: nan=0 inf=0 absmax=0.79  residual: nan=0 inf=0 absmax=0.90  shape=(8, 4096)
[DEBUG layer 3] hidden: nan=0 inf=0 absmax=0.79  residual: nan=0 inf=0 absmax=0.90  shape=(8, 4096)
[DEBUG layer 4] hidden: nan=0 inf=0 absmax=0.82  residual: nan=0 inf=0 absmax=0.91  shape=(8, 4096)
[DEBUG layer 4] hidden: nan=0 inf=0 absmax=0.82  residual: nan=0 inf=0 absmax=0.91  shape=(8, 4096)
[DEBUG verify] logits_p shape=(1, 8, 32000) inf=0 nan=0 max=23.73 min=-18.00
[DEBUG layer 0] hidden: nan=0 inf=0 absmax=0.05  residual: nan=0 inf=0 absmax=0.32  shape=(1, 2048)
[DEBUG layer 1] hidden: nan=0 inf=0 absmax=0.03  residual: nan=0 inf=0 absmax=0.31  shape=(1, 2048)
[DEBUG layer 2] hidden: nan=0 inf=0 absmax=0.08  residual: nan=0 inf=0 absmax=0.31  shape=(1, 2048)
[DEBUG layer 3] hidden: nan=0 inf=0 absmax=0.11  residual: nan=0 inf=0 absmax=0.33  shape=(1, 2048)
[DEBUG layer 4] hidden: nan=0 inf=0 absmax=0.07  residual: nan=0 inf=0 absmax=0.25  shape=(1, 2048)
[DEBUG layer 0] hidden: nan=0 inf=0 absmax=0.06  residual: nan=0 inf=0 absmax=0.29  shape=(1, 2048)
[DEBUG layer 1] hidden: nan=0 inf=0 absmax=0.06  residual: nan=0 inf=0 absmax=0.30  shape=(1, 2048)
[DEBUG layer 2] hidden: nan=0 inf=0 absmax=0.08  residual: nan=0 inf=0 absmax=0.36  shape=(1, 2048)
[DEBUG layer 3] hidden: nan=0 inf=0 absmax=0.16  residual: nan=0 inf=0 absmax=0.37  shape=(1, 2048)
[DEBUG layer 4] hidden: nan=0 inf=0 absmax=0.07  residual: nan=0 inf=0 absmax=0.33  shape=(1, 2048)
[DEBUG layer 0] hidden: nan=0 inf=0 absmax=0.13  residual: nan=0 inf=0 absmax=0.31  shape=(1, 2048)
[DEBUG layer 1] hidden: nan=0 inf=0 absmax=0.06  residual: nan=0 inf=0 absmax=0.25  shape=(1, 2048)
[DEBUG layer 2] hidden: nan=0 inf=0 absmax=0.10  residual: nan=0 inf=0 absmax=0.33  shape=(1, 2048)
[DEBUG layer 3] hidden: nan=0 inf=0 absmax=0.06  residual: nan=0 inf=0 absmax=0.30  shape=(1, 2048)
[DEBUG layer 4] hidden: nan=0 inf=0 absmax=0.07  residual: nan=0 inf=0 absmax=0.31  shape=(1, 2048)
[DEBUG layer 0] hidden: nan=0 inf=0 absmax=0.15  residual: nan=0 inf=0 absmax=0.32  shape=(1, 2048)
[DEBUG layer 1] hidden: nan=0 inf=0 absmax=0.05  residual: nan=0 inf=0 absmax=0.21  shape=(1, 2048)
[DEBUG layer 2] hidden: nan=0 inf=0 absmax=0.04  residual: nan=0 inf=0 absmax=0.22  shape=(1, 2048)
[DEBUG layer 3] hidden: nan=0 inf=0 absmax=0.11  residual: nan=0 inf=0 absmax=0.30  shape=(1, 2048)
[DEBUG layer 4] hidden: nan=0 inf=0 absmax=0.07  residual: nan=0 inf=0 absmax=0.29  shape=(1, 2048)
[DEBUG layer 0] hidden: nan=0 inf=0 absmax=0.16  residual: nan=0 inf=0 absmax=0.30  shape=(1, 2048)
[DEBUG layer 1] hidden: nan=0 inf=0 absmax=0.07  residual: nan=0 inf=0 absmax=0.43  shape=(1, 2048)
[DEBUG layer 2] hidden: nan=0 inf=0 absmax=0.08  residual: nan=0 inf=0 absmax=0.34  shape=(1, 2048)
[DEBUG layer 3] hidden: nan=0 inf=0 absmax=0.20  residual: nan=0 inf=0 absmax=0.28  shape=(1, 2048)
[DEBUG layer 4] hidden: nan=0 inf=0 absmax=0.08  residual: nan=0 inf=0 absmax=0.25  shape=(1, 2048)
[DEBUG layer 0] hidden: nan=0 inf=0 absmax=0.05  residual: nan=0 inf=0 absmax=0.27  shape=(1, 2048)
[DEBUG layer 1] hidden: nan=0 inf=0 absmax=0.06  residual: nan=0 inf=0 absmax=0.19  shape=(1, 2048)
[DEBUG layer 2] hidden: nan=0 inf=0 absmax=0.06  residual: nan=0 inf=0 absmax=0.26  shape=(1, 2048)
[DEBUG layer 3] hidden: nan=0 inf=0 absmax=0.38  residual: nan=0 inf=0 absmax=0.36  shape=(1, 2048)
[DEBUG layer 4] hidden: nan=0 inf=0 absmax=0.10  residual: nan=0 inf=0 absmax=0.26  shape=(1, 2048)
[DEBUG layer 0] hidden: nan=0 inf=0 absmax=0.04  residual: nan=0 inf=0 absmax=0.30  shape=(1, 2048)
[DEBUG layer 1] hidden: nan=0 inf=0 absmax=0.07  residual: nan=0 inf=0 absmax=0.27  shape=(1, 2048)
[DEBUG layer 2] hidden: nan=0 inf=0 absmax=0.08  residual: nan=0 inf=0 absmax=0.18  shape=(1, 2048)
[DEBUG layer 3] hidden: nan=0 inf=0 absmax=0.08  residual: nan=0 inf=0 absmax=0.17  shape=(1, 2048)
[DEBUG layer 4] hidden: nan=0 inf=0 absmax=0.07  residual: nan=0 inf=0 absmax=0.18  shape=(1, 2048)
[DEBUG layer 0] hidden: nan=0 inf=0 absmax=0.04  residual: nan=0 inf=0 absmax=0.30  shape=(1, 2048)
[DEBUG layer 1] hidden: nan=0 inf=0 absmax=0.03  residual: nan=0 inf=0 absmax=0.34  shape=(1, 2048)
[DEBUG layer 2] hidden: nan=0 inf=0 absmax=0.10  residual: nan=0 inf=0 absmax=0.40  shape=(1, 2048)
[DEBUG layer 3] hidden: nan=0 inf=0 absmax=0.05  residual: nan=0 inf=0 absmax=0.38  shape=(1, 2048)
[DEBUG layer 4] hidden: nan=0 inf=0 absmax=0.11  residual: nan=0 inf=0 absmax=0.44  shape=(1, 2048)
[DEBUG layer 0] hidden: nan=0 inf=0 absmax=0.48  residual: nan=0 inf=0 absmax=0.73  shape=(8, 4096)
[DEBUG layer 0] hidden: nan=0 inf=0 absmax=0.48  residual: nan=0 inf=0 absmax=0.73  shape=(8, 4096)
[DEBUG layer 1] hidden: nan=0 inf=0 absmax=0.39  residual: nan=0 inf=0 absmax=0.93  shape=(8, 4096)
[DEBUG layer 1] hidden: nan=0 inf=0 absmax=0.39  residual: nan=0 inf=0 absmax=0.93  shape=(8, 4096)
[DEBUG layer 2] hidden: nan=0 inf=0 absmax=0.45  residual: nan=0 inf=0 absmax=1.07  shape=(8, 4096)
[DEBUG layer 2] hidden: nan=0 inf=0 absmax=0.45  residual: nan=0 inf=0 absmax=1.07  shape=(8, 4096)
[DEBUG layer 3] hidden: nan=0 inf=0 absmax=0.89  residual: nan=0 inf=0 absmax=1.09  shape=(8, 4096)
[DEBUG layer 3] hidden: nan=0 inf=0 absmax=0.89  residual: nan=0 inf=0 absmax=1.09  shape=(8, 4096)
[DEBUG layer 4] hidden: nan=0 inf=0 absmax=0.64  residual: nan=0 inf=0 absmax=0.71  shape=(8, 4096)
[DEBUG layer 4] hidden: nan=0 inf=0 absmax=0.64  residual: nan=0 inf=0 absmax=0.71  shape=(8, 4096)
[DEBUG verify] logits_p shape=(1, 8, 32000) inf=0 nan=0 max=15.12 min=-19.03
[DEBUG layer 0] hidden: nan=0 inf=0 absmax=0.08  residual: nan=0 inf=0 absmax=0.29  shape=(1, 2048)
[DEBUG layer 1] hidden: nan=0 inf=0 absmax=0.03  residual: nan=0 inf=0 absmax=0.24  shape=(1, 2048)
[DEBUG layer 2] hidden: nan=0 inf=0 absmax=0.08  residual: nan=0 inf=0 absmax=0.25  shape=(1, 2048)
[DEBUG layer 3] hidden: nan=0 inf=0 absmax=0.19  residual: nan=0 inf=0 absmax=0.31  shape=(1, 2048)
[DEBUG layer 4] hidden: nan=0 inf=0 absmax=0.09  residual: nan=0 inf=0 absmax=0.23  shape=(1, 2048)
[DEBUG layer 0] hidden: nan=0 inf=0 absmax=0.06  residual: nan=0 inf=0 absmax=0.24  shape=(1, 2048)
[DEBUG layer 1] hidden: nan=0 inf=0 absmax=0.09  residual: nan=0 inf=0 absmax=0.24  shape=(1, 2048)
[DEBUG layer 2] hidden: nan=0 inf=0 absmax=0.07  residual: nan=0 inf=0 absmax=0.17  shape=(1, 2048)
[DEBUG layer 3] hidden: nan=0 inf=0 absmax=0.13  residual: nan=0 inf=0 absmax=0.19  shape=(1, 2048)
[DEBUG layer 4] hidden: nan=0 inf=0 absmax=0.05  residual: nan=0 inf=0 absmax=0.21  shape=(1, 2048)
[DEBUG layer 0] hidden: nan=0 inf=0 absmax=0.08  residual: nan=0 inf=0 absmax=0.25  shape=(1, 2048)
[DEBUG layer 1] hidden: nan=0 inf=0 absmax=0.04  residual: nan=0 inf=0 absmax=0.35  shape=(1, 2048)
[DEBUG layer 2] hidden: nan=0 inf=0 absmax=0.12  residual: nan=0 inf=0 absmax=0.44  shape=(1, 2048)
[DEBUG layer 3] hidden: nan=0 inf=0 absmax=0.20  residual: nan=0 inf=0 absmax=0.44  shape=(1, 2048)
[DEBUG layer 4] hidden: nan=0 inf=0 absmax=0.06  residual: nan=0 inf=0 absmax=0.29  shape=(1, 2048)
[DEBUG layer 0] hidden: nan=0 inf=0 absmax=0.15  residual: nan=0 inf=0 absmax=0.28  shape=(1, 2048)
[DEBUG layer 1] hidden: nan=0 inf=0 absmax=0.05  residual: nan=0 inf=0 absmax=0.40  shape=(1, 2048)
[DEBUG layer 2] hidden: nan=0 inf=0 absmax=0.14  residual: nan=0 inf=0 absmax=0.37  shape=(1, 2048)
[DEBUG layer 3] hidden: nan=0 inf=0 absmax=0.05  residual: nan=0 inf=0 absmax=0.33  shape=(1, 2048)
[DEBUG layer 4] hidden: nan=0 inf=0 absmax=0.08  residual: nan=0 inf=0 absmax=0.33  shape=(1, 2048)
[DEBUG layer 0] hidden: nan=0 inf=0 absmax=0.12  residual: nan=0 inf=0 absmax=0.24  shape=(1, 2048)
[DEBUG layer 1] hidden: nan=0 inf=0 absmax=0.08  residual: nan=0 inf=0 absmax=0.36  shape=(1, 2048)
[DEBUG layer 2] hidden: nan=0 inf=0 absmax=0.14  residual: nan=0 inf=0 absmax=0.50  shape=(1, 2048)
[DEBUG layer 3] hidden: nan=0 inf=0 absmax=0.08  residual: nan=0 inf=0 absmax=0.37  shape=(1, 2048)
[DEBUG layer 4] hidden: nan=0 inf=0 absmax=0.07  residual: nan=0 inf=0 absmax=0.43  shape=(1, 2048)
[DEBUG layer 0] hidden: nan=0 inf=0 absmax=0.07  residual: nan=0 inf=0 absmax=0.27  shape=(1, 2048)
[DEBUG layer 1] hidden: nan=0 inf=0 absmax=0.10  residual: nan=0 inf=0 absmax=0.23  shape=(1, 2048)
[DEBUG layer 2] hidden: nan=0 inf=0 absmax=0.13  residual: nan=0 inf=0 absmax=0.40  shape=(1, 2048)
[DEBUG layer 3] hidden: nan=0 inf=0 absmax=0.08  residual: nan=0 inf=0 absmax=0.39  shape=(1, 2048)
[DEBUG layer 4] hidden: nan=0 inf=0 absmax=0.05  residual: nan=0 inf=0 absmax=0.41  shape=(1, 2048)
[DEBUG layer 0] hidden: nan=0 inf=0 absmax=0.09  residual: nan=0 inf=0 absmax=0.24  shape=(1, 2048)
[DEBUG layer 1] hidden: nan=0 inf=0 absmax=0.09  residual: nan=0 inf=0 absmax=0.29  shape=(1, 2048)
[DEBUG layer 2] hidden: nan=0 inf=0 absmax=0.11  residual: nan=0 inf=0 absmax=0.40  shape=(1, 2048)
[DEBUG layer 3] hidden: nan=0 inf=0 absmax=0.12  residual: nan=0 inf=0 absmax=0.31  shape=(1, 2048)
[DEBUG layer 4] hidden: nan=0 inf=0 absmax=0.10  residual: nan=0 inf=0 absmax=0.37  shape=(1, 2048)
[DEBUG layer 0] hidden: nan=0 inf=0 absmax=0.04  residual: nan=0 inf=0 absmax=0.31  shape=(1, 2048)
[DEBUG layer 1] hidden: nan=0 inf=0 absmax=0.03  residual: nan=0 inf=0 absmax=0.33  shape=(1, 2048)
[DEBUG layer 2] hidden: nan=0 inf=0 absmax=0.07  residual: nan=0 inf=0 absmax=0.31  shape=(1, 2048)
[DEBUG layer 3] hidden: nan=0 inf=0 absmax=0.05  residual: nan=0 inf=0 absmax=0.31  shape=(1, 2048)
[DEBUG layer 4] hidden: nan=0 inf=0 absmax=0.05  residual: nan=0 inf=0 absmax=0.39  shape=(1, 2048)
[DEBUG layer 0] hidden: nan=0 inf=0 absmax=0.72  residual: nan=0 inf=0 absmax=0.78  shape=(8, 4096)
[DEBUG layer 0] hidden: nan=0 inf=0 absmax=0.72  residual: nan=0 inf=0 absmax=0.78  shape=(8, 4096)
[DEBUG layer 1] hidden: nan=0 inf=0 absmax=0.30  residual: nan=0 inf=0 absmax=1.02  shape=(8, 4096)
[DEBUG layer 1] hidden: nan=0 inf=0 absmax=0.30  residual: nan=0 inf=0 absmax=1.02  shape=(8, 4096)
[DEBUG layer 2] hidden: nan=0 inf=0 absmax=0.13  residual: nan=0 inf=0 absmax=1.34  shape=(8, 4096)
[DEBUG layer 2] hidden: nan=0 inf=0 absmax=0.13  residual: nan=0 inf=0 absmax=1.34  shape=(8, 4096)
[DEBUG layer 3] hidden: nan=0 inf=0 absmax=0.74  residual: nan=0 inf=0 absmax=1.50  shape=(8, 4096)
[DEBUG layer 3] hidden: nan=0 inf=0 absmax=0.74  residual: nan=0 inf=0 absmax=1.50  shape=(8, 4096)
[DEBUG layer 4] hidden: nan=0 inf=0 absmax=0.76  residual: nan=0 inf=0 absmax=1.22  shape=(8, 4096)
[DEBUG layer 4] hidden: nan=0 inf=0 absmax=0.76  residual: nan=0 inf=0 absmax=1.22  shape=(8, 4096)
[DEBUG verify] logits_p shape=(1, 8, 32000) inf=0 nan=0 max=14.77 min=-18.91
[DEBUG layer 0] hidden: nan=0 inf=0 absmax=0.05  residual: nan=0 inf=0 absmax=0.20  shape=(1, 2048)
[DEBUG layer 1] hidden: nan=0 inf=0 absmax=0.05  residual: nan=0 inf=0 absmax=0.24  shape=(1, 2048)
[DEBUG layer 2] hidden: nan=0 inf=0 absmax=0.08  residual: nan=0 inf=0 absmax=0.31  shape=(1, 2048)
[DEBUG layer 3] hidden: nan=0 inf=0 absmax=0.11  residual: nan=0 inf=0 absmax=0.30  shape=(1, 2048)
[DEBUG layer 4] hidden: nan=0 inf=0 absmax=0.03  residual: nan=0 inf=0 absmax=0.25  shape=(1, 2048)
[DEBUG layer 0] hidden: nan=0 inf=0 absmax=0.04  residual: nan=0 inf=0 absmax=0.20  shape=(1, 2048)
[DEBUG layer 1] hidden: nan=0 inf=0 absmax=0.06  residual: nan=0 inf=0 absmax=0.22  shape=(1, 2048)
[DEBUG layer 2] hidden: nan=0 inf=0 absmax=0.11  residual: nan=0 inf=0 absmax=0.32  shape=(1, 2048)
[DEBUG layer 3] hidden: nan=0 inf=0 absmax=0.04  residual: nan=0 inf=0 absmax=0.27  shape=(1, 2048)
[DEBUG layer 4] hidden: nan=0 inf=0 absmax=0.05  residual: nan=0 inf=0 absmax=0.35  shape=(1, 2048)
[DEBUG layer 0] hidden: nan=0 inf=0 absmax=0.12  residual: nan=0 inf=0 absmax=0.22  shape=(1, 2048)
[DEBUG layer 1] hidden: nan=0 inf=0 absmax=0.05  residual: nan=0 inf=0 absmax=0.30  shape=(1, 2048)
[DEBUG layer 2] hidden: nan=0 inf=0 absmax=0.18  residual: nan=0 inf=0 absmax=0.41  shape=(1, 2048)
[DEBUG layer 3] hidden: nan=0 inf=0 absmax=0.17  residual: nan=0 inf=0 absmax=0.26  shape=(1, 2048)
[DEBUG layer 4] hidden: nan=0 inf=0 absmax=0.05  residual: nan=0 inf=0 absmax=0.29  shape=(1, 2048)
[DEBUG layer 0] hidden: nan=0 inf=0 absmax=0.05  residual: nan=0 inf=0 absmax=0.30  shape=(1, 2048)
[DEBUG layer 1] hidden: nan=0 inf=0 absmax=0.06  residual: nan=0 inf=0 absmax=0.31  shape=(1, 2048)
[DEBUG layer 2] hidden: nan=0 inf=0 absmax=0.13  residual: nan=0 inf=0 absmax=0.34  shape=(1, 2048)
[DEBUG layer 3] hidden: nan=0 inf=0 absmax=0.15  residual: nan=0 inf=0 absmax=0.29  shape=(1, 2048)
[DEBUG layer 4] hidden: nan=0 inf=0 absmax=0.06  residual: nan=0 inf=0 absmax=0.28  shape=(1, 2048)
[DEBUG layer 0] hidden: nan=0 inf=0 absmax=0.07  residual: nan=0 inf=0 absmax=0.25  shape=(1, 2048)
[DEBUG layer 1] hidden: nan=0 inf=0 absmax=0.04  residual: nan=0 inf=0 absmax=0.26  shape=(1, 2048)
[DEBUG layer 2] hidden: nan=0 inf=0 absmax=0.08  residual: nan=0 inf=0 absmax=0.35  shape=(1, 2048)
[DEBUG layer 3] hidden: nan=0 inf=0 absmax=0.11  residual: nan=0 inf=0 absmax=0.35  shape=(1, 2048)
[DEBUG layer 4] hidden: nan=0 inf=0 absmax=0.07  residual: nan=0 inf=0 absmax=0.33  shape=(1, 2048)
[DEBUG layer 0] hidden: nan=0 inf=0 absmax=0.28  residual: nan=0 inf=0 absmax=0.11  shape=(1, 2048)
[DEBUG layer 1] hidden: nan=0 inf=0 absmax=0.04  residual: nan=0 inf=0 absmax=0.36  shape=(1, 2048)
[DEBUG layer 2] hidden: nan=0 inf=0 absmax=0.14  residual: nan=0 inf=0 absmax=0.52  shape=(1, 2048)
[DEBUG layer 3] hidden: nan=0 inf=0 absmax=0.07  residual: nan=0 inf=0 absmax=0.43  shape=(1, 2048)
[DEBUG layer 4] hidden: nan=0 inf=0 absmax=0.06  residual: nan=0 inf=0 absmax=0.47  shape=(1, 2048)
[DEBUG layer 0] hidden: nan=0 inf=0 absmax=0.05  residual: nan=0 inf=0 absmax=0.28  shape=(1, 2048)
[DEBUG layer 1] hidden: nan=0 inf=0 absmax=0.06  residual: nan=0 inf=0 absmax=0.26  shape=(1, 2048)
[DEBUG layer 2] hidden: nan=0 inf=0 absmax=0.08  residual: nan=0 inf=0 absmax=0.35  shape=(1, 2048)
[DEBUG layer 3] hidden: nan=0 inf=0 absmax=0.05  residual: nan=0 inf=0 absmax=0.34  shape=(1, 2048)
[DEBUG layer 4] hidden: nan=0 inf=0 absmax=0.07  residual: nan=0 inf=0 absmax=0.43  shape=(1, 2048)
[DEBUG layer 0] hidden: nan=0 inf=0 absmax=0.22  residual: nan=0 inf=0 absmax=0.22  shape=(1, 2048)
[DEBUG layer 1] hidden: nan=0 inf=0 absmax=0.06  residual: nan=0 inf=0 absmax=0.44  shape=(1, 2048)
[DEBUG layer 2] hidden: nan=0 inf=0 absmax=0.21  residual: nan=0 inf=0 absmax=0.57  shape=(1, 2048)
[DEBUG layer 3] hidden: nan=0 inf=0 absmax=0.15  residual: nan=0 inf=0 absmax=0.44  shape=(1, 2048)
[DEBUG layer 4] hidden: nan=0 inf=0 absmax=0.10  residual: nan=0 inf=0 absmax=0.35  shape=(1, 2048)
[DEBUG layer 0] hidden: nan=0 inf=0 absmax=0.54  residual: nan=0 inf=0 absmax=0.69  shape=(8, 4096)
[DEBUG layer 0] hidden: nan=0 inf=0 absmax=0.54  residual: nan=0 inf=0 absmax=0.69  shape=(8, 4096)
[DEBUG layer 1] hidden: nan=0 inf=0 absmax=0.34  residual: nan=0 inf=0 absmax=0.78  shape=(8, 4096)
[DEBUG layer 1] hidden: nan=0 inf=0 absmax=0.34  residual: nan=0 inf=0 absmax=0.78  shape=(8, 4096)
[DEBUG layer 2] hidden: nan=0 inf=0 absmax=0.24  residual: nan=0 inf=0 absmax=1.04  shape=(8, 4096)
[DEBUG layer 2] hidden: nan=0 inf=0 absmax=0.24  residual: nan=0 inf=0 absmax=1.04  shape=(8, 4096)
[DEBUG layer 3] hidden: nan=0 inf=0 absmax=0.78  residual: nan=0 inf=0 absmax=1.07  shape=(8, 4096)
[DEBUG layer 3] hidden: nan=0 inf=0 absmax=0.78  residual: nan=0 inf=0 absmax=1.07  shape=(8, 4096)
[DEBUG layer 4] hidden: nan=0 inf=0 absmax=0.92  residual: nan=0 inf=0 absmax=1.33  shape=(8, 4096)
[DEBUG layer 4] hidden: nan=0 inf=0 absmax=0.92  residual: nan=0 inf=0 absmax=1.33  shape=(8, 4096)
[DEBUG verify] logits_p shape=(1, 8, 32000) inf=0 nan=0 max=10.95 min=-16.97
[DEBUG layer 0] hidden: nan=0 inf=0 absmax=0.22  residual: nan=0 inf=0 absmax=0.22  shape=(1, 2048)
[DEBUG layer 1] hidden: nan=0 inf=0 absmax=0.09  residual: nan=0 inf=0 absmax=0.43  shape=(1, 2048)
[DEBUG layer 2] hidden: nan=0 inf=0 absmax=0.20  residual: nan=0 inf=0 absmax=0.59  shape=(1, 2048)
[DEBUG layer 3] hidden: nan=0 inf=0 absmax=0.12  residual: nan=0 inf=0 absmax=0.45  shape=(1, 2048)
[DEBUG layer 4] hidden: nan=0 inf=0 absmax=0.14  residual: nan=0 inf=0 absmax=0.52  shape=(1, 2048)
[DEBUG layer 0] hidden: nan=0 inf=0 absmax=0.04  residual: nan=0 inf=0 absmax=0.33  shape=(1, 2048)
[DEBUG layer 1] hidden: nan=0 inf=0 absmax=0.10  residual: nan=0 inf=0 absmax=0.26  shape=(1, 2048)
[DEBUG layer 2] hidden: nan=0 inf=0 absmax=0.19  residual: nan=0 inf=0 absmax=0.49  shape=(1, 2048)
[DEBUG layer 3] hidden: nan=0 inf=0 absmax=0.18  residual: nan=0 inf=0 absmax=0.31  shape=(1, 2048)
[DEBUG layer 4] hidden: nan=0 inf=0 absmax=0.08  residual: nan=0 inf=0 absmax=0.24  shape=(1, 2048)
[DEBUG layer 0] hidden: nan=0 inf=0 absmax=0.16  residual: nan=0 inf=0 absmax=0.29  shape=(1, 2048)
[DEBUG layer 1] hidden: nan=0 inf=0 absmax=0.05  residual: nan=0 inf=0 absmax=0.27  shape=(1, 2048)
[DEBUG layer 2] hidden: nan=0 inf=0 absmax=0.07  residual: nan=0 inf=0 absmax=0.27  shape=(1, 2048)
[DEBUG layer 3] hidden: nan=0 inf=0 absmax=0.13  residual: nan=0 inf=0 absmax=0.27  shape=(1, 2048)
[DEBUG layer 4] hidden: nan=0 inf=0 absmax=0.07  residual: nan=0 inf=0 absmax=0.23  shape=(1, 2048)
[DEBUG layer 0] hidden: nan=0 inf=0 absmax=0.10  residual: nan=0 inf=0 absmax=0.24  shape=(1, 2048)
[DEBUG layer 1] hidden: nan=0 inf=0 absmax=0.04  residual: nan=0 inf=0 absmax=0.32  shape=(1, 2048)
[DEBUG layer 2] hidden: nan=0 inf=0 absmax=0.04  residual: nan=0 inf=0 absmax=0.37  shape=(1, 2048)
[DEBUG layer 3] hidden: nan=0 inf=0 absmax=0.16  residual: nan=0 inf=0 absmax=0.52  shape=(1, 2048)
[DEBUG layer 4] hidden: nan=0 inf=0 absmax=0.09  residual: nan=0 inf=0 absmax=0.38  shape=(1, 2048)
[DEBUG layer 0] hidden: nan=0 inf=0 absmax=0.06  residual: nan=0 inf=0 absmax=0.28  shape=(1, 2048)
[DEBUG layer 1] hidden: nan=0 inf=0 absmax=0.03  residual: nan=0 inf=0 absmax=0.30  shape=(1, 2048)
[DEBUG layer 2] hidden: nan=0 inf=0 absmax=0.05  residual: nan=0 inf=0 absmax=0.35  shape=(1, 2048)
[DEBUG layer 3] hidden: nan=0 inf=0 absmax=0.12  residual: nan=0 inf=0 absmax=0.37  shape=(1, 2048)
[DEBUG layer 4] hidden: nan=0 inf=0 absmax=0.06  residual: nan=0 inf=0 absmax=0.29  shape=(1, 2048)
[DEBUG layer 0] hidden: nan=0 inf=0 absmax=0.08  residual: nan=0 inf=0 absmax=0.26  shape=(1, 2048)
[DEBUG layer 1] hidden: nan=0 inf=0 absmax=0.04  residual: nan=0 inf=0 absmax=0.33  shape=(1, 2048)
[DEBUG layer 2] hidden: nan=0 inf=0 absmax=0.04  residual: nan=0 inf=0 absmax=0.30  shape=(1, 2048)
[DEBUG layer 3] hidden: nan=0 inf=0 absmax=0.23  residual: nan=0 inf=0 absmax=0.34  shape=(1, 2048)
[DEBUG layer 4] hidden: nan=0 inf=0 absmax=0.06  residual: nan=0 inf=0 absmax=0.25  shape=(1, 2048)
[DEBUG layer 0] hidden: nan=0 inf=0 absmax=0.11  residual: nan=0 inf=0 absmax=0.29  shape=(1, 2048)
[DEBUG layer 1] hidden: nan=0 inf=0 absmax=0.05  residual: nan=0 inf=0 absmax=0.38  shape=(1, 2048)
[DEBUG layer 2] hidden: nan=0 inf=0 absmax=0.12  residual: nan=0 inf=0 absmax=0.38  shape=(1, 2048)
[DEBUG layer 3] hidden: nan=0 inf=0 absmax=0.10  residual: nan=0 inf=0 absmax=0.40  shape=(1, 2048)
[DEBUG layer 4] hidden: nan=0 inf=0 absmax=0.06  residual: nan=0 inf=0 absmax=0.40  shape=(1, 2048)
[DEBUG layer 0] hidden: nan=0 inf=0 absmax=0.11  residual: nan=0 inf=0 absmax=0.25  shape=(1, 2048)
[DEBUG layer 1] hidden: nan=0 inf=0 absmax=0.09  residual: nan=0 inf=0 absmax=0.36  shape=(1, 2048)
[DEBUG layer 2] hidden: nan=0 inf=0 absmax=0.15  residual: nan=0 inf=0 absmax=0.51  shape=(1, 2048)
[DEBUG layer 3] hidden: nan=0 inf=0 absmax=0.12  residual: nan=0 inf=0 absmax=0.40  shape=(1, 2048)
[DEBUG layer 4] hidden: nan=0 inf=0 absmax=0.05  residual: nan=0 inf=0 absmax=0.40  shape=(1, 2048)
[DEBUG layer 0] hidden: nan=0 inf=0 absmax=0.45  residual: nan=0 inf=0 absmax=0.71  shape=(8, 4096)
[DEBUG layer 0] hidden: nan=0 inf=0 absmax=0.45  residual: nan=0 inf=0 absmax=0.71  shape=(8, 4096)
[DEBUG layer 1] hidden: nan=0 inf=0 absmax=0.33  residual: nan=0 inf=0 absmax=0.92  shape=(8, 4096)
[DEBUG layer 1] hidden: nan=0 inf=0 absmax=0.33  residual: nan=0 inf=0 absmax=0.92  shape=(8, 4096)
[DEBUG layer 2] hidden: nan=0 inf=0 absmax=0.59  residual: nan=0 inf=0 absmax=0.96  shape=(8, 4096)
[DEBUG layer 2] hidden: nan=0 inf=0 absmax=0.59  residual: nan=0 inf=0 absmax=0.96  shape=(8, 4096)
[DEBUG layer 3] hidden: nan=0 inf=0 absmax=0.80  residual: nan=0 inf=0 absmax=1.10  shape=(8, 4096)
[DEBUG layer 3] hidden: nan=0 inf=0 absmax=0.80  residual: nan=0 inf=0 absmax=1.10  shape=(8, 4096)
[DEBUG layer 4] hidden: nan=0 inf=0 absmax=0.93  residual: nan=0 inf=0 absmax=1.06  shape=(8, 4096)
[DEBUG layer 4] hidden: nan=0 inf=0 absmax=0.93  residual: nan=0 inf=0 absmax=1.06  shape=(8, 4096)
[DEBUG verify] logits_p shape=(1, 8, 32000) inf=0 nan=0 max=12.40 min=-15.30
[DEBUG layer 0] hidden: nan=0 inf=0 absmax=0.03  residual: nan=0 inf=0 absmax=0.29  shape=(1, 2048)
[DEBUG layer 1] hidden: nan=0 inf=0 absmax=0.06  residual: nan=0 inf=0 absmax=0.28  shape=(1, 2048)
[DEBUG layer 2] hidden: nan=0 inf=0 absmax=0.06  residual: nan=0 inf=0 absmax=0.29  shape=(1, 2048)
[DEBUG layer 3] hidden: nan=0 inf=0 absmax=0.08  residual: nan=0 inf=0 absmax=0.32  shape=(1, 2048)
[DEBUG layer 4] hidden: nan=0 inf=0 absmax=0.09  residual: nan=0 inf=0 absmax=0.24  shape=(1, 2048)
[DEBUG layer 0] hidden: nan=0 inf=0 absmax=0.10  residual: nan=0 inf=0 absmax=0.21  shape=(1, 2048)
[DEBUG layer 1] hidden: nan=0 inf=0 absmax=0.03  residual: nan=0 inf=0 absmax=0.29  shape=(1, 2048)
[DEBUG layer 2] hidden: nan=0 inf=0 absmax=0.12  residual: nan=0 inf=0 absmax=0.31  shape=(1, 2048)
[DEBUG layer 3] hidden: nan=0 inf=0 absmax=0.16  residual: nan=0 inf=0 absmax=0.27  shape=(1, 2048)
[DEBUG layer 4] hidden: nan=0 inf=0 absmax=0.07  residual: nan=0 inf=0 absmax=0.26  shape=(1, 2048)
[DEBUG layer 0] hidden: nan=0 inf=0 absmax=0.15  residual: nan=0 inf=0 absmax=0.24  shape=(1, 2048)
[DEBUG layer 1] hidden: nan=0 inf=0 absmax=0.11  residual: nan=0 inf=0 absmax=0.40  shape=(1, 2048)
[DEBUG layer 2] hidden: nan=0 inf=0 absmax=0.06  residual: nan=0 inf=0 absmax=0.52  shape=(1, 2048)
[DEBUG layer 3] hidden: nan=0 inf=0 absmax=0.09  residual: nan=0 inf=0 absmax=0.56  shape=(1, 2048)
[DEBUG layer 4] hidden: nan=0 inf=0 absmax=0.05  residual: nan=0 inf=0 absmax=0.57  shape=(1, 2048)
[DEBUG layer 0] hidden: nan=0 inf=0 absmax=0.06  residual: nan=0 inf=0 absmax=0.26  shape=(1, 2048)
[DEBUG layer 1] hidden: nan=0 inf=0 absmax=0.09  residual: nan=0 inf=0 absmax=0.33  shape=(1, 2048)
[DEBUG layer 2] hidden: nan=0 inf=0 absmax=0.15  residual: nan=0 inf=0 absmax=0.50  shape=(1, 2048)
[DEBUG layer 3] hidden: nan=0 inf=0 absmax=0.17  residual: nan=0 inf=0 absmax=0.42  shape=(1, 2048)
[DEBUG layer 4] hidden: nan=0 inf=0 absmax=0.06  residual: nan=0 inf=0 absmax=0.43  shape=(1, 2048)
[DEBUG layer 0] hidden: nan=0 inf=0 absmax=0.04  residual: nan=0 inf=0 absmax=0.29  shape=(1, 2048)
[DEBUG layer 1] hidden: nan=0 inf=0 absmax=0.08  residual: nan=0 inf=0 absmax=0.23  shape=(1, 2048)
[DEBUG layer 2] hidden: nan=0 inf=0 absmax=0.05  residual: nan=0 inf=0 absmax=0.23  shape=(1, 2048)
[DEBUG layer 3] hidden: nan=0 inf=0 absmax=0.13  residual: nan=0 inf=0 absmax=0.29  shape=(1, 2048)
[DEBUG layer 4] hidden: nan=0 inf=0 absmax=0.06  residual: nan=0 inf=0 absmax=0.28  shape=(1, 2048)
[DEBUG layer 0] hidden: nan=0 inf=0 absmax=0.06  residual: nan=0 inf=0 absmax=0.31  shape=(1, 2048)
[DEBUG layer 1] hidden: nan=0 inf=0 absmax=0.03  residual: nan=0 inf=0 absmax=0.32  shape=(1, 2048)
[DEBUG layer 2] hidden: nan=0 inf=0 absmax=0.07  residual: nan=0 inf=0 absmax=0.30  shape=(1, 2048)
[DEBUG layer 3] hidden: nan=0 inf=0 absmax=0.10  residual: nan=0 inf=0 absmax=0.31  shape=(1, 2048)
[DEBUG layer 4] hidden: nan=0 inf=0 absmax=0.07  residual: nan=0 inf=0 absmax=0.24  shape=(1, 2048)
[DEBUG layer 0] hidden: nan=0 inf=0 absmax=0.06  residual: nan=0 inf=0 absmax=0.29  shape=(1, 2048)
[DEBUG layer 1] hidden: nan=0 inf=0 absmax=0.06  residual: nan=0 inf=0 absmax=0.30  shape=(1, 2048)
[DEBUG layer 2] hidden: nan=0 inf=0 absmax=0.08  residual: nan=0 inf=0 absmax=0.35  shape=(1, 2048)
[DEBUG layer 3] hidden: nan=0 inf=0 absmax=0.14  residual: nan=0 inf=0 absmax=0.34  shape=(1, 2048)
[DEBUG layer 4] hidden: nan=0 inf=0 absmax=0.06  residual: nan=0 inf=0 absmax=0.31  shape=(1, 2048)
[DEBUG layer 0] hidden: nan=0 inf=0 absmax=0.13  residual: nan=0 inf=0 absmax=0.31  shape=(1, 2048)
[DEBUG layer 1] hidden: nan=0 inf=0 absmax=0.06  residual: nan=0 inf=0 absmax=0.26  shape=(1, 2048)
[DEBUG layer 2] hidden: nan=0 inf=0 absmax=0.10  residual: nan=0 inf=0 absmax=0.31  shape=(1, 2048)
[DEBUG layer 3] hidden: nan=0 inf=0 absmax=0.05  residual: nan=0 inf=0 absmax=0.28  shape=(1, 2048)
[DEBUG layer 4] hidden: nan=0 inf=0 absmax=0.06  residual: nan=0 inf=0 absmax=0.32  shape=(1, 2048)
[DEBUG layer 0] hidden: nan=0 inf=0 absmax=0.61  residual: nan=0 inf=0 absmax=0.71  shape=(8, 4096)
[DEBUG layer 0] hidden: nan=0 inf=0 absmax=0.61  residual: nan=0 inf=0 absmax=0.71  shape=(8, 4096)
[DEBUG layer 1] hidden: nan=0 inf=0 absmax=0.27  residual: nan=0 inf=0 absmax=0.99  shape=(8, 4096)
[DEBUG layer 1] hidden: nan=0 inf=0 absmax=0.27  residual: nan=0 inf=0 absmax=0.99  shape=(8, 4096)
[DEBUG layer 2] hidden: nan=0 inf=0 absmax=0.24  residual: nan=0 inf=0 absmax=1.07  shape=(8, 4096)
[DEBUG layer 2] hidden: nan=0 inf=0 absmax=0.24  residual: nan=0 inf=0 absmax=1.07  shape=(8, 4096)
[DEBUG layer 3] hidden: nan=0 inf=0 absmax=0.87  residual: nan=0 inf=0 absmax=1.19  shape=(8, 4096)
[DEBUG layer 3] hidden: nan=0 inf=0 absmax=0.87  residual: nan=0 inf=0 absmax=1.19  shape=(8, 4096)
[DEBUG layer 4] hidden: nan=0 inf=0 absmax=1.00  residual: nan=0 inf=0 absmax=1.30  shape=(8, 4096)
[DEBUG layer 4] hidden: nan=0 inf=0 absmax=1.00  residual: nan=0 inf=0 absmax=1.30  shape=(8, 4096)
[DEBUG verify] logits_p shape=(1, 8, 32000) inf=0 nan=0 max=19.94 min=-17.84
[DEBUG layer 0] hidden: nan=0 inf=0 absmax=0.05  residual: nan=0 inf=0 absmax=0.26  shape=(1, 2048)
[DEBUG layer 1] hidden: nan=0 inf=0 absmax=0.04  residual: nan=0 inf=0 absmax=0.31  shape=(1, 2048)
[DEBUG layer 2] hidden: nan=0 inf=0 absmax=0.08  residual: nan=0 inf=0 absmax=0.27  shape=(1, 2048)
[DEBUG layer 3] hidden: nan=0 inf=0 absmax=0.08  residual: nan=0 inf=0 absmax=0.19  shape=(1, 2048)
[DEBUG layer 4] hidden: nan=0 inf=0 absmax=0.07  residual: nan=0 inf=0 absmax=0.17  shape=(1, 2048)
[DEBUG layer 0] hidden: nan=0 inf=0 absmax=0.08  residual: nan=0 inf=0 absmax=0.31  shape=(1, 2048)
[DEBUG layer 1] hidden: nan=0 inf=0 absmax=0.07  residual: nan=0 inf=0 absmax=0.27  shape=(1, 2048)
[DEBUG layer 2] hidden: nan=0 inf=0 absmax=0.06  residual: nan=0 inf=0 absmax=0.15  shape=(1, 2048)
[DEBUG layer 3] hidden: nan=0 inf=0 absmax=0.18  residual: nan=0 inf=0 absmax=0.18  shape=(1, 2048)
[DEBUG layer 4] hidden: nan=0 inf=0 absmax=0.11  residual: nan=0 inf=0 absmax=0.18  shape=(1, 2048)
[DEBUG layer 0] hidden: nan=0 inf=0 absmax=0.04  residual: nan=0 inf=0 absmax=0.26  shape=(1, 2048)
[DEBUG layer 1] hidden: nan=0 inf=0 absmax=0.04  residual: nan=0 inf=0 absmax=0.28  shape=(1, 2048)
[DEBUG layer 2] hidden: nan=0 inf=0 absmax=0.07  residual: nan=0 inf=0 absmax=0.32  shape=(1, 2048)
[DEBUG layer 3] hidden: nan=0 inf=0 absmax=0.12  residual: nan=0 inf=0 absmax=0.47  shape=(1, 2048)
[DEBUG layer 4] hidden: nan=0 inf=0 absmax=0.07  residual: nan=0 inf=0 absmax=0.41  shape=(1, 2048)
[DEBUG layer 0] hidden: nan=0 inf=0 absmax=0.04  residual: nan=0 inf=0 absmax=0.20  shape=(1, 2048)
[DEBUG layer 1] hidden: nan=0 inf=0 absmax=0.06  residual: nan=0 inf=0 absmax=0.25  shape=(1, 2048)
[DEBUG layer 2] hidden: nan=0 inf=0 absmax=0.07  residual: nan=0 inf=0 absmax=0.29  shape=(1, 2048)
[DEBUG layer 3] hidden: nan=0 inf=0 absmax=0.06  residual: nan=0 inf=0 absmax=0.32  shape=(1, 2048)
[DEBUG layer 4] hidden: nan=0 inf=0 absmax=0.05  residual: nan=0 inf=0 absmax=0.34  shape=(1, 2048)
[DEBUG layer 0] hidden: nan=0 inf=0 absmax=0.19  residual: nan=0 inf=0 absmax=0.24  shape=(1, 2048)
[DEBUG layer 1] hidden: nan=0 inf=0 absmax=0.11  residual: nan=0 inf=0 absmax=0.44  shape=(1, 2048)
[DEBUG layer 2] hidden: nan=0 inf=0 absmax=0.11  residual: nan=0 inf=0 absmax=0.59  shape=(1, 2048)
[DEBUG layer 3] hidden: nan=0 inf=0 absmax=0.09  residual: nan=0 inf=0 absmax=0.54  shape=(1, 2048)
[DEBUG layer 4] hidden: nan=0 inf=0 absmax=0.05  residual: nan=0 inf=0 absmax=0.59  shape=(1, 2048)
[DEBUG layer 0] hidden: nan=0 inf=0 absmax=0.08  residual: nan=0 inf=0 absmax=0.22  shape=(1, 2048)
[DEBUG layer 1] hidden: nan=0 inf=0 absmax=0.06  residual: nan=0 inf=0 absmax=0.33  shape=(1, 2048)
[DEBUG layer 2] hidden: nan=0 inf=0 absmax=0.04  residual: nan=0 inf=0 absmax=0.42  shape=(1, 2048)
[DEBUG layer 3] hidden: nan=0 inf=0 absmax=0.20  residual: nan=0 inf=0 absmax=0.40  shape=(1, 2048)
[DEBUG layer 4] hidden: nan=0 inf=0 absmax=0.13  residual: nan=0 inf=0 absmax=0.35  shape=(1, 2048)
[DEBUG layer 0] hidden: nan=0 inf=0 absmax=0.04  residual: nan=0 inf=0 absmax=0.29  shape=(1, 2048)
[DEBUG layer 1] hidden: nan=0 inf=0 absmax=0.05  residual: nan=0 inf=0 absmax=0.35  shape=(1, 2048)
[DEBUG layer 2] hidden: nan=0 inf=0 absmax=0.07  residual: nan=0 inf=0 absmax=0.46  shape=(1, 2048)
[DEBUG layer 3] hidden: nan=0 inf=0 absmax=0.08  residual: nan=0 inf=0 absmax=0.41  shape=(1, 2048)
[DEBUG layer 4] hidden: nan=0 inf=0 absmax=0.04  residual: nan=0 inf=0 absmax=0.38  shape=(1, 2048)
[DEBUG layer 0] hidden: nan=0 inf=0 absmax=0.10  residual: nan=0 inf=0 absmax=0.30  shape=(1, 2048)
[DEBUG layer 1] hidden: nan=0 inf=0 absmax=0.04  residual: nan=0 inf=0 absmax=0.31  shape=(1, 2048)
[DEBUG layer 2] hidden: nan=0 inf=0 absmax=0.06  residual: nan=0 inf=0 absmax=0.37  shape=(1, 2048)
[DEBUG layer 3] hidden: nan=0 inf=0 absmax=0.09  residual: nan=0 inf=0 absmax=0.40  shape=(1, 2048)
[DEBUG layer 4] hidden: nan=0 inf=0 absmax=0.07  residual: nan=0 inf=0 absmax=0.36  shape=(1, 2048)
[DEBUG layer 0] hidden: nan=0 inf=0 absmax=0.52  residual: nan=0 inf=0 absmax=0.73  shape=(8, 4096)
[DEBUG layer 0] hidden: nan=0 inf=0 absmax=0.52  residual: nan=0 inf=0 absmax=0.73  shape=(8, 4096)
[DEBUG layer 1] hidden: nan=0 inf=0 absmax=0.28  residual: nan=0 inf=0 absmax=0.88  shape=(8, 4096)
[DEBUG layer 1] hidden: nan=0 inf=0 absmax=0.28  residual: nan=0 inf=0 absmax=0.88  shape=(8, 4096)
[DEBUG layer 2] hidden: nan=0 inf=0 absmax=0.27  residual: nan=0 inf=0 absmax=1.17  shape=(8, 4096)
[DEBUG layer 2] hidden: nan=0 inf=0 absmax=0.27  residual: nan=0 inf=0 absmax=1.17  shape=(8, 4096)
[DEBUG layer 3] hidden: nan=0 inf=0 absmax=0.65  residual: nan=0 inf=0 absmax=1.32  shape=(8, 4096)
[DEBUG layer 3] hidden: nan=0 inf=0 absmax=0.65  residual: nan=0 inf=0 absmax=1.32  shape=(8, 4096)
[DEBUG layer 4] hidden: nan=0 inf=0 absmax=0.86  residual: nan=0 inf=0 absmax=1.57  shape=(8, 4096)
[DEBUG layer 4] hidden: nan=0 inf=0 absmax=0.86  residual: nan=0 inf=0 absmax=1.57  shape=(8, 4096)
[DEBUG verify] logits_p shape=(1, 8, 32000) inf=0 nan=0 max=10.98 min=-16.20
[DEBUG layer 0] hidden: nan=0 inf=0 absmax=0.02  residual: nan=0 inf=0 absmax=0.29  shape=(1, 2048)
[DEBUG layer 1] hidden: nan=0 inf=0 absmax=0.04  residual: nan=0 inf=0 absmax=0.28  shape=(1, 2048)
[DEBUG layer 2] hidden: nan=0 inf=0 absmax=0.09  residual: nan=0 inf=0 absmax=0.28  shape=(1, 2048)
[DEBUG layer 3] hidden: nan=0 inf=0 absmax=0.09  residual: nan=0 inf=0 absmax=0.34  shape=(1, 2048)
[DEBUG layer 4] hidden: nan=0 inf=0 absmax=0.09  residual: nan=0 inf=0 absmax=0.26  shape=(1, 2048)
[DEBUG layer 0] hidden: nan=0 inf=0 absmax=0.06  residual: nan=0 inf=0 absmax=0.26  shape=(1, 2048)
[DEBUG layer 1] hidden: nan=0 inf=0 absmax=0.04  residual: nan=0 inf=0 absmax=0.32  shape=(1, 2048)
[DEBUG layer 2] hidden: nan=0 inf=0 absmax=0.11  residual: nan=0 inf=0 absmax=0.33  shape=(1, 2048)
[DEBUG layer 3] hidden: nan=0 inf=0 absmax=0.09  residual: nan=0 inf=0 absmax=0.27  shape=(1, 2048)
[DEBUG layer 4] hidden: nan=0 inf=0 absmax=0.07  residual: nan=0 inf=0 absmax=0.20  shape=(1, 2048)
[DEBUG layer 0] hidden: nan=0 inf=0 absmax=0.08  residual: nan=0 inf=0 absmax=0.31  shape=(1, 2048)
[DEBUG layer 1] hidden: nan=0 inf=0 absmax=0.07  residual: nan=0 inf=0 absmax=0.27  shape=(1, 2048)
[DEBUG layer 2] hidden: nan=0 inf=0 absmax=0.06  residual: nan=0 inf=0 absmax=0.15  shape=(1, 2048)
[DEBUG layer 3] hidden: nan=0 inf=0 absmax=0.20  residual: nan=0 inf=0 absmax=0.20  shape=(1, 2048)
[DEBUG layer 4] hidden: nan=0 inf=0 absmax=0.12  residual: nan=0 inf=0 absmax=0.18  shape=(1, 2048)
[DEBUG layer 0] hidden: nan=0 inf=0 absmax=0.04  residual: nan=0 inf=0 absmax=0.25  shape=(1, 2048)
[DEBUG layer 1] hidden: nan=0 inf=0 absmax=0.04  residual: nan=0 inf=0 absmax=0.29  shape=(1, 2048)
[DEBUG layer 2] hidden: nan=0 inf=0 absmax=0.08  residual: nan=0 inf=0 absmax=0.33  shape=(1, 2048)
[DEBUG layer 3] hidden: nan=0 inf=0 absmax=0.12  residual: nan=0 inf=0 absmax=0.48  shape=(1, 2048)
[DEBUG layer 4] hidden: nan=0 inf=0 absmax=0.07  residual: nan=0 inf=0 absmax=0.49  shape=(1, 2048)
[DEBUG layer 0] hidden: nan=0 inf=0 absmax=0.12  residual: nan=0 inf=0 absmax=0.26  shape=(1, 2048)
[DEBUG layer 1] hidden: nan=0 inf=0 absmax=0.08  residual: nan=0 inf=0 absmax=0.37  shape=(1, 2048)
[DEBUG layer 2] hidden: nan=0 inf=0 absmax=0.16  residual: nan=0 inf=0 absmax=0.50  shape=(1, 2048)
[DEBUG layer 3] hidden: nan=0 inf=0 absmax=0.09  residual: nan=0 inf=0 absmax=0.42  shape=(1, 2048)
[DEBUG layer 4] hidden: nan=0 inf=0 absmax=0.08  residual: nan=0 inf=0 absmax=0.47  shape=(1, 2048)
[DEBUG layer 0] hidden: nan=0 inf=0 absmax=0.08  residual: nan=0 inf=0 absmax=0.27  shape=(1, 2048)
[DEBUG layer 1] hidden: nan=0 inf=0 absmax=0.11  residual: nan=0 inf=0 absmax=0.24  shape=(1, 2048)
[DEBUG layer 2] hidden: nan=0 inf=0 absmax=0.11  residual: nan=0 inf=0 absmax=0.41  shape=(1, 2048)
[DEBUG layer 3] hidden: nan=0 inf=0 absmax=0.09  residual: nan=0 inf=0 absmax=0.43  shape=(1, 2048)
[DEBUG layer 4] hidden: nan=0 inf=0 absmax=0.04  residual: nan=0 inf=0 absmax=0.48  shape=(1, 2048)
[DEBUG layer 0] hidden: nan=0 inf=0 absmax=0.09  residual: nan=0 inf=0 absmax=0.24  shape=(1, 2048)
[DEBUG layer 1] hidden: nan=0 inf=0 absmax=0.09  residual: nan=0 inf=0 absmax=0.30  shape=(1, 2048)
[DEBUG layer 2] hidden: nan=0 inf=0 absmax=0.12  residual: nan=0 inf=0 absmax=0.41  shape=(1, 2048)
[DEBUG layer 3] hidden: nan=0 inf=0 absmax=0.13  residual: nan=0 inf=0 absmax=0.34  shape=(1, 2048)
[DEBUG layer 4] hidden: nan=0 inf=0 absmax=0.09  residual: nan=0 inf=0 absmax=0.40  shape=(1, 2048)
[DEBUG layer 0] hidden: nan=0 inf=0 absmax=0.04  residual: nan=0 inf=0 absmax=0.31  shape=(1, 2048)
[DEBUG layer 1] hidden: nan=0 inf=0 absmax=0.03  residual: nan=0 inf=0 absmax=0.34  shape=(1, 2048)
[DEBUG layer 2] hidden: nan=0 inf=0 absmax=0.07  residual: nan=0 inf=0 absmax=0.31  shape=(1, 2048)
[DEBUG layer 3] hidden: nan=0 inf=0 absmax=0.05  residual: nan=0 inf=0 absmax=0.33  shape=(1, 2048)
[DEBUG layer 4] hidden: nan=0 inf=0 absmax=0.05  residual: nan=0 inf=0 absmax=0.40  shape=(1, 2048)
[DEBUG layer 0] hidden: nan=0 inf=0 absmax=0.64  residual: nan=0 inf=0 absmax=0.78  shape=(8, 4096)
[DEBUG layer 0] hidden: nan=0 inf=0 absmax=0.64  residual: nan=0 inf=0 absmax=0.78  shape=(8, 4096)
[DEBUG layer 1] hidden: nan=0 inf=0 absmax=0.33  residual: nan=0 inf=0 absmax=1.06  shape=(8, 4096)
[DEBUG layer 1] hidden: nan=0 inf=0 absmax=0.33  residual: nan=0 inf=0 absmax=1.06  shape=(8, 4096)
[DEBUG layer 2] hidden: nan=0 inf=0 absmax=0.30  residual: nan=0 inf=0 absmax=1.41  shape=(8, 4096)
[DEBUG layer 2] hidden: nan=0 inf=0 absmax=0.30  residual: nan=0 inf=0 absmax=1.41  shape=(8, 4096)
[DEBUG layer 3] hidden: nan=0 inf=0 absmax=0.82  residual: nan=0 inf=0 absmax=1.64  shape=(8, 4096)
[DEBUG layer 3] hidden: nan=0 inf=0 absmax=0.82  residual: nan=0 inf=0 absmax=1.64  shape=(8, 4096)
[DEBUG layer 4] hidden: nan=0 inf=0 absmax=0.91  residual: nan=0 inf=0 absmax=1.40  shape=(8, 4096)
[DEBUG layer 4] hidden: nan=0 inf=0 absmax=0.91  residual: nan=0 inf=0 absmax=1.40  shape=(8, 4096)
[DEBUG verify] logits_p shape=(1, 8, 32000) inf=0 nan=0 max=11.16 min=-17.19
[DEBUG layer 0] hidden: nan=0 inf=0 absmax=0.11  residual: nan=0 inf=0 absmax=0.23  shape=(1, 2048)
[DEBUG layer 1] hidden: nan=0 inf=0 absmax=0.05  residual: nan=0 inf=0 absmax=0.36  shape=(1, 2048)
[DEBUG layer 2] hidden: nan=0 inf=0 absmax=0.11  residual: nan=0 inf=0 absmax=0.43  shape=(1, 2048)
[DEBUG layer 3] hidden: nan=0 inf=0 absmax=0.09  residual: nan=0 inf=0 absmax=0.40  shape=(1, 2048)
[DEBUG layer 4] hidden: nan=0 inf=0 absmax=0.05  residual: nan=0 inf=0 absmax=0.39  shape=(1, 2048)
[DEBUG layer 0] hidden: nan=0 inf=0 absmax=0.13  residual: nan=0 inf=0 absmax=0.20  shape=(1, 2048)
[DEBUG layer 1] hidden: nan=0 inf=0 absmax=0.03  residual: nan=0 inf=0 absmax=0.35  shape=(1, 2048)
[DEBUG layer 2] hidden: nan=0 inf=0 absmax=0.05  residual: nan=0 inf=0 absmax=0.40  shape=(1, 2048)
[DEBUG layer 3] hidden: nan=0 inf=0 absmax=0.18  residual: nan=0 inf=0 absmax=0.49  shape=(1, 2048)
[DEBUG layer 4] hidden: nan=0 inf=0 absmax=0.17  residual: nan=0 inf=0 absmax=0.37  shape=(1, 2048)
[DEBUG layer 0] hidden: nan=0 inf=0 absmax=0.06  residual: nan=0 inf=0 absmax=0.28  shape=(1, 2048)
[DEBUG layer 1] hidden: nan=0 inf=0 absmax=0.04  residual: nan=0 inf=0 absmax=0.35  shape=(1, 2048)
[DEBUG layer 2] hidden: nan=0 inf=0 absmax=0.11  residual: nan=0 inf=0 absmax=0.40  shape=(1, 2048)
[DEBUG layer 3] hidden: nan=0 inf=0 absmax=0.14  residual: nan=0 inf=0 absmax=0.38  shape=(1, 2048)
[DEBUG layer 4] hidden: nan=0 inf=0 absmax=0.05  residual: nan=0 inf=0 absmax=0.35  shape=(1, 2048)
[DEBUG layer 0] hidden: nan=0 inf=0 absmax=0.18  residual: nan=0 inf=0 absmax=0.18  shape=(1, 2048)
[DEBUG layer 1] hidden: nan=0 inf=0 absmax=0.02  residual: nan=0 inf=0 absmax=0.34  shape=(1, 2048)
[DEBUG layer 2] hidden: nan=0 inf=0 absmax=0.04  residual: nan=0 inf=0 absmax=0.36  shape=(1, 2048)
[DEBUG layer 3] hidden: nan=0 inf=0 absmax=0.10  residual: nan=0 inf=0 absmax=0.42  shape=(1, 2048)
[DEBUG layer 4] hidden: nan=0 inf=0 absmax=0.10  residual: nan=0 inf=0 absmax=0.39  shape=(1, 2048)
[DEBUG layer 0] hidden: nan=0 inf=0 absmax=0.11  residual: nan=0 inf=0 absmax=0.29  shape=(1, 2048)
[DEBUG layer 1] hidden: nan=0 inf=0 absmax=0.05  residual: nan=0 inf=0 absmax=0.37  shape=(1, 2048)
[DEBUG layer 2] hidden: nan=0 inf=0 absmax=0.10  residual: nan=0 inf=0 absmax=0.36  shape=(1, 2048)
[DEBUG layer 3] hidden: nan=0 inf=0 absmax=0.09  residual: nan=0 inf=0 absmax=0.42  shape=(1, 2048)
[DEBUG layer 4] hidden: nan=0 inf=0 absmax=0.05  residual: nan=0 inf=0 absmax=0.47  shape=(1, 2048)
[DEBUG layer 0] hidden: nan=0 inf=0 absmax=0.04  residual: nan=0 inf=0 absmax=0.18  shape=(1, 2048)
[DEBUG layer 1] hidden: nan=0 inf=0 absmax=0.05  residual: nan=0 inf=0 absmax=0.23  shape=(1, 2048)
[DEBUG layer 2] hidden: nan=0 inf=0 absmax=0.07  residual: nan=0 inf=0 absmax=0.27  shape=(1, 2048)
[DEBUG layer 3] hidden: nan=0 inf=0 absmax=0.05  residual: nan=0 inf=0 absmax=0.29  shape=(1, 2048)
[DEBUG layer 4] hidden: nan=0 inf=0 absmax=0.05  residual: nan=0 inf=0 absmax=0.33  shape=(1, 2048)
[DEBUG layer 0] hidden: nan=0 inf=0 absmax=0.22  residual: nan=0 inf=0 absmax=0.22  shape=(1, 2048)
[DEBUG layer 1] hidden: nan=0 inf=0 absmax=0.11  residual: nan=0 inf=0 absmax=0.43  shape=(1, 2048)
[DEBUG layer 2] hidden: nan=0 inf=0 absmax=0.24  residual: nan=0 inf=0 absmax=0.62  shape=(1, 2048)
[DEBUG layer 3] hidden: nan=0 inf=0 absmax=0.12  residual: nan=0 inf=0 absmax=0.43  shape=(1, 2048)
[DEBUG layer 4] hidden: nan=0 inf=0 absmax=0.06  residual: nan=0 inf=0 absmax=0.42  shape=(1, 2048)
[DEBUG layer 0] hidden: nan=0 inf=0 absmax=0.05  residual: nan=0 inf=0 absmax=0.33  shape=(1, 2048)
[DEBUG layer 1] hidden: nan=0 inf=0 absmax=0.10  residual: nan=0 inf=0 absmax=0.27  shape=(1, 2048)
[DEBUG layer 2] hidden: nan=0 inf=0 absmax=0.21  residual: nan=0 inf=0 absmax=0.49  shape=(1, 2048)
[DEBUG layer 3] hidden: nan=0 inf=0 absmax=0.18  residual: nan=0 inf=0 absmax=0.29  shape=(1, 2048)
[DEBUG layer 4] hidden: nan=0 inf=0 absmax=0.08  residual: nan=0 inf=0 absmax=0.28  shape=(1, 2048)
[DEBUG layer 0] hidden: nan=0 inf=0 absmax=0.49  residual: nan=0 inf=0 absmax=0.72  shape=(8, 4096)
[DEBUG layer 0] hidden: nan=0 inf=0 absmax=0.49  residual: nan=0 inf=0 absmax=0.72  shape=(8, 4096)
[DEBUG layer 1] hidden: nan=0 inf=0 absmax=0.33  residual: nan=0 inf=0 absmax=0.92  shape=(8, 4096)
[DEBUG layer 1] hidden: nan=0 inf=0 absmax=0.33  residual: nan=0 inf=0 absmax=0.92  shape=(8, 4096)
[DEBUG layer 2] hidden: nan=0 inf=0 absmax=0.64  residual: nan=0 inf=0 absmax=0.96  shape=(8, 4096)
[DEBUG layer 2] hidden: nan=0 inf=0 absmax=0.64  residual: nan=0 inf=0 absmax=0.96  shape=(8, 4096)
[DEBUG layer 3] hidden: nan=0 inf=0 absmax=0.76  residual: nan=0 inf=0 absmax=1.06  shape=(8, 4096)
[DEBUG layer 3] hidden: nan=0 inf=0 absmax=0.76  residual: nan=0 inf=0 absmax=1.06  shape=(8, 4096)
[DEBUG layer 4] hidden: nan=0 inf=0 absmax=0.85  residual: nan=0 inf=0 absmax=1.18  shape=(8, 4096)
[DEBUG layer 4] hidden: nan=0 inf=0 absmax=0.85  residual: nan=0 inf=0 absmax=1.18  shape=(8, 4096)
[DEBUG verify] logits_p shape=(1, 8, 32000) inf=0 nan=0 max=11.62 min=-18.92
[DEBUG layer 0] hidden: nan=0 inf=0 absmax=0.04  residual: nan=0 inf=0 absmax=0.28  shape=(1, 2048)
[DEBUG layer 1] hidden: nan=0 inf=0 absmax=0.03  residual: nan=0 inf=0 absmax=0.29  shape=(1, 2048)
[DEBUG layer 2] hidden: nan=0 inf=0 absmax=0.14  residual: nan=0 inf=0 absmax=0.29  shape=(1, 2048)
[DEBUG layer 3] hidden: nan=0 inf=0 absmax=0.16  residual: nan=0 inf=0 absmax=0.24  shape=(1, 2048)
[DEBUG layer 4] hidden: nan=0 inf=0 absmax=0.07  residual: nan=0 inf=0 absmax=0.24  shape=(1, 2048)
[DEBUG layer 0] hidden: nan=0 inf=0 absmax=0.06  residual: nan=0 inf=0 absmax=0.25  shape=(1, 2048)
[DEBUG layer 1] hidden: nan=0 inf=0 absmax=0.05  residual: nan=0 inf=0 absmax=0.33  shape=(1, 2048)
[DEBUG layer 2] hidden: nan=0 inf=0 absmax=0.11  residual: nan=0 inf=0 absmax=0.36  shape=(1, 2048)
[DEBUG layer 3] hidden: nan=0 inf=0 absmax=0.07  residual: nan=0 inf=0 absmax=0.31  shape=(1, 2048)
[DEBUG layer 4] hidden: nan=0 inf=0 absmax=0.07  residual: nan=0 inf=0 absmax=0.29  shape=(1, 2048)
[DEBUG layer 0] hidden: nan=0 inf=0 absmax=0.08  residual: nan=0 inf=0 absmax=0.31  shape=(1, 2048)
[DEBUG layer 1] hidden: nan=0 inf=0 absmax=0.08  residual: nan=0 inf=0 absmax=0.27  shape=(1, 2048)
[DEBUG layer 2] hidden: nan=0 inf=0 absmax=0.06  residual: nan=0 inf=0 absmax=0.17  shape=(1, 2048)
[DEBUG layer 3] hidden: nan=0 inf=0 absmax=0.19  residual: nan=0 inf=0 absmax=0.23  shape=(1, 2048)
[DEBUG layer 4] hidden: nan=0 inf=0 absmax=0.10  residual: nan=0 inf=0 absmax=0.16  shape=(1, 2048)
[DEBUG layer 0] hidden: nan=0 inf=0 absmax=0.03  residual: nan=0 inf=0 absmax=0.29  shape=(1, 2048)
[DEBUG layer 1] hidden: nan=0 inf=0 absmax=0.03  residual: nan=0 inf=0 absmax=0.28  shape=(1, 2048)
[DEBUG layer 2] hidden: nan=0 inf=0 absmax=0.09  residual: nan=0 inf=0 absmax=0.28  shape=(1, 2048)
[DEBUG layer 3] hidden: nan=0 inf=0 absmax=0.13  residual: nan=0 inf=0 absmax=0.36  shape=(1, 2048)
[DEBUG layer 4] hidden: nan=0 inf=0 absmax=0.09  residual: nan=0 inf=0 absmax=0.27  shape=(1, 2048)
[DEBUG layer 0] hidden: nan=0 inf=0 absmax=0.06  residual: nan=0 inf=0 absmax=0.26  shape=(1, 2048)
[DEBUG layer 1] hidden: nan=0 inf=0 absmax=0.04  residual: nan=0 inf=0 absmax=0.32  shape=(1, 2048)
[DEBUG layer 2] hidden: nan=0 inf=0 absmax=0.12  residual: nan=0 inf=0 absmax=0.36  shape=(1, 2048)
[DEBUG layer 3] hidden: nan=0 inf=0 absmax=0.07  residual: nan=0 inf=0 absmax=0.31  shape=(1, 2048)
[DEBUG layer 4] hidden: nan=0 inf=0 absmax=0.08  residual: nan=0 inf=0 absmax=0.29  shape=(1, 2048)
[DEBUG layer 0] hidden: nan=0 inf=0 absmax=0.08  residual: nan=0 inf=0 absmax=0.31  shape=(1, 2048)
[DEBUG layer 1] hidden: nan=0 inf=0 absmax=0.08  residual: nan=0 inf=0 absmax=0.27  shape=(1, 2048)
[DEBUG layer 2] hidden: nan=0 inf=0 absmax=0.06  residual: nan=0 inf=0 absmax=0.15  shape=(1, 2048)
[DEBUG layer 3] hidden: nan=0 inf=0 absmax=0.20  residual: nan=0 inf=0 absmax=0.19  shape=(1, 2048)
[DEBUG layer 4] hidden: nan=0 inf=0 absmax=0.11  residual: nan=0 inf=0 absmax=0.16  shape=(1, 2048)
[DEBUG layer 0] hidden: nan=0 inf=0 absmax=0.03  residual: nan=0 inf=0 absmax=0.29  shape=(1, 2048)
[DEBUG layer 1] hidden: nan=0 inf=0 absmax=0.03  residual: nan=0 inf=0 absmax=0.29  shape=(1, 2048)
[DEBUG layer 2] hidden: nan=0 inf=0 absmax=0.10  residual: nan=0 inf=0 absmax=0.28  shape=(1, 2048)
[DEBUG layer 3] hidden: nan=0 inf=0 absmax=0.14  residual: nan=0 inf=0 absmax=0.38  shape=(1, 2048)
[DEBUG layer 4] hidden: nan=0 inf=0 absmax=0.08  residual: nan=0 inf=0 absmax=0.32  shape=(1, 2048)
[DEBUG layer 0] hidden: nan=0 inf=0 absmax=0.07  residual: nan=0 inf=0 absmax=0.26  shape=(1, 2048)
[DEBUG layer 1] hidden: nan=0 inf=0 absmax=0.04  residual: nan=0 inf=0 absmax=0.33  shape=(1, 2048)
[DEBUG layer 2] hidden: nan=0 inf=0 absmax=0.13  residual: nan=0 inf=0 absmax=0.35  shape=(1, 2048)
[DEBUG layer 3] hidden: nan=0 inf=0 absmax=0.08  residual: nan=0 inf=0 absmax=0.31  shape=(1, 2048)
[DEBUG layer 4] hidden: nan=0 inf=0 absmax=0.08  residual: nan=0 inf=0 absmax=0.29  shape=(1, 2048)
[DEBUG layer 0] hidden: nan=0 inf=0 absmax=0.56  residual: nan=0 inf=0 absmax=0.71  shape=(8, 4096)
[DEBUG layer 0] hidden: nan=0 inf=0 absmax=0.56  residual: nan=0 inf=0 absmax=0.71  shape=(8, 4096)
[DEBUG layer 1] hidden: nan=0 inf=0 absmax=0.31  residual: nan=0 inf=0 absmax=0.94  shape=(8, 4096)
[DEBUG layer 1] hidden: nan=0 inf=0 absmax=0.31  residual: nan=0 inf=0 absmax=0.94  shape=(8, 4096)
[DEBUG layer 2] hidden: nan=0 inf=0 absmax=0.29  residual: nan=0 inf=0 absmax=0.80  shape=(8, 4096)
[DEBUG layer 2] hidden: nan=0 inf=0 absmax=0.29  residual: nan=0 inf=0 absmax=0.80  shape=(8, 4096)
[DEBUG layer 3] hidden: nan=0 inf=0 absmax=0.73  residual: nan=0 inf=0 absmax=0.93  shape=(8, 4096)
[DEBUG layer 3] hidden: nan=0 inf=0 absmax=0.73  residual: nan=0 inf=0 absmax=0.93  shape=(8, 4096)
[DEBUG layer 4] hidden: nan=0 inf=0 absmax=0.99  residual: nan=0 inf=0 absmax=0.84  shape=(8, 4096)
[DEBUG layer 4] hidden: nan=0 inf=0 absmax=0.99  residual: nan=0 inf=0 absmax=0.84  shape=(8, 4096)
[DEBUG verify] logits_p shape=(1, 8, 32000) inf=0 nan=0 max=8.25 min=-18.77
[DEBUG layer 0] hidden: nan=0 inf=0 absmax=0.07  residual: nan=0 inf=0 absmax=0.25  shape=(1, 2048)
[DEBUG layer 1] hidden: nan=0 inf=0 absmax=0.05  residual: nan=0 inf=0 absmax=0.33  shape=(1, 2048)
[DEBUG layer 2] hidden: nan=0 inf=0 absmax=0.09  residual: nan=0 inf=0 absmax=0.40  shape=(1, 2048)
[DEBUG layer 3] hidden: nan=0 inf=0 absmax=0.15  residual: nan=0 inf=0 absmax=0.41  shape=(1, 2048)
[DEBUG layer 4] hidden: nan=0 inf=0 absmax=0.06  residual: nan=0 inf=0 absmax=0.32  shape=(1, 2048)
[DEBUG layer 0] hidden: nan=0 inf=0 absmax=0.04  residual: nan=0 inf=0 absmax=0.28  shape=(1, 2048)
[DEBUG layer 1] hidden: nan=0 inf=0 absmax=0.04  residual: nan=0 inf=0 absmax=0.28  shape=(1, 2048)
[DEBUG layer 2] hidden: nan=0 inf=0 absmax=0.13  residual: nan=0 inf=0 absmax=0.29  shape=(1, 2048)
[DEBUG layer 3] hidden: nan=0 inf=0 absmax=0.14  residual: nan=0 inf=0 absmax=0.29  shape=(1, 2048)
[DEBUG layer 4] hidden: nan=0 inf=0 absmax=0.06  residual: nan=0 inf=0 absmax=0.25  shape=(1, 2048)
[DEBUG layer 0] hidden: nan=0 inf=0 absmax=0.10  residual: nan=0 inf=0 absmax=0.28  shape=(1, 2048)
[DEBUG layer 1] hidden: nan=0 inf=0 absmax=0.03  residual: nan=0 inf=0 absmax=0.37  shape=(1, 2048)
[DEBUG layer 2] hidden: nan=0 inf=0 absmax=0.06  residual: nan=0 inf=0 absmax=0.34  shape=(1, 2048)
[DEBUG layer 3] hidden: nan=0 inf=0 absmax=0.07  residual: nan=0 inf=0 absmax=0.34  shape=(1, 2048)
[DEBUG layer 4] hidden: nan=0 inf=0 absmax=0.05  residual: nan=0 inf=0 absmax=0.34  shape=(1, 2048)
[DEBUG layer 0] hidden: nan=0 inf=0 absmax=0.04  residual: nan=0 inf=0 absmax=0.28  shape=(1, 2048)
[DEBUG layer 1] hidden: nan=0 inf=0 absmax=0.04  residual: nan=0 inf=0 absmax=0.27  shape=(1, 2048)
[DEBUG layer 2] hidden: nan=0 inf=0 absmax=0.12  residual: nan=0 inf=0 absmax=0.29  shape=(1, 2048)
[DEBUG layer 3] hidden: nan=0 inf=0 absmax=0.17  residual: nan=0 inf=0 absmax=0.31  shape=(1, 2048)
[DEBUG layer 4] hidden: nan=0 inf=0 absmax=0.06  residual: nan=0 inf=0 absmax=0.23  shape=(1, 2048)
[DEBUG layer 0] hidden: nan=0 inf=0 absmax=0.11  residual: nan=0 inf=0 absmax=0.21  shape=(1, 2048)
[DEBUG layer 1] hidden: nan=0 inf=0 absmax=0.03  residual: nan=0 inf=0 absmax=0.31  shape=(1, 2048)
[DEBUG layer 2] hidden: nan=0 inf=0 absmax=0.06  residual: nan=0 inf=0 absmax=0.33  shape=(1, 2048)
[DEBUG layer 3] hidden: nan=0 inf=0 absmax=0.19  residual: nan=0 inf=0 absmax=0.45  shape=(1, 2048)
[DEBUG layer 4] hidden: nan=0 inf=0 absmax=0.06  residual: nan=0 inf=0 absmax=0.34  shape=(1, 2048)
[DEBUG layer 0] hidden: nan=0 inf=0 absmax=0.05  residual: nan=0 inf=0 absmax=0.28  shape=(1, 2048)
[DEBUG layer 1] hidden: nan=0 inf=0 absmax=0.04  residual: nan=0 inf=0 absmax=0.28  shape=(1, 2048)
[DEBUG layer 2] hidden: nan=0 inf=0 absmax=0.14  residual: nan=0 inf=0 absmax=0.28  shape=(1, 2048)
[DEBUG layer 3] hidden: nan=0 inf=0 absmax=0.06  residual: nan=0 inf=0 absmax=0.25  shape=(1, 2048)
[DEBUG layer 4] hidden: nan=0 inf=0 absmax=0.05  residual: nan=0 inf=0 absmax=0.25  shape=(1, 2048)
[DEBUG layer 0] hidden: nan=0 inf=0 absmax=0.08  residual: nan=0 inf=0 absmax=0.25  shape=(1, 2048)
[DEBUG layer 1] hidden: nan=0 inf=0 absmax=0.03  residual: nan=0 inf=0 absmax=0.32  shape=(1, 2048)
[DEBUG layer 2] hidden: nan=0 inf=0 absmax=0.11  residual: nan=0 inf=0 absmax=0.32  shape=(1, 2048)
[DEBUG layer 3] hidden: nan=0 inf=0 absmax=0.08  residual: nan=0 inf=0 absmax=0.31  shape=(1, 2048)
[DEBUG layer 4] hidden: nan=0 inf=0 absmax=0.10  residual: nan=0 inf=0 absmax=0.30  shape=(1, 2048)
[DEBUG layer 0] hidden: nan=0 inf=0 absmax=0.04  residual: nan=0 inf=0 absmax=0.28  shape=(1, 2048)
[DEBUG layer 1] hidden: nan=0 inf=0 absmax=0.04  residual: nan=0 inf=0 absmax=0.28  shape=(1, 2048)
[DEBUG layer 2] hidden: nan=0 inf=0 absmax=0.13  residual: nan=0 inf=0 absmax=0.28  shape=(1, 2048)
[DEBUG layer 3] hidden: nan=0 inf=0 absmax=0.19  residual: nan=0 inf=0 absmax=0.28  shape=(1, 2048)
[DEBUG layer 4] hidden: nan=0 inf=0 absmax=0.07  residual: nan=0 inf=0 absmax=0.23  shape=(1, 2048)
[DEBUG layer 0] hidden: nan=0 inf=0 absmax=0.53  residual: nan=0 inf=0 absmax=0.67  shape=(8, 4096)
[DEBUG layer 0] hidden: nan=0 inf=0 absmax=0.53  residual: nan=0 inf=0 absmax=0.67  shape=(8, 4096)
[DEBUG layer 1] hidden: nan=0 inf=0 absmax=0.24  residual: nan=0 inf=0 absmax=0.94  shape=(8, 4096)
[DEBUG layer 1] hidden: nan=0 inf=0 absmax=0.24  residual: nan=0 inf=0 absmax=0.94  shape=(8, 4096)
[DEBUG layer 2] hidden: nan=0 inf=0 absmax=0.13  residual: nan=0 inf=0 absmax=0.81  shape=(8, 4096)
[DEBUG layer 2] hidden: nan=0 inf=0 absmax=0.13  residual: nan=0 inf=0 absmax=0.81  shape=(8, 4096)
[DEBUG layer 3] hidden: nan=0 inf=0 absmax=0.85  residual: nan=0 inf=0 absmax=0.92  shape=(8, 4096)
[DEBUG layer 3] hidden: nan=0 inf=0 absmax=0.85  residual: nan=0 inf=0 absmax=0.92  shape=(8, 4096)
[DEBUG layer 4] hidden: nan=0 inf=0 absmax=0.95  residual: nan=0 inf=0 absmax=0.90  shape=(8, 4096)
[DEBUG layer 4] hidden: nan=0 inf=0 absmax=0.95  residual: nan=0 inf=0 absmax=0.90  shape=(8, 4096)
[DEBUG verify] logits_p shape=(1, 8, 32000) inf=0 nan=0 max=7.91 min=-18.34
[DEBUG layer 0] hidden: nan=0 inf=0 absmax=0.08  residual: nan=0 inf=0 absmax=0.23  shape=(1, 2048)
[DEBUG layer 1] hidden: nan=0 inf=0 absmax=0.03  residual: nan=0 inf=0 absmax=0.32  shape=(1, 2048)
[DEBUG layer 2] hidden: nan=0 inf=0 absmax=0.13  residual: nan=0 inf=0 absmax=0.36  shape=(1, 2048)
[DEBUG layer 3] hidden: nan=0 inf=0 absmax=0.08  residual: nan=0 inf=0 absmax=0.31  shape=(1, 2048)
[DEBUG layer 4] hidden: nan=0 inf=0 absmax=0.06  residual: nan=0 inf=0 absmax=0.39  shape=(1, 2048)
[DEBUG layer 0] hidden: nan=0 inf=0 absmax=0.03  residual: nan=0 inf=0 absmax=0.20  shape=(1, 2048)
[DEBUG layer 1] hidden: nan=0 inf=0 absmax=0.07  residual: nan=0 inf=0 absmax=0.25  shape=(1, 2048)
[DEBUG layer 2] hidden: nan=0 inf=0 absmax=0.07  residual: nan=0 inf=0 absmax=0.29  shape=(1, 2048)
[DEBUG layer 3] hidden: nan=0 inf=0 absmax=0.04  residual: nan=0 inf=0 absmax=0.31  shape=(1, 2048)
[DEBUG layer 4] hidden: nan=0 inf=0 absmax=0.05  residual: nan=0 inf=0 absmax=0.38  shape=(1, 2048)
[DEBUG layer 0] hidden: nan=0 inf=0 absmax=0.04  residual: nan=0 inf=0 absmax=0.20  shape=(1, 2048)
[DEBUG layer 1] hidden: nan=0 inf=0 absmax=0.07  residual: nan=0 inf=0 absmax=0.21  shape=(1, 2048)
[DEBUG layer 2] hidden: nan=0 inf=0 absmax=0.13  residual: nan=0 inf=0 absmax=0.33  shape=(1, 2048)
[DEBUG layer 3] hidden: nan=0 inf=0 absmax=0.06  residual: nan=0 inf=0 absmax=0.30  shape=(1, 2048)
[DEBUG layer 4] hidden: nan=0 inf=0 absmax=0.07  residual: nan=0 inf=0 absmax=0.34  shape=(1, 2048)
[DEBUG layer 0] hidden: nan=0 inf=0 absmax=0.20  residual: nan=0 inf=0 absmax=0.24  shape=(1, 2048)
[DEBUG layer 1] hidden: nan=0 inf=0 absmax=0.09  residual: nan=0 inf=0 absmax=0.44  shape=(1, 2048)
[DEBUG layer 2] hidden: nan=0 inf=0 absmax=0.09  residual: nan=0 inf=0 absmax=0.54  shape=(1, 2048)
[DEBUG layer 3] hidden: nan=0 inf=0 absmax=0.08  residual: nan=0 inf=0 absmax=0.50  shape=(1, 2048)
[DEBUG layer 4] hidden: nan=0 inf=0 absmax=0.05  residual: nan=0 inf=0 absmax=0.58  shape=(1, 2048)
[DEBUG layer 0] hidden: nan=0 inf=0 absmax=0.11  residual: nan=0 inf=0 absmax=0.25  shape=(1, 2048)
[DEBUG layer 1] hidden: nan=0 inf=0 absmax=0.06  residual: nan=0 inf=0 absmax=0.38  shape=(1, 2048)
[DEBUG layer 2] hidden: nan=0 inf=0 absmax=0.16  residual: nan=0 inf=0 absmax=0.55  shape=(1, 2048)
[DEBUG layer 3] hidden: nan=0 inf=0 absmax=0.14  residual: nan=0 inf=0 absmax=0.46  shape=(1, 2048)
[DEBUG layer 4] hidden: nan=0 inf=0 absmax=0.09  residual: nan=0 inf=0 absmax=0.54  shape=(1, 2048)
[DEBUG layer 0] hidden: nan=0 inf=0 absmax=0.07  residual: nan=0 inf=0 absmax=0.29  shape=(1, 2048)
[DEBUG layer 1] hidden: nan=0 inf=0 absmax=0.03  residual: nan=0 inf=0 absmax=0.30  shape=(1, 2048)
[DEBUG layer 2] hidden: nan=0 inf=0 absmax=0.12  residual: nan=0 inf=0 absmax=0.39  shape=(1, 2048)
[DEBUG layer 3] hidden: nan=0 inf=0 absmax=0.09  residual: nan=0 inf=0 absmax=0.33  shape=(1, 2048)
[DEBUG layer 4] hidden: nan=0 inf=0 absmax=0.05  residual: nan=0 inf=0 absmax=0.43  shape=(1, 2048)
[DEBUG layer 0] hidden: nan=0 inf=0 absmax=0.05  residual: nan=0 inf=0 absmax=0.27  shape=(1, 2048)
[DEBUG layer 1] hidden: nan=0 inf=0 absmax=0.02  residual: nan=0 inf=0 absmax=0.32  shape=(1, 2048)
[DEBUG layer 2] hidden: nan=0 inf=0 absmax=0.09  residual: nan=0 inf=0 absmax=0.35  shape=(1, 2048)
[DEBUG layer 3] hidden: nan=0 inf=0 absmax=0.10  residual: nan=0 inf=0 absmax=0.33  shape=(1, 2048)
[DEBUG layer 4] hidden: nan=0 inf=0 absmax=0.06  residual: nan=0 inf=0 absmax=0.42  shape=(1, 2048)
[DEBUG layer 0] hidden: nan=0 inf=0 absmax=0.18  residual: nan=0 inf=0 absmax=0.22  shape=(1, 2048)
[DEBUG layer 1] hidden: nan=0 inf=0 absmax=0.08  residual: nan=0 inf=0 absmax=0.41  shape=(1, 2048)
[DEBUG layer 2] hidden: nan=0 inf=0 absmax=0.19  residual: nan=0 inf=0 absmax=0.54  shape=(1, 2048)
[DEBUG layer 3] hidden: nan=0 inf=0 absmax=0.10  residual: nan=0 inf=0 absmax=0.36  shape=(1, 2048)
[DEBUG layer 4] hidden: nan=0 inf=0 absmax=0.05  residual: nan=0 inf=0 absmax=0.39  shape=(1, 2048)
[DEBUG layer 0] hidden: nan=0 inf=0 absmax=0.49  residual: nan=0 inf=0 absmax=0.68  shape=(8, 4096)
[DEBUG layer 0] hidden: nan=0 inf=0 absmax=0.49  residual: nan=0 inf=0 absmax=0.68  shape=(8, 4096)
[DEBUG layer 1] hidden: nan=0 inf=0 absmax=0.33  residual: nan=0 inf=0 absmax=0.85  shape=(8, 4096)
[DEBUG layer 1] hidden: nan=0 inf=0 absmax=0.33  residual: nan=0 inf=0 absmax=0.85  shape=(8, 4096)
[DEBUG layer 2] hidden: nan=0 inf=0 absmax=0.14  residual: nan=0 inf=0 absmax=1.14  shape=(8, 4096)
[DEBUG layer 2] hidden: nan=0 inf=0 absmax=0.14  residual: nan=0 inf=0 absmax=1.14  shape=(8, 4096)
[DEBUG layer 3] hidden: nan=0 inf=0 absmax=0.68  residual: nan=0 inf=0 absmax=1.31  shape=(8, 4096)
[DEBUG layer 3] hidden: nan=0 inf=0 absmax=0.68  residual: nan=0 inf=0 absmax=1.31  shape=(8, 4096)
[DEBUG layer 4] hidden: nan=0 inf=0 absmax=0.96  residual: nan=0 inf=0 absmax=1.56  shape=(8, 4096)
[DEBUG layer 4] hidden: nan=0 inf=0 absmax=0.96  residual: nan=0 inf=0 absmax=1.56  shape=(8, 4096)
[DEBUG verify] logits_p shape=(1, 8, 32000) inf=0 nan=0 max=11.06 min=-16.89
[DEBUG layer 0] hidden: nan=0 inf=0 absmax=0.23  residual: nan=0 inf=0 absmax=0.20  shape=(1, 2048)
[DEBUG layer 1] hidden: nan=0 inf=0 absmax=0.07  residual: nan=0 inf=0 absmax=0.44  shape=(1, 2048)
[DEBUG layer 2] hidden: nan=0 inf=0 absmax=0.16  residual: nan=0 inf=0 absmax=0.58  shape=(1, 2048)
[DEBUG layer 3] hidden: nan=0 inf=0 absmax=0.14  residual: nan=0 inf=0 absmax=0.45  shape=(1, 2048)
[DEBUG layer 4] hidden: nan=0 inf=0 absmax=0.07  residual: nan=0 inf=0 absmax=0.40  shape=(1, 2048)
[DEBUG layer 0] hidden: nan=0 inf=0 absmax=0.07  residual: nan=0 inf=0 absmax=0.28  shape=(1, 2048)
[DEBUG layer 1] hidden: nan=0 inf=0 absmax=0.07  residual: nan=0 inf=0 absmax=0.34  shape=(1, 2048)
[DEBUG layer 2] hidden: nan=0 inf=0 absmax=0.04  residual: nan=0 inf=0 absmax=0.38  shape=(1, 2048)
[DEBUG layer 3] hidden: nan=0 inf=0 absmax=0.10  residual: nan=0 inf=0 absmax=0.41  shape=(1, 2048)
[DEBUG layer 4] hidden: nan=0 inf=0 absmax=0.05  residual: nan=0 inf=0 absmax=0.41  shape=(1, 2048)
[DEBUG layer 0] hidden: nan=0 inf=0 absmax=0.05  residual: nan=0 inf=0 absmax=0.33  shape=(1, 2048)
[DEBUG layer 1] hidden: nan=0 inf=0 absmax=0.06  residual: nan=0 inf=0 absmax=0.36  shape=(1, 2048)
[DEBUG layer 2] hidden: nan=0 inf=0 absmax=0.08  residual: nan=0 inf=0 absmax=0.41  shape=(1, 2048)
[DEBUG layer 3] hidden: nan=0 inf=0 absmax=0.08  residual: nan=0 inf=0 absmax=0.36  shape=(1, 2048)
[DEBUG layer 4] hidden: nan=0 inf=0 absmax=0.06  residual: nan=0 inf=0 absmax=0.32  shape=(1, 2048)
[DEBUG layer 0] hidden: nan=0 inf=0 absmax=0.11  residual: nan=0 inf=0 absmax=0.23  shape=(1, 2048)
[DEBUG layer 1] hidden: nan=0 inf=0 absmax=0.06  residual: nan=0 inf=0 absmax=0.37  shape=(1, 2048)
[DEBUG layer 2] hidden: nan=0 inf=0 absmax=0.07  residual: nan=0 inf=0 absmax=0.53  shape=(1, 2048)
[DEBUG layer 3] hidden: nan=0 inf=0 absmax=0.19  residual: nan=0 inf=0 absmax=0.57  shape=(1, 2048)
[DEBUG layer 4] hidden: nan=0 inf=0 absmax=0.29  residual: nan=0 inf=0 absmax=0.49  shape=(1, 2048)
[DEBUG layer 0] hidden: nan=0 inf=0 absmax=0.12  residual: nan=0 inf=0 absmax=0.27  shape=(1, 2048)
[DEBUG layer 1] hidden: nan=0 inf=0 absmax=0.06  residual: nan=0 inf=0 absmax=0.27  shape=(1, 2048)
[DEBUG layer 2] hidden: nan=0 inf=0 absmax=0.15  residual: nan=0 inf=0 absmax=0.42  shape=(1, 2048)
[DEBUG layer 3] hidden: nan=0 inf=0 absmax=0.09  residual: nan=0 inf=0 absmax=0.30  shape=(1, 2048)
[DEBUG layer 4] hidden: nan=0 inf=0 absmax=0.15  residual: nan=0 inf=0 absmax=0.26  shape=(1, 2048)
[DEBUG layer 0] hidden: nan=0 inf=0 absmax=0.14  residual: nan=0 inf=0 absmax=0.22  shape=(1, 2048)
[DEBUG layer 1] hidden: nan=0 inf=0 absmax=0.02  residual: nan=0 inf=0 absmax=0.34  shape=(1, 2048)
[DEBUG layer 2] hidden: nan=0 inf=0 absmax=0.05  residual: nan=0 inf=0 absmax=0.33  shape=(1, 2048)
[DEBUG layer 3] hidden: nan=0 inf=0 absmax=0.07  residual: nan=0 inf=0 absmax=0.50  shape=(1, 2048)
[DEBUG layer 4] hidden: nan=0 inf=0 absmax=0.10  residual: nan=0 inf=0 absmax=0.50  shape=(1, 2048)
[DEBUG layer 0] hidden: nan=0 inf=0 absmax=0.03  residual: nan=0 inf=0 absmax=0.30  shape=(1, 2048)
[DEBUG layer 1] hidden: nan=0 inf=0 absmax=0.02  residual: nan=0 inf=0 absmax=0.31  shape=(1, 2048)
[DEBUG layer 2] hidden: nan=0 inf=0 absmax=0.05  residual: nan=0 inf=0 absmax=0.34  shape=(1, 2048)
[DEBUG layer 3] hidden: nan=0 inf=0 absmax=0.11  residual: nan=0 inf=0 absmax=0.41  shape=(1, 2048)
[DEBUG layer 4] hidden: nan=0 inf=0 absmax=0.08  residual: nan=0 inf=0 absmax=0.31  shape=(1, 2048)
[DEBUG layer 0] hidden: nan=0 inf=0 absmax=0.07  residual: nan=0 inf=0 absmax=0.26  shape=(1, 2048)
[DEBUG layer 1] hidden: nan=0 inf=0 absmax=0.04  residual: nan=0 inf=0 absmax=0.35  shape=(1, 2048)
[DEBUG layer 2] hidden: nan=0 inf=0 absmax=0.04  residual: nan=0 inf=0 absmax=0.39  shape=(1, 2048)
[DEBUG layer 3] hidden: nan=0 inf=0 absmax=0.13  residual: nan=0 inf=0 absmax=0.53  shape=(1, 2048)
[DEBUG layer 4] hidden: nan=0 inf=0 absmax=0.05  residual: nan=0 inf=0 absmax=0.48  shape=(1, 2048)
[DEBUG layer 0] hidden: nan=0 inf=0 absmax=0.59  residual: nan=0 inf=0 absmax=0.72  shape=(8, 4096)
[DEBUG layer 0] hidden: nan=0 inf=0 absmax=0.59  residual: nan=0 inf=0 absmax=0.72  shape=(8, 4096)
[DEBUG layer 1] hidden: nan=0 inf=0 absmax=0.35  residual: nan=0 inf=0 absmax=0.92  shape=(8, 4096)
[DEBUG layer 1] hidden: nan=0 inf=0 absmax=0.35  residual: nan=0 inf=0 absmax=0.92  shape=(8, 4096)
[DEBUG layer 2] hidden: nan=0 inf=0 absmax=0.26  residual: nan=0 inf=0 absmax=0.96  shape=(8, 4096)
[DEBUG layer 2] hidden: nan=0 inf=0 absmax=0.26  residual: nan=0 inf=0 absmax=0.96  shape=(8, 4096)
[DEBUG layer 3] hidden: nan=0 inf=0 absmax=1.03  residual: nan=0 inf=0 absmax=1.17  shape=(8, 4096)
[DEBUG layer 3] hidden: nan=0 inf=0 absmax=1.03  residual: nan=0 inf=0 absmax=1.17  shape=(8, 4096)
[DEBUG layer 4] hidden: nan=0 inf=0 absmax=1.17  residual: nan=0 inf=0 absmax=1.09  shape=(8, 4096)
[DEBUG layer 4] hidden: nan=0 inf=0 absmax=1.17  residual: nan=0 inf=0 absmax=1.09  shape=(8, 4096)
[DEBUG verify] logits_p shape=(1, 8, 32000) inf=0 nan=0 max=10.55 min=-17.27
[DEBUG layer 0] hidden: nan=0 inf=0 absmax=0.12  residual: nan=0 inf=0 absmax=0.29  shape=(1, 2048)
[DEBUG layer 1] hidden: nan=0 inf=0 absmax=0.09  residual: nan=0 inf=0 absmax=0.24  shape=(1, 2048)
[DEBUG layer 2] hidden: nan=0 inf=0 absmax=0.06  residual: nan=0 inf=0 absmax=0.25  shape=(1, 2048)
[DEBUG layer 3] hidden: nan=0 inf=0 absmax=0.18  residual: nan=0 inf=0 absmax=0.27  shape=(1, 2048)
[DEBUG layer 4] hidden: nan=0 inf=0 absmax=0.07  residual: nan=0 inf=0 absmax=0.29  shape=(1, 2048)
[DEBUG layer 0] hidden: nan=0 inf=0 absmax=0.06  residual: nan=0 inf=0 absmax=0.30  shape=(1, 2048)
[DEBUG layer 1] hidden: nan=0 inf=0 absmax=0.05  residual: nan=0 inf=0 absmax=0.29  shape=(1, 2048)
[DEBUG layer 2] hidden: nan=0 inf=0 absmax=0.05  residual: nan=0 inf=0 absmax=0.21  shape=(1, 2048)
[DEBUG layer 3] hidden: nan=0 inf=0 absmax=0.11  residual: nan=0 inf=0 absmax=0.25  shape=(1, 2048)
[DEBUG layer 4] hidden: nan=0 inf=0 absmax=0.06  residual: nan=0 inf=0 absmax=0.29  shape=(1, 2048)
[DEBUG layer 0] hidden: nan=0 inf=0 absmax=0.07  residual: nan=0 inf=0 absmax=0.26  shape=(1, 2048)
[DEBUG layer 1] hidden: nan=0 inf=0 absmax=0.05  residual: nan=0 inf=0 absmax=0.33  shape=(1, 2048)
[DEBUG layer 2] hidden: nan=0 inf=0 absmax=0.04  residual: nan=0 inf=0 absmax=0.34  shape=(1, 2048)
[DEBUG layer 3] hidden: nan=0 inf=0 absmax=0.19  residual: nan=0 inf=0 absmax=0.49  shape=(1, 2048)
[DEBUG layer 4] hidden: nan=0 inf=0 absmax=0.10  residual: nan=0 inf=0 absmax=0.39  shape=(1, 2048)
[DEBUG layer 0] hidden: nan=0 inf=0 absmax=0.09  residual: nan=0 inf=0 absmax=0.29  shape=(1, 2048)
[DEBUG layer 1] hidden: nan=0 inf=0 absmax=0.04  residual: nan=0 inf=0 absmax=0.32  shape=(1, 2048)
[DEBUG layer 2] hidden: nan=0 inf=0 absmax=0.09  residual: nan=0 inf=0 absmax=0.38  shape=(1, 2048)
[DEBUG layer 3] hidden: nan=0 inf=0 absmax=0.12  residual: nan=0 inf=0 absmax=0.37  shape=(1, 2048)
[DEBUG layer 4] hidden: nan=0 inf=0 absmax=0.07  residual: nan=0 inf=0 absmax=0.40  shape=(1, 2048)
[DEBUG layer 0] hidden: nan=0 inf=0 absmax=0.06  residual: nan=0 inf=0 absmax=0.30  shape=(1, 2048)
[DEBUG layer 1] hidden: nan=0 inf=0 absmax=0.05  residual: nan=0 inf=0 absmax=0.34  shape=(1, 2048)
[DEBUG layer 2] hidden: nan=0 inf=0 absmax=0.07  residual: nan=0 inf=0 absmax=0.43  shape=(1, 2048)
[DEBUG layer 3] hidden: nan=0 inf=0 absmax=0.09  residual: nan=0 inf=0 absmax=0.40  shape=(1, 2048)
[DEBUG layer 4] hidden: nan=0 inf=0 absmax=0.05  residual: nan=0 inf=0 absmax=0.43  shape=(1, 2048)
[DEBUG layer 0] hidden: nan=0 inf=0 absmax=0.07  residual: nan=0 inf=0 absmax=0.24  shape=(1, 2048)
[DEBUG layer 1] hidden: nan=0 inf=0 absmax=0.05  residual: nan=0 inf=0 absmax=0.32  shape=(1, 2048)
[DEBUG layer 2] hidden: nan=0 inf=0 absmax=0.10  residual: nan=0 inf=0 absmax=0.47  shape=(1, 2048)
[DEBUG layer 3] hidden: nan=0 inf=0 absmax=0.09  residual: nan=0 inf=0 absmax=0.46  shape=(1, 2048)
[DEBUG layer 4] hidden: nan=0 inf=0 absmax=0.07  residual: nan=0 inf=0 absmax=0.47  shape=(1, 2048)
[DEBUG layer 0] hidden: nan=0 inf=0 absmax=0.09  residual: nan=0 inf=0 absmax=0.30  shape=(1, 2048)
[DEBUG layer 1] hidden: nan=0 inf=0 absmax=0.03  residual: nan=0 inf=0 absmax=0.32  shape=(1, 2048)
[DEBUG layer 2] hidden: nan=0 inf=0 absmax=0.09  residual: nan=0 inf=0 absmax=0.37  shape=(1, 2048)
[DEBUG layer 3] hidden: nan=0 inf=0 absmax=0.15  residual: nan=0 inf=0 absmax=0.32  shape=(1, 2048)
[DEBUG layer 4] hidden: nan=0 inf=0 absmax=0.12  residual: nan=0 inf=0 absmax=0.28  shape=(1, 2048)
[DEBUG layer 0] hidden: nan=0 inf=0 absmax=0.07  residual: nan=0 inf=0 absmax=0.29  shape=(1, 2048)
[DEBUG layer 1] hidden: nan=0 inf=0 absmax=0.08  residual: nan=0 inf=0 absmax=0.21  shape=(1, 2048)
[DEBUG layer 2] hidden: nan=0 inf=0 absmax=0.06  residual: nan=0 inf=0 absmax=0.16  shape=(1, 2048)
[DEBUG layer 3] hidden: nan=0 inf=0 absmax=0.09  residual: nan=0 inf=0 absmax=0.27  shape=(1, 2048)
[DEBUG layer 4] hidden: nan=0 inf=0 absmax=0.10  residual: nan=0 inf=0 absmax=0.26  shape=(1, 2048)
[DEBUG layer 0] hidden: nan=0 inf=0 absmax=0.33  residual: nan=0 inf=0 absmax=0.71  shape=(8, 4096)
[DEBUG layer 0] hidden: nan=0 inf=0 absmax=0.33  residual: nan=0 inf=0 absmax=0.71  shape=(8, 4096)
[DEBUG layer 1] hidden: nan=0 inf=0 absmax=0.50  residual: nan=0 inf=0 absmax=0.75  shape=(8, 4096)
[DEBUG layer 1] hidden: nan=0 inf=0 absmax=0.50  residual: nan=0 inf=0 absmax=0.75  shape=(8, 4096)
[DEBUG layer 2] hidden: nan=0 inf=0 absmax=0.27  residual: nan=0 inf=0 absmax=0.74  shape=(8, 4096)
[DEBUG layer 2] hidden: nan=0 inf=0 absmax=0.27  residual: nan=0 inf=0 absmax=0.74  shape=(8, 4096)
[DEBUG layer 3] hidden: nan=0 inf=0 absmax=1.05  residual: nan=0 inf=0 absmax=1.06  shape=(8, 4096)
[DEBUG layer 3] hidden: nan=0 inf=0 absmax=1.05  residual: nan=0 inf=0 absmax=1.06  shape=(8, 4096)
[DEBUG layer 4] hidden: nan=0 inf=0 absmax=1.14  residual: nan=0 inf=0 absmax=0.94  shape=(8, 4096)
[DEBUG layer 4] hidden: nan=0 inf=0 absmax=1.14  residual: nan=0 inf=0 absmax=0.94  shape=(8, 4096)
[DEBUG verify] logits_p shape=(1, 8, 32000) inf=0 nan=0 max=13.18 min=-18.94
[DEBUG layer 0] hidden: nan=0 inf=0 absmax=0.02  residual: nan=0 inf=0 absmax=0.30  shape=(1, 2048)
[DEBUG layer 1] hidden: nan=0 inf=0 absmax=0.04  residual: nan=0 inf=0 absmax=0.28  shape=(1, 2048)
[DEBUG layer 2] hidden: nan=0 inf=0 absmax=0.10  residual: nan=0 inf=0 absmax=0.28  shape=(1, 2048)
[DEBUG layer 3] hidden: nan=0 inf=0 absmax=0.06  residual: nan=0 inf=0 absmax=0.25  shape=(1, 2048)
[DEBUG layer 4] hidden: nan=0 inf=0 absmax=0.05  residual: nan=0 inf=0 absmax=0.26  shape=(1, 2048)
[DEBUG layer 0] hidden: nan=0 inf=0 absmax=0.05  residual: nan=0 inf=0 absmax=0.26  shape=(1, 2048)
[DEBUG layer 1] hidden: nan=0 inf=0 absmax=0.05  residual: nan=0 inf=0 absmax=0.31  shape=(1, 2048)
[DEBUG layer 2] hidden: nan=0 inf=0 absmax=0.04  residual: nan=0 inf=0 absmax=0.31  shape=(1, 2048)
[DEBUG layer 3] hidden: nan=0 inf=0 absmax=0.10  residual: nan=0 inf=0 absmax=0.33  shape=(1, 2048)
[DEBUG layer 4] hidden: nan=0 inf=0 absmax=0.06  residual: nan=0 inf=0 absmax=0.35  shape=(1, 2048)
[DEBUG layer 0] hidden: nan=0 inf=0 absmax=0.04  residual: nan=0 inf=0 absmax=0.30  shape=(1, 2048)
[DEBUG layer 1] hidden: nan=0 inf=0 absmax=0.06  residual: nan=0 inf=0 absmax=0.32  shape=(1, 2048)
[DEBUG layer 2] hidden: nan=0 inf=0 absmax=0.05  residual: nan=0 inf=0 absmax=0.38  shape=(1, 2048)
[DEBUG layer 3] hidden: nan=0 inf=0 absmax=0.10  residual: nan=0 inf=0 absmax=0.39  shape=(1, 2048)
[DEBUG layer 4] hidden: nan=0 inf=0 absmax=0.07  residual: nan=0 inf=0 absmax=0.43  shape=(1, 2048)
[DEBUG layer 0] hidden: nan=0 inf=0 absmax=0.04  residual: nan=0 inf=0 absmax=0.32  shape=(1, 2048)
[DEBUG layer 1] hidden: nan=0 inf=0 absmax=0.03  residual: nan=0 inf=0 absmax=0.38  shape=(1, 2048)
[DEBUG layer 2] hidden: nan=0 inf=0 absmax=0.06  residual: nan=0 inf=0 absmax=0.38  shape=(1, 2048)
[DEBUG layer 3] hidden: nan=0 inf=0 absmax=0.10  residual: nan=0 inf=0 absmax=0.39  shape=(1, 2048)
[DEBUG layer 4] hidden: nan=0 inf=0 absmax=0.06  residual: nan=0 inf=0 absmax=0.40  shape=(1, 2048)
[DEBUG layer 0] hidden: nan=0 inf=0 absmax=0.10  residual: nan=0 inf=0 absmax=0.29  shape=(1, 2048)
[DEBUG layer 1] hidden: nan=0 inf=0 absmax=0.06  residual: nan=0 inf=0 absmax=0.33  shape=(1, 2048)
[DEBUG layer 2] hidden: nan=0 inf=0 absmax=0.07  residual: nan=0 inf=0 absmax=0.33  shape=(1, 2048)
[DEBUG layer 3] hidden: nan=0 inf=0 absmax=0.21  residual: nan=0 inf=0 absmax=0.34  shape=(1, 2048)
[DEBUG layer 4] hidden: nan=0 inf=0 absmax=0.10  residual: nan=0 inf=0 absmax=0.37  shape=(1, 2048)
[DEBUG layer 0] hidden: nan=0 inf=0 absmax=0.05  residual: nan=0 inf=0 absmax=0.27  shape=(1, 2048)
[DEBUG layer 1] hidden: nan=0 inf=0 absmax=0.04  residual: nan=0 inf=0 absmax=0.26  shape=(1, 2048)
[DEBUG layer 2] hidden: nan=0 inf=0 absmax=0.10  residual: nan=0 inf=0 absmax=0.22  shape=(1, 2048)
[DEBUG layer 3] hidden: nan=0 inf=0 absmax=0.08  residual: nan=0 inf=0 absmax=0.42  shape=(1, 2048)
[DEBUG layer 4] hidden: nan=0 inf=0 absmax=0.06  residual: nan=0 inf=0 absmax=0.37  shape=(1, 2048)
[DEBUG layer 0] hidden: nan=0 inf=0 absmax=0.04  residual: nan=0 inf=0 absmax=0.30  shape=(1, 2048)
[DEBUG layer 1] hidden: nan=0 inf=0 absmax=0.04  residual: nan=0 inf=0 absmax=0.28  shape=(1, 2048)
[DEBUG layer 2] hidden: nan=0 inf=0 absmax=0.07  residual: nan=0 inf=0 absmax=0.29  shape=(1, 2048)
[DEBUG layer 3] hidden: nan=0 inf=0 absmax=0.21  residual: nan=0 inf=0 absmax=0.24  shape=(1, 2048)
[DEBUG layer 4] hidden: nan=0 inf=0 absmax=0.12  residual: nan=0 inf=0 absmax=0.26  shape=(1, 2048)
[DEBUG layer 0] hidden: nan=0 inf=0 absmax=0.10  residual: nan=0 inf=0 absmax=0.28  shape=(1, 2048)
[DEBUG layer 1] hidden: nan=0 inf=0 absmax=0.04  residual: nan=0 inf=0 absmax=0.30  shape=(1, 2048)
[DEBUG layer 2] hidden: nan=0 inf=0 absmax=0.07  residual: nan=0 inf=0 absmax=0.17  shape=(1, 2048)
[DEBUG layer 3] hidden: nan=0 inf=0 absmax=0.14  residual: nan=0 inf=0 absmax=0.25  shape=(1, 2048)
[DEBUG layer 4] hidden: nan=0 inf=0 absmax=0.08  residual: nan=0 inf=0 absmax=0.24  shape=(1, 2048)
[DEBUG layer 0] hidden: nan=0 inf=0 absmax=0.60  residual: nan=0 inf=0 absmax=0.71  shape=(8, 4096)
[DEBUG layer 0] hidden: nan=0 inf=0 absmax=0.60  residual: nan=0 inf=0 absmax=0.71  shape=(8, 4096)
[DEBUG layer 1] hidden: nan=0 inf=0 absmax=0.30  residual: nan=0 inf=0 absmax=1.01  shape=(8, 4096)
[DEBUG layer 1] hidden: nan=0 inf=0 absmax=0.30  residual: nan=0 inf=0 absmax=1.01  shape=(8, 4096)
[DEBUG layer 2] hidden: nan=0 inf=0 absmax=0.17  residual: nan=0 inf=0 absmax=0.95  shape=(8, 4096)
[DEBUG layer 2] hidden: nan=0 inf=0 absmax=0.17  residual: nan=0 inf=0 absmax=0.95  shape=(8, 4096)
[DEBUG layer 3] hidden: nan=0 inf=0 absmax=0.94  residual: nan=0 inf=0 absmax=1.00  shape=(8, 4096)
[DEBUG layer 3] hidden: nan=0 inf=0 absmax=0.94  residual: nan=0 inf=0 absmax=1.00  shape=(8, 4096)
[DEBUG layer 4] hidden: nan=0 inf=0 absmax=1.17  residual: nan=0 inf=0 absmax=1.07  shape=(8, 4096)
[DEBUG layer 4] hidden: nan=0 inf=0 absmax=1.17  residual: nan=0 inf=0 absmax=1.07  shape=(8, 4096)
[DEBUG verify] logits_p shape=(1, 8, 32000) inf=0 nan=0 max=9.04 min=-18.59
[DEBUG layer 0] hidden: nan=0 inf=0 absmax=0.08  residual: nan=0 inf=0 absmax=0.27  shape=(1, 2048)
[DEBUG layer 1] hidden: nan=0 inf=0 absmax=0.04  residual: nan=0 inf=0 absmax=0.25  shape=(1, 2048)
[DEBUG layer 2] hidden: nan=0 inf=0 absmax=0.07  residual: nan=0 inf=0 absmax=0.20  shape=(1, 2048)
[DEBUG layer 3] hidden: nan=0 inf=0 absmax=0.18  residual: nan=0 inf=0 absmax=0.35  shape=(1, 2048)
[DEBUG layer 4] hidden: nan=0 inf=0 absmax=0.10  residual: nan=0 inf=0 absmax=0.31  shape=(1, 2048)
[DEBUG layer 0] hidden: nan=0 inf=0 absmax=0.07  residual: nan=0 inf=0 absmax=0.27  shape=(1, 2048)
[DEBUG layer 1] hidden: nan=0 inf=0 absmax=0.07  residual: nan=0 inf=0 absmax=0.27  shape=(1, 2048)
[DEBUG layer 2] hidden: nan=0 inf=0 absmax=0.05  residual: nan=0 inf=0 absmax=0.38  shape=(1, 2048)
[DEBUG layer 3] hidden: nan=0 inf=0 absmax=0.17  residual: nan=0 inf=0 absmax=0.49  shape=(1, 2048)
[DEBUG layer 4] hidden: nan=0 inf=0 absmax=0.08  residual: nan=0 inf=0 absmax=0.46  shape=(1, 2048)
[DEBUG layer 0] hidden: nan=0 inf=0 absmax=0.08  residual: nan=0 inf=0 absmax=0.24  shape=(1, 2048)
[DEBUG layer 1] hidden: nan=0 inf=0 absmax=0.02  residual: nan=0 inf=0 absmax=0.35  shape=(1, 2048)
[DEBUG layer 2] hidden: nan=0 inf=0 absmax=0.15  residual: nan=0 inf=0 absmax=0.40  shape=(1, 2048)
[DEBUG layer 3] hidden: nan=0 inf=0 absmax=0.11  residual: nan=0 inf=0 absmax=0.40  shape=(1, 2048)
[DEBUG layer 4] hidden: nan=0 inf=0 absmax=0.08  residual: nan=0 inf=0 absmax=0.41  shape=(1, 2048)
[DEBUG layer 0] hidden: nan=0 inf=0 absmax=0.03  residual: nan=0 inf=0 absmax=0.20  shape=(1, 2048)
[DEBUG layer 1] hidden: nan=0 inf=0 absmax=0.06  residual: nan=0 inf=0 absmax=0.25  shape=(1, 2048)
[DEBUG layer 2] hidden: nan=0 inf=0 absmax=0.09  residual: nan=0 inf=0 absmax=0.29  shape=(1, 2048)
[DEBUG layer 3] hidden: nan=0 inf=0 absmax=0.03  residual: nan=0 inf=0 absmax=0.31  shape=(1, 2048)
[DEBUG layer 4] hidden: nan=0 inf=0 absmax=0.04  residual: nan=0 inf=0 absmax=0.38  shape=(1, 2048)
[DEBUG layer 0] hidden: nan=0 inf=0 absmax=0.18  residual: nan=0 inf=0 absmax=0.18  shape=(1, 2048)
[DEBUG layer 1] hidden: nan=0 inf=0 absmax=0.06  residual: nan=0 inf=0 absmax=0.38  shape=(1, 2048)
[DEBUG layer 2] hidden: nan=0 inf=0 absmax=0.17  residual: nan=0 inf=0 absmax=0.46  shape=(1, 2048)
[DEBUG layer 3] hidden: nan=0 inf=0 absmax=0.10  residual: nan=0 inf=0 absmax=0.36  shape=(1, 2048)
[DEBUG layer 4] hidden: nan=0 inf=0 absmax=0.07  residual: nan=0 inf=0 absmax=0.42  shape=(1, 2048)
[DEBUG layer 0] hidden: nan=0 inf=0 absmax=0.03  residual: nan=0 inf=0 absmax=0.28  shape=(1, 2048)
[DEBUG layer 1] hidden: nan=0 inf=0 absmax=0.05  residual: nan=0 inf=0 absmax=0.27  shape=(1, 2048)
[DEBUG layer 2] hidden: nan=0 inf=0 absmax=0.11  residual: nan=0 inf=0 absmax=0.30  shape=(1, 2048)
[DEBUG layer 3] hidden: nan=0 inf=0 absmax=0.11  residual: nan=0 inf=0 absmax=0.28  shape=(1, 2048)
[DEBUG layer 4] hidden: nan=0 inf=0 absmax=0.05  residual: nan=0 inf=0 absmax=0.33  shape=(1, 2048)
[DEBUG layer 0] hidden: nan=0 inf=0 absmax=0.06  residual: nan=0 inf=0 absmax=0.26  shape=(1, 2048)
[DEBUG layer 1] hidden: nan=0 inf=0 absmax=0.05  residual: nan=0 inf=0 absmax=0.31  shape=(1, 2048)
[DEBUG layer 2] hidden: nan=0 inf=0 absmax=0.06  residual: nan=0 inf=0 absmax=0.34  shape=(1, 2048)
[DEBUG layer 3] hidden: nan=0 inf=0 absmax=0.10  residual: nan=0 inf=0 absmax=0.33  shape=(1, 2048)
[DEBUG layer 4] hidden: nan=0 inf=0 absmax=0.06  residual: nan=0 inf=0 absmax=0.32  shape=(1, 2048)
[DEBUG layer 0] hidden: nan=0 inf=0 absmax=0.08  residual: nan=0 inf=0 absmax=0.31  shape=(1, 2048)
[DEBUG layer 1] hidden: nan=0 inf=0 absmax=0.08  residual: nan=0 inf=0 absmax=0.27  shape=(1, 2048)
[DEBUG layer 2] hidden: nan=0 inf=0 absmax=0.05  residual: nan=0 inf=0 absmax=0.20  shape=(1, 2048)
[DEBUG layer 3] hidden: nan=0 inf=0 absmax=0.18  residual: nan=0 inf=0 absmax=0.23  shape=(1, 2048)
[DEBUG layer 4] hidden: nan=0 inf=0 absmax=0.09  residual: nan=0 inf=0 absmax=0.23  shape=(1, 2048)
[DEBUG layer 0] hidden: nan=0 inf=0 absmax=0.48  residual: nan=0 inf=0 absmax=0.73  shape=(8, 4096)
[DEBUG layer 0] hidden: nan=0 inf=0 absmax=0.48  residual: nan=0 inf=0 absmax=0.73  shape=(8, 4096)
[DEBUG layer 1] hidden: nan=0 inf=0 absmax=0.28  residual: nan=0 inf=0 absmax=0.88  shape=(8, 4096)
[DEBUG layer 1] hidden: nan=0 inf=0 absmax=0.28  residual: nan=0 inf=0 absmax=0.88  shape=(8, 4096)
[DEBUG layer 2] hidden: nan=0 inf=0 absmax=0.23  residual: nan=0 inf=0 absmax=0.95  shape=(8, 4096)
[DEBUG layer 2] hidden: nan=0 inf=0 absmax=0.23  residual: nan=0 inf=0 absmax=0.95  shape=(8, 4096)
[DEBUG layer 3] hidden: nan=0 inf=0 absmax=0.79  residual: nan=0 inf=0 absmax=1.07  shape=(8, 4096)
[DEBUG layer 3] hidden: nan=0 inf=0 absmax=0.79  residual: nan=0 inf=0 absmax=1.07  shape=(8, 4096)
[DEBUG layer 4] hidden: nan=0 inf=0 absmax=1.05  residual: nan=0 inf=0 absmax=1.16  shape=(8, 4096)
[DEBUG layer 4] hidden: nan=0 inf=0 absmax=1.05  residual: nan=0 inf=0 absmax=1.16  shape=(8, 4096)
[DEBUG verify] logits_p shape=(1, 8, 32000) inf=0 nan=0 max=13.59 min=-19.30
[DEBUG layer 0] hidden: nan=0 inf=0 absmax=0.10  residual: nan=0 inf=0 absmax=0.31  shape=(1, 2048)
[DEBUG layer 1] hidden: nan=0 inf=0 absmax=0.05  residual: nan=0 inf=0 absmax=0.29  shape=(1, 2048)
[DEBUG layer 2] hidden: nan=0 inf=0 absmax=0.08  residual: nan=0 inf=0 absmax=0.35  shape=(1, 2048)
[DEBUG layer 3] hidden: nan=0 inf=0 absmax=0.12  residual: nan=0 inf=0 absmax=0.32  shape=(1, 2048)
[DEBUG layer 4] hidden: nan=0 inf=0 absmax=0.10  residual: nan=0 inf=0 absmax=0.30  shape=(1, 2048)
[DEBUG layer 0] hidden: nan=0 inf=0 absmax=0.04  residual: nan=0 inf=0 absmax=0.29  shape=(1, 2048)
[DEBUG layer 1] hidden: nan=0 inf=0 absmax=0.03  residual: nan=0 inf=0 absmax=0.33  shape=(1, 2048)
[DEBUG layer 2] hidden: nan=0 inf=0 absmax=0.05  residual: nan=0 inf=0 absmax=0.32  shape=(1, 2048)
[DEBUG layer 3] hidden: nan=0 inf=0 absmax=0.06  residual: nan=0 inf=0 absmax=0.42  shape=(1, 2048)
[DEBUG layer 4] hidden: nan=0 inf=0 absmax=0.12  residual: nan=0 inf=0 absmax=0.32  shape=(1, 2048)
[DEBUG layer 0] hidden: nan=0 inf=0 absmax=0.06  residual: nan=0 inf=0 absmax=0.25  shape=(1, 2048)
[DEBUG layer 1] hidden: nan=0 inf=0 absmax=0.04  residual: nan=0 inf=0 absmax=0.32  shape=(1, 2048)
[DEBUG layer 2] hidden: nan=0 inf=0 absmax=0.04  residual: nan=0 inf=0 absmax=0.42  shape=(1, 2048)
[DEBUG layer 3] hidden: nan=0 inf=0 absmax=0.14  residual: nan=0 inf=0 absmax=0.55  shape=(1, 2048)
[DEBUG layer 4] hidden: nan=0 inf=0 absmax=0.06  residual: nan=0 inf=0 absmax=0.43  shape=(1, 2048)
[DEBUG layer 0] hidden: nan=0 inf=0 absmax=0.09  residual: nan=0 inf=0 absmax=0.24  shape=(1, 2048)
[DEBUG layer 1] hidden: nan=0 inf=0 absmax=0.02  residual: nan=0 inf=0 absmax=0.36  shape=(1, 2048)
[DEBUG layer 2] hidden: nan=0 inf=0 absmax=0.16  residual: nan=0 inf=0 absmax=0.40  shape=(1, 2048)
[DEBUG layer 3] hidden: nan=0 inf=0 absmax=0.10  residual: nan=0 inf=0 absmax=0.39  shape=(1, 2048)
[DEBUG layer 4] hidden: nan=0 inf=0 absmax=0.06  residual: nan=0 inf=0 absmax=0.43  shape=(1, 2048)
[DEBUG layer 0] hidden: nan=0 inf=0 absmax=0.04  residual: nan=0 inf=0 absmax=0.19  shape=(1, 2048)
[DEBUG layer 1] hidden: nan=0 inf=0 absmax=0.06  residual: nan=0 inf=0 absmax=0.25  shape=(1, 2048)
[DEBUG layer 2] hidden: nan=0 inf=0 absmax=0.09  residual: nan=0 inf=0 absmax=0.29  shape=(1, 2048)
[DEBUG layer 3] hidden: nan=0 inf=0 absmax=0.03  residual: nan=0 inf=0 absmax=0.30  shape=(1, 2048)
[DEBUG layer 4] hidden: nan=0 inf=0 absmax=0.05  residual: nan=0 inf=0 absmax=0.37  shape=(1, 2048)
[DEBUG layer 0] hidden: nan=0 inf=0 absmax=0.24  residual: nan=0 inf=0 absmax=0.20  shape=(1, 2048)
[DEBUG layer 1] hidden: nan=0 inf=0 absmax=0.06  residual: nan=0 inf=0 absmax=0.45  shape=(1, 2048)
[DEBUG layer 2] hidden: nan=0 inf=0 absmax=0.17  residual: nan=0 inf=0 absmax=0.59  shape=(1, 2048)
[DEBUG layer 3] hidden: nan=0 inf=0 absmax=0.13  residual: nan=0 inf=0 absmax=0.43  shape=(1, 2048)
[DEBUG layer 4] hidden: nan=0 inf=0 absmax=0.06  residual: nan=0 inf=0 absmax=0.44  shape=(1, 2048)
[DEBUG layer 0] hidden: nan=0 inf=0 absmax=0.11  residual: nan=0 inf=0 absmax=0.28  shape=(1, 2048)
[DEBUG layer 1] hidden: nan=0 inf=0 absmax=0.09  residual: nan=0 inf=0 absmax=0.24  shape=(1, 2048)
[DEBUG layer 2] hidden: nan=0 inf=0 absmax=0.06  residual: nan=0 inf=0 absmax=0.27  shape=(1, 2048)
[DEBUG layer 3] hidden: nan=0 inf=0 absmax=0.19  residual: nan=0 inf=0 absmax=0.29  shape=(1, 2048)
[DEBUG layer 4] hidden: nan=0 inf=0 absmax=0.07  residual: nan=0 inf=0 absmax=0.32  shape=(1, 2048)
[DEBUG layer 0] hidden: nan=0 inf=0 absmax=0.02  residual: nan=0 inf=0 absmax=0.30  shape=(1, 2048)
[DEBUG layer 1] hidden: nan=0 inf=0 absmax=0.04  residual: nan=0 inf=0 absmax=0.29  shape=(1, 2048)
[DEBUG layer 2] hidden: nan=0 inf=0 absmax=0.09  residual: nan=0 inf=0 absmax=0.28  shape=(1, 2048)
[DEBUG layer 3] hidden: nan=0 inf=0 absmax=0.06  residual: nan=0 inf=0 absmax=0.25  shape=(1, 2048)
[DEBUG layer 4] hidden: nan=0 inf=0 absmax=0.04  residual: nan=0 inf=0 absmax=0.26  shape=(1, 2048)
[DEBUG layer 0] hidden: nan=0 inf=0 absmax=0.49  residual: nan=0 inf=0 absmax=0.68  shape=(8, 4096)
[DEBUG layer 0] hidden: nan=0 inf=0 absmax=0.49  residual: nan=0 inf=0 absmax=0.68  shape=(8, 4096)
[DEBUG layer 1] hidden: nan=0 inf=0 absmax=0.28  residual: nan=0 inf=0 absmax=0.90  shape=(8, 4096)
[DEBUG layer 1] hidden: nan=0 inf=0 absmax=0.28  residual: nan=0 inf=0 absmax=0.90  shape=(8, 4096)
[DEBUG layer 2] hidden: nan=0 inf=0 absmax=0.17  residual: nan=0 inf=0 absmax=0.97  shape=(8, 4096)
[DEBUG layer 2] hidden: nan=0 inf=0 absmax=0.17  residual: nan=0 inf=0 absmax=0.97  shape=(8, 4096)
[DEBUG layer 3] hidden: nan=0 inf=0 absmax=0.86  residual: nan=0 inf=0 absmax=1.08  shape=(8, 4096)
[DEBUG layer 3] hidden: nan=0 inf=0 absmax=0.86  residual: nan=0 inf=0 absmax=1.08  shape=(8, 4096)
[DEBUG layer 4] hidden: nan=0 inf=0 absmax=0.98  residual: nan=0 inf=0 absmax=1.18  shape=(8, 4096)
[DEBUG layer 4] hidden: nan=0 inf=0 absmax=0.98  residual: nan=0 inf=0 absmax=1.18  shape=(8, 4096)
[DEBUG verify] logits_p shape=(1, 8, 32000) inf=0 nan=0 max=12.01 min=-16.95
[DEBUG layer 0] hidden: nan=0 inf=0 absmax=0.10  residual: nan=0 inf=0 absmax=0.31  shape=(1, 2048)
[DEBUG layer 1] hidden: nan=0 inf=0 absmax=0.03  residual: nan=0 inf=0 absmax=0.34  shape=(1, 2048)
[DEBUG layer 2] hidden: nan=0 inf=0 absmax=0.08  residual: nan=0 inf=0 absmax=0.37  shape=(1, 2048)
[DEBUG layer 3] hidden: nan=0 inf=0 absmax=0.12  residual: nan=0 inf=0 absmax=0.38  shape=(1, 2048)
[DEBUG layer 4] hidden: nan=0 inf=0 absmax=0.05  residual: nan=0 inf=0 absmax=0.35  shape=(1, 2048)
[DEBUG layer 0] hidden: nan=0 inf=0 absmax=0.05  residual: nan=0 inf=0 absmax=0.23  shape=(1, 2048)
[DEBUG layer 1] hidden: nan=0 inf=0 absmax=0.03  residual: nan=0 inf=0 absmax=0.30  shape=(1, 2048)
[DEBUG layer 2] hidden: nan=0 inf=0 absmax=0.04  residual: nan=0 inf=0 absmax=0.37  shape=(1, 2048)
[DEBUG layer 3] hidden: nan=0 inf=0 absmax=0.11  residual: nan=0 inf=0 absmax=0.45  shape=(1, 2048)
[DEBUG layer 4] hidden: nan=0 inf=0 absmax=0.05  residual: nan=0 inf=0 absmax=0.39  shape=(1, 2048)
[DEBUG layer 0] hidden: nan=0 inf=0 absmax=0.03  residual: nan=0 inf=0 absmax=0.29  shape=(1, 2048)
[DEBUG layer 1] hidden: nan=0 inf=0 absmax=0.03  residual: nan=0 inf=0 absmax=0.28  shape=(1, 2048)
[DEBUG layer 2] hidden: nan=0 inf=0 absmax=0.03  residual: nan=0 inf=0 absmax=0.28  shape=(1, 2048)
[DEBUG layer 3] hidden: nan=0 inf=0 absmax=0.21  residual: nan=0 inf=0 absmax=0.40  shape=(1, 2048)
[DEBUG layer 4] hidden: nan=0 inf=0 absmax=0.07  residual: nan=0 inf=0 absmax=0.27  shape=(1, 2048)
[DEBUG layer 0] hidden: nan=0 inf=0 absmax=0.12  residual: nan=0 inf=0 absmax=0.30  shape=(1, 2048)
[DEBUG layer 1] hidden: nan=0 inf=0 absmax=0.03  residual: nan=0 inf=0 absmax=0.31  shape=(1, 2048)
[DEBUG layer 2] hidden: nan=0 inf=0 absmax=0.06  residual: nan=0 inf=0 absmax=0.31  shape=(1, 2048)
[DEBUG layer 3] hidden: nan=0 inf=0 absmax=0.12  residual: nan=0 inf=0 absmax=0.31  shape=(1, 2048)
[DEBUG layer 4] hidden: nan=0 inf=0 absmax=0.09  residual: nan=0 inf=0 absmax=0.26  shape=(1, 2048)
[DEBUG layer 0] hidden: nan=0 inf=0 absmax=0.13  residual: nan=0 inf=0 absmax=0.29  shape=(1, 2048)
[DEBUG layer 1] hidden: nan=0 inf=0 absmax=0.06  residual: nan=0 inf=0 absmax=0.39  shape=(1, 2048)
[DEBUG layer 2] hidden: nan=0 inf=0 absmax=0.10  residual: nan=0 inf=0 absmax=0.37  shape=(1, 2048)
[DEBUG layer 3] hidden: nan=0 inf=0 absmax=0.11  residual: nan=0 inf=0 absmax=0.46  shape=(1, 2048)
[DEBUG layer 4] hidden: nan=0 inf=0 absmax=0.05  residual: nan=0 inf=0 absmax=0.46  shape=(1, 2048)
[DEBUG layer 0] hidden: nan=0 inf=0 absmax=0.04  residual: nan=0 inf=0 absmax=0.18  shape=(1, 2048)
[DEBUG layer 1] hidden: nan=0 inf=0 absmax=0.04  residual: nan=0 inf=0 absmax=0.23  shape=(1, 2048)
[DEBUG layer 2] hidden: nan=0 inf=0 absmax=0.08  residual: nan=0 inf=0 absmax=0.27  shape=(1, 2048)
[DEBUG layer 3] hidden: nan=0 inf=0 absmax=0.04  residual: nan=0 inf=0 absmax=0.29  shape=(1, 2048)
[DEBUG layer 4] hidden: nan=0 inf=0 absmax=0.04  residual: nan=0 inf=0 absmax=0.40  shape=(1, 2048)
[DEBUG layer 0] hidden: nan=0 inf=0 absmax=0.24  residual: nan=0 inf=0 absmax=0.19  shape=(1, 2048)
[DEBUG layer 1] hidden: nan=0 inf=0 absmax=0.06  residual: nan=0 inf=0 absmax=0.44  shape=(1, 2048)
[DEBUG layer 2] hidden: nan=0 inf=0 absmax=0.16  residual: nan=0 inf=0 absmax=0.57  shape=(1, 2048)
[DEBUG layer 3] hidden: nan=0 inf=0 absmax=0.13  residual: nan=0 inf=0 absmax=0.43  shape=(1, 2048)
[DEBUG layer 4] hidden: nan=0 inf=0 absmax=0.06  residual: nan=0 inf=0 absmax=0.45  shape=(1, 2048)
[DEBUG layer 0] hidden: nan=0 inf=0 absmax=0.10  residual: nan=0 inf=0 absmax=0.28  shape=(1, 2048)
[DEBUG layer 1] hidden: nan=0 inf=0 absmax=0.09  residual: nan=0 inf=0 absmax=0.24  shape=(1, 2048)
[DEBUG layer 2] hidden: nan=0 inf=0 absmax=0.06  residual: nan=0 inf=0 absmax=0.25  shape=(1, 2048)
[DEBUG layer 3] hidden: nan=0 inf=0 absmax=0.19  residual: nan=0 inf=0 absmax=0.29  shape=(1, 2048)
[DEBUG layer 4] hidden: nan=0 inf=0 absmax=0.07  residual: nan=0 inf=0 absmax=0.30  shape=(1, 2048)
[DEBUG layer 0] hidden: nan=0 inf=0 absmax=0.55  residual: nan=0 inf=0 absmax=0.71  shape=(8, 4096)
[DEBUG layer 0] hidden: nan=0 inf=0 absmax=0.55  residual: nan=0 inf=0 absmax=0.71  shape=(8, 4096)
[DEBUG layer 1] hidden: nan=0 inf=0 absmax=0.29  residual: nan=0 inf=0 absmax=1.03  shape=(8, 4096)
[DEBUG layer 1] hidden: nan=0 inf=0 absmax=0.29  residual: nan=0 inf=0 absmax=1.03  shape=(8, 4096)
[DEBUG layer 2] hidden: nan=0 inf=0 absmax=0.17  residual: nan=0 inf=0 absmax=1.00  shape=(8, 4096)
[DEBUG layer 2] hidden: nan=0 inf=0 absmax=0.17  residual: nan=0 inf=0 absmax=1.00  shape=(8, 4096)
[DEBUG layer 3] hidden: nan=0 inf=0 absmax=0.81  residual: nan=0 inf=0 absmax=1.13  shape=(8, 4096)
[DEBUG layer 3] hidden: nan=0 inf=0 absmax=0.81  residual: nan=0 inf=0 absmax=1.13  shape=(8, 4096)
[DEBUG layer 4] hidden: nan=0 inf=0 absmax=0.95  residual: nan=0 inf=0 absmax=1.29  shape=(8, 4096)
[DEBUG layer 4] hidden: nan=0 inf=0 absmax=0.95  residual: nan=0 inf=0 absmax=1.29  shape=(8, 4096)
[DEBUG verify] logits_p shape=(1, 8, 32000) inf=0 nan=0 max=12.23 min=-17.80
[DEBUG layer 0] hidden: nan=0 inf=0 absmax=0.11  residual: nan=0 inf=0 absmax=0.28  shape=(1, 2048)
[DEBUG layer 1] hidden: nan=0 inf=0 absmax=0.06  residual: nan=0 inf=0 absmax=0.31  shape=(1, 2048)
[DEBUG layer 2] hidden: nan=0 inf=0 absmax=0.05  residual: nan=0 inf=0 absmax=0.36  shape=(1, 2048)
[DEBUG layer 3] hidden: nan=0 inf=0 absmax=0.14  residual: nan=0 inf=0 absmax=0.46  shape=(1, 2048)
[DEBUG layer 4] hidden: nan=0 inf=0 absmax=0.07  residual: nan=0 inf=0 absmax=0.36  shape=(1, 2048)
[DEBUG layer 0] hidden: nan=0 inf=0 absmax=0.06  residual: nan=0 inf=0 absmax=0.28  shape=(1, 2048)
[DEBUG layer 1] hidden: nan=0 inf=0 absmax=0.04  residual: nan=0 inf=0 absmax=0.31  shape=(1, 2048)
[DEBUG layer 2] hidden: nan=0 inf=0 absmax=0.14  residual: nan=0 inf=0 absmax=0.31  shape=(1, 2048)
[DEBUG layer 3] hidden: nan=0 inf=0 absmax=0.09  residual: nan=0 inf=0 absmax=0.29  shape=(1, 2048)
[DEBUG layer 4] hidden: nan=0 inf=0 absmax=0.06  residual: nan=0 inf=0 absmax=0.27  shape=(1, 2048)
[DEBUG layer 0] hidden: nan=0 inf=0 absmax=0.10  residual: nan=0 inf=0 absmax=0.22  shape=(1, 2048)
[DEBUG layer 1] hidden: nan=0 inf=0 absmax=0.05  residual: nan=0 inf=0 absmax=0.31  shape=(1, 2048)
[DEBUG layer 2] hidden: nan=0 inf=0 absmax=0.07  residual: nan=0 inf=0 absmax=0.25  shape=(1, 2048)
[DEBUG layer 3] hidden: nan=0 inf=0 absmax=0.22  residual: nan=0 inf=0 absmax=0.36  shape=(1, 2048)
[DEBUG layer 4] hidden: nan=0 inf=0 absmax=0.11  residual: nan=0 inf=0 absmax=0.28  shape=(1, 2048)
[DEBUG layer 0] hidden: nan=0 inf=0 absmax=0.05  residual: nan=0 inf=0 absmax=0.27  shape=(1, 2048)
[DEBUG layer 1] hidden: nan=0 inf=0 absmax=0.04  residual: nan=0 inf=0 absmax=0.28  shape=(1, 2048)
[DEBUG layer 2] hidden: nan=0 inf=0 absmax=0.14  residual: nan=0 inf=0 absmax=0.28  shape=(1, 2048)
[DEBUG layer 3] hidden: nan=0 inf=0 absmax=0.13  residual: nan=0 inf=0 absmax=0.24  shape=(1, 2048)
[DEBUG layer 4] hidden: nan=0 inf=0 absmax=0.11  residual: nan=0 inf=0 absmax=0.24  shape=(1, 2048)
[DEBUG layer 0] hidden: nan=0 inf=0 absmax=0.11  residual: nan=0 inf=0 absmax=0.22  shape=(1, 2048)
[DEBUG layer 1] hidden: nan=0 inf=0 absmax=0.04  residual: nan=0 inf=0 absmax=0.31  shape=(1, 2048)
[DEBUG layer 2] hidden: nan=0 inf=0 absmax=0.09  residual: nan=0 inf=0 absmax=0.23  shape=(1, 2048)
[DEBUG layer 3] hidden: nan=0 inf=0 absmax=0.23  residual: nan=0 inf=0 absmax=0.34  shape=(1, 2048)
[DEBUG layer 4] hidden: nan=0 inf=0 absmax=0.10  residual: nan=0 inf=0 absmax=0.26  shape=(1, 2048)
[DEBUG layer 0] hidden: nan=0 inf=0 absmax=0.05  residual: nan=0 inf=0 absmax=0.28  shape=(1, 2048)
[DEBUG layer 1] hidden: nan=0 inf=0 absmax=0.04  residual: nan=0 inf=0 absmax=0.28  shape=(1, 2048)
[DEBUG layer 2] hidden: nan=0 inf=0 absmax=0.15  residual: nan=0 inf=0 absmax=0.29  shape=(1, 2048)
[DEBUG layer 3] hidden: nan=0 inf=0 absmax=0.12  residual: nan=0 inf=0 absmax=0.24  shape=(1, 2048)
[DEBUG layer 4] hidden: nan=0 inf=0 absmax=0.10  residual: nan=0 inf=0 absmax=0.23  shape=(1, 2048)
[DEBUG layer 0] hidden: nan=0 inf=0 absmax=0.05  residual: nan=0 inf=0 absmax=0.17  shape=(1, 2048)
[DEBUG layer 1] hidden: nan=0 inf=0 absmax=0.05  residual: nan=0 inf=0 absmax=0.23  shape=(1, 2048)
[DEBUG layer 2] hidden: nan=0 inf=0 absmax=0.14  residual: nan=0 inf=0 absmax=0.29  shape=(1, 2048)
[DEBUG layer 3] hidden: nan=0 inf=0 absmax=0.05  residual: nan=0 inf=0 absmax=0.25  shape=(1, 2048)
[DEBUG layer 4] hidden: nan=0 inf=0 absmax=0.05  residual: nan=0 inf=0 absmax=0.35  shape=(1, 2048)
[DEBUG layer 0] hidden: nan=0 inf=0 absmax=0.20  residual: nan=0 inf=0 absmax=0.20  shape=(1, 2048)
[DEBUG layer 1] hidden: nan=0 inf=0 absmax=0.07  residual: nan=0 inf=0 absmax=0.40  shape=(1, 2048)
[DEBUG layer 2] hidden: nan=0 inf=0 absmax=0.12  residual: nan=0 inf=0 absmax=0.50  shape=(1, 2048)
[DEBUG layer 3] hidden: nan=0 inf=0 absmax=0.14  residual: nan=0 inf=0 absmax=0.50  shape=(1, 2048)
[DEBUG layer 4] hidden: nan=0 inf=0 absmax=0.06  residual: nan=0 inf=0 absmax=0.47  shape=(1, 2048)
[DEBUG layer 0] hidden: nan=0 inf=0 absmax=0.50  residual: nan=0 inf=0 absmax=0.68  shape=(8, 4096)
[DEBUG layer 0] hidden: nan=0 inf=0 absmax=0.50  residual: nan=0 inf=0 absmax=0.68  shape=(8, 4096)
[DEBUG layer 1] hidden: nan=0 inf=0 absmax=0.33  residual: nan=0 inf=0 absmax=0.93  shape=(8, 4096)
[DEBUG layer 1] hidden: nan=0 inf=0 absmax=0.33  residual: nan=0 inf=0 absmax=0.93  shape=(8, 4096)
[DEBUG layer 2] hidden: nan=0 inf=0 absmax=0.19  residual: nan=0 inf=0 absmax=0.86  shape=(8, 4096)
[DEBUG layer 2] hidden: nan=0 inf=0 absmax=0.19  residual: nan=0 inf=0 absmax=0.86  shape=(8, 4096)
[DEBUG layer 3] hidden: nan=0 inf=0 absmax=0.84  residual: nan=0 inf=0 absmax=1.07  shape=(8, 4096)
[DEBUG layer 3] hidden: nan=0 inf=0 absmax=0.84  residual: nan=0 inf=0 absmax=1.07  shape=(8, 4096)
[DEBUG layer 4] hidden: nan=0 inf=0 absmax=0.83  residual: nan=0 inf=0 absmax=1.00  shape=(8, 4096)
[DEBUG layer 4] hidden: nan=0 inf=0 absmax=0.83  residual: nan=0 inf=0 absmax=1.00  shape=(8, 4096)
[DEBUG verify] logits_p shape=(1, 8, 32000) inf=0 nan=0 max=11.27 min=-17.30
[DEBUG layer 0] hidden: nan=0 inf=0 absmax=0.05  residual: nan=0 inf=0 absmax=0.27  shape=(1, 2048)
[DEBUG layer 1] hidden: nan=0 inf=0 absmax=0.04  residual: nan=0 inf=0 absmax=0.31  shape=(1, 2048)
[DEBUG layer 2] hidden: nan=0 inf=0 absmax=0.08  residual: nan=0 inf=0 absmax=0.34  shape=(1, 2048)
[DEBUG layer 3] hidden: nan=0 inf=0 absmax=0.09  residual: nan=0 inf=0 absmax=0.39  shape=(1, 2048)
[DEBUG layer 4] hidden: nan=0 inf=0 absmax=0.07  residual: nan=0 inf=0 absmax=0.34  shape=(1, 2048)
[DEBUG layer 0] hidden: nan=0 inf=0 absmax=0.10  residual: nan=0 inf=0 absmax=0.29  shape=(1, 2048)
[DEBUG layer 1] hidden: nan=0 inf=0 absmax=0.04  residual: nan=0 inf=0 absmax=0.28  shape=(1, 2048)
[DEBUG layer 2] hidden: nan=0 inf=0 absmax=0.04  residual: nan=0 inf=0 absmax=0.32  shape=(1, 2048)
[DEBUG layer 3] hidden: nan=0 inf=0 absmax=0.23  residual: nan=0 inf=0 absmax=0.41  shape=(1, 2048)
[DEBUG layer 4] hidden: nan=0 inf=0 absmax=0.07  residual: nan=0 inf=0 absmax=0.24  shape=(1, 2048)
[DEBUG layer 0] hidden: nan=0 inf=0 absmax=0.03  residual: nan=0 inf=0 absmax=0.29  shape=(1, 2048)
[DEBUG layer 1] hidden: nan=0 inf=0 absmax=0.04  residual: nan=0 inf=0 absmax=0.29  shape=(1, 2048)
[DEBUG layer 2] hidden: nan=0 inf=0 absmax=0.11  residual: nan=0 inf=0 absmax=0.29  shape=(1, 2048)
[DEBUG layer 3] hidden: nan=0 inf=0 absmax=0.15  residual: nan=0 inf=0 absmax=0.33  shape=(1, 2048)
[DEBUG layer 4] hidden: nan=0 inf=0 absmax=0.11  residual: nan=0 inf=0 absmax=0.28  shape=(1, 2048)
[DEBUG layer 0] hidden: nan=0 inf=0 absmax=0.07  residual: nan=0 inf=0 absmax=0.25  shape=(1, 2048)
[DEBUG layer 1] hidden: nan=0 inf=0 absmax=0.04  residual: nan=0 inf=0 absmax=0.31  shape=(1, 2048)
[DEBUG layer 2] hidden: nan=0 inf=0 absmax=0.08  residual: nan=0 inf=0 absmax=0.35  shape=(1, 2048)
[DEBUG layer 3] hidden: nan=0 inf=0 absmax=0.12  residual: nan=0 inf=0 absmax=0.37  shape=(1, 2048)
[DEBUG layer 4] hidden: nan=0 inf=0 absmax=0.05  residual: nan=0 inf=0 absmax=0.32  shape=(1, 2048)
[DEBUG layer 0] hidden: nan=0 inf=0 absmax=0.03  residual: nan=0 inf=0 absmax=0.29  shape=(1, 2048)
[DEBUG layer 1] hidden: nan=0 inf=0 absmax=0.06  residual: nan=0 inf=0 absmax=0.32  shape=(1, 2048)
[DEBUG layer 2] hidden: nan=0 inf=0 absmax=0.07  residual: nan=0 inf=0 absmax=0.39  shape=(1, 2048)
[DEBUG layer 3] hidden: nan=0 inf=0 absmax=0.11  residual: nan=0 inf=0 absmax=0.40  shape=(1, 2048)
[DEBUG layer 4] hidden: nan=0 inf=0 absmax=0.06  residual: nan=0 inf=0 absmax=0.41  shape=(1, 2048)
[DEBUG layer 0] hidden: nan=0 inf=0 absmax=0.05  residual: nan=0 inf=0 absmax=0.31  shape=(1, 2048)
[DEBUG layer 1] hidden: nan=0 inf=0 absmax=0.03  residual: nan=0 inf=0 absmax=0.37  shape=(1, 2048)
[DEBUG layer 2] hidden: nan=0 inf=0 absmax=0.06  residual: nan=0 inf=0 absmax=0.39  shape=(1, 2048)
[DEBUG layer 3] hidden: nan=0 inf=0 absmax=0.09  residual: nan=0 inf=0 absmax=0.42  shape=(1, 2048)
[DEBUG layer 4] hidden: nan=0 inf=0 absmax=0.06  residual: nan=0 inf=0 absmax=0.41  shape=(1, 2048)
[DEBUG layer 0] hidden: nan=0 inf=0 absmax=0.10  residual: nan=0 inf=0 absmax=0.28  shape=(1, 2048)
[DEBUG layer 1] hidden: nan=0 inf=0 absmax=0.06  residual: nan=0 inf=0 absmax=0.33  shape=(1, 2048)
[DEBUG layer 2] hidden: nan=0 inf=0 absmax=0.08  residual: nan=0 inf=0 absmax=0.33  shape=(1, 2048)
[DEBUG layer 3] hidden: nan=0 inf=0 absmax=0.22  residual: nan=0 inf=0 absmax=0.35  shape=(1, 2048)
[DEBUG layer 4] hidden: nan=0 inf=0 absmax=0.10  residual: nan=0 inf=0 absmax=0.38  shape=(1, 2048)
[DEBUG layer 0] hidden: nan=0 inf=0 absmax=0.07  residual: nan=0 inf=0 absmax=0.27  shape=(1, 2048)
[DEBUG layer 1] hidden: nan=0 inf=0 absmax=0.04  residual: nan=0 inf=0 absmax=0.24  shape=(1, 2048)
[DEBUG layer 2] hidden: nan=0 inf=0 absmax=0.06  residual: nan=0 inf=0 absmax=0.21  shape=(1, 2048)
[DEBUG layer 3] hidden: nan=0 inf=0 absmax=0.19  residual: nan=0 inf=0 absmax=0.37  shape=(1, 2048)
[DEBUG layer 4] hidden: nan=0 inf=0 absmax=0.13  residual: nan=0 inf=0 absmax=0.30  shape=(1, 2048)
[DEBUG layer 0] hidden: nan=0 inf=0 absmax=0.67  residual: nan=0 inf=0 absmax=0.67  shape=(8, 4096)
[DEBUG layer 0] hidden: nan=0 inf=0 absmax=0.67  residual: nan=0 inf=0 absmax=0.67  shape=(8, 4096)
[DEBUG layer 1] hidden: nan=0 inf=0 absmax=0.28  residual: nan=0 inf=0 absmax=1.08  shape=(8, 4096)
[DEBUG layer 1] hidden: nan=0 inf=0 absmax=0.28  residual: nan=0 inf=0 absmax=1.08  shape=(8, 4096)
[DEBUG layer 2] hidden: nan=0 inf=0 absmax=0.19  residual: nan=0 inf=0 absmax=0.98  shape=(8, 4096)
[DEBUG layer 2] hidden: nan=0 inf=0 absmax=0.19  residual: nan=0 inf=0 absmax=0.98  shape=(8, 4096)
[DEBUG layer 3] hidden: nan=0 inf=0 absmax=0.87  residual: nan=0 inf=0 absmax=1.07  shape=(8, 4096)
[DEBUG layer 3] hidden: nan=0 inf=0 absmax=0.87  residual: nan=0 inf=0 absmax=1.07  shape=(8, 4096)
[DEBUG layer 4] hidden: nan=0 inf=0 absmax=1.03  residual: nan=0 inf=0 absmax=1.17  shape=(8, 4096)
[DEBUG layer 4] hidden: nan=0 inf=0 absmax=1.03  residual: nan=0 inf=0 absmax=1.17  shape=(8, 4096)
[DEBUG verify] logits_p shape=(1, 8, 32000) inf=0 nan=0 max=10.35 min=-19.08
[DEBUG layer 0] hidden: nan=0 inf=0 absmax=0.04  residual: nan=0 inf=0 absmax=0.29  shape=(1, 2048)
[DEBUG layer 1] hidden: nan=0 inf=0 absmax=0.04  residual: nan=0 inf=0 absmax=0.29  shape=(1, 2048)
[DEBUG layer 2] hidden: nan=0 inf=0 absmax=0.12  residual: nan=0 inf=0 absmax=0.28  shape=(1, 2048)
[DEBUG layer 3] hidden: nan=0 inf=0 absmax=0.20  residual: nan=0 inf=0 absmax=0.29  shape=(1, 2048)
[DEBUG layer 4] hidden: nan=0 inf=0 absmax=0.06  residual: nan=0 inf=0 absmax=0.22  shape=(1, 2048)
[DEBUG layer 0] hidden: nan=0 inf=0 absmax=0.04  residual: nan=0 inf=0 absmax=0.18  shape=(1, 2048)
[DEBUG layer 1] hidden: nan=0 inf=0 absmax=0.06  residual: nan=0 inf=0 absmax=0.23  shape=(1, 2048)
[DEBUG layer 2] hidden: nan=0 inf=0 absmax=0.12  residual: nan=0 inf=0 absmax=0.28  shape=(1, 2048)
[DEBUG layer 3] hidden: nan=0 inf=0 absmax=0.06  residual: nan=0 inf=0 absmax=0.28  shape=(1, 2048)
[DEBUG layer 4] hidden: nan=0 inf=0 absmax=0.06  residual: nan=0 inf=0 absmax=0.36  shape=(1, 2048)
[DEBUG layer 0] hidden: nan=0 inf=0 absmax=0.28  residual: nan=0 inf=0 absmax=0.23  shape=(1, 2048)
[DEBUG layer 1] hidden: nan=0 inf=0 absmax=0.06  residual: nan=0 inf=0 absmax=0.50  shape=(1, 2048)
[DEBUG layer 2] hidden: nan=0 inf=0 absmax=0.22  residual: nan=0 inf=0 absmax=0.62  shape=(1, 2048)
[DEBUG layer 3] hidden: nan=0 inf=0 absmax=0.16  residual: nan=0 inf=0 absmax=0.49  shape=(1, 2048)
[DEBUG layer 4] hidden: nan=0 inf=0 absmax=0.06  residual: nan=0 inf=0 absmax=0.43  shape=(1, 2048)
[DEBUG layer 0] hidden: nan=0 inf=0 absmax=0.21  residual: nan=0 inf=0 absmax=0.15  shape=(1, 2048)
[DEBUG layer 1] hidden: nan=0 inf=0 absmax=0.08  residual: nan=0 inf=0 absmax=0.31  shape=(1, 2048)
[DEBUG layer 2] hidden: nan=0 inf=0 absmax=0.12  residual: nan=0 inf=0 absmax=0.45  shape=(1, 2048)
[DEBUG layer 3] hidden: nan=0 inf=0 absmax=0.24  residual: nan=0 inf=0 absmax=0.42  shape=(1, 2048)
[DEBUG layer 4] hidden: nan=0 inf=0 absmax=0.09  residual: nan=0 inf=0 absmax=0.30  shape=(1, 2048)
[DEBUG layer 0] hidden: nan=0 inf=0 absmax=0.02  residual: nan=0 inf=0 absmax=0.29  shape=(1, 2048)
[DEBUG layer 1] hidden: nan=0 inf=0 absmax=0.03  residual: nan=0 inf=0 absmax=0.28  shape=(1, 2048)
[DEBUG layer 2] hidden: nan=0 inf=0 absmax=0.09  residual: nan=0 inf=0 absmax=0.27  shape=(1, 2048)
[DEBUG layer 3] hidden: nan=0 inf=0 absmax=0.25  residual: nan=0 inf=0 absmax=0.35  shape=(1, 2048)
[DEBUG layer 4] hidden: nan=0 inf=0 absmax=0.05  residual: nan=0 inf=0 absmax=0.24  shape=(1, 2048)
[DEBUG layer 0] hidden: nan=0 inf=0 absmax=0.08  residual: nan=0 inf=0 absmax=0.25  shape=(1, 2048)
[DEBUG layer 1] hidden: nan=0 inf=0 absmax=0.07  residual: nan=0 inf=0 absmax=0.34  shape=(1, 2048)
[DEBUG layer 2] hidden: nan=0 inf=0 absmax=0.08  residual: nan=0 inf=0 absmax=0.43  shape=(1, 2048)
[DEBUG layer 3] hidden: nan=0 inf=0 absmax=0.10  residual: nan=0 inf=0 absmax=0.49  shape=(1, 2048)
[DEBUG layer 4] hidden: nan=0 inf=0 absmax=0.04  residual: nan=0 inf=0 absmax=0.55  shape=(1, 2048)
[DEBUG layer 0] hidden: nan=0 inf=0 absmax=0.04  residual: nan=0 inf=0 absmax=0.28  shape=(1, 2048)
[DEBUG layer 1] hidden: nan=0 inf=0 absmax=0.03  residual: nan=0 inf=0 absmax=0.29  shape=(1, 2048)
[DEBUG layer 2] hidden: nan=0 inf=0 absmax=0.13  residual: nan=0 inf=0 absmax=0.30  shape=(1, 2048)
[DEBUG layer 3] hidden: nan=0 inf=0 absmax=0.21  residual: nan=0 inf=0 absmax=0.29  shape=(1, 2048)
[DEBUG layer 4] hidden: nan=0 inf=0 absmax=0.07  residual: nan=0 inf=0 absmax=0.24  shape=(1, 2048)
[DEBUG layer 0] hidden: nan=0 inf=0 absmax=0.07  residual: nan=0 inf=0 absmax=0.25  shape=(1, 2048)
[DEBUG layer 1] hidden: nan=0 inf=0 absmax=0.04  residual: nan=0 inf=0 absmax=0.33  shape=(1, 2048)
[DEBUG layer 2] hidden: nan=0 inf=0 absmax=0.06  residual: nan=0 inf=0 absmax=0.38  shape=(1, 2048)
[DEBUG layer 3] hidden: nan=0 inf=0 absmax=0.15  residual: nan=0 inf=0 absmax=0.44  shape=(1, 2048)
[DEBUG layer 4] hidden: nan=0 inf=0 absmax=0.05  residual: nan=0 inf=0 absmax=0.40  shape=(1, 2048)
[DEBUG layer 0] hidden: nan=0 inf=0 absmax=0.49  residual: nan=0 inf=0 absmax=0.69  shape=(8, 4096)
[DEBUG layer 0] hidden: nan=0 inf=0 absmax=0.49  residual: nan=0 inf=0 absmax=0.69  shape=(8, 4096)
[DEBUG layer 1] hidden: nan=0 inf=0 absmax=0.32  residual: nan=0 inf=0 absmax=0.89  shape=(8, 4096)
[DEBUG layer 1] hidden: nan=0 inf=0 absmax=0.32  residual: nan=0 inf=0 absmax=0.89  shape=(8, 4096)
[DEBUG layer 2] hidden: nan=0 inf=0 absmax=0.45  residual: nan=0 inf=0 absmax=1.02  shape=(8, 4096)
[DEBUG layer 2] hidden: nan=0 inf=0 absmax=0.45  residual: nan=0 inf=0 absmax=1.02  shape=(8, 4096)
[DEBUG layer 3] hidden: nan=0 inf=0 absmax=0.84  residual: nan=0 inf=0 absmax=1.03  shape=(8, 4096)
[DEBUG layer 3] hidden: nan=0 inf=0 absmax=0.84  residual: nan=0 inf=0 absmax=1.03  shape=(8, 4096)
[DEBUG layer 4] hidden: nan=0 inf=0 absmax=1.06  residual: nan=0 inf=0 absmax=1.00  shape=(8, 4096)
[DEBUG layer 4] hidden: nan=0 inf=0 absmax=1.06  residual: nan=0 inf=0 absmax=1.00  shape=(8, 4096)
[DEBUG verify] logits_p shape=(1, 8, 32000) inf=0 nan=0 max=11.25 min=-16.02
[DEBUG layer 0] hidden: nan=0 inf=0 absmax=0.05  residual: nan=0 inf=0 absmax=0.27  shape=(1, 2048)
[DEBUG layer 1] hidden: nan=0 inf=0 absmax=0.04  residual: nan=0 inf=0 absmax=0.31  shape=(1, 2048)
[DEBUG layer 2] hidden: nan=0 inf=0 absmax=0.06  residual: nan=0 inf=0 absmax=0.27  shape=(1, 2048)
[DEBUG layer 3] hidden: nan=0 inf=0 absmax=0.09  residual: nan=0 inf=0 absmax=0.34  shape=(1, 2048)
[DEBUG layer 4] hidden: nan=0 inf=0 absmax=0.07  residual: nan=0 inf=0 absmax=0.38  shape=(1, 2048)
[DEBUG layer 0] hidden: nan=0 inf=0 absmax=0.04  residual: nan=0 inf=0 absmax=0.29  shape=(1, 2048)
[DEBUG layer 1] hidden: nan=0 inf=0 absmax=0.04  residual: nan=0 inf=0 absmax=0.29  shape=(1, 2048)
[DEBUG layer 2] hidden: nan=0 inf=0 absmax=0.12  residual: nan=0 inf=0 absmax=0.28  shape=(1, 2048)
[DEBUG layer 3] hidden: nan=0 inf=0 absmax=0.17  residual: nan=0 inf=0 absmax=0.31  shape=(1, 2048)
[DEBUG layer 4] hidden: nan=0 inf=0 absmax=0.06  residual: nan=0 inf=0 absmax=0.26  shape=(1, 2048)
[DEBUG layer 0] hidden: nan=0 inf=0 absmax=0.10  residual: nan=0 inf=0 absmax=0.24  shape=(1, 2048)
[DEBUG layer 1] hidden: nan=0 inf=0 absmax=0.04  residual: nan=0 inf=0 absmax=0.35  shape=(1, 2048)
[DEBUG layer 2] hidden: nan=0 inf=0 absmax=0.09  residual: nan=0 inf=0 absmax=0.41  shape=(1, 2048)
[DEBUG layer 3] hidden: nan=0 inf=0 absmax=0.09  residual: nan=0 inf=0 absmax=0.44  shape=(1, 2048)
[DEBUG layer 4] hidden: nan=0 inf=0 absmax=0.05  residual: nan=0 inf=0 absmax=0.44  shape=(1, 2048)
[DEBUG layer 0] hidden: nan=0 inf=0 absmax=0.05  residual: nan=0 inf=0 absmax=0.28  shape=(1, 2048)
[DEBUG layer 1] hidden: nan=0 inf=0 absmax=0.03  residual: nan=0 inf=0 absmax=0.29  shape=(1, 2048)
[DEBUG layer 2] hidden: nan=0 inf=0 absmax=0.15  residual: nan=0 inf=0 absmax=0.29  shape=(1, 2048)
[DEBUG layer 3] hidden: nan=0 inf=0 absmax=0.21  residual: nan=0 inf=0 absmax=0.29  shape=(1, 2048)
[DEBUG layer 4] hidden: nan=0 inf=0 absmax=0.06  residual: nan=0 inf=0 absmax=0.24  shape=(1, 2048)
[DEBUG layer 0] hidden: nan=0 inf=0 absmax=0.04  residual: nan=0 inf=0 absmax=0.26  shape=(1, 2048)
[DEBUG layer 1] hidden: nan=0 inf=0 absmax=0.05  residual: nan=0 inf=0 absmax=0.29  shape=(1, 2048)
[DEBUG layer 2] hidden: nan=0 inf=0 absmax=0.10  residual: nan=0 inf=0 absmax=0.30  shape=(1, 2048)
[DEBUG layer 3] hidden: nan=0 inf=0 absmax=0.07  residual: nan=0 inf=0 absmax=0.30  shape=(1, 2048)
[DEBUG layer 4] hidden: nan=0 inf=0 absmax=0.06  residual: nan=0 inf=0 absmax=0.38  shape=(1, 2048)
[DEBUG layer 0] hidden: nan=0 inf=0 absmax=0.04  residual: nan=0 inf=0 absmax=0.29  shape=(1, 2048)
[DEBUG layer 1] hidden: nan=0 inf=0 absmax=0.06  residual: nan=0 inf=0 absmax=0.29  shape=(1, 2048)
[DEBUG layer 2] hidden: nan=0 inf=0 absmax=0.14  residual: nan=0 inf=0 absmax=0.27  shape=(1, 2048)
[DEBUG layer 3] hidden: nan=0 inf=0 absmax=0.17  residual: nan=0 inf=0 absmax=0.22  shape=(1, 2048)
[DEBUG layer 4] hidden: nan=0 inf=0 absmax=0.06  residual: nan=0 inf=0 absmax=0.25  shape=(1, 2048)
[DEBUG layer 0] hidden: nan=0 inf=0 absmax=0.09  residual: nan=0 inf=0 absmax=0.26  shape=(1, 2048)
[DEBUG layer 1] hidden: nan=0 inf=0 absmax=0.03  residual: nan=0 inf=0 absmax=0.36  shape=(1, 2048)
[DEBUG layer 2] hidden: nan=0 inf=0 absmax=0.11  residual: nan=0 inf=0 absmax=0.39  shape=(1, 2048)
[DEBUG layer 3] hidden: nan=0 inf=0 absmax=0.12  residual: nan=0 inf=0 absmax=0.39  shape=(1, 2048)
[DEBUG layer 4] hidden: nan=0 inf=0 absmax=0.07  residual: nan=0 inf=0 absmax=0.38  shape=(1, 2048)
[DEBUG layer 0] hidden: nan=0 inf=0 absmax=0.06  residual: nan=0 inf=0 absmax=0.28  shape=(1, 2048)
[DEBUG layer 1] hidden: nan=0 inf=0 absmax=0.03  residual: nan=0 inf=0 absmax=0.28  shape=(1, 2048)
[DEBUG layer 2] hidden: nan=0 inf=0 absmax=0.13  residual: nan=0 inf=0 absmax=0.27  shape=(1, 2048)
[DEBUG layer 3] hidden: nan=0 inf=0 absmax=0.27  residual: nan=0 inf=0 absmax=0.33  shape=(1, 2048)
[DEBUG layer 4] hidden: nan=0 inf=0 absmax=0.07  residual: nan=0 inf=0 absmax=0.23  shape=(1, 2048)
[DEBUG layer 0] hidden: nan=0 inf=0 absmax=0.47  residual: nan=0 inf=0 absmax=0.67  shape=(8, 4096)
[DEBUG layer 0] hidden: nan=0 inf=0 absmax=0.47  residual: nan=0 inf=0 absmax=0.67  shape=(8, 4096)
[DEBUG layer 1] hidden: nan=0 inf=0 absmax=0.24  residual: nan=0 inf=0 absmax=0.95  shape=(8, 4096)
[DEBUG layer 1] hidden: nan=0 inf=0 absmax=0.24  residual: nan=0 inf=0 absmax=0.95  shape=(8, 4096)
[DEBUG layer 2] hidden: nan=0 inf=0 absmax=0.12  residual: nan=0 inf=0 absmax=0.84  shape=(8, 4096)
[DEBUG layer 2] hidden: nan=0 inf=0 absmax=0.12  residual: nan=0 inf=0 absmax=0.84  shape=(8, 4096)
[DEBUG layer 3] hidden: nan=0 inf=0 absmax=0.92  residual: nan=0 inf=0 absmax=1.01  shape=(8, 4096)
[DEBUG layer 3] hidden: nan=0 inf=0 absmax=0.92  residual: nan=0 inf=0 absmax=1.01  shape=(8, 4096)
[DEBUG layer 4] hidden: nan=0 inf=0 absmax=1.11  residual: nan=0 inf=0 absmax=0.82  shape=(8, 4096)
[DEBUG layer 4] hidden: nan=0 inf=0 absmax=1.11  residual: nan=0 inf=0 absmax=0.82  shape=(8, 4096)
[DEBUG verify] logits_p shape=(1, 8, 32000) inf=0 nan=0 max=8.29 min=-20.59
[DEBUG layer 0] hidden: nan=0 inf=0 absmax=0.12  residual: nan=0 inf=0 absmax=0.31  shape=(1, 2048)
[DEBUG layer 1] hidden: nan=0 inf=0 absmax=0.05  residual: nan=0 inf=0 absmax=0.42  shape=(1, 2048)
[DEBUG layer 2] hidden: nan=0 inf=0 absmax=0.17  residual: nan=0 inf=0 absmax=0.54  shape=(1, 2048)
[DEBUG layer 3] hidden: nan=0 inf=0 absmax=0.15  residual: nan=0 inf=0 absmax=0.47  shape=(1, 2048)
[DEBUG layer 4] hidden: nan=0 inf=0 absmax=0.09  residual: nan=0 inf=0 absmax=0.43  shape=(1, 2048)
[DEBUG layer 0] hidden: nan=0 inf=0 absmax=0.08  residual: nan=0 inf=0 absmax=0.29  shape=(1, 2048)
[DEBUG layer 1] hidden: nan=0 inf=0 absmax=0.10  residual: nan=0 inf=0 absmax=0.20  shape=(1, 2048)
[DEBUG layer 2] hidden: nan=0 inf=0 absmax=0.05  residual: nan=0 inf=0 absmax=0.23  shape=(1, 2048)
[DEBUG layer 3] hidden: nan=0 inf=0 absmax=0.11  residual: nan=0 inf=0 absmax=0.25  shape=(1, 2048)
[DEBUG layer 4] hidden: nan=0 inf=0 absmax=0.08  residual: nan=0 inf=0 absmax=0.29  shape=(1, 2048)
[DEBUG layer 0] hidden: nan=0 inf=0 absmax=0.05  residual: nan=0 inf=0 absmax=0.31  shape=(1, 2048)
[DEBUG layer 1] hidden: nan=0 inf=0 absmax=0.06  residual: nan=0 inf=0 absmax=0.26  shape=(1, 2048)
[DEBUG layer 2] hidden: nan=0 inf=0 absmax=0.05  residual: nan=0 inf=0 absmax=0.26  shape=(1, 2048)
[DEBUG layer 3] hidden: nan=0 inf=0 absmax=0.08  residual: nan=0 inf=0 absmax=0.44  shape=(1, 2048)
[DEBUG layer 4] hidden: nan=0 inf=0 absmax=0.08  residual: nan=0 inf=0 absmax=0.56  shape=(1, 2048)
[DEBUG layer 0] hidden: nan=0 inf=0 absmax=0.04  residual: nan=0 inf=0 absmax=0.29  shape=(1, 2048)
[DEBUG layer 1] hidden: nan=0 inf=0 absmax=0.03  residual: nan=0 inf=0 absmax=0.31  shape=(1, 2048)
[DEBUG layer 2] hidden: nan=0 inf=0 absmax=0.11  residual: nan=0 inf=0 absmax=0.31  shape=(1, 2048)
[DEBUG layer 3] hidden: nan=0 inf=0 absmax=0.16  residual: nan=0 inf=0 absmax=0.43  shape=(1, 2048)
[DEBUG layer 4] hidden: nan=0 inf=0 absmax=0.04  residual: nan=0 inf=0 absmax=0.37  shape=(1, 2048)
[DEBUG layer 0] hidden: nan=0 inf=0 absmax=0.07  residual: nan=0 inf=0 absmax=0.25  shape=(1, 2048)
[DEBUG layer 1] hidden: nan=0 inf=0 absmax=0.04  residual: nan=0 inf=0 absmax=0.33  shape=(1, 2048)
[DEBUG layer 2] hidden: nan=0 inf=0 absmax=0.13  residual: nan=0 inf=0 absmax=0.43  shape=(1, 2048)
[DEBUG layer 3] hidden: nan=0 inf=0 absmax=0.14  residual: nan=0 inf=0 absmax=0.41  shape=(1, 2048)
[DEBUG layer 4] hidden: nan=0 inf=0 absmax=0.11  residual: nan=0 inf=0 absmax=0.42  shape=(1, 2048)
[DEBUG layer 0] hidden: nan=0 inf=0 absmax=0.05  residual: nan=0 inf=0 absmax=0.28  shape=(1, 2048)
[DEBUG layer 1] hidden: nan=0 inf=0 absmax=0.04  residual: nan=0 inf=0 absmax=0.29  shape=(1, 2048)
[DEBUG layer 2] hidden: nan=0 inf=0 absmax=0.13  residual: nan=0 inf=0 absmax=0.30  shape=(1, 2048)
[DEBUG layer 3] hidden: nan=0 inf=0 absmax=0.16  residual: nan=0 inf=0 absmax=0.28  shape=(1, 2048)
[DEBUG layer 4] hidden: nan=0 inf=0 absmax=0.07  residual: nan=0 inf=0 absmax=0.23  shape=(1, 2048)
[DEBUG layer 0] hidden: nan=0 inf=0 absmax=0.06  residual: nan=0 inf=0 absmax=0.27  shape=(1, 2048)
[DEBUG layer 1] hidden: nan=0 inf=0 absmax=0.03  residual: nan=0 inf=0 absmax=0.32  shape=(1, 2048)
[DEBUG layer 2] hidden: nan=0 inf=0 absmax=0.07  residual: nan=0 inf=0 absmax=0.33  shape=(1, 2048)
[DEBUG layer 3] hidden: nan=0 inf=0 absmax=0.09  residual: nan=0 inf=0 absmax=0.38  shape=(1, 2048)
[DEBUG layer 4] hidden: nan=0 inf=0 absmax=0.06  residual: nan=0 inf=0 absmax=0.49  shape=(1, 2048)
[DEBUG layer 0] hidden: nan=0 inf=0 absmax=0.04  residual: nan=0 inf=0 absmax=0.28  shape=(1, 2048)
[DEBUG layer 1] hidden: nan=0 inf=0 absmax=0.04  residual: nan=0 inf=0 absmax=0.29  shape=(1, 2048)
[DEBUG layer 2] hidden: nan=0 inf=0 absmax=0.12  residual: nan=0 inf=0 absmax=0.27  shape=(1, 2048)
[DEBUG layer 3] hidden: nan=0 inf=0 absmax=0.17  residual: nan=0 inf=0 absmax=0.28  shape=(1, 2048)
[DEBUG layer 4] hidden: nan=0 inf=0 absmax=0.06  residual: nan=0 inf=0 absmax=0.24  shape=(1, 2048)
[DEBUG layer 0] hidden: nan=0 inf=0 absmax=0.53  residual: nan=0 inf=0 absmax=0.69  shape=(8, 4096)
[DEBUG layer 0] hidden: nan=0 inf=0 absmax=0.53  residual: nan=0 inf=0 absmax=0.69  shape=(8, 4096)
[DEBUG layer 1] hidden: nan=0 inf=0 absmax=0.22  residual: nan=0 inf=0 absmax=0.96  shape=(8, 4096)
[DEBUG layer 1] hidden: nan=0 inf=0 absmax=0.22  residual: nan=0 inf=0 absmax=0.96  shape=(8, 4096)
[DEBUG layer 2] hidden: nan=0 inf=0 absmax=0.51  residual: nan=0 inf=0 absmax=0.83  shape=(8, 4096)
[DEBUG layer 2] hidden: nan=0 inf=0 absmax=0.51  residual: nan=0 inf=0 absmax=0.83  shape=(8, 4096)
[DEBUG layer 3] hidden: nan=0 inf=0 absmax=0.91  residual: nan=0 inf=0 absmax=1.06  shape=(8, 4096)
[DEBUG layer 3] hidden: nan=0 inf=0 absmax=0.91  residual: nan=0 inf=0 absmax=1.06  shape=(8, 4096)
[DEBUG layer 4] hidden: nan=0 inf=0 absmax=1.06  residual: nan=0 inf=0 absmax=0.98  shape=(8, 4096)
[DEBUG layer 4] hidden: nan=0 inf=0 absmax=1.06  residual: nan=0 inf=0 absmax=0.98  shape=(8, 4096)
[DEBUG verify] logits_p shape=(1, 8, 32000) inf=0 nan=0 max=10.02 min=-17.81
[DEBUG layer 0] hidden: nan=0 inf=0 absmax=0.08  residual: nan=0 inf=0 absmax=0.31  shape=(1, 2048)
[DEBUG layer 1] hidden: nan=0 inf=0 absmax=0.03  residual: nan=0 inf=0 absmax=0.33  shape=(1, 2048)
[DEBUG layer 2] hidden: nan=0 inf=0 absmax=0.08  residual: nan=0 inf=0 absmax=0.31  shape=(1, 2048)
[DEBUG layer 3] hidden: nan=0 inf=0 absmax=0.15  residual: nan=0 inf=0 absmax=0.29  shape=(1, 2048)
[DEBUG layer 4] hidden: nan=0 inf=0 absmax=0.07  residual: nan=0 inf=0 absmax=0.31  shape=(1, 2048)
[DEBUG layer 0] hidden: nan=0 inf=0 absmax=0.03  residual: nan=0 inf=0 absmax=0.29  shape=(1, 2048)
[DEBUG layer 1] hidden: nan=0 inf=0 absmax=0.03  residual: nan=0 inf=0 absmax=0.29  shape=(1, 2048)
[DEBUG layer 2] hidden: nan=0 inf=0 absmax=0.12  residual: nan=0 inf=0 absmax=0.28  shape=(1, 2048)
[DEBUG layer 3] hidden: nan=0 inf=0 absmax=0.18  residual: nan=0 inf=0 absmax=0.37  shape=(1, 2048)
[DEBUG layer 4] hidden: nan=0 inf=0 absmax=0.06  residual: nan=0 inf=0 absmax=0.30  shape=(1, 2048)
[DEBUG layer 0] hidden: nan=0 inf=0 absmax=0.04  residual: nan=0 inf=0 absmax=0.18  shape=(1, 2048)
[DEBUG layer 1] hidden: nan=0 inf=0 absmax=0.04  residual: nan=0 inf=0 absmax=0.23  shape=(1, 2048)
[DEBUG layer 2] hidden: nan=0 inf=0 absmax=0.13  residual: nan=0 inf=0 absmax=0.28  shape=(1, 2048)
[DEBUG layer 3] hidden: nan=0 inf=0 absmax=0.07  residual: nan=0 inf=0 absmax=0.26  shape=(1, 2048)
[DEBUG layer 4] hidden: nan=0 inf=0 absmax=0.05  residual: nan=0 inf=0 absmax=0.33  shape=(1, 2048)
[DEBUG layer 0] hidden: nan=0 inf=0 absmax=0.19  residual: nan=0 inf=0 absmax=0.23  shape=(1, 2048)
[DEBUG layer 1] hidden: nan=0 inf=0 absmax=0.07  residual: nan=0 inf=0 absmax=0.43  shape=(1, 2048)
[DEBUG layer 2] hidden: nan=0 inf=0 absmax=0.06  residual: nan=0 inf=0 absmax=0.51  shape=(1, 2048)
[DEBUG layer 3] hidden: nan=0 inf=0 absmax=0.19  residual: nan=0 inf=0 absmax=0.59  shape=(1, 2048)
[DEBUG layer 4] hidden: nan=0 inf=0 absmax=0.05  residual: nan=0 inf=0 absmax=0.49  shape=(1, 2048)
[DEBUG layer 0] hidden: nan=0 inf=0 absmax=0.03  residual: nan=0 inf=0 absmax=0.28  shape=(1, 2048)
[DEBUG layer 1] hidden: nan=0 inf=0 absmax=0.03  residual: nan=0 inf=0 absmax=0.27  shape=(1, 2048)
[DEBUG layer 2] hidden: nan=0 inf=0 absmax=0.13  residual: nan=0 inf=0 absmax=0.29  shape=(1, 2048)
[DEBUG layer 3] hidden: nan=0 inf=0 absmax=0.16  residual: nan=0 inf=0 absmax=0.25  shape=(1, 2048)
[DEBUG layer 4] hidden: nan=0 inf=0 absmax=0.09  residual: nan=0 inf=0 absmax=0.24  shape=(1, 2048)
[DEBUG layer 0] hidden: nan=0 inf=0 absmax=0.08  residual: nan=0 inf=0 absmax=0.27  shape=(1, 2048)
[DEBUG layer 1] hidden: nan=0 inf=0 absmax=0.02  residual: nan=0 inf=0 absmax=0.36  shape=(1, 2048)
[DEBUG layer 2] hidden: nan=0 inf=0 absmax=0.05  residual: nan=0 inf=0 absmax=0.31  shape=(1, 2048)
[DEBUG layer 3] hidden: nan=0 inf=0 absmax=0.08  residual: nan=0 inf=0 absmax=0.36  shape=(1, 2048)
[DEBUG layer 4] hidden: nan=0 inf=0 absmax=0.08  residual: nan=0 inf=0 absmax=0.39  shape=(1, 2048)
[DEBUG layer 0] hidden: nan=0 inf=0 absmax=0.09  residual: nan=0 inf=0 absmax=0.23  shape=(1, 2048)
[DEBUG layer 1] hidden: nan=0 inf=0 absmax=0.05  residual: nan=0 inf=0 absmax=0.29  shape=(1, 2048)
[DEBUG layer 2] hidden: nan=0 inf=0 absmax=0.06  residual: nan=0 inf=0 absmax=0.29  shape=(1, 2048)
[DEBUG layer 3] hidden: nan=0 inf=0 absmax=0.19  residual: nan=0 inf=0 absmax=0.45  shape=(1, 2048)
[DEBUG layer 4] hidden: nan=0 inf=0 absmax=0.08  residual: nan=0 inf=0 absmax=0.39  shape=(1, 2048)
[DEBUG layer 0] hidden: nan=0 inf=0 absmax=0.08  residual: nan=0 inf=0 absmax=0.31  shape=(1, 2048)
[DEBUG layer 1] hidden: nan=0 inf=0 absmax=0.05  residual: nan=0 inf=0 absmax=0.35  shape=(1, 2048)
[DEBUG layer 2] hidden: nan=0 inf=0 absmax=0.07  residual: nan=0 inf=0 absmax=0.33  shape=(1, 2048)
[DEBUG layer 3] hidden: nan=0 inf=0 absmax=0.09  residual: nan=0 inf=0 absmax=0.41  shape=(1, 2048)
[DEBUG layer 4] hidden: nan=0 inf=0 absmax=0.04  residual: nan=0 inf=0 absmax=0.43  shape=(1, 2048)
[DEBUG layer 0] hidden: nan=0 inf=0 absmax=0.55  residual: nan=0 inf=0 absmax=0.67  shape=(8, 4096)
[DEBUG layer 0] hidden: nan=0 inf=0 absmax=0.55  residual: nan=0 inf=0 absmax=0.67  shape=(8, 4096)
[DEBUG layer 1] hidden: nan=0 inf=0 absmax=0.26  residual: nan=0 inf=0 absmax=0.96  shape=(8, 4096)
[DEBUG layer 1] hidden: nan=0 inf=0 absmax=0.26  residual: nan=0 inf=0 absmax=0.96  shape=(8, 4096)
[DEBUG layer 2] hidden: nan=0 inf=0 absmax=0.15  residual: nan=0 inf=0 absmax=1.09  shape=(8, 4096)
[DEBUG layer 2] hidden: nan=0 inf=0 absmax=0.15  residual: nan=0 inf=0 absmax=1.09  shape=(8, 4096)
[DEBUG layer 3] hidden: nan=0 inf=0 absmax=0.86  residual: nan=0 inf=0 absmax=1.34  shape=(8, 4096)
[DEBUG layer 3] hidden: nan=0 inf=0 absmax=0.86  residual: nan=0 inf=0 absmax=1.34  shape=(8, 4096)
[DEBUG layer 4] hidden: nan=0 inf=0 absmax=1.07  residual: nan=0 inf=0 absmax=1.58  shape=(8, 4096)
[DEBUG layer 4] hidden: nan=0 inf=0 absmax=1.07  residual: nan=0 inf=0 absmax=1.58  shape=(8, 4096)
[DEBUG verify] logits_p shape=(1, 8, 32000) inf=0 nan=0 max=10.68 min=-20.91
Generating:  75%|███████▌  | 3/4 [00:33<00:10, 10.18s/it][DEBUG layer 0] hidden: nan=0 inf=0 absmax=0.05  residual: nan=0 inf=0 absmax=0.24  shape=(1, 2048)
[DEBUG layer 1] hidden: nan=0 inf=0 absmax=0.15  residual: nan=0 inf=0 absmax=0.32  shape=(1, 2048)
[DEBUG layer 2] hidden: nan=0 inf=0 absmax=0.15  residual: nan=0 inf=0 absmax=0.48  shape=(1, 2048)
[DEBUG layer 3] hidden: nan=0 inf=0 absmax=0.10  residual: nan=0 inf=0 absmax=0.49  shape=(1, 2048)
[DEBUG layer 4] hidden: nan=0 inf=0 absmax=0.14  residual: nan=0 inf=0 absmax=0.53  shape=(1, 2048)
[DEBUG layer 0] hidden: nan=0 inf=0 absmax=0.05  residual: nan=0 inf=0 absmax=0.23  shape=(1, 2048)
[DEBUG layer 1] hidden: nan=0 inf=0 absmax=0.04  residual: nan=0 inf=0 absmax=0.31  shape=(1, 2048)
[DEBUG layer 2] hidden: nan=0 inf=0 absmax=0.14  residual: nan=0 inf=0 absmax=0.38  shape=(1, 2048)
[DEBUG layer 3] hidden: nan=0 inf=0 absmax=0.14  residual: nan=0 inf=0 absmax=0.39  shape=(1, 2048)
[DEBUG layer 4] hidden: nan=0 inf=0 absmax=0.16  residual: nan=0 inf=0 absmax=0.42  shape=(1, 2048)
[DEBUG layer 0] hidden: nan=0 inf=0 absmax=0.26  residual: nan=0 inf=0 absmax=0.19  shape=(1, 2048)
[DEBUG layer 1] hidden: nan=0 inf=0 absmax=0.04  residual: nan=0 inf=0 absmax=0.46  shape=(1, 2048)
[DEBUG layer 2] hidden: nan=0 inf=0 absmax=0.16  residual: nan=0 inf=0 absmax=0.55  shape=(1, 2048)
[DEBUG layer 3] hidden: nan=0 inf=0 absmax=0.14  residual: nan=0 inf=0 absmax=0.46  shape=(1, 2048)
[DEBUG layer 4] hidden: nan=0 inf=0 absmax=0.10  residual: nan=0 inf=0 absmax=0.45  shape=(1, 2048)
[DEBUG layer 0] hidden: nan=0 inf=0 absmax=0.15  residual: nan=0 inf=0 absmax=0.17  shape=(1, 2048)
[DEBUG layer 1] hidden: nan=0 inf=0 absmax=0.06  residual: nan=0 inf=0 absmax=0.31  shape=(1, 2048)
[DEBUG layer 2] hidden: nan=0 inf=0 absmax=0.08  residual: nan=0 inf=0 absmax=0.43  shape=(1, 2048)
[DEBUG layer 3] hidden: nan=0 inf=0 absmax=0.08  residual: nan=0 inf=0 absmax=0.45  shape=(1, 2048)
[DEBUG layer 4] hidden: nan=0 inf=0 absmax=0.07  residual: nan=0 inf=0 absmax=0.56  shape=(1, 2048)
[DEBUG layer 0] hidden: nan=0 inf=0 absmax=0.05  residual: nan=0 inf=0 absmax=0.30  shape=(1, 2048)
[DEBUG layer 1] hidden: nan=0 inf=0 absmax=0.05  residual: nan=0 inf=0 absmax=0.38  shape=(1, 2048)
[DEBUG layer 2] hidden: nan=0 inf=0 absmax=0.05  residual: nan=0 inf=0 absmax=0.45  shape=(1, 2048)
[DEBUG layer 3] hidden: nan=0 inf=0 absmax=0.08  residual: nan=0 inf=0 absmax=0.42  shape=(1, 2048)
[DEBUG layer 4] hidden: nan=0 inf=0 absmax=0.06  residual: nan=0 inf=0 absmax=0.54  shape=(1, 2048)
[DEBUG layer 0] hidden: nan=0 inf=0 absmax=0.13  residual: nan=0 inf=0 absmax=0.22  shape=(1, 2048)
[DEBUG layer 1] hidden: nan=0 inf=0 absmax=0.04  residual: nan=0 inf=0 absmax=0.38  shape=(1, 2048)
[DEBUG layer 2] hidden: nan=0 inf=0 absmax=0.09  residual: nan=0 inf=0 absmax=0.53  shape=(1, 2048)
[DEBUG layer 3] hidden: nan=0 inf=0 absmax=0.13  residual: nan=0 inf=0 absmax=0.64  shape=(1, 2048)
[DEBUG layer 4] hidden: nan=0 inf=0 absmax=0.11  residual: nan=0 inf=0 absmax=0.65  shape=(1, 2048)
[DEBUG layer 0] hidden: nan=0 inf=0 absmax=0.02  residual: nan=0 inf=0 absmax=0.29  shape=(1, 2048)
[DEBUG layer 1] hidden: nan=0 inf=0 absmax=0.02  residual: nan=0 inf=0 absmax=0.33  shape=(1, 2048)
[DEBUG layer 2] hidden: nan=0 inf=0 absmax=0.08  residual: nan=0 inf=0 absmax=0.43  shape=(1, 2048)
[DEBUG layer 3] hidden: nan=0 inf=0 absmax=0.10  residual: nan=0 inf=0 absmax=0.45  shape=(1, 2048)
[DEBUG layer 4] hidden: nan=0 inf=0 absmax=0.07  residual: nan=0 inf=0 absmax=0.41  shape=(1, 2048)
[DEBUG layer 0] hidden: nan=0 inf=0 absmax=0.06  residual: nan=0 inf=0 absmax=0.25  shape=(1, 2048)
[DEBUG layer 1] hidden: nan=0 inf=0 absmax=0.04  residual: nan=0 inf=0 absmax=0.34  shape=(1, 2048)
[DEBUG layer 2] hidden: nan=0 inf=0 absmax=0.10  residual: nan=0 inf=0 absmax=0.49  shape=(1, 2048)
[DEBUG layer 3] hidden: nan=0 inf=0 absmax=0.09  residual: nan=0 inf=0 absmax=0.55  shape=(1, 2048)
[DEBUG layer 4] hidden: nan=0 inf=0 absmax=0.06  residual: nan=0 inf=0 absmax=0.61  shape=(1, 2048)
[DEBUG layer 0] hidden: nan=0 inf=0 absmax=0.68  residual: nan=0 inf=0 absmax=0.69  shape=(8, 4096)
[DEBUG layer 0] hidden: nan=0 inf=0 absmax=0.68  residual: nan=0 inf=0 absmax=0.69  shape=(8, 4096)
[DEBUG layer 1] hidden: nan=0 inf=0 absmax=0.33  residual: nan=0 inf=0 absmax=0.87  shape=(8, 4096)
[DEBUG layer 1] hidden: nan=0 inf=0 absmax=0.33  residual: nan=0 inf=0 absmax=0.87  shape=(8, 4096)
[DEBUG layer 2] hidden: nan=0 inf=0 absmax=0.19  residual: nan=0 inf=0 absmax=0.76  shape=(8, 4096)
[DEBUG layer 2] hidden: nan=0 inf=0 absmax=0.19  residual: nan=0 inf=0 absmax=0.76  shape=(8, 4096)
[DEBUG layer 3] hidden: nan=0 inf=0 absmax=0.54  residual: nan=0 inf=0 absmax=0.84  shape=(8, 4096)
[DEBUG layer 3] hidden: nan=0 inf=0 absmax=0.54  residual: nan=0 inf=0 absmax=0.84  shape=(8, 4096)
[DEBUG layer 4] hidden: nan=0 inf=0 absmax=0.99  residual: nan=0 inf=0 absmax=1.03  shape=(8, 4096)
[DEBUG layer 4] hidden: nan=0 inf=0 absmax=0.99  residual: nan=0 inf=0 absmax=1.03  shape=(8, 4096)
[DEBUG verify] logits_p shape=(1, 8, 32000) inf=0 nan=0 max=8.35 min=-16.84
[DEBUG layer 0] hidden: nan=0 inf=0 absmax=0.17  residual: nan=0 inf=0 absmax=0.20  shape=(1, 2048)
[DEBUG layer 1] hidden: nan=0 inf=0 absmax=0.06  residual: nan=0 inf=0 absmax=0.37  shape=(1, 2048)
[DEBUG layer 2] hidden: nan=0 inf=0 absmax=0.15  residual: nan=0 inf=0 absmax=0.46  shape=(1, 2048)
[DEBUG layer 3] hidden: nan=0 inf=0 absmax=0.16  residual: nan=0 inf=0 absmax=0.38  shape=(1, 2048)
[DEBUG layer 4] hidden: nan=0 inf=0 absmax=0.07  residual: nan=0 inf=0 absmax=0.32  shape=(1, 2048)
[DEBUG layer 0] hidden: nan=0 inf=0 absmax=0.06  residual: nan=0 inf=0 absmax=0.24  shape=(1, 2048)
[DEBUG layer 1] hidden: nan=0 inf=0 absmax=0.04  residual: nan=0 inf=0 absmax=0.29  shape=(1, 2048)
[DEBUG layer 2] hidden: nan=0 inf=0 absmax=0.07  residual: nan=0 inf=0 absmax=0.25  shape=(1, 2048)
[DEBUG layer 3] hidden: nan=0 inf=0 absmax=0.16  residual: nan=0 inf=0 absmax=0.33  shape=(1, 2048)
[DEBUG layer 4] hidden: nan=0 inf=0 absmax=0.07  residual: nan=0 inf=0 absmax=0.28  shape=(1, 2048)
[DEBUG layer 0] hidden: nan=0 inf=0 absmax=0.20  residual: nan=0 inf=0 absmax=0.22  shape=(1, 2048)
[DEBUG layer 1] hidden: nan=0 inf=0 absmax=0.05  residual: nan=0 inf=0 absmax=0.45  shape=(1, 2048)
[DEBUG layer 2] hidden: nan=0 inf=0 absmax=0.15  residual: nan=0 inf=0 absmax=0.61  shape=(1, 2048)
[DEBUG layer 3] hidden: nan=0 inf=0 absmax=0.13  residual: nan=0 inf=0 absmax=0.63  shape=(1, 2048)
[DEBUG layer 4] hidden: nan=0 inf=0 absmax=0.06  residual: nan=0 inf=0 absmax=0.63  shape=(1, 2048)
[DEBUG layer 0] hidden: nan=0 inf=0 absmax=0.12  residual: nan=0 inf=0 absmax=0.20  shape=(1, 2048)
[DEBUG layer 1] hidden: nan=0 inf=0 absmax=0.06  residual: nan=0 inf=0 absmax=0.31  shape=(1, 2048)
[DEBUG layer 2] hidden: nan=0 inf=0 absmax=0.05  residual: nan=0 inf=0 absmax=0.37  shape=(1, 2048)
[DEBUG layer 3] hidden: nan=0 inf=0 absmax=0.12  residual: nan=0 inf=0 absmax=0.44  shape=(1, 2048)
[DEBUG layer 4] hidden: nan=0 inf=0 absmax=0.06  residual: nan=0 inf=0 absmax=0.43  shape=(1, 2048)
[DEBUG layer 0] hidden: nan=0 inf=0 absmax=0.03  residual: nan=0 inf=0 absmax=0.30  shape=(1, 2048)
[DEBUG layer 1] hidden: nan=0 inf=0 absmax=0.02  residual: nan=0 inf=0 absmax=0.34  shape=(1, 2048)
[DEBUG layer 2] hidden: nan=0 inf=0 absmax=0.05  residual: nan=0 inf=0 absmax=0.39  shape=(1, 2048)
[DEBUG layer 3] hidden: nan=0 inf=0 absmax=0.11  residual: nan=0 inf=0 absmax=0.44  shape=(1, 2048)
[DEBUG layer 4] hidden: nan=0 inf=0 absmax=0.09  residual: nan=0 inf=0 absmax=0.44  shape=(1, 2048)
[DEBUG layer 0] hidden: nan=0 inf=0 absmax=0.05  residual: nan=0 inf=0 absmax=0.29  shape=(1, 2048)
[DEBUG layer 1] hidden: nan=0 inf=0 absmax=0.05  residual: nan=0 inf=0 absmax=0.37  shape=(1, 2048)
[DEBUG layer 2] hidden: nan=0 inf=0 absmax=0.07  residual: nan=0 inf=0 absmax=0.41  shape=(1, 2048)
[DEBUG layer 3] hidden: nan=0 inf=0 absmax=0.12  residual: nan=0 inf=0 absmax=0.41  shape=(1, 2048)
[DEBUG layer 4] hidden: nan=0 inf=0 absmax=0.05  residual: nan=0 inf=0 absmax=0.45  shape=(1, 2048)
[DEBUG layer 0] hidden: nan=0 inf=0 absmax=0.10  residual: nan=0 inf=0 absmax=0.25  shape=(1, 2048)
[DEBUG layer 1] hidden: nan=0 inf=0 absmax=0.04  residual: nan=0 inf=0 absmax=0.36  shape=(1, 2048)
[DEBUG layer 2] hidden: nan=0 inf=0 absmax=0.06  residual: nan=0 inf=0 absmax=0.43  shape=(1, 2048)
[DEBUG layer 3] hidden: nan=0 inf=0 absmax=0.18  residual: nan=0 inf=0 absmax=0.55  shape=(1, 2048)
[DEBUG layer 4] hidden: nan=0 inf=0 absmax=0.13  residual: nan=0 inf=0 absmax=0.50  shape=(1, 2048)
[DEBUG layer 0] hidden: nan=0 inf=0 absmax=0.03  residual: nan=0 inf=0 absmax=0.29  shape=(1, 2048)
[DEBUG layer 1] hidden: nan=0 inf=0 absmax=0.03  residual: nan=0 inf=0 absmax=0.33  shape=(1, 2048)
[DEBUG layer 2] hidden: nan=0 inf=0 absmax=0.09  residual: nan=0 inf=0 absmax=0.40  shape=(1, 2048)
[DEBUG layer 3] hidden: nan=0 inf=0 absmax=0.08  residual: nan=0 inf=0 absmax=0.41  shape=(1, 2048)
[DEBUG layer 4] hidden: nan=0 inf=0 absmax=0.10  residual: nan=0 inf=0 absmax=0.48  shape=(1, 2048)
[DEBUG layer 0] hidden: nan=0 inf=0 absmax=0.35  residual: nan=0 inf=0 absmax=0.69  shape=(8, 4096)
[DEBUG layer 0] hidden: nan=0 inf=0 absmax=0.35  residual: nan=0 inf=0 absmax=0.69  shape=(8, 4096)
[DEBUG layer 1] hidden: nan=0 inf=0 absmax=0.27  residual: nan=0 inf=0 absmax=0.84  shape=(8, 4096)
[DEBUG layer 1] hidden: nan=0 inf=0 absmax=0.27  residual: nan=0 inf=0 absmax=0.84  shape=(8, 4096)
[DEBUG layer 2] hidden: nan=0 inf=0 absmax=0.16  residual: nan=0 inf=0 absmax=0.90  shape=(8, 4096)
[DEBUG layer 2] hidden: nan=0 inf=0 absmax=0.16  residual: nan=0 inf=0 absmax=0.90  shape=(8, 4096)
[DEBUG layer 3] hidden: nan=0 inf=0 absmax=0.71  residual: nan=0 inf=0 absmax=0.90  shape=(8, 4096)
[DEBUG layer 3] hidden: nan=0 inf=0 absmax=0.71  residual: nan=0 inf=0 absmax=0.90  shape=(8, 4096)
[DEBUG layer 4] hidden: nan=0 inf=0 absmax=0.75  residual: nan=0 inf=0 absmax=0.85  shape=(8, 4096)
[DEBUG layer 4] hidden: nan=0 inf=0 absmax=0.75  residual: nan=0 inf=0 absmax=0.85  shape=(8, 4096)
[DEBUG verify] logits_p shape=(1, 8, 32000) inf=0 nan=0 max=8.20 min=-16.84
[DEBUG layer 0] hidden: nan=0 inf=0 absmax=0.08  residual: nan=0 inf=0 absmax=0.29  shape=(1, 2048)
[DEBUG layer 1] hidden: nan=0 inf=0 absmax=0.03  residual: nan=0 inf=0 absmax=0.32  shape=(1, 2048)
[DEBUG layer 2] hidden: nan=0 inf=0 absmax=0.13  residual: nan=0 inf=0 absmax=0.36  shape=(1, 2048)
[DEBUG layer 3] hidden: nan=0 inf=0 absmax=0.12  residual: nan=0 inf=0 absmax=0.42  shape=(1, 2048)
[DEBUG layer 4] hidden: nan=0 inf=0 absmax=0.07  residual: nan=0 inf=0 absmax=0.37  shape=(1, 2048)
[DEBUG layer 0] hidden: nan=0 inf=0 absmax=0.09  residual: nan=0 inf=0 absmax=0.21  shape=(1, 2048)
[DEBUG layer 1] hidden: nan=0 inf=0 absmax=0.03  residual: nan=0 inf=0 absmax=0.28  shape=(1, 2048)
[DEBUG layer 2] hidden: nan=0 inf=0 absmax=0.08  residual: nan=0 inf=0 absmax=0.22  shape=(1, 2048)
[DEBUG layer 3] hidden: nan=0 inf=0 absmax=0.06  residual: nan=0 inf=0 absmax=0.29  shape=(1, 2048)
[DEBUG layer 4] hidden: nan=0 inf=0 absmax=0.06  residual: nan=0 inf=0 absmax=0.34  shape=(1, 2048)
[DEBUG layer 0] hidden: nan=0 inf=0 absmax=0.02  residual: nan=0 inf=0 absmax=0.26  shape=(1, 2048)
[DEBUG layer 1] hidden: nan=0 inf=0 absmax=0.03  residual: nan=0 inf=0 absmax=0.30  shape=(1, 2048)
[DEBUG layer 2] hidden: nan=0 inf=0 absmax=0.13  residual: nan=0 inf=0 absmax=0.35  shape=(1, 2048)
[DEBUG layer 3] hidden: nan=0 inf=0 absmax=0.15  residual: nan=0 inf=0 absmax=0.41  shape=(1, 2048)
[DEBUG layer 4] hidden: nan=0 inf=0 absmax=0.06  residual: nan=0 inf=0 absmax=0.35  shape=(1, 2048)
[DEBUG layer 0] hidden: nan=0 inf=0 absmax=0.06  residual: nan=0 inf=0 absmax=0.22  shape=(1, 2048)
[DEBUG layer 1] hidden: nan=0 inf=0 absmax=0.08  residual: nan=0 inf=0 absmax=0.31  shape=(1, 2048)
[DEBUG layer 2] hidden: nan=0 inf=0 absmax=0.10  residual: nan=0 inf=0 absmax=0.35  shape=(1, 2048)
[DEBUG layer 3] hidden: nan=0 inf=0 absmax=0.09  residual: nan=0 inf=0 absmax=0.40  shape=(1, 2048)
[DEBUG layer 4] hidden: nan=0 inf=0 absmax=0.04  residual: nan=0 inf=0 absmax=0.44  shape=(1, 2048)
[DEBUG layer 0] hidden: nan=0 inf=0 absmax=0.31  residual: nan=0 inf=0 absmax=0.10  shape=(1, 2048)
[DEBUG layer 1] hidden: nan=0 inf=0 absmax=0.06  residual: nan=0 inf=0 absmax=0.43  shape=(1, 2048)
[DEBUG layer 2] hidden: nan=0 inf=0 absmax=0.19  residual: nan=0 inf=0 absmax=0.55  shape=(1, 2048)
[DEBUG layer 3] hidden: nan=0 inf=0 absmax=0.19  residual: nan=0 inf=0 absmax=0.39  shape=(1, 2048)
[DEBUG layer 4] hidden: nan=0 inf=0 absmax=0.06  residual: nan=0 inf=0 absmax=0.33  shape=(1, 2048)
[DEBUG layer 0] hidden: nan=0 inf=0 absmax=0.04  residual: nan=0 inf=0 absmax=0.30  shape=(1, 2048)
[DEBUG layer 1] hidden: nan=0 inf=0 absmax=0.08  residual: nan=0 inf=0 absmax=0.36  shape=(1, 2048)
[DEBUG layer 2] hidden: nan=0 inf=0 absmax=0.06  residual: nan=0 inf=0 absmax=0.42  shape=(1, 2048)
[DEBUG layer 3] hidden: nan=0 inf=0 absmax=0.09  residual: nan=0 inf=0 absmax=0.39  shape=(1, 2048)
[DEBUG layer 4] hidden: nan=0 inf=0 absmax=0.06  residual: nan=0 inf=0 absmax=0.46  shape=(1, 2048)
[DEBUG layer 0] hidden: nan=0 inf=0 absmax=0.06  residual: nan=0 inf=0 absmax=0.26  shape=(1, 2048)
[DEBUG layer 1] hidden: nan=0 inf=0 absmax=0.03  residual: nan=0 inf=0 absmax=0.34  shape=(1, 2048)
[DEBUG layer 2] hidden: nan=0 inf=0 absmax=0.03  residual: nan=0 inf=0 absmax=0.35  shape=(1, 2048)
[DEBUG layer 3] hidden: nan=0 inf=0 absmax=0.15  residual: nan=0 inf=0 absmax=0.45  shape=(1, 2048)
[DEBUG layer 4] hidden: nan=0 inf=0 absmax=0.07  residual: nan=0 inf=0 absmax=0.51  shape=(1, 2048)
[DEBUG layer 0] hidden: nan=0 inf=0 absmax=0.02  residual: nan=0 inf=0 absmax=0.29  shape=(1, 2048)
[DEBUG layer 1] hidden: nan=0 inf=0 absmax=0.05  residual: nan=0 inf=0 absmax=0.30  shape=(1, 2048)
[DEBUG layer 2] hidden: nan=0 inf=0 absmax=0.06  residual: nan=0 inf=0 absmax=0.36  shape=(1, 2048)
[DEBUG layer 3] hidden: nan=0 inf=0 absmax=0.21  residual: nan=0 inf=0 absmax=0.37  shape=(1, 2048)
[DEBUG layer 4] hidden: nan=0 inf=0 absmax=0.07  residual: nan=0 inf=0 absmax=0.31  shape=(1, 2048)
[DEBUG layer 0] hidden: nan=0 inf=0 absmax=0.56  residual: nan=0 inf=0 absmax=0.70  shape=(8, 4096)
[DEBUG layer 0] hidden: nan=0 inf=0 absmax=0.56  residual: nan=0 inf=0 absmax=0.70  shape=(8, 4096)
[DEBUG layer 1] hidden: nan=0 inf=0 absmax=0.27  residual: nan=0 inf=0 absmax=0.86  shape=(8, 4096)
[DEBUG layer 1] hidden: nan=0 inf=0 absmax=0.27  residual: nan=0 inf=0 absmax=0.86  shape=(8, 4096)
[DEBUG layer 2] hidden: nan=0 inf=0 absmax=0.24  residual: nan=0 inf=0 absmax=0.68  shape=(8, 4096)
[DEBUG layer 2] hidden: nan=0 inf=0 absmax=0.24  residual: nan=0 inf=0 absmax=0.68  shape=(8, 4096)
[DEBUG layer 3] hidden: nan=0 inf=0 absmax=0.77  residual: nan=0 inf=0 absmax=0.75  shape=(8, 4096)
[DEBUG layer 3] hidden: nan=0 inf=0 absmax=0.77  residual: nan=0 inf=0 absmax=0.75  shape=(8, 4096)
[DEBUG layer 4] hidden: nan=0 inf=0 absmax=0.93  residual: nan=0 inf=0 absmax=0.80  shape=(8, 4096)
[DEBUG layer 4] hidden: nan=0 inf=0 absmax=0.93  residual: nan=0 inf=0 absmax=0.80  shape=(8, 4096)
[DEBUG verify] logits_p shape=(1, 8, 32000) inf=0 nan=0 max=14.47 min=-17.39
[DEBUG layer 0] hidden: nan=0 inf=0 absmax=0.07  residual: nan=0 inf=0 absmax=0.23  shape=(1, 2048)
[DEBUG layer 1] hidden: nan=0 inf=0 absmax=0.04  residual: nan=0 inf=0 absmax=0.31  shape=(1, 2048)
[DEBUG layer 2] hidden: nan=0 inf=0 absmax=0.11  residual: nan=0 inf=0 absmax=0.35  shape=(1, 2048)
[DEBUG layer 3] hidden: nan=0 inf=0 absmax=0.19  residual: nan=0 inf=0 absmax=0.40  shape=(1, 2048)
[DEBUG layer 4] hidden: nan=0 inf=0 absmax=0.09  residual: nan=0 inf=0 absmax=0.34  shape=(1, 2048)
[DEBUG layer 0] hidden: nan=0 inf=0 absmax=0.24  residual: nan=0 inf=0 absmax=0.27  shape=(1, 2048)
[DEBUG layer 1] hidden: nan=0 inf=0 absmax=0.04  residual: nan=0 inf=0 absmax=0.48  shape=(1, 2048)
[DEBUG layer 2] hidden: nan=0 inf=0 absmax=0.12  residual: nan=0 inf=0 absmax=0.46  shape=(1, 2048)
[DEBUG layer 3] hidden: nan=0 inf=0 absmax=0.12  residual: nan=0 inf=0 absmax=0.41  shape=(1, 2048)
[DEBUG layer 4] hidden: nan=0 inf=0 absmax=0.08  residual: nan=0 inf=0 absmax=0.46  shape=(1, 2048)
[DEBUG layer 0] hidden: nan=0 inf=0 absmax=0.08  residual: nan=0 inf=0 absmax=0.30  shape=(1, 2048)
[DEBUG layer 1] hidden: nan=0 inf=0 absmax=0.07  residual: nan=0 inf=0 absmax=0.32  shape=(1, 2048)
[DEBUG layer 2] hidden: nan=0 inf=0 absmax=0.14  residual: nan=0 inf=0 absmax=0.43  shape=(1, 2048)
[DEBUG layer 3] hidden: nan=0 inf=0 absmax=0.11  residual: nan=0 inf=0 absmax=0.46  shape=(1, 2048)
[DEBUG layer 4] hidden: nan=0 inf=0 absmax=0.07  residual: nan=0 inf=0 absmax=0.48  shape=(1, 2048)
[DEBUG layer 0] hidden: nan=0 inf=0 absmax=0.23  residual: nan=0 inf=0 absmax=0.16  shape=(1, 2048)
[DEBUG layer 1] hidden: nan=0 inf=0 absmax=0.07  residual: nan=0 inf=0 absmax=0.40  shape=(1, 2048)
[DEBUG layer 2] hidden: nan=0 inf=0 absmax=0.13  residual: nan=0 inf=0 absmax=0.57  shape=(1, 2048)
[DEBUG layer 3] hidden: nan=0 inf=0 absmax=0.20  residual: nan=0 inf=0 absmax=0.52  shape=(1, 2048)
[DEBUG layer 4] hidden: nan=0 inf=0 absmax=0.05  residual: nan=0 inf=0 absmax=0.46  shape=(1, 2048)
[DEBUG layer 0] hidden: nan=0 inf=0 absmax=0.20  residual: nan=0 inf=0 absmax=0.34  shape=(1, 2048)
[DEBUG layer 1] hidden: nan=0 inf=0 absmax=0.04  residual: nan=0 inf=0 absmax=0.53  shape=(1, 2048)
[DEBUG layer 2] hidden: nan=0 inf=0 absmax=0.21  residual: nan=0 inf=0 absmax=0.66  shape=(1, 2048)
[DEBUG layer 3] hidden: nan=0 inf=0 absmax=0.17  residual: nan=0 inf=0 absmax=0.59  shape=(1, 2048)
[DEBUG layer 4] hidden: nan=0 inf=0 absmax=0.07  residual: nan=0 inf=0 absmax=0.55  shape=(1, 2048)
[DEBUG layer 0] hidden: nan=0 inf=0 absmax=0.14  residual: nan=0 inf=0 absmax=0.24  shape=(1, 2048)
[DEBUG layer 1] hidden: nan=0 inf=0 absmax=0.21  residual: nan=0 inf=0 absmax=0.15  shape=(1, 2048)
[DEBUG layer 2] hidden: nan=0 inf=0 absmax=0.05  residual: nan=0 inf=0 absmax=0.31  shape=(1, 2048)
[DEBUG layer 3] hidden: nan=0 inf=0 absmax=0.10  residual: nan=0 inf=0 absmax=0.50  shape=(1, 2048)
[DEBUG layer 4] hidden: nan=0 inf=0 absmax=0.10  residual: nan=0 inf=0 absmax=0.60  shape=(1, 2048)
[DEBUG layer 0] hidden: nan=0 inf=0 absmax=0.06  residual: nan=0 inf=0 absmax=0.29  shape=(1, 2048)
[DEBUG layer 1] hidden: nan=0 inf=0 absmax=0.04  residual: nan=0 inf=0 absmax=0.36  shape=(1, 2048)
[DEBUG layer 2] hidden: nan=0 inf=0 absmax=0.09  residual: nan=0 inf=0 absmax=0.48  shape=(1, 2048)
[DEBUG layer 3] hidden: nan=0 inf=0 absmax=0.06  residual: nan=0 inf=0 absmax=0.42  shape=(1, 2048)
[DEBUG layer 4] hidden: nan=0 inf=0 absmax=0.05  residual: nan=0 inf=0 absmax=0.60  shape=(1, 2048)
[DEBUG layer 0] hidden: nan=0 inf=0 absmax=0.13  residual: nan=0 inf=0 absmax=0.23  shape=(1, 2048)
[DEBUG layer 1] hidden: nan=0 inf=0 absmax=0.05  residual: nan=0 inf=0 absmax=0.37  shape=(1, 2048)
[DEBUG layer 2] hidden: nan=0 inf=0 absmax=0.17  residual: nan=0 inf=0 absmax=0.51  shape=(1, 2048)
[DEBUG layer 3] hidden: nan=0 inf=0 absmax=0.16  residual: nan=0 inf=0 absmax=0.48  shape=(1, 2048)
[DEBUG layer 4] hidden: nan=0 inf=0 absmax=0.08  residual: nan=0 inf=0 absmax=0.48  shape=(1, 2048)
[DEBUG layer 0] hidden: nan=0 inf=0 absmax=0.49  residual: nan=0 inf=0 absmax=0.63  shape=(8, 4096)
[DEBUG layer 0] hidden: nan=0 inf=0 absmax=0.49  residual: nan=0 inf=0 absmax=0.63  shape=(8, 4096)
[DEBUG layer 1] hidden: nan=0 inf=0 absmax=0.23  residual: nan=0 inf=0 absmax=0.90  shape=(8, 4096)
[DEBUG layer 1] hidden: nan=0 inf=0 absmax=0.23  residual: nan=0 inf=0 absmax=0.90  shape=(8, 4096)
[DEBUG layer 2] hidden: nan=0 inf=0 absmax=0.22  residual: nan=0 inf=0 absmax=1.14  shape=(8, 4096)
[DEBUG layer 2] hidden: nan=0 inf=0 absmax=0.22  residual: nan=0 inf=0 absmax=1.14  shape=(8, 4096)
[DEBUG layer 3] hidden: nan=0 inf=0 absmax=1.00  residual: nan=0 inf=0 absmax=1.13  shape=(8, 4096)
[DEBUG layer 3] hidden: nan=0 inf=0 absmax=1.00  residual: nan=0 inf=0 absmax=1.13  shape=(8, 4096)
[DEBUG layer 4] hidden: nan=0 inf=0 absmax=0.69  residual: nan=0 inf=0 absmax=0.87  shape=(8, 4096)
[DEBUG layer 4] hidden: nan=0 inf=0 absmax=0.69  residual: nan=0 inf=0 absmax=0.87  shape=(8, 4096)
[DEBUG verify] logits_p shape=(1, 8, 32000) inf=0 nan=0 max=12.77 min=-17.45
[DEBUG layer 0] hidden: nan=0 inf=0 absmax=0.04  residual: nan=0 inf=0 absmax=0.27  shape=(1, 2048)
[DEBUG layer 1] hidden: nan=0 inf=0 absmax=0.06  residual: nan=0 inf=0 absmax=0.29  shape=(1, 2048)
[DEBUG layer 2] hidden: nan=0 inf=0 absmax=0.05  residual: nan=0 inf=0 absmax=0.27  shape=(1, 2048)
[DEBUG layer 3] hidden: nan=0 inf=0 absmax=0.13  residual: nan=0 inf=0 absmax=0.27  shape=(1, 2048)
[DEBUG layer 4] hidden: nan=0 inf=0 absmax=0.07  residual: nan=0 inf=0 absmax=0.26  shape=(1, 2048)
[DEBUG layer 0] hidden: nan=0 inf=0 absmax=0.12  residual: nan=0 inf=0 absmax=0.22  shape=(1, 2048)
[DEBUG layer 1] hidden: nan=0 inf=0 absmax=0.06  residual: nan=0 inf=0 absmax=0.34  shape=(1, 2048)
[DEBUG layer 2] hidden: nan=0 inf=0 absmax=0.08  residual: nan=0 inf=0 absmax=0.43  shape=(1, 2048)
[DEBUG layer 3] hidden: nan=0 inf=0 absmax=0.22  residual: nan=0 inf=0 absmax=0.60  shape=(1, 2048)
[DEBUG layer 4] hidden: nan=0 inf=0 absmax=0.11  residual: nan=0 inf=0 absmax=0.54  shape=(1, 2048)
[DEBUG layer 0] hidden: nan=0 inf=0 absmax=0.02  residual: nan=0 inf=0 absmax=0.26  shape=(1, 2048)
[DEBUG layer 1] hidden: nan=0 inf=0 absmax=0.03  residual: nan=0 inf=0 absmax=0.31  shape=(1, 2048)
[DEBUG layer 2] hidden: nan=0 inf=0 absmax=0.08  residual: nan=0 inf=0 absmax=0.35  shape=(1, 2048)
[DEBUG layer 3] hidden: nan=0 inf=0 absmax=0.06  residual: nan=0 inf=0 absmax=0.43  shape=(1, 2048)
[DEBUG layer 4] hidden: nan=0 inf=0 absmax=0.05  residual: nan=0 inf=0 absmax=0.54  shape=(1, 2048)
[DEBUG layer 0] hidden: nan=0 inf=0 absmax=0.06  residual: nan=0 inf=0 absmax=0.22  shape=(1, 2048)
[DEBUG layer 1] hidden: nan=0 inf=0 absmax=0.08  residual: nan=0 inf=0 absmax=0.30  shape=(1, 2048)
[DEBUG layer 2] hidden: nan=0 inf=0 absmax=0.10  residual: nan=0 inf=0 absmax=0.34  shape=(1, 2048)
[DEBUG layer 3] hidden: nan=0 inf=0 absmax=0.10  residual: nan=0 inf=0 absmax=0.45  shape=(1, 2048)
[DEBUG layer 4] hidden: nan=0 inf=0 absmax=0.07  residual: nan=0 inf=0 absmax=0.50  shape=(1, 2048)
[DEBUG layer 0] hidden: nan=0 inf=0 absmax=0.10  residual: nan=0 inf=0 absmax=0.21  shape=(1, 2048)
[DEBUG layer 1] hidden: nan=0 inf=0 absmax=0.04  residual: nan=0 inf=0 absmax=0.32  shape=(1, 2048)
[DEBUG layer 2] hidden: nan=0 inf=0 absmax=0.19  residual: nan=0 inf=0 absmax=0.41  shape=(1, 2048)
[DEBUG layer 3] hidden: nan=0 inf=0 absmax=0.16  residual: nan=0 inf=0 absmax=0.34  shape=(1, 2048)
[DEBUG layer 4] hidden: nan=0 inf=0 absmax=0.09  residual: nan=0 inf=0 absmax=0.39  shape=(1, 2048)
[DEBUG layer 0] hidden: nan=0 inf=0 absmax=0.13  residual: nan=0 inf=0 absmax=0.16  shape=(1, 2048)
[DEBUG layer 1] hidden: nan=0 inf=0 absmax=0.07  residual: nan=0 inf=0 absmax=0.27  shape=(1, 2048)
[DEBUG layer 2] hidden: nan=0 inf=0 absmax=0.04  residual: nan=0 inf=0 absmax=0.33  shape=(1, 2048)
[DEBUG layer 3] hidden: nan=0 inf=0 absmax=0.11  residual: nan=0 inf=0 absmax=0.44  shape=(1, 2048)
[DEBUG layer 4] hidden: nan=0 inf=0 absmax=0.14  residual: nan=0 inf=0 absmax=0.46  shape=(1, 2048)
[DEBUG layer 0] hidden: nan=0 inf=0 absmax=0.08  residual: nan=0 inf=0 absmax=0.26  shape=(1, 2048)
[DEBUG layer 1] hidden: nan=0 inf=0 absmax=0.04  residual: nan=0 inf=0 absmax=0.34  shape=(1, 2048)
[DEBUG layer 2] hidden: nan=0 inf=0 absmax=0.06  residual: nan=0 inf=0 absmax=0.25  shape=(1, 2048)
[DEBUG layer 3] hidden: nan=0 inf=0 absmax=0.06  residual: nan=0 inf=0 absmax=0.38  shape=(1, 2048)
[DEBUG layer 4] hidden: nan=0 inf=0 absmax=0.07  residual: nan=0 inf=0 absmax=0.44  shape=(1, 2048)
[DEBUG layer 0] hidden: nan=0 inf=0 absmax=0.10  residual: nan=0 inf=0 absmax=0.17  shape=(1, 2048)
[DEBUG layer 1] hidden: nan=0 inf=0 absmax=0.06  residual: nan=0 inf=0 absmax=0.22  shape=(1, 2048)
[DEBUG layer 2] hidden: nan=0 inf=0 absmax=0.20  residual: nan=0 inf=0 absmax=0.23  shape=(1, 2048)
[DEBUG layer 3] hidden: nan=0 inf=0 absmax=0.06  residual: nan=0 inf=0 absmax=0.47  shape=(1, 2048)
[DEBUG layer 4] hidden: nan=0 inf=0 absmax=0.07  residual: nan=0 inf=0 absmax=0.60  shape=(1, 2048)
[DEBUG layer 0] hidden: nan=0 inf=0 absmax=0.54  residual: nan=0 inf=0 absmax=0.67  shape=(8, 4096)
[DEBUG layer 0] hidden: nan=0 inf=0 absmax=0.54  residual: nan=0 inf=0 absmax=0.67  shape=(8, 4096)
[DEBUG layer 1] hidden: nan=0 inf=0 absmax=0.21  residual: nan=0 inf=0 absmax=0.81  shape=(8, 4096)
[DEBUG layer 1] hidden: nan=0 inf=0 absmax=0.21  residual: nan=0 inf=0 absmax=0.81  shape=(8, 4096)
[DEBUG layer 2] hidden: nan=0 inf=0 absmax=0.14  residual: nan=0 inf=0 absmax=0.72  shape=(8, 4096)
[DEBUG layer 2] hidden: nan=0 inf=0 absmax=0.14  residual: nan=0 inf=0 absmax=0.72  shape=(8, 4096)
[DEBUG layer 3] hidden: nan=0 inf=0 absmax=0.61  residual: nan=0 inf=0 absmax=0.72  shape=(8, 4096)
[DEBUG layer 3] hidden: nan=0 inf=0 absmax=0.61  residual: nan=0 inf=0 absmax=0.72  shape=(8, 4096)
[DEBUG layer 4] hidden: nan=0 inf=0 absmax=1.03  residual: nan=0 inf=0 absmax=0.69  shape=(8, 4096)
[DEBUG layer 4] hidden: nan=0 inf=0 absmax=1.03  residual: nan=0 inf=0 absmax=0.69  shape=(8, 4096)
[DEBUG verify] logits_p shape=(1, 8, 32000) inf=0 nan=0 max=11.80 min=-17.11
[DEBUG layer 0] hidden: nan=0 inf=0 absmax=0.04  residual: nan=0 inf=0 absmax=0.30  shape=(1, 2048)
[DEBUG layer 1] hidden: nan=0 inf=0 absmax=0.03  residual: nan=0 inf=0 absmax=0.33  shape=(1, 2048)
[DEBUG layer 2] hidden: nan=0 inf=0 absmax=0.15  residual: nan=0 inf=0 absmax=0.37  shape=(1, 2048)
[DEBUG layer 3] hidden: nan=0 inf=0 absmax=0.10  residual: nan=0 inf=0 absmax=0.33  shape=(1, 2048)
[DEBUG layer 4] hidden: nan=0 inf=0 absmax=0.07  residual: nan=0 inf=0 absmax=0.37  shape=(1, 2048)
[DEBUG layer 0] hidden: nan=0 inf=0 absmax=0.06  residual: nan=0 inf=0 absmax=0.22  shape=(1, 2048)
[DEBUG layer 1] hidden: nan=0 inf=0 absmax=0.05  residual: nan=0 inf=0 absmax=0.30  shape=(1, 2048)
[DEBUG layer 2] hidden: nan=0 inf=0 absmax=0.10  residual: nan=0 inf=0 absmax=0.34  shape=(1, 2048)
[DEBUG layer 3] hidden: nan=0 inf=0 absmax=0.10  residual: nan=0 inf=0 absmax=0.45  shape=(1, 2048)
[DEBUG layer 4] hidden: nan=0 inf=0 absmax=0.04  residual: nan=0 inf=0 absmax=0.48  shape=(1, 2048)
[DEBUG layer 0] hidden: nan=0 inf=0 absmax=0.10  residual: nan=0 inf=0 absmax=0.20  shape=(1, 2048)
[DEBUG layer 1] hidden: nan=0 inf=0 absmax=0.05  residual: nan=0 inf=0 absmax=0.32  shape=(1, 2048)
[DEBUG layer 2] hidden: nan=0 inf=0 absmax=0.18  residual: nan=0 inf=0 absmax=0.41  shape=(1, 2048)
[DEBUG layer 3] hidden: nan=0 inf=0 absmax=0.20  residual: nan=0 inf=0 absmax=0.38  shape=(1, 2048)
[DEBUG layer 4] hidden: nan=0 inf=0 absmax=0.09  residual: nan=0 inf=0 absmax=0.40  shape=(1, 2048)
[DEBUG layer 0] hidden: nan=0 inf=0 absmax=0.13  residual: nan=0 inf=0 absmax=0.16  shape=(1, 2048)
[DEBUG layer 1] hidden: nan=0 inf=0 absmax=0.07  residual: nan=0 inf=0 absmax=0.27  shape=(1, 2048)
[DEBUG layer 2] hidden: nan=0 inf=0 absmax=0.04  residual: nan=0 inf=0 absmax=0.33  shape=(1, 2048)
[DEBUG layer 3] hidden: nan=0 inf=0 absmax=0.14  residual: nan=0 inf=0 absmax=0.46  shape=(1, 2048)
[DEBUG layer 4] hidden: nan=0 inf=0 absmax=0.15  residual: nan=0 inf=0 absmax=0.47  shape=(1, 2048)
[DEBUG layer 0] hidden: nan=0 inf=0 absmax=0.08  residual: nan=0 inf=0 absmax=0.26  shape=(1, 2048)
[DEBUG layer 1] hidden: nan=0 inf=0 absmax=0.04  residual: nan=0 inf=0 absmax=0.34  shape=(1, 2048)
[DEBUG layer 2] hidden: nan=0 inf=0 absmax=0.07  residual: nan=0 inf=0 absmax=0.26  shape=(1, 2048)
[DEBUG layer 3] hidden: nan=0 inf=0 absmax=0.08  residual: nan=0 inf=0 absmax=0.40  shape=(1, 2048)
[DEBUG layer 4] hidden: nan=0 inf=0 absmax=0.07  residual: nan=0 inf=0 absmax=0.45  shape=(1, 2048)
[DEBUG layer 0] hidden: nan=0 inf=0 absmax=0.10  residual: nan=0 inf=0 absmax=0.17  shape=(1, 2048)
[DEBUG layer 1] hidden: nan=0 inf=0 absmax=0.06  residual: nan=0 inf=0 absmax=0.22  shape=(1, 2048)
[DEBUG layer 2] hidden: nan=0 inf=0 absmax=0.19  residual: nan=0 inf=0 absmax=0.24  shape=(1, 2048)
[DEBUG layer 3] hidden: nan=0 inf=0 absmax=0.06  residual: nan=0 inf=0 absmax=0.48  shape=(1, 2048)
[DEBUG layer 4] hidden: nan=0 inf=0 absmax=0.06  residual: nan=0 inf=0 absmax=0.62  shape=(1, 2048)
[DEBUG layer 0] hidden: nan=0 inf=0 absmax=0.04  residual: nan=0 inf=0 absmax=0.25  shape=(1, 2048)
[DEBUG layer 1] hidden: nan=0 inf=0 absmax=0.08  residual: nan=0 inf=0 absmax=0.28  shape=(1, 2048)
[DEBUG layer 2] hidden: nan=0 inf=0 absmax=0.16  residual: nan=0 inf=0 absmax=0.30  shape=(1, 2048)
[DEBUG layer 3] hidden: nan=0 inf=0 absmax=0.24  residual: nan=0 inf=0 absmax=0.27  shape=(1, 2048)
[DEBUG layer 4] hidden: nan=0 inf=0 absmax=0.10  residual: nan=0 inf=0 absmax=0.29  shape=(1, 2048)
[DEBUG layer 0] hidden: nan=0 inf=0 absmax=0.07  residual: nan=0 inf=0 absmax=0.22  shape=(1, 2048)
[DEBUG layer 1] hidden: nan=0 inf=0 absmax=0.09  residual: nan=0 inf=0 absmax=0.32  shape=(1, 2048)
[DEBUG layer 2] hidden: nan=0 inf=0 absmax=0.10  residual: nan=0 inf=0 absmax=0.38  shape=(1, 2048)
[DEBUG layer 3] hidden: nan=0 inf=0 absmax=0.09  residual: nan=0 inf=0 absmax=0.45  shape=(1, 2048)
[DEBUG layer 4] hidden: nan=0 inf=0 absmax=0.07  residual: nan=0 inf=0 absmax=0.49  shape=(1, 2048)
[DEBUG layer 0] hidden: nan=0 inf=0 absmax=0.57  residual: nan=0 inf=0 absmax=0.69  shape=(8, 4096)
[DEBUG layer 0] hidden: nan=0 inf=0 absmax=0.57  residual: nan=0 inf=0 absmax=0.69  shape=(8, 4096)
[DEBUG layer 1] hidden: nan=0 inf=0 absmax=0.26  residual: nan=0 inf=0 absmax=0.85  shape=(8, 4096)
[DEBUG layer 1] hidden: nan=0 inf=0 absmax=0.26  residual: nan=0 inf=0 absmax=0.85  shape=(8, 4096)
[DEBUG layer 2] hidden: nan=0 inf=0 absmax=0.15  residual: nan=0 inf=0 absmax=0.71  shape=(8, 4096)
[DEBUG layer 2] hidden: nan=0 inf=0 absmax=0.15  residual: nan=0 inf=0 absmax=0.71  shape=(8, 4096)
[DEBUG layer 3] hidden: nan=0 inf=0 absmax=0.91  residual: nan=0 inf=0 absmax=1.07  shape=(8, 4096)
[DEBUG layer 3] hidden: nan=0 inf=0 absmax=0.91  residual: nan=0 inf=0 absmax=1.07  shape=(8, 4096)
[DEBUG layer 4] hidden: nan=0 inf=0 absmax=1.02  residual: nan=0 inf=0 absmax=0.65  shape=(8, 4096)
[DEBUG layer 4] hidden: nan=0 inf=0 absmax=1.02  residual: nan=0 inf=0 absmax=0.65  shape=(8, 4096)
[DEBUG verify] logits_p shape=(1, 8, 32000) inf=0 nan=0 max=10.81 min=-17.98
[DEBUG layer 0] hidden: nan=0 inf=0 absmax=0.06  residual: nan=0 inf=0 absmax=0.28  shape=(1, 2048)
[DEBUG layer 1] hidden: nan=0 inf=0 absmax=0.12  residual: nan=0 inf=0 absmax=0.30  shape=(1, 2048)
[DEBUG layer 2] hidden: nan=0 inf=0 absmax=0.08  residual: nan=0 inf=0 absmax=0.48  shape=(1, 2048)
[DEBUG layer 3] hidden: nan=0 inf=0 absmax=0.14  residual: nan=0 inf=0 absmax=0.52  shape=(1, 2048)
[DEBUG layer 4] hidden: nan=0 inf=0 absmax=0.07  residual: nan=0 inf=0 absmax=0.48  shape=(1, 2048)
[DEBUG layer 0] hidden: nan=0 inf=0 absmax=0.05  residual: nan=0 inf=0 absmax=0.28  shape=(1, 2048)
[DEBUG layer 1] hidden: nan=0 inf=0 absmax=0.06  residual: nan=0 inf=0 absmax=0.26  shape=(1, 2048)
[DEBUG layer 2] hidden: nan=0 inf=0 absmax=0.06  residual: nan=0 inf=0 absmax=0.35  shape=(1, 2048)
[DEBUG layer 3] hidden: nan=0 inf=0 absmax=0.17  residual: nan=0 inf=0 absmax=0.42  shape=(1, 2048)
[DEBUG layer 4] hidden: nan=0 inf=0 absmax=0.09  residual: nan=0 inf=0 absmax=0.33  shape=(1, 2048)
[DEBUG layer 0] hidden: nan=0 inf=0 absmax=0.08  residual: nan=0 inf=0 absmax=0.26  shape=(1, 2048)
[DEBUG layer 1] hidden: nan=0 inf=0 absmax=0.03  residual: nan=0 inf=0 absmax=0.32  shape=(1, 2048)
[DEBUG layer 2] hidden: nan=0 inf=0 absmax=0.05  residual: nan=0 inf=0 absmax=0.28  shape=(1, 2048)
[DEBUG layer 3] hidden: nan=0 inf=0 absmax=0.13  residual: nan=0 inf=0 absmax=0.38  shape=(1, 2048)
[DEBUG layer 4] hidden: nan=0 inf=0 absmax=0.09  residual: nan=0 inf=0 absmax=0.35  shape=(1, 2048)
[DEBUG layer 0] hidden: nan=0 inf=0 absmax=0.02  residual: nan=0 inf=0 absmax=0.26  shape=(1, 2048)
[DEBUG layer 1] hidden: nan=0 inf=0 absmax=0.03  residual: nan=0 inf=0 absmax=0.31  shape=(1, 2048)
[DEBUG layer 2] hidden: nan=0 inf=0 absmax=0.12  residual: nan=0 inf=0 absmax=0.40  shape=(1, 2048)
[DEBUG layer 3] hidden: nan=0 inf=0 absmax=0.06  residual: nan=0 inf=0 absmax=0.45  shape=(1, 2048)
[DEBUG layer 4] hidden: nan=0 inf=0 absmax=0.04  residual: nan=0 inf=0 absmax=0.59  shape=(1, 2048)
[DEBUG layer 0] hidden: nan=0 inf=0 absmax=0.06  residual: nan=0 inf=0 absmax=0.21  shape=(1, 2048)
[DEBUG layer 1] hidden: nan=0 inf=0 absmax=0.09  residual: nan=0 inf=0 absmax=0.30  shape=(1, 2048)
[DEBUG layer 2] hidden: nan=0 inf=0 absmax=0.10  residual: nan=0 inf=0 absmax=0.35  shape=(1, 2048)
[DEBUG layer 3] hidden: nan=0 inf=0 absmax=0.11  residual: nan=0 inf=0 absmax=0.47  shape=(1, 2048)
[DEBUG layer 4] hidden: nan=0 inf=0 absmax=0.06  residual: nan=0 inf=0 absmax=0.52  shape=(1, 2048)
[DEBUG layer 0] hidden: nan=0 inf=0 absmax=0.19  residual: nan=0 inf=0 absmax=0.18  shape=(1, 2048)
[DEBUG layer 1] hidden: nan=0 inf=0 absmax=0.05  residual: nan=0 inf=0 absmax=0.39  shape=(1, 2048)
[DEBUG layer 2] hidden: nan=0 inf=0 absmax=0.15  residual: nan=0 inf=0 absmax=0.45  shape=(1, 2048)
[DEBUG layer 3] hidden: nan=0 inf=0 absmax=0.08  residual: nan=0 inf=0 absmax=0.41  shape=(1, 2048)
[DEBUG layer 4] hidden: nan=0 inf=0 absmax=0.10  residual: nan=0 inf=0 absmax=0.55  shape=(1, 2048)
[DEBUG layer 0] hidden: nan=0 inf=0 absmax=0.06  residual: nan=0 inf=0 absmax=0.28  shape=(1, 2048)
[DEBUG layer 1] hidden: nan=0 inf=0 absmax=0.05  residual: nan=0 inf=0 absmax=0.31  shape=(1, 2048)
[DEBUG layer 2] hidden: nan=0 inf=0 absmax=0.08  residual: nan=0 inf=0 absmax=0.32  shape=(1, 2048)
[DEBUG layer 3] hidden: nan=0 inf=0 absmax=0.10  residual: nan=0 inf=0 absmax=0.41  shape=(1, 2048)
[DEBUG layer 4] hidden: nan=0 inf=0 absmax=0.09  residual: nan=0 inf=0 absmax=0.49  shape=(1, 2048)
[DEBUG layer 0] hidden: nan=0 inf=0 absmax=0.27  residual: nan=0 inf=0 absmax=0.08  shape=(1, 2048)
[DEBUG layer 1] hidden: nan=0 inf=0 absmax=0.11  residual: nan=0 inf=0 absmax=0.38  shape=(1, 2048)
[DEBUG layer 2] hidden: nan=0 inf=0 absmax=0.19  residual: nan=0 inf=0 absmax=0.63  shape=(1, 2048)
[DEBUG layer 3] hidden: nan=0 inf=0 absmax=0.13  residual: nan=0 inf=0 absmax=0.55  shape=(1, 2048)
[DEBUG layer 4] hidden: nan=0 inf=0 absmax=0.06  residual: nan=0 inf=0 absmax=0.77  shape=(1, 2048)
[DEBUG layer 0] hidden: nan=0 inf=0 absmax=0.54  residual: nan=0 inf=0 absmax=0.66  shape=(8, 4096)
[DEBUG layer 0] hidden: nan=0 inf=0 absmax=0.54  residual: nan=0 inf=0 absmax=0.66  shape=(8, 4096)
[DEBUG layer 1] hidden: nan=0 inf=0 absmax=0.30  residual: nan=0 inf=0 absmax=0.88  shape=(8, 4096)
[DEBUG layer 1] hidden: nan=0 inf=0 absmax=0.30  residual: nan=0 inf=0 absmax=0.88  shape=(8, 4096)
[DEBUG layer 2] hidden: nan=0 inf=0 absmax=0.22  residual: nan=0 inf=0 absmax=0.94  shape=(8, 4096)
[DEBUG layer 2] hidden: nan=0 inf=0 absmax=0.22  residual: nan=0 inf=0 absmax=0.94  shape=(8, 4096)
[DEBUG layer 3] hidden: nan=0 inf=0 absmax=0.63  residual: nan=0 inf=0 absmax=1.12  shape=(8, 4096)
[DEBUG layer 3] hidden: nan=0 inf=0 absmax=0.63  residual: nan=0 inf=0 absmax=1.12  shape=(8, 4096)
[DEBUG layer 4] hidden: nan=0 inf=0 absmax=0.80  residual: nan=0 inf=0 absmax=0.75  shape=(8, 4096)
[DEBUG layer 4] hidden: nan=0 inf=0 absmax=0.80  residual: nan=0 inf=0 absmax=0.75  shape=(8, 4096)
[DEBUG verify] logits_p shape=(1, 8, 32000) inf=0 nan=0 max=14.49 min=-15.89
[DEBUG layer 0] hidden: nan=0 inf=0 absmax=0.10  residual: nan=0 inf=0 absmax=0.31  shape=(1, 2048)
[DEBUG layer 1] hidden: nan=0 inf=0 absmax=0.06  residual: nan=0 inf=0 absmax=0.26  shape=(1, 2048)
[DEBUG layer 2] hidden: nan=0 inf=0 absmax=0.03  residual: nan=0 inf=0 absmax=0.34  shape=(1, 2048)
[DEBUG layer 3] hidden: nan=0 inf=0 absmax=0.10  residual: nan=0 inf=0 absmax=0.40  shape=(1, 2048)
[DEBUG layer 4] hidden: nan=0 inf=0 absmax=0.05  residual: nan=0 inf=0 absmax=0.41  shape=(1, 2048)
[DEBUG layer 0] hidden: nan=0 inf=0 absmax=0.08  residual: nan=0 inf=0 absmax=0.25  shape=(1, 2048)
[DEBUG layer 1] hidden: nan=0 inf=0 absmax=0.06  residual: nan=0 inf=0 absmax=0.27  shape=(1, 2048)
[DEBUG layer 2] hidden: nan=0 inf=0 absmax=0.04  residual: nan=0 inf=0 absmax=0.28  shape=(1, 2048)
[DEBUG layer 3] hidden: nan=0 inf=0 absmax=0.18  residual: nan=0 inf=0 absmax=0.40  shape=(1, 2048)
[DEBUG layer 4] hidden: nan=0 inf=0 absmax=0.09  residual: nan=0 inf=0 absmax=0.35  shape=(1, 2048)
[DEBUG layer 0] hidden: nan=0 inf=0 absmax=0.13  residual: nan=0 inf=0 absmax=0.21  shape=(1, 2048)
[DEBUG layer 1] hidden: nan=0 inf=0 absmax=0.04  residual: nan=0 inf=0 absmax=0.30  shape=(1, 2048)
[DEBUG layer 2] hidden: nan=0 inf=0 absmax=0.08  residual: nan=0 inf=0 absmax=0.39  shape=(1, 2048)
[DEBUG layer 3] hidden: nan=0 inf=0 absmax=0.16  residual: nan=0 inf=0 absmax=0.45  shape=(1, 2048)
[DEBUG layer 4] hidden: nan=0 inf=0 absmax=0.07  residual: nan=0 inf=0 absmax=0.39  shape=(1, 2048)
[DEBUG layer 0] hidden: nan=0 inf=0 absmax=0.06  residual: nan=0 inf=0 absmax=0.27  shape=(1, 2048)
[DEBUG layer 1] hidden: nan=0 inf=0 absmax=0.04  residual: nan=0 inf=0 absmax=0.34  shape=(1, 2048)
[DEBUG layer 2] hidden: nan=0 inf=0 absmax=0.10  residual: nan=0 inf=0 absmax=0.43  shape=(1, 2048)
[DEBUG layer 3] hidden: nan=0 inf=0 absmax=0.04  residual: nan=0 inf=0 absmax=0.47  shape=(1, 2048)
[DEBUG layer 4] hidden: nan=0 inf=0 absmax=0.10  residual: nan=0 inf=0 absmax=0.54  shape=(1, 2048)
[DEBUG layer 0] hidden: nan=0 inf=0 absmax=0.28  residual: nan=0 inf=0 absmax=0.19  shape=(1, 2048)
[DEBUG layer 1] hidden: nan=0 inf=0 absmax=0.03  residual: nan=0 inf=0 absmax=0.49  shape=(1, 2048)
[DEBUG layer 2] hidden: nan=0 inf=0 absmax=0.19  residual: nan=0 inf=0 absmax=0.52  shape=(1, 2048)
[DEBUG layer 3] hidden: nan=0 inf=0 absmax=0.14  residual: nan=0 inf=0 absmax=0.42  shape=(1, 2048)
[DEBUG layer 4] hidden: nan=0 inf=0 absmax=0.07  residual: nan=0 inf=0 absmax=0.39  shape=(1, 2048)
[DEBUG layer 0] hidden: nan=0 inf=0 absmax=0.06  residual: nan=0 inf=0 absmax=0.23  shape=(1, 2048)
[DEBUG layer 1] hidden: nan=0 inf=0 absmax=0.12  residual: nan=0 inf=0 absmax=0.21  shape=(1, 2048)
[DEBUG layer 2] hidden: nan=0 inf=0 absmax=0.08  residual: nan=0 inf=0 absmax=0.38  shape=(1, 2048)
[DEBUG layer 3] hidden: nan=0 inf=0 absmax=0.07  residual: nan=0 inf=0 absmax=0.46  shape=(1, 2048)
[DEBUG layer 4] hidden: nan=0 inf=0 absmax=0.06  residual: nan=0 inf=0 absmax=0.55  shape=(1, 2048)
[DEBUG layer 0] hidden: nan=0 inf=0 absmax=0.14  residual: nan=0 inf=0 absmax=0.23  shape=(1, 2048)
[DEBUG layer 1] hidden: nan=0 inf=0 absmax=0.04  residual: nan=0 inf=0 absmax=0.38  shape=(1, 2048)
[DEBUG layer 2] hidden: nan=0 inf=0 absmax=0.05  residual: nan=0 inf=0 absmax=0.27  shape=(1, 2048)
[DEBUG layer 3] hidden: nan=0 inf=0 absmax=0.06  residual: nan=0 inf=0 absmax=0.35  shape=(1, 2048)
[DEBUG layer 4] hidden: nan=0 inf=0 absmax=0.10  residual: nan=0 inf=0 absmax=0.44  shape=(1, 2048)
[DEBUG layer 0] hidden: nan=0 inf=0 absmax=0.03  residual: nan=0 inf=0 absmax=0.27  shape=(1, 2048)
[DEBUG layer 1] hidden: nan=0 inf=0 absmax=0.03  residual: nan=0 inf=0 absmax=0.32  shape=(1, 2048)
[DEBUG layer 2] hidden: nan=0 inf=0 absmax=0.16  residual: nan=0 inf=0 absmax=0.39  shape=(1, 2048)
[DEBUG layer 3] hidden: nan=0 inf=0 absmax=0.05  residual: nan=0 inf=0 absmax=0.32  shape=(1, 2048)
[DEBUG layer 4] hidden: nan=0 inf=0 absmax=0.05  residual: nan=0 inf=0 absmax=0.49  shape=(1, 2048)
[DEBUG layer 0] hidden: nan=0 inf=0 absmax=0.40  residual: nan=0 inf=0 absmax=0.64  shape=(8, 4096)
[DEBUG layer 0] hidden: nan=0 inf=0 absmax=0.40  residual: nan=0 inf=0 absmax=0.64  shape=(8, 4096)
[DEBUG layer 1] hidden: nan=0 inf=0 absmax=0.24  residual: nan=0 inf=0 absmax=1.03  shape=(8, 4096)
[DEBUG layer 1] hidden: nan=0 inf=0 absmax=0.24  residual: nan=0 inf=0 absmax=1.03  shape=(8, 4096)
[DEBUG layer 2] hidden: nan=0 inf=0 absmax=0.30  residual: nan=0 inf=0 absmax=0.90  shape=(8, 4096)
[DEBUG layer 2] hidden: nan=0 inf=0 absmax=0.30  residual: nan=0 inf=0 absmax=0.90  shape=(8, 4096)
[DEBUG layer 3] hidden: nan=0 inf=0 absmax=0.83  residual: nan=0 inf=0 absmax=0.84  shape=(8, 4096)
[DEBUG layer 3] hidden: nan=0 inf=0 absmax=0.83  residual: nan=0 inf=0 absmax=0.84  shape=(8, 4096)
[DEBUG layer 4] hidden: nan=0 inf=0 absmax=0.76  residual: nan=0 inf=0 absmax=0.72  shape=(8, 4096)
[DEBUG layer 4] hidden: nan=0 inf=0 absmax=0.76  residual: nan=0 inf=0 absmax=0.72  shape=(8, 4096)
[DEBUG verify] logits_p shape=(1, 8, 32000) inf=0 nan=0 max=16.39 min=-17.38
[DEBUG layer 0] hidden: nan=0 inf=0 absmax=0.11  residual: nan=0 inf=0 absmax=0.30  shape=(1, 2048)
[DEBUG layer 1] hidden: nan=0 inf=0 absmax=0.04  residual: nan=0 inf=0 absmax=0.23  shape=(1, 2048)
[DEBUG layer 2] hidden: nan=0 inf=0 absmax=0.06  residual: nan=0 inf=0 absmax=0.18  shape=(1, 2048)
[DEBUG layer 3] hidden: nan=0 inf=0 absmax=0.10  residual: nan=0 inf=0 absmax=0.19  shape=(1, 2048)
[DEBUG layer 4] hidden: nan=0 inf=0 absmax=0.06  residual: nan=0 inf=0 absmax=0.23  shape=(1, 2048)
[DEBUG layer 0] hidden: nan=0 inf=0 absmax=0.12  residual: nan=0 inf=0 absmax=0.23  shape=(1, 2048)
[DEBUG layer 1] hidden: nan=0 inf=0 absmax=0.03  residual: nan=0 inf=0 absmax=0.35  shape=(1, 2048)
[DEBUG layer 2] hidden: nan=0 inf=0 absmax=0.10  residual: nan=0 inf=0 absmax=0.42  shape=(1, 2048)
[DEBUG layer 3] hidden: nan=0 inf=0 absmax=0.19  residual: nan=0 inf=0 absmax=0.50  shape=(1, 2048)
[DEBUG layer 4] hidden: nan=0 inf=0 absmax=0.10  residual: nan=0 inf=0 absmax=0.49  shape=(1, 2048)
[DEBUG layer 0] hidden: nan=0 inf=0 absmax=0.03  residual: nan=0 inf=0 absmax=0.26  shape=(1, 2048)
[DEBUG layer 1] hidden: nan=0 inf=0 absmax=0.02  residual: nan=0 inf=0 absmax=0.32  shape=(1, 2048)
[DEBUG layer 2] hidden: nan=0 inf=0 absmax=0.09  residual: nan=0 inf=0 absmax=0.35  shape=(1, 2048)
[DEBUG layer 3] hidden: nan=0 inf=0 absmax=0.06  residual: nan=0 inf=0 absmax=0.41  shape=(1, 2048)
[DEBUG layer 4] hidden: nan=0 inf=0 absmax=0.04  residual: nan=0 inf=0 absmax=0.53  shape=(1, 2048)
[DEBUG layer 0] hidden: nan=0 inf=0 absmax=0.06  residual: nan=0 inf=0 absmax=0.21  shape=(1, 2048)
[DEBUG layer 1] hidden: nan=0 inf=0 absmax=0.09  residual: nan=0 inf=0 absmax=0.30  shape=(1, 2048)
[DEBUG layer 2] hidden: nan=0 inf=0 absmax=0.10  residual: nan=0 inf=0 absmax=0.33  shape=(1, 2048)
[DEBUG layer 3] hidden: nan=0 inf=0 absmax=0.11  residual: nan=0 inf=0 absmax=0.45  shape=(1, 2048)
[DEBUG layer 4] hidden: nan=0 inf=0 absmax=0.05  residual: nan=0 inf=0 absmax=0.49  shape=(1, 2048)
[DEBUG layer 0] hidden: nan=0 inf=0 absmax=0.10  residual: nan=0 inf=0 absmax=0.21  shape=(1, 2048)
[DEBUG layer 1] hidden: nan=0 inf=0 absmax=0.05  residual: nan=0 inf=0 absmax=0.32  shape=(1, 2048)
[DEBUG layer 2] hidden: nan=0 inf=0 absmax=0.21  residual: nan=0 inf=0 absmax=0.41  shape=(1, 2048)
[DEBUG layer 3] hidden: nan=0 inf=0 absmax=0.17  residual: nan=0 inf=0 absmax=0.34  shape=(1, 2048)
[DEBUG layer 4] hidden: nan=0 inf=0 absmax=0.10  residual: nan=0 inf=0 absmax=0.38  shape=(1, 2048)
[DEBUG layer 0] hidden: nan=0 inf=0 absmax=0.13  residual: nan=0 inf=0 absmax=0.16  shape=(1, 2048)
[DEBUG layer 1] hidden: nan=0 inf=0 absmax=0.07  residual: nan=0 inf=0 absmax=0.27  shape=(1, 2048)
[DEBUG layer 2] hidden: nan=0 inf=0 absmax=0.04  residual: nan=0 inf=0 absmax=0.33  shape=(1, 2048)
[DEBUG layer 3] hidden: nan=0 inf=0 absmax=0.12  residual: nan=0 inf=0 absmax=0.44  shape=(1, 2048)
[DEBUG layer 4] hidden: nan=0 inf=0 absmax=0.14  residual: nan=0 inf=0 absmax=0.46  shape=(1, 2048)
[DEBUG layer 0] hidden: nan=0 inf=0 absmax=0.08  residual: nan=0 inf=0 absmax=0.26  shape=(1, 2048)
[DEBUG layer 1] hidden: nan=0 inf=0 absmax=0.04  residual: nan=0 inf=0 absmax=0.34  shape=(1, 2048)
[DEBUG layer 2] hidden: nan=0 inf=0 absmax=0.07  residual: nan=0 inf=0 absmax=0.26  shape=(1, 2048)
[DEBUG layer 3] hidden: nan=0 inf=0 absmax=0.06  residual: nan=0 inf=0 absmax=0.38  shape=(1, 2048)
[DEBUG layer 4] hidden: nan=0 inf=0 absmax=0.07  residual: nan=0 inf=0 absmax=0.45  shape=(1, 2048)
[DEBUG layer 0] hidden: nan=0 inf=0 absmax=0.10  residual: nan=0 inf=0 absmax=0.17  shape=(1, 2048)
[DEBUG layer 1] hidden: nan=0 inf=0 absmax=0.06  residual: nan=0 inf=0 absmax=0.22  shape=(1, 2048)
[DEBUG layer 2] hidden: nan=0 inf=0 absmax=0.20  residual: nan=0 inf=0 absmax=0.24  shape=(1, 2048)
[DEBUG layer 3] hidden: nan=0 inf=0 absmax=0.06  residual: nan=0 inf=0 absmax=0.48  shape=(1, 2048)
[DEBUG layer 4] hidden: nan=0 inf=0 absmax=0.06  residual: nan=0 inf=0 absmax=0.60  shape=(1, 2048)
[DEBUG layer 0] hidden: nan=0 inf=0 absmax=0.55  residual: nan=0 inf=0 absmax=0.66  shape=(8, 4096)
[DEBUG layer 0] hidden: nan=0 inf=0 absmax=0.55  residual: nan=0 inf=0 absmax=0.66  shape=(8, 4096)
[DEBUG layer 1] hidden: nan=0 inf=0 absmax=0.27  residual: nan=0 inf=0 absmax=1.02  shape=(8, 4096)
[DEBUG layer 1] hidden: nan=0 inf=0 absmax=0.27  residual: nan=0 inf=0 absmax=1.02  shape=(8, 4096)
[DEBUG layer 2] hidden: nan=0 inf=0 absmax=0.22  residual: nan=0 inf=0 absmax=0.84  shape=(8, 4096)
[DEBUG layer 2] hidden: nan=0 inf=0 absmax=0.22  residual: nan=0 inf=0 absmax=0.84  shape=(8, 4096)
[DEBUG layer 3] hidden: nan=0 inf=0 absmax=0.64  residual: nan=0 inf=0 absmax=0.75  shape=(8, 4096)
[DEBUG layer 3] hidden: nan=0 inf=0 absmax=0.64  residual: nan=0 inf=0 absmax=0.75  shape=(8, 4096)
[DEBUG layer 4] hidden: nan=0 inf=0 absmax=1.03  residual: nan=0 inf=0 absmax=0.67  shape=(8, 4096)
[DEBUG layer 4] hidden: nan=0 inf=0 absmax=1.03  residual: nan=0 inf=0 absmax=0.67  shape=(8, 4096)
[DEBUG verify] logits_p shape=(1, 8, 32000) inf=0 nan=0 max=15.88 min=-17.06
[DEBUG layer 0] hidden: nan=0 inf=0 absmax=0.08  residual: nan=0 inf=0 absmax=0.30  shape=(1, 2048)
[DEBUG layer 1] hidden: nan=0 inf=0 absmax=0.04  residual: nan=0 inf=0 absmax=0.34  shape=(1, 2048)
[DEBUG layer 2] hidden: nan=0 inf=0 absmax=0.11  residual: nan=0 inf=0 absmax=0.37  shape=(1, 2048)
[DEBUG layer 3] hidden: nan=0 inf=0 absmax=0.08  residual: nan=0 inf=0 absmax=0.42  shape=(1, 2048)
[DEBUG layer 4] hidden: nan=0 inf=0 absmax=0.06  residual: nan=0 inf=0 absmax=0.44  shape=(1, 2048)
[DEBUG layer 0] hidden: nan=0 inf=0 absmax=0.06  residual: nan=0 inf=0 absmax=0.21  shape=(1, 2048)
[DEBUG layer 1] hidden: nan=0 inf=0 absmax=0.07  residual: nan=0 inf=0 absmax=0.29  shape=(1, 2048)
[DEBUG layer 2] hidden: nan=0 inf=0 absmax=0.07  residual: nan=0 inf=0 absmax=0.31  shape=(1, 2048)
[DEBUG layer 3] hidden: nan=0 inf=0 absmax=0.10  residual: nan=0 inf=0 absmax=0.42  shape=(1, 2048)
[DEBUG layer 4] hidden: nan=0 inf=0 absmax=0.06  residual: nan=0 inf=0 absmax=0.44  shape=(1, 2048)
[DEBUG layer 0] hidden: nan=0 inf=0 absmax=0.25  residual: nan=0 inf=0 absmax=0.20  shape=(1, 2048)
[DEBUG layer 1] hidden: nan=0 inf=0 absmax=0.04  residual: nan=0 inf=0 absmax=0.45  shape=(1, 2048)
[DEBUG layer 2] hidden: nan=0 inf=0 absmax=0.23  residual: nan=0 inf=0 absmax=0.53  shape=(1, 2048)
[DEBUG layer 3] hidden: nan=0 inf=0 absmax=0.13  residual: nan=0 inf=0 absmax=0.41  shape=(1, 2048)
[DEBUG layer 4] hidden: nan=0 inf=0 absmax=0.09  residual: nan=0 inf=0 absmax=0.48  shape=(1, 2048)
[DEBUG layer 0] hidden: nan=0 inf=0 absmax=0.08  residual: nan=0 inf=0 absmax=0.29  shape=(1, 2048)
[DEBUG layer 1] hidden: nan=0 inf=0 absmax=0.05  residual: nan=0 inf=0 absmax=0.31  shape=(1, 2048)
[DEBUG layer 2] hidden: nan=0 inf=0 absmax=0.14  residual: nan=0 inf=0 absmax=0.36  shape=(1, 2048)
[DEBUG layer 3] hidden: nan=0 inf=0 absmax=0.13  residual: nan=0 inf=0 absmax=0.37  shape=(1, 2048)
[DEBUG layer 4] hidden: nan=0 inf=0 absmax=0.06  residual: nan=0 inf=0 absmax=0.37  shape=(1, 2048)
[DEBUG layer 0] hidden: nan=0 inf=0 absmax=0.05  residual: nan=0 inf=0 absmax=0.22  shape=(1, 2048)
[DEBUG layer 1] hidden: nan=0 inf=0 absmax=0.03  residual: nan=0 inf=0 absmax=0.28  shape=(1, 2048)
[DEBUG layer 2] hidden: nan=0 inf=0 absmax=0.08  residual: nan=0 inf=0 absmax=0.27  shape=(1, 2048)
[DEBUG layer 3] hidden: nan=0 inf=0 absmax=0.07  residual: nan=0 inf=0 absmax=0.27  shape=(1, 2048)
[DEBUG layer 4] hidden: nan=0 inf=0 absmax=0.04  residual: nan=0 inf=0 absmax=0.34  shape=(1, 2048)
[DEBUG layer 0] hidden: nan=0 inf=0 absmax=0.15  residual: nan=0 inf=0 absmax=0.13  shape=(1, 2048)
[DEBUG layer 1] hidden: nan=0 inf=0 absmax=0.07  residual: nan=0 inf=0 absmax=0.28  shape=(1, 2048)
[DEBUG layer 2] hidden: nan=0 inf=0 absmax=0.12  residual: nan=0 inf=0 absmax=0.30  shape=(1, 2048)
[DEBUG layer 3] hidden: nan=0 inf=0 absmax=0.10  residual: nan=0 inf=0 absmax=0.37  shape=(1, 2048)
[DEBUG layer 4] hidden: nan=0 inf=0 absmax=0.07  residual: nan=0 inf=0 absmax=0.39  shape=(1, 2048)
[DEBUG layer 0] hidden: nan=0 inf=0 absmax=0.04  residual: nan=0 inf=0 absmax=0.23  shape=(1, 2048)
[DEBUG layer 1] hidden: nan=0 inf=0 absmax=0.11  residual: nan=0 inf=0 absmax=0.28  shape=(1, 2048)
[DEBUG layer 2] hidden: nan=0 inf=0 absmax=0.16  residual: nan=0 inf=0 absmax=0.35  shape=(1, 2048)
[DEBUG layer 3] hidden: nan=0 inf=0 absmax=0.15  residual: nan=0 inf=0 absmax=0.35  shape=(1, 2048)
[DEBUG layer 4] hidden: nan=0 inf=0 absmax=0.04  residual: nan=0 inf=0 absmax=0.31  shape=(1, 2048)
[DEBUG layer 0] hidden: nan=0 inf=0 absmax=0.05  residual: nan=0 inf=0 absmax=0.22  shape=(1, 2048)
[DEBUG layer 1] hidden: nan=0 inf=0 absmax=0.03  residual: nan=0 inf=0 absmax=0.29  shape=(1, 2048)
[DEBUG layer 2] hidden: nan=0 inf=0 absmax=0.14  residual: nan=0 inf=0 absmax=0.30  shape=(1, 2048)
[DEBUG layer 3] hidden: nan=0 inf=0 absmax=0.09  residual: nan=0 inf=0 absmax=0.32  shape=(1, 2048)
[DEBUG layer 4] hidden: nan=0 inf=0 absmax=0.06  residual: nan=0 inf=0 absmax=0.34  shape=(1, 2048)
[DEBUG layer 0] hidden: nan=0 inf=0 absmax=0.53  residual: nan=0 inf=0 absmax=0.73  shape=(8, 4096)
[DEBUG layer 0] hidden: nan=0 inf=0 absmax=0.53  residual: nan=0 inf=0 absmax=0.73  shape=(8, 4096)
[DEBUG layer 1] hidden: nan=0 inf=0 absmax=0.29  residual: nan=0 inf=0 absmax=0.86  shape=(8, 4096)
[DEBUG layer 1] hidden: nan=0 inf=0 absmax=0.29  residual: nan=0 inf=0 absmax=0.86  shape=(8, 4096)
[DEBUG layer 2] hidden: nan=0 inf=0 absmax=0.14  residual: nan=0 inf=0 absmax=0.88  shape=(8, 4096)
[DEBUG layer 2] hidden: nan=0 inf=0 absmax=0.14  residual: nan=0 inf=0 absmax=0.88  shape=(8, 4096)
[DEBUG layer 3] hidden: nan=0 inf=0 absmax=0.71  residual: nan=0 inf=0 absmax=0.82  shape=(8, 4096)
[DEBUG layer 3] hidden: nan=0 inf=0 absmax=0.71  residual: nan=0 inf=0 absmax=0.82  shape=(8, 4096)
[DEBUG layer 4] hidden: nan=0 inf=0 absmax=0.76  residual: nan=0 inf=0 absmax=0.80  shape=(8, 4096)
[DEBUG layer 4] hidden: nan=0 inf=0 absmax=0.76  residual: nan=0 inf=0 absmax=0.80  shape=(8, 4096)
[DEBUG verify] logits_p shape=(1, 8, 32000) inf=0 nan=0 max=12.48 min=-17.97
[DEBUG layer 0] hidden: nan=0 inf=0 absmax=0.06  residual: nan=0 inf=0 absmax=0.25  shape=(1, 2048)
[DEBUG layer 1] hidden: nan=0 inf=0 absmax=0.07  residual: nan=0 inf=0 absmax=0.26  shape=(1, 2048)
[DEBUG layer 2] hidden: nan=0 inf=0 absmax=0.07  residual: nan=0 inf=0 absmax=0.26  shape=(1, 2048)
[DEBUG layer 3] hidden: nan=0 inf=0 absmax=0.07  residual: nan=0 inf=0 absmax=0.24  shape=(1, 2048)
[DEBUG layer 4] hidden: nan=0 inf=0 absmax=0.07  residual: nan=0 inf=0 absmax=0.30  shape=(1, 2048)
[DEBUG layer 0] hidden: nan=0 inf=0 absmax=0.04  residual: nan=0 inf=0 absmax=0.30  shape=(1, 2048)
[DEBUG layer 1] hidden: nan=0 inf=0 absmax=0.06  residual: nan=0 inf=0 absmax=0.31  shape=(1, 2048)
[DEBUG layer 2] hidden: nan=0 inf=0 absmax=0.06  residual: nan=0 inf=0 absmax=0.28  shape=(1, 2048)
[DEBUG layer 3] hidden: nan=0 inf=0 absmax=0.25  residual: nan=0 inf=0 absmax=0.32  shape=(1, 2048)
[DEBUG layer 4] hidden: nan=0 inf=0 absmax=0.08  residual: nan=0 inf=0 absmax=0.21  shape=(1, 2048)
[DEBUG layer 0] hidden: nan=0 inf=0 absmax=0.07  residual: nan=0 inf=0 absmax=0.22  shape=(1, 2048)
[DEBUG layer 1] hidden: nan=0 inf=0 absmax=0.08  residual: nan=0 inf=0 absmax=0.31  shape=(1, 2048)
[DEBUG layer 2] hidden: nan=0 inf=0 absmax=0.10  residual: nan=0 inf=0 absmax=0.36  shape=(1, 2048)
[DEBUG layer 3] hidden: nan=0 inf=0 absmax=0.09  residual: nan=0 inf=0 absmax=0.46  shape=(1, 2048)
[DEBUG layer 4] hidden: nan=0 inf=0 absmax=0.04  residual: nan=0 inf=0 absmax=0.51  shape=(1, 2048)
[DEBUG layer 0] hidden: nan=0 inf=0 absmax=0.23  residual: nan=0 inf=0 absmax=0.21  shape=(1, 2048)
[DEBUG layer 1] hidden: nan=0 inf=0 absmax=0.04  residual: nan=0 inf=0 absmax=0.44  shape=(1, 2048)
[DEBUG layer 2] hidden: nan=0 inf=0 absmax=0.23  residual: nan=0 inf=0 absmax=0.52  shape=(1, 2048)
[DEBUG layer 3] hidden: nan=0 inf=0 absmax=0.12  residual: nan=0 inf=0 absmax=0.39  shape=(1, 2048)
[DEBUG layer 4] hidden: nan=0 inf=0 absmax=0.07  residual: nan=0 inf=0 absmax=0.49  shape=(1, 2048)
[DEBUG layer 0] hidden: nan=0 inf=0 absmax=0.08  residual: nan=0 inf=0 absmax=0.29  shape=(1, 2048)
[DEBUG layer 1] hidden: nan=0 inf=0 absmax=0.05  residual: nan=0 inf=0 absmax=0.32  shape=(1, 2048)
[DEBUG layer 2] hidden: nan=0 inf=0 absmax=0.14  residual: nan=0 inf=0 absmax=0.38  shape=(1, 2048)
[DEBUG layer 3] hidden: nan=0 inf=0 absmax=0.14  residual: nan=0 inf=0 absmax=0.39  shape=(1, 2048)
[DEBUG layer 4] hidden: nan=0 inf=0 absmax=0.06  residual: nan=0 inf=0 absmax=0.40  shape=(1, 2048)
[DEBUG layer 0] hidden: nan=0 inf=0 absmax=0.08  residual: nan=0 inf=0 absmax=0.23  shape=(1, 2048)
[DEBUG layer 1] hidden: nan=0 inf=0 absmax=0.04  residual: nan=0 inf=0 absmax=0.31  shape=(1, 2048)
[DEBUG layer 2] hidden: nan=0 inf=0 absmax=0.11  residual: nan=0 inf=0 absmax=0.35  shape=(1, 2048)
[DEBUG layer 3] hidden: nan=0 inf=0 absmax=0.14  residual: nan=0 inf=0 absmax=0.42  shape=(1, 2048)
[DEBUG layer 4] hidden: nan=0 inf=0 absmax=0.06  residual: nan=0 inf=0 absmax=0.49  shape=(1, 2048)
[DEBUG layer 0] hidden: nan=0 inf=0 absmax=0.04  residual: nan=0 inf=0 absmax=0.27  shape=(1, 2048)
[DEBUG layer 1] hidden: nan=0 inf=0 absmax=0.06  residual: nan=0 inf=0 absmax=0.29  shape=(1, 2048)
[DEBUG layer 2] hidden: nan=0 inf=0 absmax=0.06  residual: nan=0 inf=0 absmax=0.29  shape=(1, 2048)
[DEBUG layer 3] hidden: nan=0 inf=0 absmax=0.11  residual: nan=0 inf=0 absmax=0.27  shape=(1, 2048)
[DEBUG layer 4] hidden: nan=0 inf=0 absmax=0.09  residual: nan=0 inf=0 absmax=0.33  shape=(1, 2048)
[DEBUG layer 0] hidden: nan=0 inf=0 absmax=0.03  residual: nan=0 inf=0 absmax=0.30  shape=(1, 2048)
[DEBUG layer 1] hidden: nan=0 inf=0 absmax=0.03  residual: nan=0 inf=0 absmax=0.33  shape=(1, 2048)
[DEBUG layer 2] hidden: nan=0 inf=0 absmax=0.15  residual: nan=0 inf=0 absmax=0.36  shape=(1, 2048)
[DEBUG layer 3] hidden: nan=0 inf=0 absmax=0.13  residual: nan=0 inf=0 absmax=0.33  shape=(1, 2048)
[DEBUG layer 4] hidden: nan=0 inf=0 absmax=0.06  residual: nan=0 inf=0 absmax=0.42  shape=(1, 2048)
[DEBUG layer 0] hidden: nan=0 inf=0 absmax=0.52  residual: nan=0 inf=0 absmax=0.68  shape=(8, 4096)
[DEBUG layer 0] hidden: nan=0 inf=0 absmax=0.52  residual: nan=0 inf=0 absmax=0.68  shape=(8, 4096)
[DEBUG layer 1] hidden: nan=0 inf=0 absmax=0.24  residual: nan=0 inf=0 absmax=0.92  shape=(8, 4096)
[DEBUG layer 1] hidden: nan=0 inf=0 absmax=0.24  residual: nan=0 inf=0 absmax=0.92  shape=(8, 4096)
[DEBUG layer 2] hidden: nan=0 inf=0 absmax=0.34  residual: nan=0 inf=0 absmax=0.88  shape=(8, 4096)
[DEBUG layer 2] hidden: nan=0 inf=0 absmax=0.34  residual: nan=0 inf=0 absmax=0.88  shape=(8, 4096)
[DEBUG layer 3] hidden: nan=0 inf=0 absmax=0.74  residual: nan=0 inf=0 absmax=0.85  shape=(8, 4096)
[DEBUG layer 3] hidden: nan=0 inf=0 absmax=0.74  residual: nan=0 inf=0 absmax=0.85  shape=(8, 4096)
[DEBUG layer 4] hidden: nan=0 inf=0 absmax=0.73  residual: nan=0 inf=0 absmax=0.68  shape=(8, 4096)
[DEBUG layer 4] hidden: nan=0 inf=0 absmax=0.73  residual: nan=0 inf=0 absmax=0.68  shape=(8, 4096)
[DEBUG verify] logits_p shape=(1, 8, 32000) inf=0 nan=0 max=15.55 min=-17.81
[DEBUG layer 0] hidden: nan=0 inf=0 absmax=0.21  residual: nan=0 inf=0 absmax=0.33  shape=(1, 2048)
[DEBUG layer 1] hidden: nan=0 inf=0 absmax=0.03  residual: nan=0 inf=0 absmax=0.52  shape=(1, 2048)
[DEBUG layer 2] hidden: nan=0 inf=0 absmax=0.18  residual: nan=0 inf=0 absmax=0.52  shape=(1, 2048)
[DEBUG layer 3] hidden: nan=0 inf=0 absmax=0.19  residual: nan=0 inf=0 absmax=0.42  shape=(1, 2048)
[DEBUG layer 4] hidden: nan=0 inf=0 absmax=0.08  residual: nan=0 inf=0 absmax=0.31  shape=(1, 2048)
[DEBUG layer 0] hidden: nan=0 inf=0 absmax=0.10  residual: nan=0 inf=0 absmax=0.32  shape=(1, 2048)
[DEBUG layer 1] hidden: nan=0 inf=0 absmax=0.06  residual: nan=0 inf=0 absmax=0.22  shape=(1, 2048)
[DEBUG layer 2] hidden: nan=0 inf=0 absmax=0.11  residual: nan=0 inf=0 absmax=0.33  shape=(1, 2048)
[DEBUG layer 3] hidden: nan=0 inf=0 absmax=0.15  residual: nan=0 inf=0 absmax=0.31  shape=(1, 2048)
[DEBUG layer 4] hidden: nan=0 inf=0 absmax=0.14  residual: nan=0 inf=0 absmax=0.29  shape=(1, 2048)
[DEBUG layer 0] hidden: nan=0 inf=0 absmax=0.08  residual: nan=0 inf=0 absmax=0.21  shape=(1, 2048)
[DEBUG layer 1] hidden: nan=0 inf=0 absmax=0.09  residual: nan=0 inf=0 absmax=0.31  shape=(1, 2048)
[DEBUG layer 2] hidden: nan=0 inf=0 absmax=0.08  residual: nan=0 inf=0 absmax=0.36  shape=(1, 2048)
[DEBUG layer 3] hidden: nan=0 inf=0 absmax=0.10  residual: nan=0 inf=0 absmax=0.49  shape=(1, 2048)
[DEBUG layer 4] hidden: nan=0 inf=0 absmax=0.04  residual: nan=0 inf=0 absmax=0.50  shape=(1, 2048)
[DEBUG layer 0] hidden: nan=0 inf=0 absmax=0.23  residual: nan=0 inf=0 absmax=0.21  shape=(1, 2048)
[DEBUG layer 1] hidden: nan=0 inf=0 absmax=0.04  residual: nan=0 inf=0 absmax=0.44  shape=(1, 2048)
[DEBUG layer 2] hidden: nan=0 inf=0 absmax=0.22  residual: nan=0 inf=0 absmax=0.53  shape=(1, 2048)
[DEBUG layer 3] hidden: nan=0 inf=0 absmax=0.11  residual: nan=0 inf=0 absmax=0.40  shape=(1, 2048)
[DEBUG layer 4] hidden: nan=0 inf=0 absmax=0.08  residual: nan=0 inf=0 absmax=0.52  shape=(1, 2048)
[DEBUG layer 0] hidden: nan=0 inf=0 absmax=0.08  residual: nan=0 inf=0 absmax=0.29  shape=(1, 2048)
[DEBUG layer 1] hidden: nan=0 inf=0 absmax=0.05  residual: nan=0 inf=0 absmax=0.32  shape=(1, 2048)
[DEBUG layer 2] hidden: nan=0 inf=0 absmax=0.12  residual: nan=0 inf=0 absmax=0.36  shape=(1, 2048)
[DEBUG layer 3] hidden: nan=0 inf=0 absmax=0.14  residual: nan=0 inf=0 absmax=0.40  shape=(1, 2048)
[DEBUG layer 4] hidden: nan=0 inf=0 absmax=0.05  residual: nan=0 inf=0 absmax=0.41  shape=(1, 2048)
[DEBUG layer 0] hidden: nan=0 inf=0 absmax=0.04  residual: nan=0 inf=0 absmax=0.26  shape=(1, 2048)
[DEBUG layer 1] hidden: nan=0 inf=0 absmax=0.04  residual: nan=0 inf=0 absmax=0.28  shape=(1, 2048)
[DEBUG layer 2] hidden: nan=0 inf=0 absmax=0.06  residual: nan=0 inf=0 absmax=0.20  shape=(1, 2048)
[DEBUG layer 3] hidden: nan=0 inf=0 absmax=0.13  residual: nan=0 inf=0 absmax=0.24  shape=(1, 2048)
[DEBUG layer 4] hidden: nan=0 inf=0 absmax=0.07  residual: nan=0 inf=0 absmax=0.25  shape=(1, 2048)
[DEBUG layer 0] hidden: nan=0 inf=0 absmax=0.05  residual: nan=0 inf=0 absmax=0.26  shape=(1, 2048)
[DEBUG layer 1] hidden: nan=0 inf=0 absmax=0.09  residual: nan=0 inf=0 absmax=0.31  shape=(1, 2048)
[DEBUG layer 2] hidden: nan=0 inf=0 absmax=0.05  residual: nan=0 inf=0 absmax=0.40  shape=(1, 2048)
[DEBUG layer 3] hidden: nan=0 inf=0 absmax=0.14  residual: nan=0 inf=0 absmax=0.55  shape=(1, 2048)
[DEBUG layer 4] hidden: nan=0 inf=0 absmax=0.03  residual: nan=0 inf=0 absmax=0.55  shape=(1, 2048)
[DEBUG layer 0] hidden: nan=0 inf=0 absmax=0.07  residual: nan=0 inf=0 absmax=0.30  shape=(1, 2048)
[DEBUG layer 1] hidden: nan=0 inf=0 absmax=0.07  residual: nan=0 inf=0 absmax=0.25  shape=(1, 2048)
[DEBUG layer 2] hidden: nan=0 inf=0 absmax=0.08  residual: nan=0 inf=0 absmax=0.36  shape=(1, 2048)
[DEBUG layer 3] hidden: nan=0 inf=0 absmax=0.10  residual: nan=0 inf=0 absmax=0.40  shape=(1, 2048)
[DEBUG layer 4] hidden: nan=0 inf=0 absmax=0.07  residual: nan=0 inf=0 absmax=0.48  shape=(1, 2048)
[DEBUG layer 0] hidden: nan=0 inf=0 absmax=0.51  residual: nan=0 inf=0 absmax=0.69  shape=(8, 4096)
[DEBUG layer 0] hidden: nan=0 inf=0 absmax=0.51  residual: nan=0 inf=0 absmax=0.69  shape=(8, 4096)
[DEBUG layer 1] hidden: nan=0 inf=0 absmax=0.23  residual: nan=0 inf=0 absmax=1.06  shape=(8, 4096)
[DEBUG layer 1] hidden: nan=0 inf=0 absmax=0.23  residual: nan=0 inf=0 absmax=1.06  shape=(8, 4096)
[DEBUG layer 2] hidden: nan=0 inf=0 absmax=0.35  residual: nan=0 inf=0 absmax=1.08  shape=(8, 4096)
[DEBUG layer 2] hidden: nan=0 inf=0 absmax=0.35  residual: nan=0 inf=0 absmax=1.08  shape=(8, 4096)
[DEBUG layer 3] hidden: nan=0 inf=0 absmax=0.97  residual: nan=0 inf=0 absmax=1.12  shape=(8, 4096)
[DEBUG layer 3] hidden: nan=0 inf=0 absmax=0.97  residual: nan=0 inf=0 absmax=1.12  shape=(8, 4096)
[DEBUG layer 4] hidden: nan=0 inf=0 absmax=0.65  residual: nan=0 inf=0 absmax=0.98  shape=(8, 4096)
[DEBUG layer 4] hidden: nan=0 inf=0 absmax=0.65  residual: nan=0 inf=0 absmax=0.98  shape=(8, 4096)
[DEBUG verify] logits_p shape=(1, 8, 32000) inf=0 nan=0 max=12.59 min=-16.95
[DEBUG layer 0] hidden: nan=0 inf=0 absmax=0.04  residual: nan=0 inf=0 absmax=0.28  shape=(1, 2048)
[DEBUG layer 1] hidden: nan=0 inf=0 absmax=0.10  residual: nan=0 inf=0 absmax=0.24  shape=(1, 2048)
[DEBUG layer 2] hidden: nan=0 inf=0 absmax=0.11  residual: nan=0 inf=0 absmax=0.27  shape=(1, 2048)
[DEBUG layer 3] hidden: nan=0 inf=0 absmax=0.08  residual: nan=0 inf=0 absmax=0.24  shape=(1, 2048)
[DEBUG layer 4] hidden: nan=0 inf=0 absmax=0.05  residual: nan=0 inf=0 absmax=0.32  shape=(1, 2048)
[DEBUG layer 0] hidden: nan=0 inf=0 absmax=0.21  residual: nan=0 inf=0 absmax=0.21  shape=(1, 2048)
[DEBUG layer 1] hidden: nan=0 inf=0 absmax=0.08  residual: nan=0 inf=0 absmax=0.30  shape=(1, 2048)
[DEBUG layer 2] hidden: nan=0 inf=0 absmax=0.06  residual: nan=0 inf=0 absmax=0.16  shape=(1, 2048)
[DEBUG layer 3] hidden: nan=0 inf=0 absmax=0.17  residual: nan=0 inf=0 absmax=0.19  shape=(1, 2048)
[DEBUG layer 4] hidden: nan=0 inf=0 absmax=0.07  residual: nan=0 inf=0 absmax=0.23  shape=(1, 2048)
[DEBUG layer 0] hidden: nan=0 inf=0 absmax=0.06  residual: nan=0 inf=0 absmax=0.27  shape=(1, 2048)
[DEBUG layer 1] hidden: nan=0 inf=0 absmax=0.05  residual: nan=0 inf=0 absmax=0.29  shape=(1, 2048)
[DEBUG layer 2] hidden: nan=0 inf=0 absmax=0.10  residual: nan=0 inf=0 absmax=0.34  shape=(1, 2048)
[DEBUG layer 3] hidden: nan=0 inf=0 absmax=0.06  residual: nan=0 inf=0 absmax=0.41  shape=(1, 2048)
[DEBUG layer 4] hidden: nan=0 inf=0 absmax=0.05  residual: nan=0 inf=0 absmax=0.50  shape=(1, 2048)
[DEBUG layer 0] hidden: nan=0 inf=0 absmax=0.07  residual: nan=0 inf=0 absmax=0.26  shape=(1, 2048)
[DEBUG layer 1] hidden: nan=0 inf=0 absmax=0.03  residual: nan=0 inf=0 absmax=0.34  shape=(1, 2048)
[DEBUG layer 2] hidden: nan=0 inf=0 absmax=0.14  residual: nan=0 inf=0 absmax=0.31  shape=(1, 2048)
[DEBUG layer 3] hidden: nan=0 inf=0 absmax=0.09  residual: nan=0 inf=0 absmax=0.29  shape=(1, 2048)
[DEBUG layer 4] hidden: nan=0 inf=0 absmax=0.05  residual: nan=0 inf=0 absmax=0.34  shape=(1, 2048)
[DEBUG layer 0] hidden: nan=0 inf=0 absmax=0.05  residual: nan=0 inf=0 absmax=0.27  shape=(1, 2048)
[DEBUG layer 1] hidden: nan=0 inf=0 absmax=0.15  residual: nan=0 inf=0 absmax=0.31  shape=(1, 2048)
[DEBUG layer 2] hidden: nan=0 inf=0 absmax=0.10  residual: nan=0 inf=0 absmax=0.50  shape=(1, 2048)
[DEBUG layer 3] hidden: nan=0 inf=0 absmax=0.09  residual: nan=0 inf=0 absmax=0.54  shape=(1, 2048)
[DEBUG layer 4] hidden: nan=0 inf=0 absmax=0.04  residual: nan=0 inf=0 absmax=0.62  shape=(1, 2048)
[DEBUG layer 0] hidden: nan=0 inf=0 absmax=0.11  residual: nan=0 inf=0 absmax=0.30  shape=(1, 2048)
[DEBUG layer 1] hidden: nan=0 inf=0 absmax=0.08  residual: nan=0 inf=0 absmax=0.25  shape=(1, 2048)
[DEBUG layer 2] hidden: nan=0 inf=0 absmax=0.05  residual: nan=0 inf=0 absmax=0.36  shape=(1, 2048)
[DEBUG layer 3] hidden: nan=0 inf=0 absmax=0.10  residual: nan=0 inf=0 absmax=0.44  shape=(1, 2048)
[DEBUG layer 4] hidden: nan=0 inf=0 absmax=0.04  residual: nan=0 inf=0 absmax=0.55  shape=(1, 2048)
[DEBUG layer 0] hidden: nan=0 inf=0 absmax=0.11  residual: nan=0 inf=0 absmax=0.30  shape=(1, 2048)
[DEBUG layer 1] hidden: nan=0 inf=0 absmax=0.04  residual: nan=0 inf=0 absmax=0.22  shape=(1, 2048)
[DEBUG layer 2] hidden: nan=0 inf=0 absmax=0.05  residual: nan=0 inf=0 absmax=0.21  shape=(1, 2048)
[DEBUG layer 3] hidden: nan=0 inf=0 absmax=0.11  residual: nan=0 inf=0 absmax=0.23  shape=(1, 2048)
[DEBUG layer 4] hidden: nan=0 inf=0 absmax=0.04  residual: nan=0 inf=0 absmax=0.24  shape=(1, 2048)
[DEBUG layer 0] hidden: nan=0 inf=0 absmax=0.09  residual: nan=0 inf=0 absmax=0.29  shape=(1, 2048)
[DEBUG layer 1] hidden: nan=0 inf=0 absmax=0.03  residual: nan=0 inf=0 absmax=0.35  shape=(1, 2048)
[DEBUG layer 2] hidden: nan=0 inf=0 absmax=0.11  residual: nan=0 inf=0 absmax=0.35  shape=(1, 2048)
[DEBUG layer 3] hidden: nan=0 inf=0 absmax=0.06  residual: nan=0 inf=0 absmax=0.40  shape=(1, 2048)
[DEBUG layer 4] hidden: nan=0 inf=0 absmax=0.05  residual: nan=0 inf=0 absmax=0.48  shape=(1, 2048)
[DEBUG layer 0] hidden: nan=0 inf=0 absmax=0.54  residual: nan=0 inf=0 absmax=0.68  shape=(8, 4096)
[DEBUG layer 0] hidden: nan=0 inf=0 absmax=0.54  residual: nan=0 inf=0 absmax=0.68  shape=(8, 4096)
[DEBUG layer 1] hidden: nan=0 inf=0 absmax=0.31  residual: nan=0 inf=0 absmax=1.08  shape=(8, 4096)
[DEBUG layer 1] hidden: nan=0 inf=0 absmax=0.31  residual: nan=0 inf=0 absmax=1.08  shape=(8, 4096)
[DEBUG layer 2] hidden: nan=0 inf=0 absmax=0.28  residual: nan=0 inf=0 absmax=1.00  shape=(8, 4096)
[DEBUG layer 2] hidden: nan=0 inf=0 absmax=0.28  residual: nan=0 inf=0 absmax=1.00  shape=(8, 4096)
[DEBUG layer 3] hidden: nan=0 inf=0 absmax=1.01  residual: nan=0 inf=0 absmax=1.24  shape=(8, 4096)
[DEBUG layer 3] hidden: nan=0 inf=0 absmax=1.01  residual: nan=0 inf=0 absmax=1.24  shape=(8, 4096)
[DEBUG layer 4] hidden: nan=0 inf=0 absmax=0.63  residual: nan=0 inf=0 absmax=0.97  shape=(8, 4096)
[DEBUG layer 4] hidden: nan=0 inf=0 absmax=0.63  residual: nan=0 inf=0 absmax=0.97  shape=(8, 4096)
[DEBUG verify] logits_p shape=(1, 8, 32000) inf=0 nan=0 max=13.83 min=-16.45
[DEBUG layer 0] hidden: nan=0 inf=0 absmax=0.12  residual: nan=0 inf=0 absmax=0.23  shape=(1, 2048)
[DEBUG layer 1] hidden: nan=0 inf=0 absmax=0.06  residual: nan=0 inf=0 absmax=0.24  shape=(1, 2048)
[DEBUG layer 2] hidden: nan=0 inf=0 absmax=0.09  residual: nan=0 inf=0 absmax=0.17  shape=(1, 2048)
[DEBUG layer 3] hidden: nan=0 inf=0 absmax=0.07  residual: nan=0 inf=0 absmax=0.21  shape=(1, 2048)
[DEBUG layer 4] hidden: nan=0 inf=0 absmax=0.06  residual: nan=0 inf=0 absmax=0.26  shape=(1, 2048)
[DEBUG layer 0] hidden: nan=0 inf=0 absmax=0.09  residual: nan=0 inf=0 absmax=0.29  shape=(1, 2048)
[DEBUG layer 1] hidden: nan=0 inf=0 absmax=0.03  residual: nan=0 inf=0 absmax=0.32  shape=(1, 2048)
[DEBUG layer 2] hidden: nan=0 inf=0 absmax=0.11  residual: nan=0 inf=0 absmax=0.38  shape=(1, 2048)
[DEBUG layer 3] hidden: nan=0 inf=0 absmax=0.05  residual: nan=0 inf=0 absmax=0.39  shape=(1, 2048)
[DEBUG layer 4] hidden: nan=0 inf=0 absmax=0.06  residual: nan=0 inf=0 absmax=0.40  shape=(1, 2048)
[DEBUG layer 0] hidden: nan=0 inf=0 absmax=0.16  residual: nan=0 inf=0 absmax=0.23  shape=(1, 2048)
[DEBUG layer 1] hidden: nan=0 inf=0 absmax=0.05  residual: nan=0 inf=0 absmax=0.35  shape=(1, 2048)
[DEBUG layer 2] hidden: nan=0 inf=0 absmax=0.08  residual: nan=0 inf=0 absmax=0.20  shape=(1, 2048)
[DEBUG layer 3] hidden: nan=0 inf=0 absmax=0.05  residual: nan=0 inf=0 absmax=0.18  shape=(1, 2048)
[DEBUG layer 4] hidden: nan=0 inf=0 absmax=0.05  residual: nan=0 inf=0 absmax=0.23  shape=(1, 2048)
[DEBUG layer 0] hidden: nan=0 inf=0 absmax=0.07  residual: nan=0 inf=0 absmax=0.29  shape=(1, 2048)
[DEBUG layer 1] hidden: nan=0 inf=0 absmax=0.05  residual: nan=0 inf=0 absmax=0.30  shape=(1, 2048)
[DEBUG layer 2] hidden: nan=0 inf=0 absmax=0.14  residual: nan=0 inf=0 absmax=0.34  shape=(1, 2048)
[DEBUG layer 3] hidden: nan=0 inf=0 absmax=0.09  residual: nan=0 inf=0 absmax=0.31  shape=(1, 2048)
[DEBUG layer 4] hidden: nan=0 inf=0 absmax=0.06  residual: nan=0 inf=0 absmax=0.26  shape=(1, 2048)
[DEBUG layer 0] hidden: nan=0 inf=0 absmax=0.13  residual: nan=0 inf=0 absmax=0.24  shape=(1, 2048)
[DEBUG layer 1] hidden: nan=0 inf=0 absmax=0.06  residual: nan=0 inf=0 absmax=0.32  shape=(1, 2048)
[DEBUG layer 2] hidden: nan=0 inf=0 absmax=0.06  residual: nan=0 inf=0 absmax=0.20  shape=(1, 2048)
[DEBUG layer 3] hidden: nan=0 inf=0 absmax=0.05  residual: nan=0 inf=0 absmax=0.18  shape=(1, 2048)
[DEBUG layer 4] hidden: nan=0 inf=0 absmax=0.06  residual: nan=0 inf=0 absmax=0.17  shape=(1, 2048)
[DEBUG layer 0] hidden: nan=0 inf=0 absmax=0.07  residual: nan=0 inf=0 absmax=0.29  shape=(1, 2048)
[DEBUG layer 1] hidden: nan=0 inf=0 absmax=0.04  residual: nan=0 inf=0 absmax=0.30  shape=(1, 2048)
[DEBUG layer 2] hidden: nan=0 inf=0 absmax=0.15  residual: nan=0 inf=0 absmax=0.33  shape=(1, 2048)
[DEBUG layer 3] hidden: nan=0 inf=0 absmax=0.06  residual: nan=0 inf=0 absmax=0.29  shape=(1, 2048)
[DEBUG layer 4] hidden: nan=0 inf=0 absmax=0.05  residual: nan=0 inf=0 absmax=0.29  shape=(1, 2048)
[DEBUG layer 0] hidden: nan=0 inf=0 absmax=0.11  residual: nan=0 inf=0 absmax=0.23  shape=(1, 2048)
[DEBUG layer 1] hidden: nan=0 inf=0 absmax=0.05  residual: nan=0 inf=0 absmax=0.30  shape=(1, 2048)
[DEBUG layer 2] hidden: nan=0 inf=0 absmax=0.07  residual: nan=0 inf=0 absmax=0.20  shape=(1, 2048)
[DEBUG layer 3] hidden: nan=0 inf=0 absmax=0.05  residual: nan=0 inf=0 absmax=0.18  shape=(1, 2048)
[DEBUG layer 4] hidden: nan=0 inf=0 absmax=0.05  residual: nan=0 inf=0 absmax=0.17  shape=(1, 2048)
[DEBUG layer 0] hidden: nan=0 inf=0 absmax=0.07  residual: nan=0 inf=0 absmax=0.29  shape=(1, 2048)
[DEBUG layer 1] hidden: nan=0 inf=0 absmax=0.03  residual: nan=0 inf=0 absmax=0.30  shape=(1, 2048)
[DEBUG layer 2] hidden: nan=0 inf=0 absmax=0.17  residual: nan=0 inf=0 absmax=0.32  shape=(1, 2048)
[DEBUG layer 3] hidden: nan=0 inf=0 absmax=0.10  residual: nan=0 inf=0 absmax=0.25  shape=(1, 2048)
[DEBUG layer 4] hidden: nan=0 inf=0 absmax=0.06  residual: nan=0 inf=0 absmax=0.23  shape=(1, 2048)
[DEBUG layer 0] hidden: nan=0 inf=0 absmax=0.37  residual: nan=0 inf=0 absmax=0.68  shape=(8, 4096)
[DEBUG layer 0] hidden: nan=0 inf=0 absmax=0.37  residual: nan=0 inf=0 absmax=0.68  shape=(8, 4096)
[DEBUG layer 1] hidden: nan=0 inf=0 absmax=0.36  residual: nan=0 inf=0 absmax=1.05  shape=(8, 4096)
[DEBUG layer 1] hidden: nan=0 inf=0 absmax=0.36  residual: nan=0 inf=0 absmax=1.05  shape=(8, 4096)
[DEBUG layer 2] hidden: nan=0 inf=0 absmax=0.21  residual: nan=0 inf=0 absmax=0.79  shape=(8, 4096)
[DEBUG layer 2] hidden: nan=0 inf=0 absmax=0.21  residual: nan=0 inf=0 absmax=0.79  shape=(8, 4096)
[DEBUG layer 3] hidden: nan=0 inf=0 absmax=0.80  residual: nan=0 inf=0 absmax=0.82  shape=(8, 4096)
[DEBUG layer 3] hidden: nan=0 inf=0 absmax=0.80  residual: nan=0 inf=0 absmax=0.82  shape=(8, 4096)
[DEBUG layer 4] hidden: nan=0 inf=0 absmax=0.74  residual: nan=0 inf=0 absmax=0.73  shape=(8, 4096)
[DEBUG layer 4] hidden: nan=0 inf=0 absmax=0.74  residual: nan=0 inf=0 absmax=0.73  shape=(8, 4096)
[DEBUG verify] logits_p shape=(1, 8, 32000) inf=0 nan=0 max=14.55 min=-19.95
[DEBUG layer 0] hidden: nan=0 inf=0 absmax=0.07  residual: nan=0 inf=0 absmax=0.20  shape=(1, 2048)
[DEBUG layer 1] hidden: nan=0 inf=0 absmax=0.06  residual: nan=0 inf=0 absmax=0.29  shape=(1, 2048)
[DEBUG layer 2] hidden: nan=0 inf=0 absmax=0.06  residual: nan=0 inf=0 absmax=0.28  shape=(1, 2048)
[DEBUG layer 3] hidden: nan=0 inf=0 absmax=0.09  residual: nan=0 inf=0 absmax=0.42  shape=(1, 2048)
[DEBUG layer 4] hidden: nan=0 inf=0 absmax=0.04  residual: nan=0 inf=0 absmax=0.46  shape=(1, 2048)
[DEBUG layer 0] hidden: nan=0 inf=0 absmax=0.05  residual: nan=0 inf=0 absmax=0.20  shape=(1, 2048)
[DEBUG layer 1] hidden: nan=0 inf=0 absmax=0.05  residual: nan=0 inf=0 absmax=0.27  shape=(1, 2048)
[DEBUG layer 2] hidden: nan=0 inf=0 absmax=0.09  residual: nan=0 inf=0 absmax=0.32  shape=(1, 2048)
[DEBUG layer 3] hidden: nan=0 inf=0 absmax=0.14  residual: nan=0 inf=0 absmax=0.39  shape=(1, 2048)
[DEBUG layer 4] hidden: nan=0 inf=0 absmax=0.17  residual: nan=0 inf=0 absmax=0.43  shape=(1, 2048)
[DEBUG layer 0] hidden: nan=0 inf=0 absmax=0.06  residual: nan=0 inf=0 absmax=0.21  shape=(1, 2048)
[DEBUG layer 1] hidden: nan=0 inf=0 absmax=0.03  residual: nan=0 inf=0 absmax=0.29  shape=(1, 2048)
[DEBUG layer 2] hidden: nan=0 inf=0 absmax=0.10  residual: nan=0 inf=0 absmax=0.33  shape=(1, 2048)
[DEBUG layer 3] hidden: nan=0 inf=0 absmax=0.18  residual: nan=0 inf=0 absmax=0.34  shape=(1, 2048)
[DEBUG layer 4] hidden: nan=0 inf=0 absmax=0.05  residual: nan=0 inf=0 absmax=0.29  shape=(1, 2048)
[DEBUG layer 0] hidden: nan=0 inf=0 absmax=0.30  residual: nan=0 inf=0 absmax=0.23  shape=(1, 2048)
[DEBUG layer 1] hidden: nan=0 inf=0 absmax=0.05  residual: nan=0 inf=0 absmax=0.52  shape=(1, 2048)
[DEBUG layer 2] hidden: nan=0 inf=0 absmax=0.26  residual: nan=0 inf=0 absmax=0.60  shape=(1, 2048)
[DEBUG layer 3] hidden: nan=0 inf=0 absmax=0.13  residual: nan=0 inf=0 absmax=0.36  shape=(1, 2048)
[DEBUG layer 4] hidden: nan=0 inf=0 absmax=0.10  residual: nan=0 inf=0 absmax=0.35  shape=(1, 2048)
[DEBUG layer 0] hidden: nan=0 inf=0 absmax=0.09  residual: nan=0 inf=0 absmax=0.20  shape=(1, 2048)
[DEBUG layer 1] hidden: nan=0 inf=0 absmax=0.11  residual: nan=0 inf=0 absmax=0.21  shape=(1, 2048)
[DEBUG layer 2] hidden: nan=0 inf=0 absmax=0.08  residual: nan=0 inf=0 absmax=0.38  shape=(1, 2048)
[DEBUG layer 3] hidden: nan=0 inf=0 absmax=0.10  residual: nan=0 inf=0 absmax=0.30  shape=(1, 2048)
[DEBUG layer 4] hidden: nan=0 inf=0 absmax=0.07  residual: nan=0 inf=0 absmax=0.29  shape=(1, 2048)
[DEBUG layer 0] hidden: nan=0 inf=0 absmax=0.05  residual: nan=0 inf=0 absmax=0.31  shape=(1, 2048)
[DEBUG layer 1] hidden: nan=0 inf=0 absmax=0.04  residual: nan=0 inf=0 absmax=0.30  shape=(1, 2048)
[DEBUG layer 2] hidden: nan=0 inf=0 absmax=0.07  residual: nan=0 inf=0 absmax=0.25  shape=(1, 2048)
[DEBUG layer 3] hidden: nan=0 inf=0 absmax=0.08  residual: nan=0 inf=0 absmax=0.30  shape=(1, 2048)
[DEBUG layer 4] hidden: nan=0 inf=0 absmax=0.08  residual: nan=0 inf=0 absmax=0.33  shape=(1, 2048)
[DEBUG layer 0] hidden: nan=0 inf=0 absmax=0.03  residual: nan=0 inf=0 absmax=0.33  shape=(1, 2048)
[DEBUG layer 1] hidden: nan=0 inf=0 absmax=0.08  residual: nan=0 inf=0 absmax=0.38  shape=(1, 2048)
[DEBUG layer 2] hidden: nan=0 inf=0 absmax=0.07  residual: nan=0 inf=0 absmax=0.34  shape=(1, 2048)
[DEBUG layer 3] hidden: nan=0 inf=0 absmax=0.09  residual: nan=0 inf=0 absmax=0.36  shape=(1, 2048)
[DEBUG layer 4] hidden: nan=0 inf=0 absmax=0.12  residual: nan=0 inf=0 absmax=0.37  shape=(1, 2048)
[DEBUG layer 0] hidden: nan=0 inf=0 absmax=0.11  residual: nan=0 inf=0 absmax=0.25  shape=(1, 2048)
[DEBUG layer 1] hidden: nan=0 inf=0 absmax=0.04  residual: nan=0 inf=0 absmax=0.38  shape=(1, 2048)
[DEBUG layer 2] hidden: nan=0 inf=0 absmax=0.04  residual: nan=0 inf=0 absmax=0.42  shape=(1, 2048)
[DEBUG layer 3] hidden: nan=0 inf=0 absmax=0.13  residual: nan=0 inf=0 absmax=0.51  shape=(1, 2048)
[DEBUG layer 4] hidden: nan=0 inf=0 absmax=0.06  residual: nan=0 inf=0 absmax=0.46  shape=(1, 2048)
[DEBUG layer 0] hidden: nan=0 inf=0 absmax=0.54  residual: nan=0 inf=0 absmax=0.67  shape=(8, 4096)
[DEBUG layer 0] hidden: nan=0 inf=0 absmax=0.54  residual: nan=0 inf=0 absmax=0.67  shape=(8, 4096)
[DEBUG layer 1] hidden: nan=0 inf=0 absmax=0.38  residual: nan=0 inf=0 absmax=0.85  shape=(8, 4096)
[DEBUG layer 1] hidden: nan=0 inf=0 absmax=0.38  residual: nan=0 inf=0 absmax=0.85  shape=(8, 4096)
[DEBUG layer 2] hidden: nan=0 inf=0 absmax=0.33  residual: nan=0 inf=0 absmax=0.96  shape=(8, 4096)
[DEBUG layer 2] hidden: nan=0 inf=0 absmax=0.33  residual: nan=0 inf=0 absmax=0.96  shape=(8, 4096)
[DEBUG layer 3] hidden: nan=0 inf=0 absmax=0.72  residual: nan=0 inf=0 absmax=0.99  shape=(8, 4096)
[DEBUG layer 3] hidden: nan=0 inf=0 absmax=0.72  residual: nan=0 inf=0 absmax=0.99  shape=(8, 4096)
[DEBUG layer 4] hidden: nan=0 inf=0 absmax=0.66  residual: nan=0 inf=0 absmax=0.97  shape=(8, 4096)
[DEBUG layer 4] hidden: nan=0 inf=0 absmax=0.66  residual: nan=0 inf=0 absmax=0.97  shape=(8, 4096)
[DEBUG verify] logits_p shape=(1, 8, 32000) inf=0 nan=0 max=11.71 min=-17.05
[DEBUG layer 0] hidden: nan=0 inf=0 absmax=0.17  residual: nan=0 inf=0 absmax=0.20  shape=(1, 2048)
[DEBUG layer 1] hidden: nan=0 inf=0 absmax=0.06  residual: nan=0 inf=0 absmax=0.36  shape=(1, 2048)
[DEBUG layer 2] hidden: nan=0 inf=0 absmax=0.13  residual: nan=0 inf=0 absmax=0.43  shape=(1, 2048)
[DEBUG layer 3] hidden: nan=0 inf=0 absmax=0.12  residual: nan=0 inf=0 absmax=0.34  shape=(1, 2048)
[DEBUG layer 4] hidden: nan=0 inf=0 absmax=0.07  residual: nan=0 inf=0 absmax=0.51  shape=(1, 2048)
[DEBUG layer 0] hidden: nan=0 inf=0 absmax=0.07  residual: nan=0 inf=0 absmax=0.30  shape=(1, 2048)
[DEBUG layer 1] hidden: nan=0 inf=0 absmax=0.04  residual: nan=0 inf=0 absmax=0.31  shape=(1, 2048)
[DEBUG layer 2] hidden: nan=0 inf=0 absmax=0.15  residual: nan=0 inf=0 absmax=0.35  shape=(1, 2048)
[DEBUG layer 3] hidden: nan=0 inf=0 absmax=0.13  residual: nan=0 inf=0 absmax=0.35  shape=(1, 2048)
[DEBUG layer 4] hidden: nan=0 inf=0 absmax=0.06  residual: nan=0 inf=0 absmax=0.37  shape=(1, 2048)
[DEBUG layer 0] hidden: nan=0 inf=0 absmax=0.08  residual: nan=0 inf=0 absmax=0.23  shape=(1, 2048)
[DEBUG layer 1] hidden: nan=0 inf=0 absmax=0.04  residual: nan=0 inf=0 absmax=0.31  shape=(1, 2048)
[DEBUG layer 2] hidden: nan=0 inf=0 absmax=0.12  residual: nan=0 inf=0 absmax=0.36  shape=(1, 2048)
[DEBUG layer 3] hidden: nan=0 inf=0 absmax=0.18  residual: nan=0 inf=0 absmax=0.41  shape=(1, 2048)
[DEBUG layer 4] hidden: nan=0 inf=0 absmax=0.06  residual: nan=0 inf=0 absmax=0.43  shape=(1, 2048)
[DEBUG layer 0] hidden: nan=0 inf=0 absmax=0.04  residual: nan=0 inf=0 absmax=0.27  shape=(1, 2048)
[DEBUG layer 1] hidden: nan=0 inf=0 absmax=0.06  residual: nan=0 inf=0 absmax=0.29  shape=(1, 2048)
[DEBUG layer 2] hidden: nan=0 inf=0 absmax=0.05  residual: nan=0 inf=0 absmax=0.28  shape=(1, 2048)
[DEBUG layer 3] hidden: nan=0 inf=0 absmax=0.12  residual: nan=0 inf=0 absmax=0.26  shape=(1, 2048)
[DEBUG layer 4] hidden: nan=0 inf=0 absmax=0.06  residual: nan=0 inf=0 absmax=0.30  shape=(1, 2048)
[DEBUG layer 0] hidden: nan=0 inf=0 absmax=0.04  residual: nan=0 inf=0 absmax=0.30  shape=(1, 2048)
[DEBUG layer 1] hidden: nan=0 inf=0 absmax=0.03  residual: nan=0 inf=0 absmax=0.32  shape=(1, 2048)
[DEBUG layer 2] hidden: nan=0 inf=0 absmax=0.14  residual: nan=0 inf=0 absmax=0.36  shape=(1, 2048)
[DEBUG layer 3] hidden: nan=0 inf=0 absmax=0.14  residual: nan=0 inf=0 absmax=0.34  shape=(1, 2048)
[DEBUG layer 4] hidden: nan=0 inf=0 absmax=0.06  residual: nan=0 inf=0 absmax=0.42  shape=(1, 2048)
[DEBUG layer 0] hidden: nan=0 inf=0 absmax=0.06  residual: nan=0 inf=0 absmax=0.28  shape=(1, 2048)
[DEBUG layer 1] hidden: nan=0 inf=0 absmax=0.12  residual: nan=0 inf=0 absmax=0.31  shape=(1, 2048)
[DEBUG layer 2] hidden: nan=0 inf=0 absmax=0.09  residual: nan=0 inf=0 absmax=0.50  shape=(1, 2048)
[DEBUG layer 3] hidden: nan=0 inf=0 absmax=0.13  residual: nan=0 inf=0 absmax=0.52  shape=(1, 2048)
[DEBUG layer 4] hidden: nan=0 inf=0 absmax=0.06  residual: nan=0 inf=0 absmax=0.57  shape=(1, 2048)
[DEBUG layer 0] hidden: nan=0 inf=0 absmax=0.10  residual: nan=0 inf=0 absmax=0.31  shape=(1, 2048)
[DEBUG layer 1] hidden: nan=0 inf=0 absmax=0.06  residual: nan=0 inf=0 absmax=0.26  shape=(1, 2048)
[DEBUG layer 2] hidden: nan=0 inf=0 absmax=0.03  residual: nan=0 inf=0 absmax=0.35  shape=(1, 2048)
[DEBUG layer 3] hidden: nan=0 inf=0 absmax=0.11  residual: nan=0 inf=0 absmax=0.41  shape=(1, 2048)
[DEBUG layer 4] hidden: nan=0 inf=0 absmax=0.04  residual: nan=0 inf=0 absmax=0.47  shape=(1, 2048)
[DEBUG layer 0] hidden: nan=0 inf=0 absmax=0.11  residual: nan=0 inf=0 absmax=0.30  shape=(1, 2048)
[DEBUG layer 1] hidden: nan=0 inf=0 absmax=0.04  residual: nan=0 inf=0 absmax=0.23  shape=(1, 2048)
[DEBUG layer 2] hidden: nan=0 inf=0 absmax=0.06  residual: nan=0 inf=0 absmax=0.19  shape=(1, 2048)
[DEBUG layer 3] hidden: nan=0 inf=0 absmax=0.10  residual: nan=0 inf=0 absmax=0.19  shape=(1, 2048)
[DEBUG layer 4] hidden: nan=0 inf=0 absmax=0.06  residual: nan=0 inf=0 absmax=0.22  shape=(1, 2048)
[DEBUG layer 0] hidden: nan=0 inf=0 absmax=0.32  residual: nan=0 inf=0 absmax=0.68  shape=(8, 4096)
[DEBUG layer 0] hidden: nan=0 inf=0 absmax=0.32  residual: nan=0 inf=0 absmax=0.68  shape=(8, 4096)
[DEBUG layer 1] hidden: nan=0 inf=0 absmax=0.31  residual: nan=0 inf=0 absmax=1.06  shape=(8, 4096)
[DEBUG layer 1] hidden: nan=0 inf=0 absmax=0.31  residual: nan=0 inf=0 absmax=1.06  shape=(8, 4096)
[DEBUG layer 2] hidden: nan=0 inf=0 absmax=0.24  residual: nan=0 inf=0 absmax=0.93  shape=(8, 4096)
[DEBUG layer 2] hidden: nan=0 inf=0 absmax=0.24  residual: nan=0 inf=0 absmax=0.93  shape=(8, 4096)
[DEBUG layer 3] hidden: nan=0 inf=0 absmax=0.75  residual: nan=0 inf=0 absmax=1.11  shape=(8, 4096)
[DEBUG layer 3] hidden: nan=0 inf=0 absmax=0.75  residual: nan=0 inf=0 absmax=1.11  shape=(8, 4096)
[DEBUG layer 4] hidden: nan=0 inf=0 absmax=0.61  residual: nan=0 inf=0 absmax=0.71  shape=(8, 4096)
[DEBUG layer 4] hidden: nan=0 inf=0 absmax=0.61  residual: nan=0 inf=0 absmax=0.71  shape=(8, 4096)
[DEBUG verify] logits_p shape=(1, 8, 32000) inf=0 nan=0 max=16.22 min=-17.58
[DEBUG layer 0] hidden: nan=0 inf=0 absmax=0.12  residual: nan=0 inf=0 absmax=0.25  shape=(1, 2048)
[DEBUG layer 1] hidden: nan=0 inf=0 absmax=0.03  residual: nan=0 inf=0 absmax=0.37  shape=(1, 2048)
[DEBUG layer 2] hidden: nan=0 inf=0 absmax=0.04  residual: nan=0 inf=0 absmax=0.34  shape=(1, 2048)
[DEBUG layer 3] hidden: nan=0 inf=0 absmax=0.14  residual: nan=0 inf=0 absmax=0.42  shape=(1, 2048)
[DEBUG layer 4] hidden: nan=0 inf=0 absmax=0.06  residual: nan=0 inf=0 absmax=0.48  shape=(1, 2048)
[DEBUG layer 0] hidden: nan=0 inf=0 absmax=0.06  residual: nan=0 inf=0 absmax=0.30  shape=(1, 2048)
[DEBUG layer 1] hidden: nan=0 inf=0 absmax=0.04  residual: nan=0 inf=0 absmax=0.31  shape=(1, 2048)
[DEBUG layer 2] hidden: nan=0 inf=0 absmax=0.15  residual: nan=0 inf=0 absmax=0.40  shape=(1, 2048)
[DEBUG layer 3] hidden: nan=0 inf=0 absmax=0.16  residual: nan=0 inf=0 absmax=0.39  shape=(1, 2048)
[DEBUG layer 4] hidden: nan=0 inf=0 absmax=0.05  residual: nan=0 inf=0 absmax=0.32  shape=(1, 2048)
[DEBUG layer 0] hidden: nan=0 inf=0 absmax=0.14  residual: nan=0 inf=0 absmax=0.24  shape=(1, 2048)
[DEBUG layer 1] hidden: nan=0 inf=0 absmax=0.06  residual: nan=0 inf=0 absmax=0.34  shape=(1, 2048)
[DEBUG layer 2] hidden: nan=0 inf=0 absmax=0.08  residual: nan=0 inf=0 absmax=0.23  shape=(1, 2048)
[DEBUG layer 3] hidden: nan=0 inf=0 absmax=0.09  residual: nan=0 inf=0 absmax=0.22  shape=(1, 2048)
[DEBUG layer 4] hidden: nan=0 inf=0 absmax=0.08  residual: nan=0 inf=0 absmax=0.23  shape=(1, 2048)
[DEBUG layer 0] hidden: nan=0 inf=0 absmax=0.07  residual: nan=0 inf=0 absmax=0.30  shape=(1, 2048)
[DEBUG layer 1] hidden: nan=0 inf=0 absmax=0.04  residual: nan=0 inf=0 absmax=0.30  shape=(1, 2048)
[DEBUG layer 2] hidden: nan=0 inf=0 absmax=0.16  residual: nan=0 inf=0 absmax=0.38  shape=(1, 2048)
[DEBUG layer 3] hidden: nan=0 inf=0 absmax=0.13  residual: nan=0 inf=0 absmax=0.35  shape=(1, 2048)
[DEBUG layer 4] hidden: nan=0 inf=0 absmax=0.06  residual: nan=0 inf=0 absmax=0.35  shape=(1, 2048)
[DEBUG layer 0] hidden: nan=0 inf=0 absmax=0.16  residual: nan=0 inf=0 absmax=0.23  shape=(1, 2048)
[DEBUG layer 1] hidden: nan=0 inf=0 absmax=0.05  residual: nan=0 inf=0 absmax=0.34  shape=(1, 2048)
[DEBUG layer 2] hidden: nan=0 inf=0 absmax=0.06  residual: nan=0 inf=0 absmax=0.22  shape=(1, 2048)
[DEBUG layer 3] hidden: nan=0 inf=0 absmax=0.06  residual: nan=0 inf=0 absmax=0.21  shape=(1, 2048)
[DEBUG layer 4] hidden: nan=0 inf=0 absmax=0.05  residual: nan=0 inf=0 absmax=0.29  shape=(1, 2048)
[DEBUG layer 0] hidden: nan=0 inf=0 absmax=0.07  residual: nan=0 inf=0 absmax=0.30  shape=(1, 2048)
[DEBUG layer 1] hidden: nan=0 inf=0 absmax=0.05  residual: nan=0 inf=0 absmax=0.30  shape=(1, 2048)
[DEBUG layer 2] hidden: nan=0 inf=0 absmax=0.16  residual: nan=0 inf=0 absmax=0.37  shape=(1, 2048)
[DEBUG layer 3] hidden: nan=0 inf=0 absmax=0.12  residual: nan=0 inf=0 absmax=0.34  shape=(1, 2048)
[DEBUG layer 4] hidden: nan=0 inf=0 absmax=0.07  residual: nan=0 inf=0 absmax=0.32  shape=(1, 2048)
[DEBUG layer 0] hidden: nan=0 inf=0 absmax=0.07  residual: nan=0 inf=0 absmax=0.20  shape=(1, 2048)
[DEBUG layer 1] hidden: nan=0 inf=0 absmax=0.07  residual: nan=0 inf=0 absmax=0.28  shape=(1, 2048)
[DEBUG layer 2] hidden: nan=0 inf=0 absmax=0.07  residual: nan=0 inf=0 absmax=0.29  shape=(1, 2048)
[DEBUG layer 3] hidden: nan=0 inf=0 absmax=0.09  residual: nan=0 inf=0 absmax=0.38  shape=(1, 2048)
[DEBUG layer 4] hidden: nan=0 inf=0 absmax=0.05  residual: nan=0 inf=0 absmax=0.43  shape=(1, 2048)
[DEBUG layer 0] hidden: nan=0 inf=0 absmax=0.17  residual: nan=0 inf=0 absmax=0.20  shape=(1, 2048)
[DEBUG layer 1] hidden: nan=0 inf=0 absmax=0.06  residual: nan=0 inf=0 absmax=0.35  shape=(1, 2048)
[DEBUG layer 2] hidden: nan=0 inf=0 absmax=0.14  residual: nan=0 inf=0 absmax=0.44  shape=(1, 2048)
[DEBUG layer 3] hidden: nan=0 inf=0 absmax=0.13  residual: nan=0 inf=0 absmax=0.33  shape=(1, 2048)
[DEBUG layer 4] hidden: nan=0 inf=0 absmax=0.06  residual: nan=0 inf=0 absmax=0.52  shape=(1, 2048)
[DEBUG layer 0] hidden: nan=0 inf=0 absmax=0.45  residual: nan=0 inf=0 absmax=0.68  shape=(8, 4096)
[DEBUG layer 0] hidden: nan=0 inf=0 absmax=0.45  residual: nan=0 inf=0 absmax=0.68  shape=(8, 4096)
[DEBUG layer 1] hidden: nan=0 inf=0 absmax=0.33  residual: nan=0 inf=0 absmax=0.92  shape=(8, 4096)
[DEBUG layer 1] hidden: nan=0 inf=0 absmax=0.33  residual: nan=0 inf=0 absmax=0.92  shape=(8, 4096)
[DEBUG layer 2] hidden: nan=0 inf=0 absmax=0.13  residual: nan=0 inf=0 absmax=0.81  shape=(8, 4096)
[DEBUG layer 2] hidden: nan=0 inf=0 absmax=0.13  residual: nan=0 inf=0 absmax=0.81  shape=(8, 4096)
[DEBUG layer 3] hidden: nan=0 inf=0 absmax=0.81  residual: nan=0 inf=0 absmax=0.98  shape=(8, 4096)
[DEBUG layer 3] hidden: nan=0 inf=0 absmax=0.81  residual: nan=0 inf=0 absmax=0.98  shape=(8, 4096)
[DEBUG layer 4] hidden: nan=0 inf=0 absmax=0.73  residual: nan=0 inf=0 absmax=0.72  shape=(8, 4096)
[DEBUG layer 4] hidden: nan=0 inf=0 absmax=0.73  residual: nan=0 inf=0 absmax=0.72  shape=(8, 4096)
[DEBUG verify] logits_p shape=(1, 8, 32000) inf=0 nan=0 max=11.73 min=-18.00
[DEBUG layer 0] hidden: nan=0 inf=0 absmax=0.13  residual: nan=0 inf=0 absmax=0.25  shape=(1, 2048)
[DEBUG layer 1] hidden: nan=0 inf=0 absmax=0.03  residual: nan=0 inf=0 absmax=0.36  shape=(1, 2048)
[DEBUG layer 2] hidden: nan=0 inf=0 absmax=0.05  residual: nan=0 inf=0 absmax=0.32  shape=(1, 2048)
[DEBUG layer 3] hidden: nan=0 inf=0 absmax=0.13  residual: nan=0 inf=0 absmax=0.38  shape=(1, 2048)
[DEBUG layer 4] hidden: nan=0 inf=0 absmax=0.06  residual: nan=0 inf=0 absmax=0.43  shape=(1, 2048)
[DEBUG layer 0] hidden: nan=0 inf=0 absmax=0.06  residual: nan=0 inf=0 absmax=0.30  shape=(1, 2048)
[DEBUG layer 1] hidden: nan=0 inf=0 absmax=0.04  residual: nan=0 inf=0 absmax=0.30  shape=(1, 2048)
[DEBUG layer 2] hidden: nan=0 inf=0 absmax=0.16  residual: nan=0 inf=0 absmax=0.41  shape=(1, 2048)
[DEBUG layer 3] hidden: nan=0 inf=0 absmax=0.15  residual: nan=0 inf=0 absmax=0.39  shape=(1, 2048)
[DEBUG layer 4] hidden: nan=0 inf=0 absmax=0.05  residual: nan=0 inf=0 absmax=0.33  shape=(1, 2048)
[DEBUG layer 0] hidden: nan=0 inf=0 absmax=0.13  residual: nan=0 inf=0 absmax=0.25  shape=(1, 2048)
[DEBUG layer 1] hidden: nan=0 inf=0 absmax=0.03  residual: nan=0 inf=0 absmax=0.36  shape=(1, 2048)
[DEBUG layer 2] hidden: nan=0 inf=0 absmax=0.05  residual: nan=0 inf=0 absmax=0.31  shape=(1, 2048)
[DEBUG layer 3] hidden: nan=0 inf=0 absmax=0.14  residual: nan=0 inf=0 absmax=0.38  shape=(1, 2048)
[DEBUG layer 4] hidden: nan=0 inf=0 absmax=0.06  residual: nan=0 inf=0 absmax=0.45  shape=(1, 2048)
[DEBUG layer 0] hidden: nan=0 inf=0 absmax=0.06  residual: nan=0 inf=0 absmax=0.30  shape=(1, 2048)
[DEBUG layer 1] hidden: nan=0 inf=0 absmax=0.04  residual: nan=0 inf=0 absmax=0.30  shape=(1, 2048)
[DEBUG layer 2] hidden: nan=0 inf=0 absmax=0.17  residual: nan=0 inf=0 absmax=0.42  shape=(1, 2048)
[DEBUG layer 3] hidden: nan=0 inf=0 absmax=0.14  residual: nan=0 inf=0 absmax=0.38  shape=(1, 2048)
[DEBUG layer 4] hidden: nan=0 inf=0 absmax=0.05  residual: nan=0 inf=0 absmax=0.37  shape=(1, 2048)
[DEBUG layer 0] hidden: nan=0 inf=0 absmax=0.13  residual: nan=0 inf=0 absmax=0.25  shape=(1, 2048)
[DEBUG layer 1] hidden: nan=0 inf=0 absmax=0.03  residual: nan=0 inf=0 absmax=0.36  shape=(1, 2048)
[DEBUG layer 2] hidden: nan=0 inf=0 absmax=0.06  residual: nan=0 inf=0 absmax=0.31  shape=(1, 2048)
[DEBUG layer 3] hidden: nan=0 inf=0 absmax=0.14  residual: nan=0 inf=0 absmax=0.38  shape=(1, 2048)
[DEBUG layer 4] hidden: nan=0 inf=0 absmax=0.06  residual: nan=0 inf=0 absmax=0.46  shape=(1, 2048)
[DEBUG layer 0] hidden: nan=0 inf=0 absmax=0.06  residual: nan=0 inf=0 absmax=0.30  shape=(1, 2048)
[DEBUG layer 1] hidden: nan=0 inf=0 absmax=0.04  residual: nan=0 inf=0 absmax=0.30  shape=(1, 2048)
[DEBUG layer 2] hidden: nan=0 inf=0 absmax=0.17  residual: nan=0 inf=0 absmax=0.42  shape=(1, 2048)
[DEBUG layer 3] hidden: nan=0 inf=0 absmax=0.14  residual: nan=0 inf=0 absmax=0.37  shape=(1, 2048)
[DEBUG layer 4] hidden: nan=0 inf=0 absmax=0.05  residual: nan=0 inf=0 absmax=0.38  shape=(1, 2048)
[DEBUG layer 0] hidden: nan=0 inf=0 absmax=0.13  residual: nan=0 inf=0 absmax=0.25  shape=(1, 2048)
[DEBUG layer 1] hidden: nan=0 inf=0 absmax=0.03  residual: nan=0 inf=0 absmax=0.36  shape=(1, 2048)
[DEBUG layer 2] hidden: nan=0 inf=0 absmax=0.06  residual: nan=0 inf=0 absmax=0.31  shape=(1, 2048)
[DEBUG layer 3] hidden: nan=0 inf=0 absmax=0.14  residual: nan=0 inf=0 absmax=0.38  shape=(1, 2048)
[DEBUG layer 4] hidden: nan=0 inf=0 absmax=0.06  residual: nan=0 inf=0 absmax=0.46  shape=(1, 2048)
[DEBUG layer 0] hidden: nan=0 inf=0 absmax=0.06  residual: nan=0 inf=0 absmax=0.30  shape=(1, 2048)
[DEBUG layer 1] hidden: nan=0 inf=0 absmax=0.04  residual: nan=0 inf=0 absmax=0.30  shape=(1, 2048)
[DEBUG layer 2] hidden: nan=0 inf=0 absmax=0.17  residual: nan=0 inf=0 absmax=0.42  shape=(1, 2048)
[DEBUG layer 3] hidden: nan=0 inf=0 absmax=0.14  residual: nan=0 inf=0 absmax=0.36  shape=(1, 2048)
[DEBUG layer 4] hidden: nan=0 inf=0 absmax=0.05  residual: nan=0 inf=0 absmax=0.39  shape=(1, 2048)
[DEBUG layer 0] hidden: nan=0 inf=0 absmax=0.28  residual: nan=0 inf=0 absmax=0.63  shape=(8, 4096)
[DEBUG layer 0] hidden: nan=0 inf=0 absmax=0.28  residual: nan=0 inf=0 absmax=0.63  shape=(8, 4096)
[DEBUG layer 1] hidden: nan=0 inf=0 absmax=0.19  residual: nan=0 inf=0 absmax=0.80  shape=(8, 4096)
[DEBUG layer 1] hidden: nan=0 inf=0 absmax=0.19  residual: nan=0 inf=0 absmax=0.80  shape=(8, 4096)
[DEBUG layer 2] hidden: nan=0 inf=0 absmax=0.17  residual: nan=0 inf=0 absmax=0.69  shape=(8, 4096)
[DEBUG layer 2] hidden: nan=0 inf=0 absmax=0.17  residual: nan=0 inf=0 absmax=0.69  shape=(8, 4096)
[DEBUG layer 3] hidden: nan=0 inf=0 absmax=0.65  residual: nan=0 inf=0 absmax=0.85  shape=(8, 4096)
[DEBUG layer 3] hidden: nan=0 inf=0 absmax=0.65  residual: nan=0 inf=0 absmax=0.85  shape=(8, 4096)
[DEBUG layer 4] hidden: nan=0 inf=0 absmax=0.51  residual: nan=0 inf=0 absmax=0.68  shape=(8, 4096)
[DEBUG layer 4] hidden: nan=0 inf=0 absmax=0.51  residual: nan=0 inf=0 absmax=0.68  shape=(8, 4096)
[DEBUG verify] logits_p shape=(1, 8, 32000) inf=0 nan=0 max=15.00 min=-19.20
[DEBUG layer 0] hidden: nan=0 inf=0 absmax=0.26  residual: nan=0 inf=0 absmax=0.23  shape=(1, 2048)
[DEBUG layer 1] hidden: nan=0 inf=0 absmax=0.08  residual: nan=0 inf=0 absmax=0.46  shape=(1, 2048)
[DEBUG layer 2] hidden: nan=0 inf=0 absmax=0.07  residual: nan=0 inf=0 absmax=0.38  shape=(1, 2048)
[DEBUG layer 3] hidden: nan=0 inf=0 absmax=0.12  residual: nan=0 inf=0 absmax=0.42  shape=(1, 2048)
[DEBUG layer 4] hidden: nan=0 inf=0 absmax=0.10  residual: nan=0 inf=0 absmax=0.49  shape=(1, 2048)
[DEBUG layer 0] hidden: nan=0 inf=0 absmax=0.07  residual: nan=0 inf=0 absmax=0.30  shape=(1, 2048)
[DEBUG layer 1] hidden: nan=0 inf=0 absmax=0.06  residual: nan=0 inf=0 absmax=0.30  shape=(1, 2048)
[DEBUG layer 2] hidden: nan=0 inf=0 absmax=0.18  residual: nan=0 inf=0 absmax=0.42  shape=(1, 2048)
[DEBUG layer 3] hidden: nan=0 inf=0 absmax=0.14  residual: nan=0 inf=0 absmax=0.37  shape=(1, 2048)
[DEBUG layer 4] hidden: nan=0 inf=0 absmax=0.07  residual: nan=0 inf=0 absmax=0.43  shape=(1, 2048)
[DEBUG layer 0] hidden: nan=0 inf=0 absmax=0.07  residual: nan=0 inf=0 absmax=0.19  shape=(1, 2048)
[DEBUG layer 1] hidden: nan=0 inf=0 absmax=0.06  residual: nan=0 inf=0 absmax=0.28  shape=(1, 2048)
[DEBUG layer 2] hidden: nan=0 inf=0 absmax=0.07  residual: nan=0 inf=0 absmax=0.30  shape=(1, 2048)
[DEBUG layer 3] hidden: nan=0 inf=0 absmax=0.05  residual: nan=0 inf=0 absmax=0.38  shape=(1, 2048)
[DEBUG layer 4] hidden: nan=0 inf=0 absmax=0.07  residual: nan=0 inf=0 absmax=0.48  shape=(1, 2048)
[DEBUG layer 0] hidden: nan=0 inf=0 absmax=0.16  residual: nan=0 inf=0 absmax=0.20  shape=(1, 2048)
[DEBUG layer 1] hidden: nan=0 inf=0 absmax=0.06  residual: nan=0 inf=0 absmax=0.34  shape=(1, 2048)
[DEBUG layer 2] hidden: nan=0 inf=0 absmax=0.10  residual: nan=0 inf=0 absmax=0.39  shape=(1, 2048)
[DEBUG layer 3] hidden: nan=0 inf=0 absmax=0.10  residual: nan=0 inf=0 absmax=0.33  shape=(1, 2048)
[DEBUG layer 4] hidden: nan=0 inf=0 absmax=0.06  residual: nan=0 inf=0 absmax=0.54  shape=(1, 2048)
[DEBUG layer 0] hidden: nan=0 inf=0 absmax=0.07  residual: nan=0 inf=0 absmax=0.30  shape=(1, 2048)
[DEBUG layer 1] hidden: nan=0 inf=0 absmax=0.04  residual: nan=0 inf=0 absmax=0.31  shape=(1, 2048)
[DEBUG layer 2] hidden: nan=0 inf=0 absmax=0.16  residual: nan=0 inf=0 absmax=0.36  shape=(1, 2048)
[DEBUG layer 3] hidden: nan=0 inf=0 absmax=0.15  residual: nan=0 inf=0 absmax=0.35  shape=(1, 2048)
[DEBUG layer 4] hidden: nan=0 inf=0 absmax=0.05  residual: nan=0 inf=0 absmax=0.39  shape=(1, 2048)
[DEBUG layer 0] hidden: nan=0 inf=0 absmax=0.12  residual: nan=0 inf=0 absmax=0.25  shape=(1, 2048)
[DEBUG layer 1] hidden: nan=0 inf=0 absmax=0.03  residual: nan=0 inf=0 absmax=0.36  shape=(1, 2048)
[DEBUG layer 2] hidden: nan=0 inf=0 absmax=0.06  residual: nan=0 inf=0 absmax=0.36  shape=(1, 2048)
[DEBUG layer 3] hidden: nan=0 inf=0 absmax=0.15  residual: nan=0 inf=0 absmax=0.44  shape=(1, 2048)
[DEBUG layer 4] hidden: nan=0 inf=0 absmax=0.06  residual: nan=0 inf=0 absmax=0.54  shape=(1, 2048)
[DEBUG layer 0] hidden: nan=0 inf=0 absmax=0.06  residual: nan=0 inf=0 absmax=0.31  shape=(1, 2048)
[DEBUG layer 1] hidden: nan=0 inf=0 absmax=0.04  residual: nan=0 inf=0 absmax=0.30  shape=(1, 2048)
[DEBUG layer 2] hidden: nan=0 inf=0 absmax=0.17  residual: nan=0 inf=0 absmax=0.41  shape=(1, 2048)
[DEBUG layer 3] hidden: nan=0 inf=0 absmax=0.18  residual: nan=0 inf=0 absmax=0.37  shape=(1, 2048)
[DEBUG layer 4] hidden: nan=0 inf=0 absmax=0.05  residual: nan=0 inf=0 absmax=0.40  shape=(1, 2048)
[DEBUG layer 0] hidden: nan=0 inf=0 absmax=0.12  residual: nan=0 inf=0 absmax=0.25  shape=(1, 2048)
[DEBUG layer 1] hidden: nan=0 inf=0 absmax=0.03  residual: nan=0 inf=0 absmax=0.36  shape=(1, 2048)
[DEBUG layer 2] hidden: nan=0 inf=0 absmax=0.06  residual: nan=0 inf=0 absmax=0.33  shape=(1, 2048)
[DEBUG layer 3] hidden: nan=0 inf=0 absmax=0.14  residual: nan=0 inf=0 absmax=0.39  shape=(1, 2048)
[DEBUG layer 4] hidden: nan=0 inf=0 absmax=0.06  residual: nan=0 inf=0 absmax=0.48  shape=(1, 2048)
[DEBUG layer 0] hidden: nan=0 inf=0 absmax=0.41  residual: nan=0 inf=0 absmax=0.67  shape=(8, 4096)
[DEBUG layer 0] hidden: nan=0 inf=0 absmax=0.41  residual: nan=0 inf=0 absmax=0.67  shape=(8, 4096)
[DEBUG layer 1] hidden: nan=0 inf=0 absmax=0.24  residual: nan=0 inf=0 absmax=0.87  shape=(8, 4096)
[DEBUG layer 1] hidden: nan=0 inf=0 absmax=0.24  residual: nan=0 inf=0 absmax=0.87  shape=(8, 4096)
[DEBUG layer 2] hidden: nan=0 inf=0 absmax=0.14  residual: nan=0 inf=0 absmax=0.81  shape=(8, 4096)
[DEBUG layer 2] hidden: nan=0 inf=0 absmax=0.14  residual: nan=0 inf=0 absmax=0.81  shape=(8, 4096)
[DEBUG layer 3] hidden: nan=0 inf=0 absmax=0.85  residual: nan=0 inf=0 absmax=0.99  shape=(8, 4096)
[DEBUG layer 3] hidden: nan=0 inf=0 absmax=0.85  residual: nan=0 inf=0 absmax=0.99  shape=(8, 4096)
[DEBUG layer 4] hidden: nan=0 inf=0 absmax=0.84  residual: nan=0 inf=0 absmax=0.80  shape=(8, 4096)
[DEBUG layer 4] hidden: nan=0 inf=0 absmax=0.84  residual: nan=0 inf=0 absmax=0.80  shape=(8, 4096)
[DEBUG verify] logits_p shape=(1, 8, 32000) inf=0 nan=0 max=15.89 min=-18.69
[DEBUG layer 0] hidden: nan=0 inf=0 absmax=0.06  residual: nan=0 inf=0 absmax=0.30  shape=(1, 2048)
[DEBUG layer 1] hidden: nan=0 inf=0 absmax=0.03  residual: nan=0 inf=0 absmax=0.30  shape=(1, 2048)
[DEBUG layer 2] hidden: nan=0 inf=0 absmax=0.17  residual: nan=0 inf=0 absmax=0.42  shape=(1, 2048)
[DEBUG layer 3] hidden: nan=0 inf=0 absmax=0.17  residual: nan=0 inf=0 absmax=0.38  shape=(1, 2048)
[DEBUG layer 4] hidden: nan=0 inf=0 absmax=0.06  residual: nan=0 inf=0 absmax=0.42  shape=(1, 2048)
[DEBUG layer 0] hidden: nan=0 inf=0 absmax=0.26  residual: nan=0 inf=0 absmax=0.23  shape=(1, 2048)
[DEBUG layer 1] hidden: nan=0 inf=0 absmax=0.07  residual: nan=0 inf=0 absmax=0.46  shape=(1, 2048)
[DEBUG layer 2] hidden: nan=0 inf=0 absmax=0.07  residual: nan=0 inf=0 absmax=0.39  shape=(1, 2048)
[DEBUG layer 3] hidden: nan=0 inf=0 absmax=0.12  residual: nan=0 inf=0 absmax=0.44  shape=(1, 2048)
[DEBUG layer 4] hidden: nan=0 inf=0 absmax=0.15  residual: nan=0 inf=0 absmax=0.56  shape=(1, 2048)
[DEBUG layer 0] hidden: nan=0 inf=0 absmax=0.07  residual: nan=0 inf=0 absmax=0.30  shape=(1, 2048)
[DEBUG layer 1] hidden: nan=0 inf=0 absmax=0.06  residual: nan=0 inf=0 absmax=0.30  shape=(1, 2048)
[DEBUG layer 2] hidden: nan=0 inf=0 absmax=0.19  residual: nan=0 inf=0 absmax=0.42  shape=(1, 2048)
[DEBUG layer 3] hidden: nan=0 inf=0 absmax=0.14  residual: nan=0 inf=0 absmax=0.37  shape=(1, 2048)
[DEBUG layer 4] hidden: nan=0 inf=0 absmax=0.10  residual: nan=0 inf=0 absmax=0.49  shape=(1, 2048)
[DEBUG layer 0] hidden: nan=0 inf=0 absmax=0.23  residual: nan=0 inf=0 absmax=0.24  shape=(1, 2048)
[DEBUG layer 1] hidden: nan=0 inf=0 absmax=0.10  residual: nan=0 inf=0 absmax=0.41  shape=(1, 2048)
[DEBUG layer 2] hidden: nan=0 inf=0 absmax=0.07  residual: nan=0 inf=0 absmax=0.28  shape=(1, 2048)
[DEBUG layer 3] hidden: nan=0 inf=0 absmax=0.10  residual: nan=0 inf=0 absmax=0.32  shape=(1, 2048)
[DEBUG layer 4] hidden: nan=0 inf=0 absmax=0.07  residual: nan=0 inf=0 absmax=0.43  shape=(1, 2048)
[DEBUG layer 0] hidden: nan=0 inf=0 absmax=0.08  residual: nan=0 inf=0 absmax=0.30  shape=(1, 2048)
[DEBUG layer 1] hidden: nan=0 inf=0 absmax=0.06  residual: nan=0 inf=0 absmax=0.30  shape=(1, 2048)
[DEBUG layer 2] hidden: nan=0 inf=0 absmax=0.17  residual: nan=0 inf=0 absmax=0.43  shape=(1, 2048)
[DEBUG layer 3] hidden: nan=0 inf=0 absmax=0.15  residual: nan=0 inf=0 absmax=0.38  shape=(1, 2048)
[DEBUG layer 4] hidden: nan=0 inf=0 absmax=0.08  residual: nan=0 inf=0 absmax=0.47  shape=(1, 2048)
[DEBUG layer 0] hidden: nan=0 inf=0 absmax=0.08  residual: nan=0 inf=0 absmax=0.19  shape=(1, 2048)
[DEBUG layer 1] hidden: nan=0 inf=0 absmax=0.07  residual: nan=0 inf=0 absmax=0.27  shape=(1, 2048)
[DEBUG layer 2] hidden: nan=0 inf=0 absmax=0.08  residual: nan=0 inf=0 absmax=0.30  shape=(1, 2048)
[DEBUG layer 3] hidden: nan=0 inf=0 absmax=0.06  residual: nan=0 inf=0 absmax=0.39  shape=(1, 2048)
[DEBUG layer 4] hidden: nan=0 inf=0 absmax=0.10  residual: nan=0 inf=0 absmax=0.49  shape=(1, 2048)
[DEBUG layer 0] hidden: nan=0 inf=0 absmax=0.25  residual: nan=0 inf=0 absmax=0.20  shape=(1, 2048)
[DEBUG layer 1] hidden: nan=0 inf=0 absmax=0.04  residual: nan=0 inf=0 absmax=0.42  shape=(1, 2048)
[DEBUG layer 2] hidden: nan=0 inf=0 absmax=0.17  residual: nan=0 inf=0 absmax=0.49  shape=(1, 2048)
[DEBUG layer 3] hidden: nan=0 inf=0 absmax=0.12  residual: nan=0 inf=0 absmax=0.44  shape=(1, 2048)
[DEBUG layer 4] hidden: nan=0 inf=0 absmax=0.07  residual: nan=0 inf=0 absmax=0.61  shape=(1, 2048)
[DEBUG layer 0] hidden: nan=0 inf=0 absmax=0.08  residual: nan=0 inf=0 absmax=0.30  shape=(1, 2048)
[DEBUG layer 1] hidden: nan=0 inf=0 absmax=0.04  residual: nan=0 inf=0 absmax=0.31  shape=(1, 2048)
[DEBUG layer 2] hidden: nan=0 inf=0 absmax=0.16  residual: nan=0 inf=0 absmax=0.37  shape=(1, 2048)
[DEBUG layer 3] hidden: nan=0 inf=0 absmax=0.14  residual: nan=0 inf=0 absmax=0.36  shape=(1, 2048)
[DEBUG layer 4] hidden: nan=0 inf=0 absmax=0.05  residual: nan=0 inf=0 absmax=0.48  shape=(1, 2048)
[DEBUG layer 0] hidden: nan=0 inf=0 absmax=0.40  residual: nan=0 inf=0 absmax=0.63  shape=(8, 4096)
[DEBUG layer 0] hidden: nan=0 inf=0 absmax=0.40  residual: nan=0 inf=0 absmax=0.63  shape=(8, 4096)
[DEBUG layer 1] hidden: nan=0 inf=0 absmax=0.28  residual: nan=0 inf=0 absmax=0.88  shape=(8, 4096)
[DEBUG layer 1] hidden: nan=0 inf=0 absmax=0.28  residual: nan=0 inf=0 absmax=0.88  shape=(8, 4096)
[DEBUG layer 2] hidden: nan=0 inf=0 absmax=0.11  residual: nan=0 inf=0 absmax=0.72  shape=(8, 4096)
[DEBUG layer 2] hidden: nan=0 inf=0 absmax=0.11  residual: nan=0 inf=0 absmax=0.72  shape=(8, 4096)
[DEBUG layer 3] hidden: nan=0 inf=0 absmax=0.84  residual: nan=0 inf=0 absmax=0.98  shape=(8, 4096)
[DEBUG layer 3] hidden: nan=0 inf=0 absmax=0.84  residual: nan=0 inf=0 absmax=0.98  shape=(8, 4096)
[DEBUG layer 4] hidden: nan=0 inf=0 absmax=0.75  residual: nan=0 inf=0 absmax=0.70  shape=(8, 4096)
[DEBUG layer 4] hidden: nan=0 inf=0 absmax=0.75  residual: nan=0 inf=0 absmax=0.70  shape=(8, 4096)
[DEBUG verify] logits_p shape=(1, 8, 32000) inf=0 nan=0 max=16.33 min=-18.92
[DEBUG layer 0] hidden: nan=0 inf=0 absmax=0.07  residual: nan=0 inf=0 absmax=0.19  shape=(1, 2048)
[DEBUG layer 1] hidden: nan=0 inf=0 absmax=0.07  residual: nan=0 inf=0 absmax=0.28  shape=(1, 2048)
[DEBUG layer 2] hidden: nan=0 inf=0 absmax=0.08  residual: nan=0 inf=0 absmax=0.31  shape=(1, 2048)
[DEBUG layer 3] hidden: nan=0 inf=0 absmax=0.07  residual: nan=0 inf=0 absmax=0.38  shape=(1, 2048)
[DEBUG layer 4] hidden: nan=0 inf=0 absmax=0.09  residual: nan=0 inf=0 absmax=0.47  shape=(1, 2048)
[DEBUG layer 0] hidden: nan=0 inf=0 absmax=0.15  residual: nan=0 inf=0 absmax=0.21  shape=(1, 2048)
[DEBUG layer 1] hidden: nan=0 inf=0 absmax=0.06  residual: nan=0 inf=0 absmax=0.34  shape=(1, 2048)
[DEBUG layer 2] hidden: nan=0 inf=0 absmax=0.10  residual: nan=0 inf=0 absmax=0.40  shape=(1, 2048)
[DEBUG layer 3] hidden: nan=0 inf=0 absmax=0.10  residual: nan=0 inf=0 absmax=0.32  shape=(1, 2048)
[DEBUG layer 4] hidden: nan=0 inf=0 absmax=0.06  residual: nan=0 inf=0 absmax=0.55  shape=(1, 2048)
[DEBUG layer 0] hidden: nan=0 inf=0 absmax=0.07  residual: nan=0 inf=0 absmax=0.30  shape=(1, 2048)
[DEBUG layer 1] hidden: nan=0 inf=0 absmax=0.04  residual: nan=0 inf=0 absmax=0.31  shape=(1, 2048)
[DEBUG layer 2] hidden: nan=0 inf=0 absmax=0.17  residual: nan=0 inf=0 absmax=0.36  shape=(1, 2048)
[DEBUG layer 3] hidden: nan=0 inf=0 absmax=0.15  residual: nan=0 inf=0 absmax=0.34  shape=(1, 2048)
[DEBUG layer 4] hidden: nan=0 inf=0 absmax=0.05  residual: nan=0 inf=0 absmax=0.41  shape=(1, 2048)
[DEBUG layer 0] hidden: nan=0 inf=0 absmax=0.12  residual: nan=0 inf=0 absmax=0.26  shape=(1, 2048)
[DEBUG layer 1] hidden: nan=0 inf=0 absmax=0.03  residual: nan=0 inf=0 absmax=0.36  shape=(1, 2048)
[DEBUG layer 2] hidden: nan=0 inf=0 absmax=0.06  residual: nan=0 inf=0 absmax=0.37  shape=(1, 2048)
[DEBUG layer 3] hidden: nan=0 inf=0 absmax=0.15  residual: nan=0 inf=0 absmax=0.43  shape=(1, 2048)
[DEBUG layer 4] hidden: nan=0 inf=0 absmax=0.06  residual: nan=0 inf=0 absmax=0.55  shape=(1, 2048)
[DEBUG layer 0] hidden: nan=0 inf=0 absmax=0.06  residual: nan=0 inf=0 absmax=0.31  shape=(1, 2048)
[DEBUG layer 1] hidden: nan=0 inf=0 absmax=0.04  residual: nan=0 inf=0 absmax=0.30  shape=(1, 2048)
[DEBUG layer 2] hidden: nan=0 inf=0 absmax=0.18  residual: nan=0 inf=0 absmax=0.41  shape=(1, 2048)
[DEBUG layer 3] hidden: nan=0 inf=0 absmax=0.17  residual: nan=0 inf=0 absmax=0.36  shape=(1, 2048)
[DEBUG layer 4] hidden: nan=0 inf=0 absmax=0.07  residual: nan=0 inf=0 absmax=0.43  shape=(1, 2048)
[DEBUG layer 0] hidden: nan=0 inf=0 absmax=0.26  residual: nan=0 inf=0 absmax=0.23  shape=(1, 2048)
[DEBUG layer 1] hidden: nan=0 inf=0 absmax=0.07  residual: nan=0 inf=0 absmax=0.46  shape=(1, 2048)
[DEBUG layer 2] hidden: nan=0 inf=0 absmax=0.08  residual: nan=0 inf=0 absmax=0.40  shape=(1, 2048)
[DEBUG layer 3] hidden: nan=0 inf=0 absmax=0.12  residual: nan=0 inf=0 absmax=0.45  shape=(1, 2048)
[DEBUG layer 4] hidden: nan=0 inf=0 absmax=0.15  residual: nan=0 inf=0 absmax=0.60  shape=(1, 2048)
[DEBUG layer 0] hidden: nan=0 inf=0 absmax=0.08  residual: nan=0 inf=0 absmax=0.30  shape=(1, 2048)
[DEBUG layer 1] hidden: nan=0 inf=0 absmax=0.06  residual: nan=0 inf=0 absmax=0.30  shape=(1, 2048)
[DEBUG layer 2] hidden: nan=0 inf=0 absmax=0.19  residual: nan=0 inf=0 absmax=0.42  shape=(1, 2048)
[DEBUG layer 3] hidden: nan=0 inf=0 absmax=0.14  residual: nan=0 inf=0 absmax=0.36  shape=(1, 2048)
[DEBUG layer 4] hidden: nan=0 inf=0 absmax=0.12  residual: nan=0 inf=0 absmax=0.51  shape=(1, 2048)
[DEBUG layer 0] hidden: nan=0 inf=0 absmax=0.08  residual: nan=0 inf=0 absmax=0.19  shape=(1, 2048)
[DEBUG layer 1] hidden: nan=0 inf=0 absmax=0.06  residual: nan=0 inf=0 absmax=0.28  shape=(1, 2048)
[DEBUG layer 2] hidden: nan=0 inf=0 absmax=0.09  residual: nan=0 inf=0 absmax=0.31  shape=(1, 2048)
[DEBUG layer 3] hidden: nan=0 inf=0 absmax=0.08  residual: nan=0 inf=0 absmax=0.36  shape=(1, 2048)
[DEBUG layer 4] hidden: nan=0 inf=0 absmax=0.09  residual: nan=0 inf=0 absmax=0.45  shape=(1, 2048)
[DEBUG layer 0] hidden: nan=0 inf=0 absmax=0.42  residual: nan=0 inf=0 absmax=0.67  shape=(8, 4096)
[DEBUG layer 0] hidden: nan=0 inf=0 absmax=0.42  residual: nan=0 inf=0 absmax=0.67  shape=(8, 4096)
[DEBUG layer 1] hidden: nan=0 inf=0 absmax=0.25  residual: nan=0 inf=0 absmax=0.83  shape=(8, 4096)
[DEBUG layer 1] hidden: nan=0 inf=0 absmax=0.25  residual: nan=0 inf=0 absmax=0.83  shape=(8, 4096)
[DEBUG layer 2] hidden: nan=0 inf=0 absmax=0.15  residual: nan=0 inf=0 absmax=0.80  shape=(8, 4096)
[DEBUG layer 2] hidden: nan=0 inf=0 absmax=0.15  residual: nan=0 inf=0 absmax=0.80  shape=(8, 4096)
[DEBUG layer 3] hidden: nan=0 inf=0 absmax=0.83  residual: nan=0 inf=0 absmax=1.08  shape=(8, 4096)
[DEBUG layer 3] hidden: nan=0 inf=0 absmax=0.83  residual: nan=0 inf=0 absmax=1.08  shape=(8, 4096)
[DEBUG layer 4] hidden: nan=0 inf=0 absmax=0.74  residual: nan=0 inf=0 absmax=0.82  shape=(8, 4096)
[DEBUG layer 4] hidden: nan=0 inf=0 absmax=0.74  residual: nan=0 inf=0 absmax=0.82  shape=(8, 4096)
[DEBUG verify] logits_p shape=(1, 8, 32000) inf=0 nan=0 max=16.08 min=-18.14
[DEBUG layer 0] hidden: nan=0 inf=0 absmax=0.12  residual: nan=0 inf=0 absmax=0.25  shape=(1, 2048)
[DEBUG layer 1] hidden: nan=0 inf=0 absmax=0.03  residual: nan=0 inf=0 absmax=0.36  shape=(1, 2048)
[DEBUG layer 2] hidden: nan=0 inf=0 absmax=0.06  residual: nan=0 inf=0 absmax=0.33  shape=(1, 2048)
[DEBUG layer 3] hidden: nan=0 inf=0 absmax=0.14  residual: nan=0 inf=0 absmax=0.39  shape=(1, 2048)
[DEBUG layer 4] hidden: nan=0 inf=0 absmax=0.06  residual: nan=0 inf=0 absmax=0.51  shape=(1, 2048)
[DEBUG layer 0] hidden: nan=0 inf=0 absmax=0.06  residual: nan=0 inf=0 absmax=0.30  shape=(1, 2048)
[DEBUG layer 1] hidden: nan=0 inf=0 absmax=0.03  residual: nan=0 inf=0 absmax=0.30  shape=(1, 2048)
[DEBUG layer 2] hidden: nan=0 inf=0 absmax=0.18  residual: nan=0 inf=0 absmax=0.42  shape=(1, 2048)
[DEBUG layer 3] hidden: nan=0 inf=0 absmax=0.16  residual: nan=0 inf=0 absmax=0.36  shape=(1, 2048)
[DEBUG layer 4] hidden: nan=0 inf=0 absmax=0.08  residual: nan=0 inf=0 absmax=0.43  shape=(1, 2048)
[DEBUG layer 0] hidden: nan=0 inf=0 absmax=0.25  residual: nan=0 inf=0 absmax=0.23  shape=(1, 2048)
[DEBUG layer 1] hidden: nan=0 inf=0 absmax=0.07  residual: nan=0 inf=0 absmax=0.45  shape=(1, 2048)
[DEBUG layer 2] hidden: nan=0 inf=0 absmax=0.07  residual: nan=0 inf=0 absmax=0.39  shape=(1, 2048)
[DEBUG layer 3] hidden: nan=0 inf=0 absmax=0.12  residual: nan=0 inf=0 absmax=0.44  shape=(1, 2048)
[DEBUG layer 4] hidden: nan=0 inf=0 absmax=0.17  residual: nan=0 inf=0 absmax=0.59  shape=(1, 2048)
[DEBUG layer 0] hidden: nan=0 inf=0 absmax=0.08  residual: nan=0 inf=0 absmax=0.30  shape=(1, 2048)
[DEBUG layer 1] hidden: nan=0 inf=0 absmax=0.06  residual: nan=0 inf=0 absmax=0.30  shape=(1, 2048)
[DEBUG layer 2] hidden: nan=0 inf=0 absmax=0.19  residual: nan=0 inf=0 absmax=0.42  shape=(1, 2048)
[DEBUG layer 3] hidden: nan=0 inf=0 absmax=0.14  residual: nan=0 inf=0 absmax=0.36  shape=(1, 2048)
[DEBUG layer 4] hidden: nan=0 inf=0 absmax=0.13  residual: nan=0 inf=0 absmax=0.50  shape=(1, 2048)
[DEBUG layer 0] hidden: nan=0 inf=0 absmax=0.08  residual: nan=0 inf=0 absmax=0.19  shape=(1, 2048)
[DEBUG layer 1] hidden: nan=0 inf=0 absmax=0.07  residual: nan=0 inf=0 absmax=0.27  shape=(1, 2048)
[DEBUG layer 2] hidden: nan=0 inf=0 absmax=0.09  residual: nan=0 inf=0 absmax=0.31  shape=(1, 2048)
[DEBUG layer 3] hidden: nan=0 inf=0 absmax=0.07  residual: nan=0 inf=0 absmax=0.38  shape=(1, 2048)
[DEBUG layer 4] hidden: nan=0 inf=0 absmax=0.11  residual: nan=0 inf=0 absmax=0.48  shape=(1, 2048)
[DEBUG layer 0] hidden: nan=0 inf=0 absmax=0.16  residual: nan=0 inf=0 absmax=0.20  shape=(1, 2048)
[DEBUG layer 1] hidden: nan=0 inf=0 absmax=0.06  residual: nan=0 inf=0 absmax=0.33  shape=(1, 2048)
[DEBUG layer 2] hidden: nan=0 inf=0 absmax=0.10  residual: nan=0 inf=0 absmax=0.38  shape=(1, 2048)
[DEBUG layer 3] hidden: nan=0 inf=0 absmax=0.10  residual: nan=0 inf=0 absmax=0.30  shape=(1, 2048)
[DEBUG layer 4] hidden: nan=0 inf=0 absmax=0.06  residual: nan=0 inf=0 absmax=0.54  shape=(1, 2048)
[DEBUG layer 0] hidden: nan=0 inf=0 absmax=0.08  residual: nan=0 inf=0 absmax=0.30  shape=(1, 2048)
[DEBUG layer 1] hidden: nan=0 inf=0 absmax=0.04  residual: nan=0 inf=0 absmax=0.31  shape=(1, 2048)
[DEBUG layer 2] hidden: nan=0 inf=0 absmax=0.17  residual: nan=0 inf=0 absmax=0.36  shape=(1, 2048)
[DEBUG layer 3] hidden: nan=0 inf=0 absmax=0.14  residual: nan=0 inf=0 absmax=0.33  shape=(1, 2048)
[DEBUG layer 4] hidden: nan=0 inf=0 absmax=0.05  residual: nan=0 inf=0 absmax=0.40  shape=(1, 2048)
[DEBUG layer 0] hidden: nan=0 inf=0 absmax=0.12  residual: nan=0 inf=0 absmax=0.26  shape=(1, 2048)
[DEBUG layer 1] hidden: nan=0 inf=0 absmax=0.03  residual: nan=0 inf=0 absmax=0.35  shape=(1, 2048)
[DEBUG layer 2] hidden: nan=0 inf=0 absmax=0.07  residual: nan=0 inf=0 absmax=0.37  shape=(1, 2048)
[DEBUG layer 3] hidden: nan=0 inf=0 absmax=0.14  residual: nan=0 inf=0 absmax=0.42  shape=(1, 2048)
[DEBUG layer 4] hidden: nan=0 inf=0 absmax=0.06  residual: nan=0 inf=0 absmax=0.55  shape=(1, 2048)
[DEBUG layer 0] hidden: nan=0 inf=0 absmax=0.40  residual: nan=0 inf=0 absmax=0.66  shape=(8, 4096)
[DEBUG layer 0] hidden: nan=0 inf=0 absmax=0.40  residual: nan=0 inf=0 absmax=0.66  shape=(8, 4096)
[DEBUG layer 1] hidden: nan=0 inf=0 absmax=0.24  residual: nan=0 inf=0 absmax=0.82  shape=(8, 4096)
[DEBUG layer 1] hidden: nan=0 inf=0 absmax=0.24  residual: nan=0 inf=0 absmax=0.82  shape=(8, 4096)
[DEBUG layer 2] hidden: nan=0 inf=0 absmax=0.15  residual: nan=0 inf=0 absmax=0.80  shape=(8, 4096)
[DEBUG layer 2] hidden: nan=0 inf=0 absmax=0.15  residual: nan=0 inf=0 absmax=0.80  shape=(8, 4096)
[DEBUG layer 3] hidden: nan=0 inf=0 absmax=0.83  residual: nan=0 inf=0 absmax=1.14  shape=(8, 4096)
[DEBUG layer 3] hidden: nan=0 inf=0 absmax=0.83  residual: nan=0 inf=0 absmax=1.14  shape=(8, 4096)
[DEBUG layer 4] hidden: nan=0 inf=0 absmax=0.70  residual: nan=0 inf=0 absmax=0.84  shape=(8, 4096)
[DEBUG layer 4] hidden: nan=0 inf=0 absmax=0.70  residual: nan=0 inf=0 absmax=0.84  shape=(8, 4096)
[DEBUG verify] logits_p shape=(1, 8, 32000) inf=0 nan=0 max=17.09 min=-17.55
[DEBUG layer 0] hidden: nan=0 inf=0 absmax=0.12  residual: nan=0 inf=0 absmax=0.25  shape=(1, 2048)
[DEBUG layer 1] hidden: nan=0 inf=0 absmax=0.03  residual: nan=0 inf=0 absmax=0.35  shape=(1, 2048)
[DEBUG layer 2] hidden: nan=0 inf=0 absmax=0.07  residual: nan=0 inf=0 absmax=0.32  shape=(1, 2048)
[DEBUG layer 3] hidden: nan=0 inf=0 absmax=0.14  residual: nan=0 inf=0 absmax=0.38  shape=(1, 2048)
[DEBUG layer 4] hidden: nan=0 inf=0 absmax=0.05  residual: nan=0 inf=0 absmax=0.50  shape=(1, 2048)
[DEBUG layer 0] hidden: nan=0 inf=0 absmax=0.06  residual: nan=0 inf=0 absmax=0.30  shape=(1, 2048)
[DEBUG layer 1] hidden: nan=0 inf=0 absmax=0.03  residual: nan=0 inf=0 absmax=0.30  shape=(1, 2048)
[DEBUG layer 2] hidden: nan=0 inf=0 absmax=0.18  residual: nan=0 inf=0 absmax=0.43  shape=(1, 2048)
[DEBUG layer 3] hidden: nan=0 inf=0 absmax=0.16  residual: nan=0 inf=0 absmax=0.35  shape=(1, 2048)
[DEBUG layer 4] hidden: nan=0 inf=0 absmax=0.09  residual: nan=0 inf=0 absmax=0.43  shape=(1, 2048)
[DEBUG layer 0] hidden: nan=0 inf=0 absmax=0.25  residual: nan=0 inf=0 absmax=0.23  shape=(1, 2048)
[DEBUG layer 1] hidden: nan=0 inf=0 absmax=0.08  residual: nan=0 inf=0 absmax=0.45  shape=(1, 2048)
[DEBUG layer 2] hidden: nan=0 inf=0 absmax=0.06  residual: nan=0 inf=0 absmax=0.38  shape=(1, 2048)
[DEBUG layer 3] hidden: nan=0 inf=0 absmax=0.12  residual: nan=0 inf=0 absmax=0.43  shape=(1, 2048)
[DEBUG layer 4] hidden: nan=0 inf=0 absmax=0.17  residual: nan=0 inf=0 absmax=0.59  shape=(1, 2048)
[DEBUG layer 0] hidden: nan=0 inf=0 absmax=0.08  residual: nan=0 inf=0 absmax=0.30  shape=(1, 2048)
[DEBUG layer 1] hidden: nan=0 inf=0 absmax=0.05  residual: nan=0 inf=0 absmax=0.30  shape=(1, 2048)
[DEBUG layer 2] hidden: nan=0 inf=0 absmax=0.19  residual: nan=0 inf=0 absmax=0.42  shape=(1, 2048)
[DEBUG layer 3] hidden: nan=0 inf=0 absmax=0.13  residual: nan=0 inf=0 absmax=0.35  shape=(1, 2048)
[DEBUG layer 4] hidden: nan=0 inf=0 absmax=0.13  residual: nan=0 inf=0 absmax=0.50  shape=(1, 2048)
[DEBUG layer 0] hidden: nan=0 inf=0 absmax=0.08  residual: nan=0 inf=0 absmax=0.19  shape=(1, 2048)
[DEBUG layer 1] hidden: nan=0 inf=0 absmax=0.07  residual: nan=0 inf=0 absmax=0.27  shape=(1, 2048)
[DEBUG layer 2] hidden: nan=0 inf=0 absmax=0.09  residual: nan=0 inf=0 absmax=0.32  shape=(1, 2048)
[DEBUG layer 3] hidden: nan=0 inf=0 absmax=0.06  residual: nan=0 inf=0 absmax=0.39  shape=(1, 2048)
[DEBUG layer 4] hidden: nan=0 inf=0 absmax=0.11  residual: nan=0 inf=0 absmax=0.50  shape=(1, 2048)
[DEBUG layer 0] hidden: nan=0 inf=0 absmax=0.16  residual: nan=0 inf=0 absmax=0.20  shape=(1, 2048)
[DEBUG layer 1] hidden: nan=0 inf=0 absmax=0.06  residual: nan=0 inf=0 absmax=0.33  shape=(1, 2048)
[DEBUG layer 2] hidden: nan=0 inf=0 absmax=0.10  residual: nan=0 inf=0 absmax=0.38  shape=(1, 2048)
[DEBUG layer 3] hidden: nan=0 inf=0 absmax=0.10  residual: nan=0 inf=0 absmax=0.30  shape=(1, 2048)
[DEBUG layer 4] hidden: nan=0 inf=0 absmax=0.06  residual: nan=0 inf=0 absmax=0.54  shape=(1, 2048)
[DEBUG layer 0] hidden: nan=0 inf=0 absmax=0.08  residual: nan=0 inf=0 absmax=0.30  shape=(1, 2048)
[DEBUG layer 1] hidden: nan=0 inf=0 absmax=0.04  residual: nan=0 inf=0 absmax=0.31  shape=(1, 2048)
[DEBUG layer 2] hidden: nan=0 inf=0 absmax=0.17  residual: nan=0 inf=0 absmax=0.37  shape=(1, 2048)
[DEBUG layer 3] hidden: nan=0 inf=0 absmax=0.14  residual: nan=0 inf=0 absmax=0.33  shape=(1, 2048)
[DEBUG layer 4] hidden: nan=0 inf=0 absmax=0.06  residual: nan=0 inf=0 absmax=0.41  shape=(1, 2048)
[DEBUG layer 0] hidden: nan=0 inf=0 absmax=0.12  residual: nan=0 inf=0 absmax=0.26  shape=(1, 2048)
[DEBUG layer 1] hidden: nan=0 inf=0 absmax=0.03  residual: nan=0 inf=0 absmax=0.35  shape=(1, 2048)
[DEBUG layer 2] hidden: nan=0 inf=0 absmax=0.07  residual: nan=0 inf=0 absmax=0.37  shape=(1, 2048)
[DEBUG layer 3] hidden: nan=0 inf=0 absmax=0.14  residual: nan=0 inf=0 absmax=0.43  shape=(1, 2048)
[DEBUG layer 4] hidden: nan=0 inf=0 absmax=0.06  residual: nan=0 inf=0 absmax=0.55  shape=(1, 2048)
[DEBUG layer 0] hidden: nan=0 inf=0 absmax=0.40  residual: nan=0 inf=0 absmax=0.66  shape=(8, 4096)
[DEBUG layer 0] hidden: nan=0 inf=0 absmax=0.40  residual: nan=0 inf=0 absmax=0.66  shape=(8, 4096)
[DEBUG layer 1] hidden: nan=0 inf=0 absmax=0.24  residual: nan=0 inf=0 absmax=0.82  shape=(8, 4096)
[DEBUG layer 1] hidden: nan=0 inf=0 absmax=0.24  residual: nan=0 inf=0 absmax=0.82  shape=(8, 4096)
[DEBUG layer 2] hidden: nan=0 inf=0 absmax=0.16  residual: nan=0 inf=0 absmax=0.80  shape=(8, 4096)
[DEBUG layer 2] hidden: nan=0 inf=0 absmax=0.16  residual: nan=0 inf=0 absmax=0.80  shape=(8, 4096)
[DEBUG layer 3] hidden: nan=0 inf=0 absmax=0.83  residual: nan=0 inf=0 absmax=1.15  shape=(8, 4096)
[DEBUG layer 3] hidden: nan=0 inf=0 absmax=0.83  residual: nan=0 inf=0 absmax=1.15  shape=(8, 4096)
[DEBUG layer 4] hidden: nan=0 inf=0 absmax=0.67  residual: nan=0 inf=0 absmax=0.85  shape=(8, 4096)
[DEBUG layer 4] hidden: nan=0 inf=0 absmax=0.67  residual: nan=0 inf=0 absmax=0.85  shape=(8, 4096)
[DEBUG verify] logits_p shape=(1, 8, 32000) inf=0 nan=0 max=17.42 min=-17.73
[DEBUG layer 0] hidden: nan=0 inf=0 absmax=0.13  residual: nan=0 inf=0 absmax=0.25  shape=(1, 2048)
[DEBUG layer 1] hidden: nan=0 inf=0 absmax=0.04  residual: nan=0 inf=0 absmax=0.35  shape=(1, 2048)
[DEBUG layer 2] hidden: nan=0 inf=0 absmax=0.07  residual: nan=0 inf=0 absmax=0.32  shape=(1, 2048)
[DEBUG layer 3] hidden: nan=0 inf=0 absmax=0.14  residual: nan=0 inf=0 absmax=0.38  shape=(1, 2048)
[DEBUG layer 4] hidden: nan=0 inf=0 absmax=0.05  residual: nan=0 inf=0 absmax=0.48  shape=(1, 2048)
[DEBUG layer 0] hidden: nan=0 inf=0 absmax=0.06  residual: nan=0 inf=0 absmax=0.30  shape=(1, 2048)
[DEBUG layer 1] hidden: nan=0 inf=0 absmax=0.03  residual: nan=0 inf=0 absmax=0.30  shape=(1, 2048)
[DEBUG layer 2] hidden: nan=0 inf=0 absmax=0.18  residual: nan=0 inf=0 absmax=0.42  shape=(1, 2048)
[DEBUG layer 3] hidden: nan=0 inf=0 absmax=0.15  residual: nan=0 inf=0 absmax=0.34  shape=(1, 2048)
[DEBUG layer 4] hidden: nan=0 inf=0 absmax=0.09  residual: nan=0 inf=0 absmax=0.42  shape=(1, 2048)
[DEBUG layer 0] hidden: nan=0 inf=0 absmax=0.08  residual: nan=0 inf=0 absmax=0.19  shape=(1, 2048)
[DEBUG layer 1] hidden: nan=0 inf=0 absmax=0.07  residual: nan=0 inf=0 absmax=0.27  shape=(1, 2048)
[DEBUG layer 2] hidden: nan=0 inf=0 absmax=0.08  residual: nan=0 inf=0 absmax=0.31  shape=(1, 2048)
[DEBUG layer 3] hidden: nan=0 inf=0 absmax=0.07  residual: nan=0 inf=0 absmax=0.39  shape=(1, 2048)
[DEBUG layer 4] hidden: nan=0 inf=0 absmax=0.12  residual: nan=0 inf=0 absmax=0.50  shape=(1, 2048)
[DEBUG layer 0] hidden: nan=0 inf=0 absmax=0.15  residual: nan=0 inf=0 absmax=0.20  shape=(1, 2048)
[DEBUG layer 1] hidden: nan=0 inf=0 absmax=0.05  residual: nan=0 inf=0 absmax=0.33  shape=(1, 2048)
[DEBUG layer 2] hidden: nan=0 inf=0 absmax=0.10  residual: nan=0 inf=0 absmax=0.39  shape=(1, 2048)
[DEBUG layer 3] hidden: nan=0 inf=0 absmax=0.11  residual: nan=0 inf=0 absmax=0.30  shape=(1, 2048)
[DEBUG layer 4] hidden: nan=0 inf=0 absmax=0.06  residual: nan=0 inf=0 absmax=0.54  shape=(1, 2048)
[DEBUG layer 0] hidden: nan=0 inf=0 absmax=0.08  residual: nan=0 inf=0 absmax=0.30  shape=(1, 2048)
[DEBUG layer 1] hidden: nan=0 inf=0 absmax=0.04  residual: nan=0 inf=0 absmax=0.31  shape=(1, 2048)
[DEBUG layer 2] hidden: nan=0 inf=0 absmax=0.18  residual: nan=0 inf=0 absmax=0.37  shape=(1, 2048)
[DEBUG layer 3] hidden: nan=0 inf=0 absmax=0.14  residual: nan=0 inf=0 absmax=0.32  shape=(1, 2048)
[DEBUG layer 4] hidden: nan=0 inf=0 absmax=0.06  residual: nan=0 inf=0 absmax=0.41  shape=(1, 2048)
[DEBUG layer 0] hidden: nan=0 inf=0 absmax=0.12  residual: nan=0 inf=0 absmax=0.26  shape=(1, 2048)
[DEBUG layer 1] hidden: nan=0 inf=0 absmax=0.03  residual: nan=0 inf=0 absmax=0.36  shape=(1, 2048)
[DEBUG layer 2] hidden: nan=0 inf=0 absmax=0.07  residual: nan=0 inf=0 absmax=0.36  shape=(1, 2048)
[DEBUG layer 3] hidden: nan=0 inf=0 absmax=0.15  residual: nan=0 inf=0 absmax=0.42  shape=(1, 2048)
[DEBUG layer 4] hidden: nan=0 inf=0 absmax=0.06  residual: nan=0 inf=0 absmax=0.54  shape=(1, 2048)
[DEBUG layer 0] hidden: nan=0 inf=0 absmax=0.07  residual: nan=0 inf=0 absmax=0.31  shape=(1, 2048)
[DEBUG layer 1] hidden: nan=0 inf=0 absmax=0.04  residual: nan=0 inf=0 absmax=0.30  shape=(1, 2048)
[DEBUG layer 2] hidden: nan=0 inf=0 absmax=0.18  residual: nan=0 inf=0 absmax=0.41  shape=(1, 2048)
[DEBUG layer 3] hidden: nan=0 inf=0 absmax=0.16  residual: nan=0 inf=0 absmax=0.35  shape=(1, 2048)
[DEBUG layer 4] hidden: nan=0 inf=0 absmax=0.07  residual: nan=0 inf=0 absmax=0.42  shape=(1, 2048)
[DEBUG layer 0] hidden: nan=0 inf=0 absmax=0.12  residual: nan=0 inf=0 absmax=0.25  shape=(1, 2048)
[DEBUG layer 1] hidden: nan=0 inf=0 absmax=0.04  residual: nan=0 inf=0 absmax=0.36  shape=(1, 2048)
[DEBUG layer 2] hidden: nan=0 inf=0 absmax=0.07  residual: nan=0 inf=0 absmax=0.33  shape=(1, 2048)
[DEBUG layer 3] hidden: nan=0 inf=0 absmax=0.13  residual: nan=0 inf=0 absmax=0.38  shape=(1, 2048)
[DEBUG layer 4] hidden: nan=0 inf=0 absmax=0.06  residual: nan=0 inf=0 absmax=0.49  shape=(1, 2048)
[DEBUG layer 0] hidden: nan=0 inf=0 absmax=0.37  residual: nan=0 inf=0 absmax=0.66  shape=(8, 4096)
[DEBUG layer 0] hidden: nan=0 inf=0 absmax=0.37  residual: nan=0 inf=0 absmax=0.66  shape=(8, 4096)
[DEBUG layer 1] hidden: nan=0 inf=0 absmax=0.19  residual: nan=0 inf=0 absmax=0.76  shape=(8, 4096)
[DEBUG layer 1] hidden: nan=0 inf=0 absmax=0.19  residual: nan=0 inf=0 absmax=0.76  shape=(8, 4096)
[DEBUG layer 2] hidden: nan=0 inf=0 absmax=0.18  residual: nan=0 inf=0 absmax=0.78  shape=(8, 4096)
[DEBUG layer 2] hidden: nan=0 inf=0 absmax=0.18  residual: nan=0 inf=0 absmax=0.78  shape=(8, 4096)
[DEBUG layer 3] hidden: nan=0 inf=0 absmax=0.85  residual: nan=0 inf=0 absmax=1.13  shape=(8, 4096)
[DEBUG layer 3] hidden: nan=0 inf=0 absmax=0.85  residual: nan=0 inf=0 absmax=1.13  shape=(8, 4096)
[DEBUG layer 4] hidden: nan=0 inf=0 absmax=0.61  residual: nan=0 inf=0 absmax=0.87  shape=(8, 4096)
[DEBUG layer 4] hidden: nan=0 inf=0 absmax=0.61  residual: nan=0 inf=0 absmax=0.87  shape=(8, 4096)
[DEBUG verify] logits_p shape=(1, 8, 32000) inf=0 nan=0 max=17.02 min=-17.55
Generating: 100%|██████████| 4/4 [00:40<00:00,  9.14s/it]Generating: 100%|██████████| 4/4 [00:40<00:00, 10.14s/it]
Final Prefill Throughput: 41tok/s
Final Decode Throughput: 6tok/s
[metrics] Avg Tokens per step (incl recovery): 2.24
[metrics] Avg Fraction of Speculated Tokens Accepted: 0.18
[metrics] Avg target time per full step (ms): 445.70
[metrics] Avg target verify time (ms): 82.16
Model: layerskip-llama2-7B, Mode: Eager + Speculative(k=7) + JIT, Total: 192tok, Time: 40.56s, Total Throughput: 4.73tok/s

================================================================================
GENERATIONS:
================================================================================

Prompt 1: 'from typing import List\n\n\ndef has_close_elements(numbers: List[float], threshold: float) -> bool:\n    """ Check if in given list of numbers, are any two numbers closer to each other than\n    given threshold.\n    >>> has_close_elements([1.0, 2.0, 3.0], 0.5)\n    False\n    >>> has_close_elements([1.0, 2.8, 3.0, 4.0, 5.0, 2.0], 0.3)\n    True\n    """\n'
Generation: "  2.0000000'00000000000.\n\nComment.000000000000000000000"
----------------------------------------

Prompt 2: 'Give three tips for staying healthy.'
Generation: '<unk> the florida-based a bubble.\nMost POP’s (Points of Pain)\nFor the most POP’s (Points of Pain).\nThe most POP’s (Points of P'
----------------------------------------

Prompt 3: "Janet’s ducks lay 16 eggs per day. She eats three for breakfast every morning and bakes muffins for her friends every day with four. She sells the remainder at the farmers' market daily for $2 per fresh duck egg. How much in dollars does she make every day at the farmers' market?"
Generation: '\' I\'M the shortest 100\'\nSay, bye, their, this."\nTo all, this is the very last we will be very, to, to unveil, this, to be'
----------------------------------------

Prompt 4: 'Can you write a C++ program that prompts the user to enter the name of a country and checks if it borders the Mediterranean Sea? Here\'s some starter code to help you out:\n#include <iostream>\n#include <string>\nusing namespace std;\nint main() {\n    string country;\n    // prompt user for input\n    cout << "Enter the name of a country: ";\n    cin >> country;\n    // check if country borders the Mediterranean Sea\n    // [C++ code]\n    return 0;\n}'
Generation: '\na. or this 704.8 W-a.w.\na. a. a. a. b.\na. a. a. b.\na. a. a. a. a.'
----------------------------------------
Engine exited!
[LLMEngine] Exiting (hard=True)
