/home/chokwans99/anaconda3/envs/ssd/lib/python3.11/site-packages/pydantic/_internal/_generate_schema.py:2249: UnsupportedFieldAttributeWarning: The 'repr' attribute with value False was provided to the `Field()` function, which has no effect in the context it was used. 'repr' is field-specific metadata, and can only be attached to a model field using `Annotated` metadata or by assignment. This may have happened because an `Annotated` type alias using the `type` statement was used, or if the `Field()` function was attached to a single member of a union type.
  warnings.warn(
/home/chokwans99/anaconda3/envs/ssd/lib/python3.11/site-packages/pydantic/_internal/_generate_schema.py:2249: UnsupportedFieldAttributeWarning: The 'frozen' attribute with value True was provided to the `Field()` function, which has no effect in the context it was used. 'frozen' is field-specific metadata, and can only be attached to a model field using `Annotated` metadata or by assignment. This may have happened because an `Annotated` type alias using the `type` statement was used, or if the `Field()` function was attached to a single member of a union type.
  warnings.warn(
Loading 1 prompts from humaneval...
Loading 1 prompts from alpaca...
Loading 1 prompts from gsm...
Loading 1 prompts from ultrafeedback...
Total prompts loaded: 4
/home/chokwans99/anaconda3/envs/ssd/lib/python3.11/site-packages/pydantic/_internal/_generate_schema.py:2249: UnsupportedFieldAttributeWarning: The 'repr' attribute with value False was provided to the `Field()` function, which has no effect in the context it was used. 'repr' is field-specific metadata, and can only be attached to a model field using `Annotated` metadata or by assignment. This may have happened because an `Annotated` type alias using the `type` statement was used, or if the `Field()` function was attached to a single member of a union type.
  warnings.warn(
/home/chokwans99/anaconda3/envs/ssd/lib/python3.11/site-packages/pydantic/_internal/_generate_schema.py:2249: UnsupportedFieldAttributeWarning: The 'frozen' attribute with value True was provided to the `Field()` function, which has no effect in the context it was used. 'frozen' is field-specific metadata, and can only be attached to a model field using `Annotated` metadata or by assignment. This may have happened because an `Annotated` type alias using the `type` statement was used, or if the `Field()` function was attached to a single member of a union type.
  warnings.warn(
`torch_dtype` is deprecated! Use `dtype` instead!
`torch_dtype` is deprecated! Use `dtype` instead!
[model_runner] about to setup and warmup model and cudagraphs, is use_eagle=False
Starting LlamaForCausalLM init, draft=False, speculate=True, spec_k=7
[LlamaForCausalLM] use_eagle=False, eagle_layers=None
[model_runner] about to setup and warmup model and cudagraphs, is use_eagle=False
[LlamaModel] use_eagle=False, eagle_layers=None
Starting LlamaForCausalLM init, draft=False, speculate=True, spec_k=7
[LlamaForCausalLM] use_eagle=False, eagle_layers=None
[LlamaModel] use_eagle=False, eagle_layers=None
Finishing LlamaForCausalLM init, draft=False, speculate=True, spec_k=7
[load_model] loading model from /data2/chokwans99/models/layerskip-llama2-7B
Loading model files:   0%|          | 0/3 [00:00<?, ?it/s]Finishing LlamaForCausalLM init, draft=False, speculate=True, spec_k=7
[load_model] loading model from /data2/chokwans99/models/layerskip-llama2-7B
Loading model files:   0%|          | 0/3 [00:00<?, ?it/s]Loading model files:  33%|███▎      | 1/3 [00:00<00:01,  1.36it/s]Loading model files:  33%|███▎      | 1/3 [00:00<00:01,  1.37it/s]Loading model files:  67%|██████▋   | 2/3 [00:01<00:00,  1.14it/s]Loading model files:  67%|██████▋   | 2/3 [00:01<00:00,  1.14it/s]Loading model files: 100%|██████████| 3/3 [00:02<00:00,  1.07it/s]Loading model files: 100%|██████████| 3/3 [00:02<00:00,  1.10it/s]
[load_model] finished loading model from /data2/chokwans99/models/layerskip-llama2-7B
[int8-quant] enabling target INT8 weight-only (rank=0, lm_head=True, skip=())
Loading model files: 100%|██████████| 3/3 [00:02<00:00,  1.07it/s]Loading model files: 100%|██████████| 3/3 [00:02<00:00,  1.11it/s]
[load_model] finished loading model from /data2/chokwans99/models/layerskip-llama2-7B
[int8-quant] enabling target INT8 weight-only (rank=1, lm_head=True, skip=())
[H1 r0] lm_head                                          orig bf16: nan=0 inf=0 absmax=0.2754 zero_rows=0 shape=(16000, 4096)
[H1 r1] lm_head                                          orig bf16: nan=0 inf=0 absmax=0.3008 zero_rows=0 shape=(16000, 4096)
[H2 r0] lm_head                                          AQT type=AffineQuantizedTensor scale(nan=0 inf=0 absmax=0.002159 shape=(16000,) dtype=torch.float16 zero=0 min_abs=0.0002508)  int_data(nan=0 inf=0 absmax=128 shape=(16000, 4096) dtype=torch.int8)
[int8-quant] lm_head (16000, 4096) bf16 → AQT-int8
[H2 r1] lm_head                                          AQT type=AffineQuantizedTensor scale(nan=0 inf=0 absmax=0.002359 shape=(16000,) dtype=torch.float16 zero=0 min_abs=0.0002968)  int_data(nan=0 inf=0 absmax=128 shape=(16000, 4096) dtype=torch.int8)
[int8-quant] lm_head (16000, 4096) bf16 → AQT-int8
[H1 r1] model.layers.0.self_attn.qkv_proj                orig bf16: nan=0 inf=0 absmax=0.8008 zero_rows=0 shape=(6144, 4096)
[H1 r0] model.layers.0.self_attn.qkv_proj                orig bf16: nan=0 inf=0 absmax=0.5586 zero_rows=0 shape=(6144, 4096)
[H2 r0] model.layers.0.self_attn.qkv_proj                AQT type=AffineQuantizedTensor scale(nan=0 inf=0 absmax=0.004379 shape=(6144,) dtype=torch.float16 zero=0 min_abs=0.0001484)  int_data(nan=0 inf=0 absmax=128 shape=(6144, 4096) dtype=torch.int8)
[int8-quant] model.layers.0.self_attn.qkv_proj                (6144, 4096) bf16 → AQT-int8
[H1 r0] model.layers.0.self_attn.o_proj                  orig bf16: nan=0 inf=0 absmax=0.4355 zero_rows=0 shape=(4096, 2048)
[H2 r0] model.layers.0.self_attn.o_proj                  AQT type=AffineQuantizedTensor scale(nan=0 inf=0 absmax=0.003416 shape=(4096,) dtype=torch.float16 zero=0 min_abs=0.0001589)  int_data(nan=0 inf=0 absmax=128 shape=(4096, 2048) dtype=torch.int8)
[int8-quant] model.layers.0.self_attn.o_proj                  (4096, 2048) bf16 → AQT-int8
[H2 r1] model.layers.0.self_attn.qkv_proj                AQT type=AffineQuantizedTensor scale(nan=0 inf=0 absmax=0.006279 shape=(6144,) dtype=torch.float16 zero=0 min_abs=0.0001714)  int_data(nan=0 inf=0 absmax=128 shape=(6144, 4096) dtype=torch.int8)
[int8-quant] model.layers.0.self_attn.qkv_proj                (6144, 4096) bf16 → AQT-int8
[H1 r0] model.layers.0.mlp.gate_up_proj                  orig bf16: nan=0 inf=0 absmax=0.4863 zero_rows=0 shape=(11008, 4096)
[H1 r1] model.layers.0.self_attn.o_proj                  orig bf16: nan=0 inf=0 absmax=0.3496 zero_rows=0 shape=(4096, 2048)
[H2 r0] model.layers.0.mlp.gate_up_proj                  AQT type=AffineQuantizedTensor scale(nan=0 inf=0 absmax=0.003815 shape=(11008,) dtype=torch.float16 zero=0 min_abs=0.0002873)  int_data(nan=0 inf=0 absmax=128 shape=(11008, 4096) dtype=torch.int8)
[int8-quant] model.layers.0.mlp.gate_up_proj                  (11008, 4096) bf16 → AQT-int8
[H1 r0] model.layers.0.mlp.down_proj                     orig bf16: nan=0 inf=0 absmax=0.459 zero_rows=0 shape=(4096, 5504)
[H2 r0] model.layers.0.mlp.down_proj                     AQT type=AffineQuantizedTensor scale(nan=0 inf=0 absmax=0.003599 shape=(4096,) dtype=torch.float16 zero=0 min_abs=0.0003924)  int_data(nan=0 inf=0 absmax=128 shape=(4096, 5504) dtype=torch.int8)
[int8-quant] model.layers.0.mlp.down_proj                     (4096, 5504) bf16 → AQT-int8
[H1 r0] model.layers.1.self_attn.qkv_proj                orig bf16: nan=0 inf=0 absmax=0.4746 zero_rows=0 shape=(6144, 4096)
[H2 r1] model.layers.0.self_attn.o_proj                  AQT type=AffineQuantizedTensor scale(nan=0 inf=0 absmax=0.002743 shape=(4096,) dtype=torch.float16 zero=0 min_abs=0.0001876)  int_data(nan=0 inf=0 absmax=128 shape=(4096, 2048) dtype=torch.int8)
[int8-quant] model.layers.0.self_attn.o_proj                  (4096, 2048) bf16 → AQT-int8
[H2 r0] model.layers.1.self_attn.qkv_proj                AQT type=AffineQuantizedTensor scale(nan=0 inf=0 absmax=0.003723 shape=(6144,) dtype=torch.float16 zero=0 min_abs=0.0001163)  int_data(nan=0 inf=0 absmax=128 shape=(6144, 4096) dtype=torch.int8)
[int8-quant] model.layers.1.self_attn.qkv_proj                (6144, 4096) bf16 → AQT-int8
[H1 r0] model.layers.1.self_attn.o_proj                  orig bf16: nan=0 inf=0 absmax=0.5664 zero_rows=0 shape=(4096, 2048)
[H2 r0] model.layers.1.self_attn.o_proj                  AQT type=AffineQuantizedTensor scale(nan=0 inf=0 absmax=0.004444 shape=(4096,) dtype=torch.float16 zero=0 min_abs=0.000204)  int_data(nan=0 inf=0 absmax=128 shape=(4096, 2048) dtype=torch.int8)
[int8-quant] model.layers.1.self_attn.o_proj                  (4096, 2048) bf16 → AQT-int8
[H1 r1] model.layers.0.mlp.gate_up_proj                  orig bf16: nan=0 inf=0 absmax=0.8398 zero_rows=0 shape=(11008, 4096)
[H1 r0] model.layers.1.mlp.gate_up_proj                  orig bf16: nan=0 inf=0 absmax=0.4277 zero_rows=0 shape=(11008, 4096)
[H2 r0] model.layers.1.mlp.gate_up_proj                  AQT type=AffineQuantizedTensor scale(nan=0 inf=0 absmax=0.003355 shape=(11008,) dtype=torch.float16 zero=0 min_abs=0.0003254)  int_data(nan=0 inf=0 absmax=128 shape=(11008, 4096) dtype=torch.int8)
[int8-quant] model.layers.1.mlp.gate_up_proj                  (11008, 4096) bf16 → AQT-int8
[H1 r0] model.layers.1.mlp.down_proj                     orig bf16: nan=0 inf=0 absmax=1.289 zero_rows=0 shape=(4096, 5504)
[H2 r0] model.layers.1.mlp.down_proj                     AQT type=AffineQuantizedTensor scale(nan=0 inf=0 absmax=0.01011 shape=(4096,) dtype=torch.float16 zero=0 min_abs=0.0004137)  int_data(nan=0 inf=0 absmax=128 shape=(4096, 5504) dtype=torch.int8)
[int8-quant] model.layers.1.mlp.down_proj                     (4096, 5504) bf16 → AQT-int8
[H1 r0] model.layers.2.self_attn.qkv_proj                orig bf16: nan=0 inf=0 absmax=0.5391 zero_rows=0 shape=(6144, 4096)
[H2 r0] model.layers.2.self_attn.qkv_proj                AQT type=AffineQuantizedTensor scale(nan=0 inf=0 absmax=0.004227 shape=(6144,) dtype=torch.float16 zero=0 min_abs=0.0002451)  int_data(nan=0 inf=0 absmax=128 shape=(6144, 4096) dtype=torch.int8)
[int8-quant] model.layers.2.self_attn.qkv_proj                (6144, 4096) bf16 → AQT-int8
[H1 r0] model.layers.2.self_attn.o_proj                  orig bf16: nan=0 inf=0 absmax=0.3867 zero_rows=0 shape=(4096, 2048)
[H2 r1] model.layers.0.mlp.gate_up_proj                  AQT type=AffineQuantizedTensor scale(nan=0 inf=0 absmax=0.006588 shape=(11008,) dtype=torch.float16 zero=0 min_abs=0.0002987)  int_data(nan=0 inf=0 absmax=128 shape=(11008, 4096) dtype=torch.int8)
[int8-quant] model.layers.0.mlp.gate_up_proj                  (11008, 4096) bf16 → AQT-int8
[H2 r0] model.layers.2.self_attn.o_proj                  AQT type=AffineQuantizedTensor scale(nan=0 inf=0 absmax=0.003033 shape=(4096,) dtype=torch.float16 zero=0 min_abs=0.0002987)  int_data(nan=0 inf=0 absmax=128 shape=(4096, 2048) dtype=torch.int8)
[int8-quant] model.layers.2.self_attn.o_proj                  (4096, 2048) bf16 → AQT-int8
[H1 r0] model.layers.2.mlp.gate_up_proj                  orig bf16: nan=0 inf=0 absmax=0.5078 zero_rows=0 shape=(11008, 4096)
[H1 r1] model.layers.0.mlp.down_proj                     orig bf16: nan=0 inf=0 absmax=0.4941 zero_rows=0 shape=(4096, 5504)
[H2 r0] model.layers.2.mlp.gate_up_proj                  AQT type=AffineQuantizedTensor scale(nan=0 inf=0 absmax=0.003983 shape=(11008,) dtype=torch.float16 zero=0 min_abs=0.0003619)  int_data(nan=0 inf=0 absmax=128 shape=(11008, 4096) dtype=torch.int8)
[int8-quant] model.layers.2.mlp.gate_up_proj                  (11008, 4096) bf16 → AQT-int8
[H1 r0] model.layers.2.mlp.down_proj                     orig bf16: nan=0 inf=0 absmax=0.8281 zero_rows=0 shape=(4096, 5504)
[H2 r0] model.layers.2.mlp.down_proj                     AQT type=AffineQuantizedTensor scale(nan=0 inf=0 absmax=0.006496 shape=(4096,) dtype=torch.float16 zero=0 min_abs=0.0004156)  int_data(nan=0 inf=0 absmax=128 shape=(4096, 5504) dtype=torch.int8)
[int8-quant] model.layers.2.mlp.down_proj                     (4096, 5504) bf16 → AQT-int8
[H1 r0] model.layers.3.self_attn.qkv_proj                orig bf16: nan=0 inf=0 absmax=0.6641 zero_rows=0 shape=(6144, 4096)
[H2 r0] model.layers.3.self_attn.qkv_proj                AQT type=AffineQuantizedTensor scale(nan=0 inf=0 absmax=0.005207 shape=(6144,) dtype=torch.float16 zero=0 min_abs=0.0002259)  int_data(nan=0 inf=0 absmax=128 shape=(6144, 4096) dtype=torch.int8)
[int8-quant] model.layers.3.self_attn.qkv_proj                (6144, 4096) bf16 → AQT-int8
[H1 r0] model.layers.3.self_attn.o_proj                  orig bf16: nan=0 inf=0 absmax=0.5117 zero_rows=0 shape=(4096, 2048)
[H2 r0] model.layers.3.self_attn.o_proj                  AQT type=AffineQuantizedTensor scale(nan=0 inf=0 absmax=0.004013 shape=(4096,) dtype=torch.float16 zero=0 min_abs=0.0002778)  int_data(nan=0 inf=0 absmax=128 shape=(4096, 2048) dtype=torch.int8)
[int8-quant] model.layers.3.self_attn.o_proj                  (4096, 2048) bf16 → AQT-int8
[H1 r0] model.layers.3.mlp.gate_up_proj                  orig bf16: nan=0 inf=0 absmax=0.5469 zero_rows=0 shape=(11008, 4096)
[H2 r1] model.layers.0.mlp.down_proj                     AQT type=AffineQuantizedTensor scale(nan=0 inf=0 absmax=0.003876 shape=(4096,) dtype=torch.float16 zero=0 min_abs=0.0003886)  int_data(nan=0 inf=0 absmax=128 shape=(4096, 5504) dtype=torch.int8)
[int8-quant] model.layers.0.mlp.down_proj                     (4096, 5504) bf16 → AQT-int8
[H2 r0] model.layers.3.mlp.gate_up_proj                  AQT type=AffineQuantizedTensor scale(nan=0 inf=0 absmax=0.004288 shape=(11008,) dtype=torch.float16 zero=0 min_abs=0.0003581)  int_data(nan=0 inf=0 absmax=128 shape=(11008, 4096) dtype=torch.int8)
[int8-quant] model.layers.3.mlp.gate_up_proj                  (11008, 4096) bf16 → AQT-int8
[H1 r0] model.layers.3.mlp.down_proj                     orig bf16: nan=0 inf=0 absmax=0.6484 zero_rows=0 shape=(4096, 5504)
[H2 r0] model.layers.3.mlp.down_proj                     AQT type=AffineQuantizedTensor scale(nan=0 inf=0 absmax=0.005085 shape=(4096,) dtype=torch.float16 zero=0 min_abs=0.0004022)  int_data(nan=0 inf=0 absmax=128 shape=(4096, 5504) dtype=torch.int8)
[int8-quant] model.layers.3.mlp.down_proj                     (4096, 5504) bf16 → AQT-int8
[H1 r0] model.layers.4.self_attn.qkv_proj                orig bf16: nan=0 inf=0 absmax=0.6562 zero_rows=0 shape=(6144, 4096)
[H1 r1] model.layers.1.self_attn.qkv_proj                orig bf16: nan=0 inf=0 absmax=0.5547 zero_rows=0 shape=(6144, 4096)
[H2 r0] model.layers.4.self_attn.qkv_proj                AQT type=AffineQuantizedTensor scale(nan=0 inf=0 absmax=0.005146 shape=(6144,) dtype=torch.float16 zero=0 min_abs=0.0002737)  int_data(nan=0 inf=0 absmax=128 shape=(6144, 4096) dtype=torch.int8)
[int8-quant] model.layers.4.self_attn.qkv_proj                (6144, 4096) bf16 → AQT-int8
[H1 r0] model.layers.4.self_attn.o_proj                  orig bf16: nan=0 inf=0 absmax=0.6055 zero_rows=0 shape=(4096, 2048)
[H2 r0] model.layers.4.self_attn.o_proj                  AQT type=AffineQuantizedTensor scale(nan=0 inf=0 absmax=0.004749 shape=(4096,) dtype=torch.float16 zero=0 min_abs=0.000293)  int_data(nan=0 inf=0 absmax=128 shape=(4096, 2048) dtype=torch.int8)
[int8-quant] model.layers.4.self_attn.o_proj                  (4096, 2048) bf16 → AQT-int8
[H1 r0] model.layers.4.mlp.gate_up_proj                  orig bf16: nan=0 inf=0 absmax=0.4922 zero_rows=0 shape=(11008, 4096)
[H2 r0] model.layers.4.mlp.gate_up_proj                  AQT type=AffineQuantizedTensor scale(nan=0 inf=0 absmax=0.00386 shape=(11008,) dtype=torch.float16 zero=0 min_abs=0.0003428)  int_data(nan=0 inf=0 absmax=128 shape=(11008, 4096) dtype=torch.int8)
[int8-quant] model.layers.4.mlp.gate_up_proj                  (11008, 4096) bf16 → AQT-int8
[H1 r0] model.layers.4.mlp.down_proj                     orig bf16: nan=0 inf=0 absmax=0.9375 zero_rows=0 shape=(4096, 5504)
[H2 r0] model.layers.4.mlp.down_proj                     AQT type=AffineQuantizedTensor scale(nan=0 inf=0 absmax=0.007355 shape=(4096,) dtype=torch.float16 zero=0 min_abs=0.0004003)  int_data(nan=0 inf=0 absmax=128 shape=(4096, 5504) dtype=torch.int8)
[int8-quant] model.layers.4.mlp.down_proj                     (4096, 5504) bf16 → AQT-int8
[H1 r0] model.layers.5.self_attn.qkv_proj                orig bf16: nan=0 inf=0 absmax=0.6367 zero_rows=0 shape=(6144, 4096)
[H2 r1] model.layers.1.self_attn.qkv_proj                AQT type=AffineQuantizedTensor scale(nan=0 inf=0 absmax=0.004349 shape=(6144,) dtype=torch.float16 zero=0 min_abs=0.0001446)  int_data(nan=0 inf=0 absmax=128 shape=(6144, 4096) dtype=torch.int8)
[int8-quant] model.layers.1.self_attn.qkv_proj                (6144, 4096) bf16 → AQT-int8
[H2 r0] model.layers.5.self_attn.qkv_proj                AQT type=AffineQuantizedTensor scale(nan=0 inf=0 absmax=0.004993 shape=(6144,) dtype=torch.float16 zero=0 min_abs=0.0001273)  int_data(nan=0 inf=0 absmax=128 shape=(6144, 4096) dtype=torch.int8)
[int8-quant] model.layers.5.self_attn.qkv_proj                (6144, 4096) bf16 → AQT-int8
[H1 r0] model.layers.5.self_attn.o_proj                  orig bf16: nan=0 inf=0 absmax=0.5 zero_rows=0 shape=(4096, 2048)
[H2 r0] model.layers.5.self_attn.o_proj                  AQT type=AffineQuantizedTensor scale(nan=0 inf=0 absmax=0.003922 shape=(4096,) dtype=torch.float16 zero=0 min_abs=0.0003121)  int_data(nan=0 inf=0 absmax=128 shape=(4096, 2048) dtype=torch.int8)
[int8-quant] model.layers.5.self_attn.o_proj                  (4096, 2048) bf16 → AQT-int8
[H1 r0] model.layers.5.mlp.gate_up_proj                  orig bf16: nan=0 inf=0 absmax=0.4082 zero_rows=0 shape=(11008, 4096)
[H1 r1] model.layers.1.self_attn.o_proj                  orig bf16: nan=0 inf=0 absmax=0.3965 zero_rows=0 shape=(4096, 2048)
[H2 r0] model.layers.5.mlp.gate_up_proj                  AQT type=AffineQuantizedTensor scale(nan=0 inf=0 absmax=0.003202 shape=(11008,) dtype=torch.float16 zero=0 min_abs=0.0003486)  int_data(nan=0 inf=0 absmax=128 shape=(11008, 4096) dtype=torch.int8)
[int8-quant] model.layers.5.mlp.gate_up_proj                  (11008, 4096) bf16 → AQT-int8
[H1 r0] model.layers.5.mlp.down_proj                     orig bf16: nan=0 inf=0 absmax=0.5586 zero_rows=0 shape=(4096, 5504)
[H2 r0] model.layers.5.mlp.down_proj                     AQT type=AffineQuantizedTensor scale(nan=0 inf=0 absmax=0.004379 shape=(4096,) dtype=torch.float16 zero=0 min_abs=0.0004175)  int_data(nan=0 inf=0 absmax=128 shape=(4096, 5504) dtype=torch.int8)
[int8-quant] model.layers.5.mlp.down_proj                     (4096, 5504) bf16 → AQT-int8
[H1 r0] model.layers.6.self_attn.qkv_proj                orig bf16: nan=0 inf=0 absmax=0.6133 zero_rows=0 shape=(6144, 4096)
[H2 r0] model.layers.6.self_attn.qkv_proj                AQT type=AffineQuantizedTensor scale(nan=0 inf=0 absmax=0.00481 shape=(6144,) dtype=torch.float16 zero=0 min_abs=0.0002527)  int_data(nan=0 inf=0 absmax=128 shape=(6144, 4096) dtype=torch.int8)
[int8-quant] model.layers.6.self_attn.qkv_proj                (6144, 4096) bf16 → AQT-int8
[H2 r1] model.layers.1.self_attn.o_proj                  AQT type=AffineQuantizedTensor scale(nan=0 inf=0 absmax=0.003109 shape=(4096,) dtype=torch.float16 zero=0 min_abs=0.000223)  int_data(nan=0 inf=0 absmax=128 shape=(4096, 2048) dtype=torch.int8)
[int8-quant] model.layers.1.self_attn.o_proj                  (4096, 2048) bf16 → AQT-int8
[H1 r0] model.layers.6.self_attn.o_proj                  orig bf16: nan=0 inf=0 absmax=0.5703 zero_rows=0 shape=(4096, 2048)
[H2 r0] model.layers.6.self_attn.o_proj                  AQT type=AffineQuantizedTensor scale(nan=0 inf=0 absmax=0.004475 shape=(4096,) dtype=torch.float16 zero=0 min_abs=0.0002797)  int_data(nan=0 inf=0 absmax=128 shape=(4096, 2048) dtype=torch.int8)
[int8-quant] model.layers.6.self_attn.o_proj                  (4096, 2048) bf16 → AQT-int8
[H1 r0] model.layers.6.mlp.gate_up_proj                  orig bf16: nan=0 inf=0 absmax=0.4004 zero_rows=0 shape=(11008, 4096)
[H2 r0] model.layers.6.mlp.gate_up_proj                  AQT type=AffineQuantizedTensor scale(nan=0 inf=0 absmax=0.003139 shape=(11008,) dtype=torch.float16 zero=0 min_abs=0.0003293)  int_data(nan=0 inf=0 absmax=128 shape=(11008, 4096) dtype=torch.int8)
[int8-quant] model.layers.6.mlp.gate_up_proj                  (11008, 4096) bf16 → AQT-int8
[H1 r1] model.layers.1.mlp.gate_up_proj                  orig bf16: nan=0 inf=0 absmax=1.031 zero_rows=0 shape=(11008, 4096)
[H1 r0] model.layers.6.mlp.down_proj                     orig bf16: nan=0 inf=0 absmax=0.8906 zero_rows=0 shape=(4096, 5504)
[H2 r0] model.layers.6.mlp.down_proj                     AQT type=AffineQuantizedTensor scale(nan=0 inf=0 absmax=0.006985 shape=(4096,) dtype=torch.float16 zero=0 min_abs=0.0003772)  int_data(nan=0 inf=0 absmax=128 shape=(4096, 5504) dtype=torch.int8)
[int8-quant] model.layers.6.mlp.down_proj                     (4096, 5504) bf16 → AQT-int8
[H1 r0] model.layers.7.self_attn.qkv_proj                orig bf16: nan=0 inf=0 absmax=0.3984 zero_rows=0 shape=(6144, 4096)
[H2 r0] model.layers.7.self_attn.qkv_proj                AQT type=AffineQuantizedTensor scale(nan=0 inf=0 absmax=0.003124 shape=(6144,) dtype=torch.float16 zero=0 min_abs=0.0002106)  int_data(nan=0 inf=0 absmax=128 shape=(6144, 4096) dtype=torch.int8)
[int8-quant] model.layers.7.self_attn.qkv_proj                (6144, 4096) bf16 → AQT-int8
[H1 r0] model.layers.7.self_attn.o_proj                  orig bf16: nan=0 inf=0 absmax=0.5234 zero_rows=0 shape=(4096, 2048)
[H2 r0] model.layers.7.self_attn.o_proj                  AQT type=AffineQuantizedTensor scale(nan=0 inf=0 absmax=0.004105 shape=(4096,) dtype=torch.float16 zero=0 min_abs=0.0002394)  int_data(nan=0 inf=0 absmax=128 shape=(4096, 2048) dtype=torch.int8)
[int8-quant] model.layers.7.self_attn.o_proj                  (4096, 2048) bf16 → AQT-int8
[H1 r0] model.layers.7.mlp.gate_up_proj                  orig bf16: nan=0 inf=0 absmax=0.4297 zero_rows=0 shape=(11008, 4096)
[H2 r0] model.layers.7.mlp.gate_up_proj                  AQT type=AffineQuantizedTensor scale(nan=0 inf=0 absmax=0.00337 shape=(11008,) dtype=torch.float16 zero=0 min_abs=0.000335)  int_data(nan=0 inf=0 absmax=128 shape=(11008, 4096) dtype=torch.int8)
[int8-quant] model.layers.7.mlp.gate_up_proj                  (11008, 4096) bf16 → AQT-int8
[H2 r1] model.layers.1.mlp.gate_up_proj                  AQT type=AffineQuantizedTensor scale(nan=0 inf=0 absmax=0.008087 shape=(11008,) dtype=torch.float16 zero=0 min_abs=0.0003543)  int_data(nan=0 inf=0 absmax=128 shape=(11008, 4096) dtype=torch.int8)
[int8-quant] model.layers.1.mlp.gate_up_proj                  (11008, 4096) bf16 → AQT-int8
[H1 r0] model.layers.7.mlp.down_proj                     orig bf16: nan=0 inf=0 absmax=0.9375 zero_rows=0 shape=(4096, 5504)
[H2 r0] model.layers.7.mlp.down_proj                     AQT type=AffineQuantizedTensor scale(nan=0 inf=0 absmax=0.007355 shape=(4096,) dtype=torch.float16 zero=0 min_abs=0.0004041)  int_data(nan=0 inf=0 absmax=128 shape=(4096, 5504) dtype=torch.int8)
[int8-quant] model.layers.7.mlp.down_proj                     (4096, 5504) bf16 → AQT-int8
[H1 r0] model.layers.8.self_attn.qkv_proj                orig bf16: nan=0 inf=0 absmax=0.4434 zero_rows=0 shape=(6144, 4096)
[H2 r0] model.layers.8.self_attn.qkv_proj                AQT type=AffineQuantizedTensor scale(nan=0 inf=0 absmax=0.003477 shape=(6144,) dtype=torch.float16 zero=0 min_abs=0.0002584)  int_data(nan=0 inf=0 absmax=128 shape=(6144, 4096) dtype=torch.int8)
[int8-quant] model.layers.8.self_attn.qkv_proj                (6144, 4096) bf16 → AQT-int8
[H1 r0] model.layers.8.self_attn.o_proj                  orig bf16: nan=0 inf=0 absmax=0.4453 zero_rows=0 shape=(4096, 2048)
[H1 r1] model.layers.1.mlp.down_proj                     orig bf16: nan=0 inf=0 absmax=1.422 zero_rows=0 shape=(4096, 5504)
[H2 r0] model.layers.8.self_attn.o_proj                  AQT type=AffineQuantizedTensor scale(nan=0 inf=0 absmax=0.003492 shape=(4096,) dtype=torch.float16 zero=0 min_abs=0.0002797)  int_data(nan=0 inf=0 absmax=128 shape=(4096, 2048) dtype=torch.int8)
[int8-quant] model.layers.8.self_attn.o_proj                  (4096, 2048) bf16 → AQT-int8
[H1 r0] model.layers.8.mlp.gate_up_proj                  orig bf16: nan=0 inf=0 absmax=0.6328 zero_rows=0 shape=(11008, 4096)
[H2 r0] model.layers.8.mlp.gate_up_proj                  AQT type=AffineQuantizedTensor scale(nan=0 inf=0 absmax=0.004963 shape=(11008,) dtype=torch.float16 zero=0 min_abs=0.0002797)  int_data(nan=0 inf=0 absmax=128 shape=(11008, 4096) dtype=torch.int8)
[int8-quant] model.layers.8.mlp.gate_up_proj                  (11008, 4096) bf16 → AQT-int8
[H1 r0] model.layers.8.mlp.down_proj                     orig bf16: nan=0 inf=0 absmax=0.8867 zero_rows=0 shape=(4096, 5504)
[H2 r0] model.layers.8.mlp.down_proj                     AQT type=AffineQuantizedTensor scale(nan=0 inf=0 absmax=0.006954 shape=(4096,) dtype=torch.float16 zero=0 min_abs=0.0004137)  int_data(nan=0 inf=0 absmax=128 shape=(4096, 5504) dtype=torch.int8)
[int8-quant] model.layers.8.mlp.down_proj                     (4096, 5504) bf16 → AQT-int8
[H1 r0] model.layers.9.self_attn.qkv_proj                orig bf16: nan=0 inf=0 absmax=0.543 zero_rows=0 shape=(6144, 4096)
[H2 r0] model.layers.9.self_attn.qkv_proj                AQT type=AffineQuantizedTensor scale(nan=0 inf=0 absmax=0.004257 shape=(6144,) dtype=torch.float16 zero=0 min_abs=0.0002718)  int_data(nan=0 inf=0 absmax=128 shape=(6144, 4096) dtype=torch.int8)
[int8-quant] model.layers.9.self_attn.qkv_proj                (6144, 4096) bf16 → AQT-int8
[H2 r1] model.layers.1.mlp.down_proj                     AQT type=AffineQuantizedTensor scale(nan=0 inf=0 absmax=0.01115 shape=(4096,) dtype=torch.float16 zero=0 min_abs=0.0004175)  int_data(nan=0 inf=0 absmax=128 shape=(4096, 5504) dtype=torch.int8)
[int8-quant] model.layers.1.mlp.down_proj                     (4096, 5504) bf16 → AQT-int8
[H1 r0] model.layers.9.self_attn.o_proj                  orig bf16: nan=0 inf=0 absmax=0.5195 zero_rows=0 shape=(4096, 2048)
[H2 r0] model.layers.9.self_attn.o_proj                  AQT type=AffineQuantizedTensor scale(nan=0 inf=0 absmax=0.004074 shape=(4096,) dtype=torch.float16 zero=0 min_abs=0.000268)  int_data(nan=0 inf=0 absmax=128 shape=(4096, 2048) dtype=torch.int8)
[int8-quant] model.layers.9.self_attn.o_proj                  (4096, 2048) bf16 → AQT-int8
[H1 r0] model.layers.9.mlp.gate_up_proj                  orig bf16: nan=0 inf=0 absmax=0.582 zero_rows=0 shape=(11008, 4096)
[H1 r1] model.layers.2.self_attn.qkv_proj                orig bf16: nan=0 inf=0 absmax=1.031 zero_rows=0 shape=(6144, 4096)
[H2 r0] model.layers.9.mlp.gate_up_proj                  AQT type=AffineQuantizedTensor scale(nan=0 inf=0 absmax=0.004566 shape=(11008,) dtype=torch.float16 zero=0 min_abs=0.0003273)  int_data(nan=0 inf=0 absmax=128 shape=(11008, 4096) dtype=torch.int8)
[int8-quant] model.layers.9.mlp.gate_up_proj                  (11008, 4096) bf16 → AQT-int8
[H1 r0] model.layers.9.mlp.down_proj                     orig bf16: nan=0 inf=0 absmax=0.6172 zero_rows=0 shape=(4096, 5504)
[H2 r0] model.layers.9.mlp.down_proj                     AQT type=AffineQuantizedTensor scale(nan=0 inf=0 absmax=0.004841 shape=(4096,) dtype=torch.float16 zero=0 min_abs=0.0003963)  int_data(nan=0 inf=0 absmax=128 shape=(4096, 5504) dtype=torch.int8)
[int8-quant] model.layers.9.mlp.down_proj                     (4096, 5504) bf16 → AQT-int8
[H1 r0] model.layers.10.self_attn.qkv_proj               orig bf16: nan=0 inf=0 absmax=0.4551 zero_rows=0 shape=(6144, 4096)
[H2 r0] model.layers.10.self_attn.qkv_proj               AQT type=AffineQuantizedTensor scale(nan=0 inf=0 absmax=0.003569 shape=(6144,) dtype=torch.float16 zero=0 min_abs=0.0002546)  int_data(nan=0 inf=0 absmax=128 shape=(6144, 4096) dtype=torch.int8)
[int8-quant] model.layers.10.self_attn.qkv_proj               (6144, 4096) bf16 → AQT-int8
[H1 r0] model.layers.10.self_attn.o_proj                 orig bf16: nan=0 inf=0 absmax=0.3984 zero_rows=0 shape=(4096, 2048)
[H2 r0] model.layers.10.self_attn.o_proj                 AQT type=AffineQuantizedTensor scale(nan=0 inf=0 absmax=0.003124 shape=(4096,) dtype=torch.float16 zero=0 min_abs=0.0002403)  int_data(nan=0 inf=0 absmax=128 shape=(4096, 2048) dtype=torch.int8)
[int8-quant] model.layers.10.self_attn.o_proj                 (4096, 2048) bf16 → AQT-int8
[H2 r1] model.layers.2.self_attn.qkv_proj                AQT type=AffineQuantizedTensor scale(nan=0 inf=0 absmax=0.008087 shape=(6144,) dtype=torch.float16 zero=0 min_abs=0.0002259)  int_data(nan=0 inf=0 absmax=128 shape=(6144, 4096) dtype=torch.int8)
[int8-quant] model.layers.2.self_attn.qkv_proj                (6144, 4096) bf16 → AQT-int8
[H1 r0] model.layers.10.mlp.gate_up_proj                 orig bf16: nan=0 inf=0 absmax=0.3691 zero_rows=0 shape=(11008, 4096)
[H1 r1] model.layers.2.self_attn.o_proj                  orig bf16: nan=0 inf=0 absmax=0.5859 zero_rows=0 shape=(4096, 2048)
[H2 r0] model.layers.10.mlp.gate_up_proj                 AQT type=AffineQuantizedTensor scale(nan=0 inf=0 absmax=0.002895 shape=(11008,) dtype=torch.float16 zero=0 min_abs=0.0002759)  int_data(nan=0 inf=0 absmax=128 shape=(11008, 4096) dtype=torch.int8)
[int8-quant] model.layers.10.mlp.gate_up_proj                 (11008, 4096) bf16 → AQT-int8
[H2 r1] model.layers.2.self_attn.o_proj                  AQT type=AffineQuantizedTensor scale(nan=0 inf=0 absmax=0.004597 shape=(4096,) dtype=torch.float16 zero=0 min_abs=0.0002892)  int_data(nan=0 inf=0 absmax=128 shape=(4096, 2048) dtype=torch.int8)
[int8-quant] model.layers.2.self_attn.o_proj                  (4096, 2048) bf16 → AQT-int8
[H1 r0] model.layers.10.mlp.down_proj                    orig bf16: nan=0 inf=0 absmax=0.9961 zero_rows=0 shape=(4096, 5504)
[H1 r1] model.layers.2.mlp.gate_up_proj                  orig bf16: nan=0 inf=0 absmax=0.3867 zero_rows=0 shape=(11008, 4096)
[H2 r0] model.layers.10.mlp.down_proj                    AQT type=AffineQuantizedTensor scale(nan=0 inf=0 absmax=0.007812 shape=(4096,) dtype=torch.float16 zero=0 min_abs=0.0004022)  int_data(nan=0 inf=0 absmax=128 shape=(4096, 5504) dtype=torch.int8)
[int8-quant] model.layers.10.mlp.down_proj                    (4096, 5504) bf16 → AQT-int8
[H1 r0] model.layers.11.self_attn.qkv_proj               orig bf16: nan=0 inf=0 absmax=0.5195 zero_rows=0 shape=(6144, 4096)
[H2 r1] model.layers.2.mlp.gate_up_proj                  AQT type=AffineQuantizedTensor scale(nan=0 inf=0 absmax=0.003033 shape=(11008,) dtype=torch.float16 zero=0 min_abs=0.0003562)  int_data(nan=0 inf=0 absmax=128 shape=(11008, 4096) dtype=torch.int8)
[int8-quant] model.layers.2.mlp.gate_up_proj                  (11008, 4096) bf16 → AQT-int8
[H1 r1] model.layers.2.mlp.down_proj                     orig bf16: nan=0 inf=0 absmax=0.625 zero_rows=0 shape=(4096, 5504)
[H2 r0] model.layers.11.self_attn.qkv_proj               AQT type=AffineQuantizedTensor scale(nan=0 inf=0 absmax=0.004074 shape=(6144,) dtype=torch.float16 zero=0 min_abs=0.0002192)  int_data(nan=0 inf=0 absmax=128 shape=(6144, 4096) dtype=torch.int8)
[int8-quant] model.layers.11.self_attn.qkv_proj               (6144, 4096) bf16 → AQT-int8
[H1 r0] model.layers.11.self_attn.o_proj                 orig bf16: nan=0 inf=0 absmax=0.5469 zero_rows=0 shape=(4096, 2048)
[H2 r1] model.layers.2.mlp.down_proj                     AQT type=AffineQuantizedTensor scale(nan=0 inf=0 absmax=0.004902 shape=(4096,) dtype=torch.float16 zero=0 min_abs=0.0004117)  int_data(nan=0 inf=0 absmax=128 shape=(4096, 5504) dtype=torch.int8)
[int8-quant] model.layers.2.mlp.down_proj                     (4096, 5504) bf16 → AQT-int8
[H1 r1] model.layers.3.self_attn.qkv_proj                orig bf16: nan=0 inf=0 absmax=0.7539 zero_rows=0 shape=(6144, 4096)
[H2 r0] model.layers.11.self_attn.o_proj                 AQT type=AffineQuantizedTensor scale(nan=0 inf=0 absmax=0.004288 shape=(4096,) dtype=torch.float16 zero=0 min_abs=0.0002489)  int_data(nan=0 inf=0 absmax=128 shape=(4096, 2048) dtype=torch.int8)
[int8-quant] model.layers.11.self_attn.o_proj                 (4096, 2048) bf16 → AQT-int8
[H1 r0] model.layers.11.mlp.gate_up_proj                 orig bf16: nan=0 inf=0 absmax=0.4004 zero_rows=0 shape=(11008, 4096)
[H2 r1] model.layers.3.self_attn.qkv_proj                AQT type=AffineQuantizedTensor scale(nan=0 inf=0 absmax=0.005913 shape=(6144,) dtype=torch.float16 zero=0 min_abs=0.0001599)  int_data(nan=0 inf=0 absmax=128 shape=(6144, 4096) dtype=torch.int8)
[int8-quant] model.layers.3.self_attn.qkv_proj                (6144, 4096) bf16 → AQT-int8
[H1 r1] model.layers.3.self_attn.o_proj                  orig bf16: nan=0 inf=0 absmax=0.4863 zero_rows=0 shape=(4096, 2048)
[H2 r0] model.layers.11.mlp.gate_up_proj                 AQT type=AffineQuantizedTensor scale(nan=0 inf=0 absmax=0.003139 shape=(11008,) dtype=torch.float16 zero=0 min_abs=0.0003045)  int_data(nan=0 inf=0 absmax=128 shape=(11008, 4096) dtype=torch.int8)
[int8-quant] model.layers.11.mlp.gate_up_proj                 (11008, 4096) bf16 → AQT-int8
[H2 r1] model.layers.3.self_attn.o_proj                  AQT type=AffineQuantizedTensor scale(nan=0 inf=0 absmax=0.003815 shape=(4096,) dtype=torch.float16 zero=0 min_abs=0.0002778)  int_data(nan=0 inf=0 absmax=128 shape=(4096, 2048) dtype=torch.int8)
[int8-quant] model.layers.3.self_attn.o_proj                  (4096, 2048) bf16 → AQT-int8
[H1 r0] model.layers.11.mlp.down_proj                    orig bf16: nan=0 inf=0 absmax=0.6328 zero_rows=0 shape=(4096, 5504)
[H1 r1] model.layers.3.mlp.gate_up_proj                  orig bf16: nan=0 inf=0 absmax=0.4805 zero_rows=0 shape=(11008, 4096)
[H2 r0] model.layers.11.mlp.down_proj                    AQT type=AffineQuantizedTensor scale(nan=0 inf=0 absmax=0.004963 shape=(4096,) dtype=torch.float16 zero=0 min_abs=0.0004175)  int_data(nan=0 inf=0 absmax=128 shape=(4096, 5504) dtype=torch.int8)
[int8-quant] model.layers.11.mlp.down_proj                    (4096, 5504) bf16 → AQT-int8
[H1 r0] model.layers.12.self_attn.qkv_proj               orig bf16: nan=0 inf=0 absmax=0.4492 zero_rows=0 shape=(6144, 4096)
[H2 r1] model.layers.3.mlp.gate_up_proj                  AQT type=AffineQuantizedTensor scale(nan=0 inf=0 absmax=0.003769 shape=(11008,) dtype=torch.float16 zero=0 min_abs=0.0003619)  int_data(nan=0 inf=0 absmax=128 shape=(11008, 4096) dtype=torch.int8)
[int8-quant] model.layers.3.mlp.gate_up_proj                  (11008, 4096) bf16 → AQT-int8
[H1 r1] model.layers.3.mlp.down_proj                     orig bf16: nan=0 inf=0 absmax=0.6836 zero_rows=0 shape=(4096, 5504)
[H2 r0] model.layers.12.self_attn.qkv_proj               AQT type=AffineQuantizedTensor scale(nan=0 inf=0 absmax=0.003523 shape=(6144,) dtype=torch.float16 zero=0 min_abs=0.0002317)  int_data(nan=0 inf=0 absmax=128 shape=(6144, 4096) dtype=torch.int8)
[int8-quant] model.layers.12.self_attn.qkv_proj               (6144, 4096) bf16 → AQT-int8
[H1 r0] model.layers.12.self_attn.o_proj                 orig bf16: nan=0 inf=0 absmax=0.2871 zero_rows=0 shape=(4096, 2048)
[H2 r1] model.layers.3.mlp.down_proj                     AQT type=AffineQuantizedTensor scale(nan=0 inf=0 absmax=0.00536 shape=(4096,) dtype=torch.float16 zero=0 min_abs=0.0004175)  int_data(nan=0 inf=0 absmax=128 shape=(4096, 5504) dtype=torch.int8)
[int8-quant] model.layers.3.mlp.down_proj                     (4096, 5504) bf16 → AQT-int8
[H1 r1] model.layers.4.self_attn.qkv_proj                orig bf16: nan=0 inf=0 absmax=0.4766 zero_rows=0 shape=(6144, 4096)
[H2 r0] model.layers.12.self_attn.o_proj                 AQT type=AffineQuantizedTensor scale(nan=0 inf=0 absmax=0.002253 shape=(4096,) dtype=torch.float16 zero=0 min_abs=0.000293)  int_data(nan=0 inf=0 absmax=128 shape=(4096, 2048) dtype=torch.int8)
[int8-quant] model.layers.12.self_attn.o_proj                 (4096, 2048) bf16 → AQT-int8
[H1 r0] model.layers.12.mlp.gate_up_proj                 orig bf16: nan=0 inf=0 absmax=0.3496 zero_rows=0 shape=(11008, 4096)
[H2 r1] model.layers.4.self_attn.qkv_proj                AQT type=AffineQuantizedTensor scale(nan=0 inf=0 absmax=0.003738 shape=(6144,) dtype=torch.float16 zero=0 min_abs=0.0002642)  int_data(nan=0 inf=0 absmax=128 shape=(6144, 4096) dtype=torch.int8)
[int8-quant] model.layers.4.self_attn.qkv_proj                (6144, 4096) bf16 → AQT-int8
[H1 r1] model.layers.4.self_attn.o_proj                  orig bf16: nan=0 inf=0 absmax=0.3066 zero_rows=0 shape=(4096, 2048)
[H2 r0] model.layers.12.mlp.gate_up_proj                 AQT type=AffineQuantizedTensor scale(nan=0 inf=0 absmax=0.002743 shape=(11008,) dtype=torch.float16 zero=0 min_abs=0.0003371)  int_data(nan=0 inf=0 absmax=128 shape=(11008, 4096) dtype=torch.int8)
[int8-quant] model.layers.12.mlp.gate_up_proj                 (11008, 4096) bf16 → AQT-int8
[H2 r1] model.layers.4.self_attn.o_proj                  AQT type=AffineQuantizedTensor scale(nan=0 inf=0 absmax=0.002405 shape=(4096,) dtype=torch.float16 zero=0 min_abs=0.0002987)  int_data(nan=0 inf=0 absmax=128 shape=(4096, 2048) dtype=torch.int8)
[int8-quant] model.layers.4.self_attn.o_proj                  (4096, 2048) bf16 → AQT-int8
[H1 r0] model.layers.12.mlp.down_proj                    orig bf16: nan=0 inf=0 absmax=0.3965 zero_rows=0 shape=(4096, 5504)
[H1 r1] model.layers.4.mlp.gate_up_proj                  orig bf16: nan=0 inf=0 absmax=0.4297 zero_rows=0 shape=(11008, 4096)
[H2 r0] model.layers.12.mlp.down_proj                    AQT type=AffineQuantizedTensor scale(nan=0 inf=0 absmax=0.003109 shape=(4096,) dtype=torch.float16 zero=0 min_abs=0.0004022)  int_data(nan=0 inf=0 absmax=128 shape=(4096, 5504) dtype=torch.int8)
[int8-quant] model.layers.12.mlp.down_proj                    (4096, 5504) bf16 → AQT-int8
[H1 r0] model.layers.13.self_attn.qkv_proj               orig bf16: nan=0 inf=0 absmax=0.4785 zero_rows=0 shape=(6144, 4096)
[H2 r1] model.layers.4.mlp.gate_up_proj                  AQT type=AffineQuantizedTensor scale(nan=0 inf=0 absmax=0.00337 shape=(11008,) dtype=torch.float16 zero=0 min_abs=0.0003657)  int_data(nan=0 inf=0 absmax=128 shape=(11008, 4096) dtype=torch.int8)
[int8-quant] model.layers.4.mlp.gate_up_proj                  (11008, 4096) bf16 → AQT-int8
[H1 r1] model.layers.4.mlp.down_proj                     orig bf16: nan=0 inf=0 absmax=0.8086 zero_rows=0 shape=(4096, 5504)
[H2 r0] model.layers.13.self_attn.qkv_proj               AQT type=AffineQuantizedTensor scale(nan=0 inf=0 absmax=0.003754 shape=(6144,) dtype=torch.float16 zero=0 min_abs=0.0002164)  int_data(nan=0 inf=0 absmax=128 shape=(6144, 4096) dtype=torch.int8)
[int8-quant] model.layers.13.self_attn.qkv_proj               (6144, 4096) bf16 → AQT-int8
[H1 r0] model.layers.13.self_attn.o_proj                 orig bf16: nan=0 inf=0 absmax=0.4512 zero_rows=0 shape=(4096, 2048)
[H2 r1] model.layers.4.mlp.down_proj                     AQT type=AffineQuantizedTensor scale(nan=0 inf=0 absmax=0.00634 shape=(4096,) dtype=torch.float16 zero=0 min_abs=0.0004079)  int_data(nan=0 inf=0 absmax=128 shape=(4096, 5504) dtype=torch.int8)
[int8-quant] model.layers.4.mlp.down_proj                     (4096, 5504) bf16 → AQT-int8
[H1 r1] model.layers.5.self_attn.qkv_proj                orig bf16: nan=0 inf=0 absmax=0.582 zero_rows=0 shape=(6144, 4096)
[H2 r0] model.layers.13.self_attn.o_proj                 AQT type=AffineQuantizedTensor scale(nan=0 inf=0 absmax=0.003538 shape=(4096,) dtype=torch.float16 zero=0 min_abs=0.0003216)  int_data(nan=0 inf=0 absmax=128 shape=(4096, 2048) dtype=torch.int8)
[int8-quant] model.layers.13.self_attn.o_proj                 (4096, 2048) bf16 → AQT-int8
[H1 r0] model.layers.13.mlp.gate_up_proj                 orig bf16: nan=0 inf=0 absmax=0.3887 zero_rows=0 shape=(11008, 4096)
[H2 r1] model.layers.5.self_attn.qkv_proj                AQT type=AffineQuantizedTensor scale(nan=0 inf=0 absmax=0.004566 shape=(6144,) dtype=torch.float16 zero=0 min_abs=0.0003312)  int_data(nan=0 inf=0 absmax=128 shape=(6144, 4096) dtype=torch.int8)
[int8-quant] model.layers.5.self_attn.qkv_proj                (6144, 4096) bf16 → AQT-int8
[H1 r1] model.layers.5.self_attn.o_proj                  orig bf16: nan=0 inf=0 absmax=0.4336 zero_rows=0 shape=(4096, 2048)
[H2 r0] model.layers.13.mlp.gate_up_proj                 AQT type=AffineQuantizedTensor scale(nan=0 inf=0 absmax=0.003048 shape=(11008,) dtype=torch.float16 zero=0 min_abs=0.0002892)  int_data(nan=0 inf=0 absmax=128 shape=(11008, 4096) dtype=torch.int8)
[int8-quant] model.layers.13.mlp.gate_up_proj                 (11008, 4096) bf16 → AQT-int8
[H2 r1] model.layers.5.self_attn.o_proj                  AQT type=AffineQuantizedTensor scale(nan=0 inf=0 absmax=0.003401 shape=(4096,) dtype=torch.float16 zero=0 min_abs=0.0002699)  int_data(nan=0 inf=0 absmax=128 shape=(4096, 2048) dtype=torch.int8)
[int8-quant] model.layers.5.self_attn.o_proj                  (4096, 2048) bf16 → AQT-int8
[H1 r0] model.layers.13.mlp.down_proj                    orig bf16: nan=0 inf=0 absmax=1.039 zero_rows=0 shape=(4096, 5504)
[H1 r1] model.layers.5.mlp.gate_up_proj                  orig bf16: nan=0 inf=0 absmax=0.4707 zero_rows=0 shape=(11008, 4096)
[H2 r0] model.layers.13.mlp.down_proj                    AQT type=AffineQuantizedTensor scale(nan=0 inf=0 absmax=0.008148 shape=(4096,) dtype=torch.float16 zero=0 min_abs=0.000427)  int_data(nan=0 inf=0 absmax=128 shape=(4096, 5504) dtype=torch.int8)
[int8-quant] model.layers.13.mlp.down_proj                    (4096, 5504) bf16 → AQT-int8
[H1 r0] model.layers.14.self_attn.qkv_proj               orig bf16: nan=0 inf=0 absmax=0.5547 zero_rows=0 shape=(6144, 4096)
[H2 r1] model.layers.5.mlp.gate_up_proj                  AQT type=AffineQuantizedTensor scale(nan=0 inf=0 absmax=0.003693 shape=(11008,) dtype=torch.float16 zero=0 min_abs=0.0003178)  int_data(nan=0 inf=0 absmax=128 shape=(11008, 4096) dtype=torch.int8)
[int8-quant] model.layers.5.mlp.gate_up_proj                  (11008, 4096) bf16 → AQT-int8
[H1 r1] model.layers.5.mlp.down_proj                     orig bf16: nan=0 inf=0 absmax=0.7109 zero_rows=0 shape=(4096, 5504)
[H2 r0] model.layers.14.self_attn.qkv_proj               AQT type=AffineQuantizedTensor scale(nan=0 inf=0 absmax=0.004349 shape=(6144,) dtype=torch.float16 zero=0 min_abs=0.0002327)  int_data(nan=0 inf=0 absmax=128 shape=(6144, 4096) dtype=torch.int8)
[int8-quant] model.layers.14.self_attn.qkv_proj               (6144, 4096) bf16 → AQT-int8
[H1 r0] model.layers.14.self_attn.o_proj                 orig bf16: nan=0 inf=0 absmax=0.5625 zero_rows=0 shape=(4096, 2048)
[H2 r1] model.layers.5.mlp.down_proj                     AQT type=AffineQuantizedTensor scale(nan=0 inf=0 absmax=0.005577 shape=(4096,) dtype=torch.float16 zero=0 min_abs=0.0004098)  int_data(nan=0 inf=0 absmax=128 shape=(4096, 5504) dtype=torch.int8)
[int8-quant] model.layers.5.mlp.down_proj                     (4096, 5504) bf16 → AQT-int8
[H1 r1] model.layers.6.self_attn.qkv_proj                orig bf16: nan=0 inf=0 absmax=0.4316 zero_rows=0 shape=(6144, 4096)
[H2 r0] model.layers.14.self_attn.o_proj                 AQT type=AffineQuantizedTensor scale(nan=0 inf=0 absmax=0.004414 shape=(4096,) dtype=torch.float16 zero=0 min_abs=0.0002797)  int_data(nan=0 inf=0 absmax=128 shape=(4096, 2048) dtype=torch.int8)
[int8-quant] model.layers.14.self_attn.o_proj                 (4096, 2048) bf16 → AQT-int8
[H1 r0] model.layers.14.mlp.gate_up_proj                 orig bf16: nan=0 inf=0 absmax=0.416 zero_rows=0 shape=(11008, 4096)
[H2 r1] model.layers.6.self_attn.qkv_proj                AQT type=AffineQuantizedTensor scale(nan=0 inf=0 absmax=0.003386 shape=(6144,) dtype=torch.float16 zero=0 min_abs=0.0002288)  int_data(nan=0 inf=0 absmax=128 shape=(6144, 4096) dtype=torch.int8)
[int8-quant] model.layers.6.self_attn.qkv_proj                (6144, 4096) bf16 → AQT-int8
[H1 r1] model.layers.6.self_attn.o_proj                  orig bf16: nan=0 inf=0 absmax=0.4336 zero_rows=0 shape=(4096, 2048)
[H2 r0] model.layers.14.mlp.gate_up_proj                 AQT type=AffineQuantizedTensor scale(nan=0 inf=0 absmax=0.003263 shape=(11008,) dtype=torch.float16 zero=0 min_abs=0.0003486)  int_data(nan=0 inf=0 absmax=128 shape=(11008, 4096) dtype=torch.int8)
[int8-quant] model.layers.14.mlp.gate_up_proj                 (11008, 4096) bf16 → AQT-int8
[H2 r1] model.layers.6.self_attn.o_proj                  AQT type=AffineQuantizedTensor scale(nan=0 inf=0 absmax=0.003401 shape=(4096,) dtype=torch.float16 zero=0 min_abs=0.0002911)  int_data(nan=0 inf=0 absmax=128 shape=(4096, 2048) dtype=torch.int8)
[int8-quant] model.layers.6.self_attn.o_proj                  (4096, 2048) bf16 → AQT-int8
[H1 r0] model.layers.14.mlp.down_proj                    orig bf16: nan=0 inf=0 absmax=0.6445 zero_rows=0 shape=(4096, 5504)
[H1 r1] model.layers.6.mlp.gate_up_proj                  orig bf16: nan=0 inf=0 absmax=0.5469 zero_rows=0 shape=(11008, 4096)
[H2 r0] model.layers.14.mlp.down_proj                    AQT type=AffineQuantizedTensor scale(nan=0 inf=0 absmax=0.005054 shape=(4096,) dtype=torch.float16 zero=0 min_abs=0.0004041)  int_data(nan=0 inf=0 absmax=128 shape=(4096, 5504) dtype=torch.int8)
[int8-quant] model.layers.14.mlp.down_proj                    (4096, 5504) bf16 → AQT-int8
[H1 r0] model.layers.15.self_attn.qkv_proj               orig bf16: nan=0 inf=0 absmax=0.5547 zero_rows=0 shape=(6144, 4096)
[H2 r1] model.layers.6.mlp.gate_up_proj                  AQT type=AffineQuantizedTensor scale(nan=0 inf=0 absmax=0.004288 shape=(11008,) dtype=torch.float16 zero=0 min_abs=0.0003409)  int_data(nan=0 inf=0 absmax=128 shape=(11008, 4096) dtype=torch.int8)
[int8-quant] model.layers.6.mlp.gate_up_proj                  (11008, 4096) bf16 → AQT-int8
[H1 r1] model.layers.6.mlp.down_proj                     orig bf16: nan=0 inf=0 absmax=0.5898 zero_rows=0 shape=(4096, 5504)
[H2 r0] model.layers.15.self_attn.qkv_proj               AQT type=AffineQuantizedTensor scale(nan=0 inf=0 absmax=0.004349 shape=(6144,) dtype=torch.float16 zero=0 min_abs=0.0002164)  int_data(nan=0 inf=0 absmax=128 shape=(6144, 4096) dtype=torch.int8)
[int8-quant] model.layers.15.self_attn.qkv_proj               (6144, 4096) bf16 → AQT-int8
[H1 r0] model.layers.15.self_attn.o_proj                 orig bf16: nan=0 inf=0 absmax=0.4766 zero_rows=0 shape=(4096, 2048)
[H2 r1] model.layers.6.mlp.down_proj                     AQT type=AffineQuantizedTensor scale(nan=0 inf=0 absmax=0.004627 shape=(4096,) dtype=torch.float16 zero=0 min_abs=0.0004079)  int_data(nan=0 inf=0 absmax=128 shape=(4096, 5504) dtype=torch.int8)
[int8-quant] model.layers.6.mlp.down_proj                     (4096, 5504) bf16 → AQT-int8
[H1 r1] model.layers.7.self_attn.qkv_proj                orig bf16: nan=0 inf=0 absmax=0.7344 zero_rows=0 shape=(6144, 4096)
[H2 r0] model.layers.15.self_attn.o_proj                 AQT type=AffineQuantizedTensor scale(nan=0 inf=0 absmax=0.003738 shape=(4096,) dtype=torch.float16 zero=0 min_abs=0.0003273)  int_data(nan=0 inf=0 absmax=128 shape=(4096, 2048) dtype=torch.int8)
[int8-quant] model.layers.15.self_attn.o_proj                 (4096, 2048) bf16 → AQT-int8
[H1 r0] model.layers.15.mlp.gate_up_proj                 orig bf16: nan=0 inf=0 absmax=0.4258 zero_rows=0 shape=(11008, 4096)
[H2 r1] model.layers.7.self_attn.qkv_proj                AQT type=AffineQuantizedTensor scale(nan=0 inf=0 absmax=0.00576 shape=(6144,) dtype=torch.float16 zero=0 min_abs=0.0002661)  int_data(nan=0 inf=0 absmax=128 shape=(6144, 4096) dtype=torch.int8)
[int8-quant] model.layers.7.self_attn.qkv_proj                (6144, 4096) bf16 → AQT-int8
[H1 r1] model.layers.7.self_attn.o_proj                  orig bf16: nan=0 inf=0 absmax=0.375 zero_rows=0 shape=(4096, 2048)
[H2 r0] model.layers.15.mlp.gate_up_proj                 AQT type=AffineQuantizedTensor scale(nan=0 inf=0 absmax=0.00334 shape=(11008,) dtype=torch.float16 zero=0 min_abs=0.0003581)  int_data(nan=0 inf=0 absmax=128 shape=(11008, 4096) dtype=torch.int8)
[int8-quant] model.layers.15.mlp.gate_up_proj                 (11008, 4096) bf16 → AQT-int8
[H2 r1] model.layers.7.self_attn.o_proj                  AQT type=AffineQuantizedTensor scale(nan=0 inf=0 absmax=0.002941 shape=(4096,) dtype=torch.float16 zero=0 min_abs=0.000293)  int_data(nan=0 inf=0 absmax=128 shape=(4096, 2048) dtype=torch.int8)
[int8-quant] model.layers.7.self_attn.o_proj                  (4096, 2048) bf16 → AQT-int8
[H1 r0] model.layers.15.mlp.down_proj                    orig bf16: nan=0 inf=0 absmax=1.023 zero_rows=0 shape=(4096, 5504)
[H1 r1] model.layers.7.mlp.gate_up_proj                  orig bf16: nan=0 inf=0 absmax=0.3359 zero_rows=0 shape=(11008, 4096)
[H2 r0] model.layers.15.mlp.down_proj                    AQT type=AffineQuantizedTensor scale(nan=0 inf=0 absmax=0.008026 shape=(4096,) dtype=torch.float16 zero=0 min_abs=0.0004346)  int_data(nan=0 inf=0 absmax=128 shape=(4096, 5504) dtype=torch.int8)
[int8-quant] model.layers.15.mlp.down_proj                    (4096, 5504) bf16 → AQT-int8
[H1 r0] model.layers.16.self_attn.qkv_proj               orig bf16: nan=0 inf=0 absmax=0.9453 zero_rows=0 shape=(6144, 4096)
[H2 r1] model.layers.7.mlp.gate_up_proj                  AQT type=AffineQuantizedTensor scale(nan=0 inf=0 absmax=0.002634 shape=(11008,) dtype=torch.float16 zero=0 min_abs=0.0003409)  int_data(nan=0 inf=0 absmax=128 shape=(11008, 4096) dtype=torch.int8)
[int8-quant] model.layers.7.mlp.gate_up_proj                  (11008, 4096) bf16 → AQT-int8
[H1 r1] model.layers.7.mlp.down_proj                     orig bf16: nan=0 inf=0 absmax=0.6641 zero_rows=0 shape=(4096, 5504)
[H2 r0] model.layers.16.self_attn.qkv_proj               AQT type=AffineQuantizedTensor scale(nan=0 inf=0 absmax=0.007416 shape=(6144,) dtype=torch.float16 zero=0 min_abs=0.0002642)  int_data(nan=0 inf=0 absmax=128 shape=(6144, 4096) dtype=torch.int8)
[int8-quant] model.layers.16.self_attn.qkv_proj               (6144, 4096) bf16 → AQT-int8
[H1 r0] model.layers.16.self_attn.o_proj                 orig bf16: nan=0 inf=0 absmax=0.4023 zero_rows=0 shape=(4096, 2048)
[H2 r1] model.layers.7.mlp.down_proj                     AQT type=AffineQuantizedTensor scale(nan=0 inf=0 absmax=0.005207 shape=(4096,) dtype=torch.float16 zero=0 min_abs=0.0004156)  int_data(nan=0 inf=0 absmax=128 shape=(4096, 5504) dtype=torch.int8)
[int8-quant] model.layers.7.mlp.down_proj                     (4096, 5504) bf16 → AQT-int8
[H1 r1] model.layers.8.self_attn.qkv_proj                orig bf16: nan=0 inf=0 absmax=0.4922 zero_rows=0 shape=(6144, 4096)
[H2 r0] model.layers.16.self_attn.o_proj                 AQT type=AffineQuantizedTensor scale(nan=0 inf=0 absmax=0.003155 shape=(4096,) dtype=torch.float16 zero=0 min_abs=0.0003312)  int_data(nan=0 inf=0 absmax=128 shape=(4096, 2048) dtype=torch.int8)
[int8-quant] model.layers.16.self_attn.o_proj                 (4096, 2048) bf16 → AQT-int8
[H1 r0] model.layers.16.mlp.gate_up_proj                 orig bf16: nan=0 inf=0 absmax=0.4707 zero_rows=0 shape=(11008, 4096)
[H2 r1] model.layers.8.self_attn.qkv_proj                AQT type=AffineQuantizedTensor scale(nan=0 inf=0 absmax=0.00386 shape=(6144,) dtype=torch.float16 zero=0 min_abs=0.000223)  int_data(nan=0 inf=0 absmax=128 shape=(6144, 4096) dtype=torch.int8)
[int8-quant] model.layers.8.self_attn.qkv_proj                (6144, 4096) bf16 → AQT-int8
[H1 r1] model.layers.8.self_attn.o_proj                  orig bf16: nan=0 inf=0 absmax=0.6992 zero_rows=0 shape=(4096, 2048)
[H2 r0] model.layers.16.mlp.gate_up_proj                 AQT type=AffineQuantizedTensor scale(nan=0 inf=0 absmax=0.003693 shape=(11008,) dtype=torch.float16 zero=0 min_abs=0.0003524)  int_data(nan=0 inf=0 absmax=128 shape=(11008, 4096) dtype=torch.int8)
[int8-quant] model.layers.16.mlp.gate_up_proj                 (11008, 4096) bf16 → AQT-int8
[H1 r0] model.layers.16.mlp.down_proj                    orig bf16: nan=0 inf=0 absmax=0.7695 zero_rows=0 shape=(4096, 5504)
[H2 r1] model.layers.8.self_attn.o_proj                  AQT type=AffineQuantizedTensor scale(nan=0 inf=0 absmax=0.005486 shape=(4096,) dtype=torch.float16 zero=0 min_abs=0.0002718)  int_data(nan=0 inf=0 absmax=128 shape=(4096, 2048) dtype=torch.int8)
[int8-quant] model.layers.8.self_attn.o_proj                  (4096, 2048) bf16 → AQT-int8
[H1 r1] model.layers.8.mlp.gate_up_proj                  orig bf16: nan=0 inf=0 absmax=0.3691 zero_rows=0 shape=(11008, 4096)
[H2 r0] model.layers.16.mlp.down_proj                    AQT type=AffineQuantizedTensor scale(nan=0 inf=0 absmax=0.006035 shape=(4096,) dtype=torch.float16 zero=0 min_abs=0.0004365)  int_data(nan=0 inf=0 absmax=128 shape=(4096, 5504) dtype=torch.int8)
[int8-quant] model.layers.16.mlp.down_proj                    (4096, 5504) bf16 → AQT-int8
[H1 r0] model.layers.17.self_attn.qkv_proj               orig bf16: nan=0 inf=0 absmax=0.9336 zero_rows=0 shape=(6144, 4096)
[H2 r1] model.layers.8.mlp.gate_up_proj                  AQT type=AffineQuantizedTensor scale(nan=0 inf=0 absmax=0.002895 shape=(11008,) dtype=torch.float16 zero=0 min_abs=0.0003293)  int_data(nan=0 inf=0 absmax=128 shape=(11008, 4096) dtype=torch.int8)
[int8-quant] model.layers.8.mlp.gate_up_proj                  (11008, 4096) bf16 → AQT-int8
[H1 r1] model.layers.8.mlp.down_proj                     orig bf16: nan=0 inf=0 absmax=0.6328 zero_rows=0 shape=(4096, 5504)
[H2 r0] model.layers.17.self_attn.qkv_proj               AQT type=AffineQuantizedTensor scale(nan=0 inf=0 absmax=0.00732 shape=(6144,) dtype=torch.float16 zero=0 min_abs=0.0002356)  int_data(nan=0 inf=0 absmax=128 shape=(6144, 4096) dtype=torch.int8)
[int8-quant] model.layers.17.self_attn.qkv_proj               (6144, 4096) bf16 → AQT-int8
[H1 r0] model.layers.17.self_attn.o_proj                 orig bf16: nan=0 inf=0 absmax=0.3359 zero_rows=0 shape=(4096, 2048)
[H2 r1] model.layers.8.mlp.down_proj                     AQT type=AffineQuantizedTensor scale(nan=0 inf=0 absmax=0.004963 shape=(4096,) dtype=torch.float16 zero=0 min_abs=0.0004137)  int_data(nan=0 inf=0 absmax=128 shape=(4096, 5504) dtype=torch.int8)
[int8-quant] model.layers.8.mlp.down_proj                     (4096, 5504) bf16 → AQT-int8
[H1 r1] model.layers.9.self_attn.qkv_proj                orig bf16: nan=0 inf=0 absmax=0.7734 zero_rows=0 shape=(6144, 4096)
[H2 r0] model.layers.17.self_attn.o_proj                 AQT type=AffineQuantizedTensor scale(nan=0 inf=0 absmax=0.002634 shape=(4096,) dtype=torch.float16 zero=0 min_abs=0.0003448)  int_data(nan=0 inf=0 absmax=128 shape=(4096, 2048) dtype=torch.int8)
[int8-quant] model.layers.17.self_attn.o_proj                 (4096, 2048) bf16 → AQT-int8
[H1 r0] model.layers.17.mlp.gate_up_proj                 orig bf16: nan=0 inf=0 absmax=0.3906 zero_rows=0 shape=(11008, 4096)
[H2 r1] model.layers.9.self_attn.qkv_proj                AQT type=AffineQuantizedTensor scale(nan=0 inf=0 absmax=0.006065 shape=(6144,) dtype=torch.float16 zero=0 min_abs=0.0002699)  int_data(nan=0 inf=0 absmax=128 shape=(6144, 4096) dtype=torch.int8)
[int8-quant] model.layers.9.self_attn.qkv_proj                (6144, 4096) bf16 → AQT-int8
[H1 r1] model.layers.9.self_attn.o_proj                  orig bf16: nan=0 inf=0 absmax=0.291 zero_rows=0 shape=(4096, 2048)
[H2 r0] model.layers.17.mlp.gate_up_proj                 AQT type=AffineQuantizedTensor scale(nan=0 inf=0 absmax=0.003063 shape=(11008,) dtype=torch.float16 zero=0 min_abs=0.0003581)  int_data(nan=0 inf=0 absmax=128 shape=(11008, 4096) dtype=torch.int8)
[int8-quant] model.layers.17.mlp.gate_up_proj                 (11008, 4096) bf16 → AQT-int8
[H1 r0] model.layers.17.mlp.down_proj                    orig bf16: nan=0 inf=0 absmax=0.3301 zero_rows=0 shape=(4096, 5504)
[H2 r1] model.layers.9.self_attn.o_proj                  AQT type=AffineQuantizedTensor scale(nan=0 inf=0 absmax=0.002283 shape=(4096,) dtype=torch.float16 zero=0 min_abs=0.0002451)  int_data(nan=0 inf=0 absmax=128 shape=(4096, 2048) dtype=torch.int8)
[int8-quant] model.layers.9.self_attn.o_proj                  (4096, 2048) bf16 → AQT-int8
[H1 r1] model.layers.9.mlp.gate_up_proj                  orig bf16: nan=0 inf=0 absmax=0.4121 zero_rows=0 shape=(11008, 4096)
[H2 r0] model.layers.17.mlp.down_proj                    AQT type=AffineQuantizedTensor scale(nan=0 inf=0 absmax=0.002588 shape=(4096,) dtype=torch.float16 zero=0 min_abs=0.000427)  int_data(nan=0 inf=0 absmax=128 shape=(4096, 5504) dtype=torch.int8)
[int8-quant] model.layers.17.mlp.down_proj                    (4096, 5504) bf16 → AQT-int8
[H1 r0] model.layers.18.self_attn.qkv_proj               orig bf16: nan=0 inf=0 absmax=0.7695 zero_rows=0 shape=(6144, 4096)
[H2 r1] model.layers.9.mlp.gate_up_proj                  AQT type=AffineQuantizedTensor scale(nan=0 inf=0 absmax=0.003233 shape=(11008,) dtype=torch.float16 zero=0 min_abs=0.0003159)  int_data(nan=0 inf=0 absmax=128 shape=(11008, 4096) dtype=torch.int8)
[int8-quant] model.layers.9.mlp.gate_up_proj                  (11008, 4096) bf16 → AQT-int8
[H1 r1] model.layers.9.mlp.down_proj                     orig bf16: nan=0 inf=0 absmax=0.6328 zero_rows=0 shape=(4096, 5504)
[H2 r0] model.layers.18.self_attn.qkv_proj               AQT type=AffineQuantizedTensor scale(nan=0 inf=0 absmax=0.006035 shape=(6144,) dtype=torch.float16 zero=0 min_abs=0.0002278)  int_data(nan=0 inf=0 absmax=128 shape=(6144, 4096) dtype=torch.int8)
[int8-quant] model.layers.18.self_attn.qkv_proj               (6144, 4096) bf16 → AQT-int8
[H1 r0] model.layers.18.self_attn.o_proj                 orig bf16: nan=0 inf=0 absmax=0.3906 zero_rows=0 shape=(4096, 2048)
[H2 r1] model.layers.9.mlp.down_proj                     AQT type=AffineQuantizedTensor scale(nan=0 inf=0 absmax=0.004963 shape=(4096,) dtype=torch.float16 zero=0 min_abs=0.0004041)  int_data(nan=0 inf=0 absmax=128 shape=(4096, 5504) dtype=torch.int8)
[int8-quant] model.layers.9.mlp.down_proj                     (4096, 5504) bf16 → AQT-int8
[H1 r1] model.layers.10.self_attn.qkv_proj               orig bf16: nan=0 inf=0 absmax=0.4473 zero_rows=0 shape=(6144, 4096)
[H2 r0] model.layers.18.self_attn.o_proj                 AQT type=AffineQuantizedTensor scale(nan=0 inf=0 absmax=0.003063 shape=(4096,) dtype=torch.float16 zero=0 min_abs=0.00036)  int_data(nan=0 inf=0 absmax=128 shape=(4096, 2048) dtype=torch.int8)
[int8-quant] model.layers.18.self_attn.o_proj                 (4096, 2048) bf16 → AQT-int8
[H1 r0] model.layers.18.mlp.gate_up_proj                 orig bf16: nan=0 inf=0 absmax=0.3555 zero_rows=0 shape=(11008, 4096)
[H2 r1] model.layers.10.self_attn.qkv_proj               AQT type=AffineQuantizedTensor scale(nan=0 inf=0 absmax=0.003508 shape=(6144,) dtype=torch.float16 zero=0 min_abs=0.0002623)  int_data(nan=0 inf=0 absmax=128 shape=(6144, 4096) dtype=torch.int8)
[int8-quant] model.layers.10.self_attn.qkv_proj               (6144, 4096) bf16 → AQT-int8
[H1 r1] model.layers.10.self_attn.o_proj                 orig bf16: nan=0 inf=0 absmax=0.1943 zero_rows=0 shape=(4096, 2048)
[H2 r0] model.layers.18.mlp.gate_up_proj                 AQT type=AffineQuantizedTensor scale(nan=0 inf=0 absmax=0.002789 shape=(11008,) dtype=torch.float16 zero=0 min_abs=0.0003848)  int_data(nan=0 inf=0 absmax=128 shape=(11008, 4096) dtype=torch.int8)
[int8-quant] model.layers.18.mlp.gate_up_proj                 (11008, 4096) bf16 → AQT-int8
[H1 r0] model.layers.18.mlp.down_proj                    orig bf16: nan=0 inf=0 absmax=1.047 zero_rows=0 shape=(4096, 5504)
[H2 r1] model.layers.10.self_attn.o_proj                 AQT type=AffineQuantizedTensor scale(nan=0 inf=0 absmax=0.001524 shape=(4096,) dtype=torch.float16 zero=0 min_abs=0.0002269)  int_data(nan=0 inf=0 absmax=128 shape=(4096, 2048) dtype=torch.int8)
[int8-quant] model.layers.10.self_attn.o_proj                 (4096, 2048) bf16 → AQT-int8
[H1 r1] model.layers.10.mlp.gate_up_proj                 orig bf16: nan=0 inf=0 absmax=0.5156 zero_rows=0 shape=(11008, 4096)
[H2 r0] model.layers.18.mlp.down_proj                    AQT type=AffineQuantizedTensor scale(nan=0 inf=0 absmax=0.008209 shape=(4096,) dtype=torch.float16 zero=0 min_abs=0.0004289)  int_data(nan=0 inf=0 absmax=128 shape=(4096, 5504) dtype=torch.int8)
[int8-quant] model.layers.18.mlp.down_proj                    (4096, 5504) bf16 → AQT-int8
[H1 r0] model.layers.19.self_attn.qkv_proj               orig bf16: nan=0 inf=0 absmax=0.5938 zero_rows=0 shape=(6144, 4096)
[H2 r1] model.layers.10.mlp.gate_up_proj                 AQT type=AffineQuantizedTensor scale(nan=0 inf=0 absmax=0.004044 shape=(11008,) dtype=torch.float16 zero=0 min_abs=0.0002968)  int_data(nan=0 inf=0 absmax=128 shape=(11008, 4096) dtype=torch.int8)
[int8-quant] model.layers.10.mlp.gate_up_proj                 (11008, 4096) bf16 → AQT-int8
[H1 r1] model.layers.10.mlp.down_proj                    orig bf16: nan=0 inf=0 absmax=0.7305 zero_rows=0 shape=(4096, 5504)
[H2 r0] model.layers.19.self_attn.qkv_proj               AQT type=AffineQuantizedTensor scale(nan=0 inf=0 absmax=0.004658 shape=(6144,) dtype=torch.float16 zero=0 min_abs=0.0001943)  int_data(nan=0 inf=0 absmax=128 shape=(6144, 4096) dtype=torch.int8)
[int8-quant] model.layers.19.self_attn.qkv_proj               (6144, 4096) bf16 → AQT-int8
[H1 r0] model.layers.19.self_attn.o_proj                 orig bf16: nan=0 inf=0 absmax=0.3457 zero_rows=0 shape=(4096, 2048)
[H2 r1] model.layers.10.mlp.down_proj                    AQT type=AffineQuantizedTensor scale(nan=0 inf=0 absmax=0.00573 shape=(4096,) dtype=torch.float16 zero=0 min_abs=0.0004098)  int_data(nan=0 inf=0 absmax=128 shape=(4096, 5504) dtype=torch.int8)
[int8-quant] model.layers.10.mlp.down_proj                    (4096, 5504) bf16 → AQT-int8
[H1 r1] model.layers.11.self_attn.qkv_proj               orig bf16: nan=0 inf=0 absmax=0.5781 zero_rows=0 shape=(6144, 4096)
[H2 r0] model.layers.19.self_attn.o_proj                 AQT type=AffineQuantizedTensor scale(nan=0 inf=0 absmax=0.002712 shape=(4096,) dtype=torch.float16 zero=0 min_abs=0.0003448)  int_data(nan=0 inf=0 absmax=128 shape=(4096, 2048) dtype=torch.int8)
[int8-quant] model.layers.19.self_attn.o_proj                 (4096, 2048) bf16 → AQT-int8
[H1 r0] model.layers.19.mlp.gate_up_proj                 orig bf16: nan=0 inf=0 absmax=0.4688 zero_rows=0 shape=(11008, 4096)
[H2 r1] model.layers.11.self_attn.qkv_proj               AQT type=AffineQuantizedTensor scale(nan=0 inf=0 absmax=0.004536 shape=(6144,) dtype=torch.float16 zero=0 min_abs=0.0002154)  int_data(nan=0 inf=0 absmax=128 shape=(6144, 4096) dtype=torch.int8)
[int8-quant] model.layers.11.self_attn.qkv_proj               (6144, 4096) bf16 → AQT-int8
[H1 r1] model.layers.11.self_attn.o_proj                 orig bf16: nan=0 inf=0 absmax=0.4727 zero_rows=0 shape=(4096, 2048)
[H2 r0] model.layers.19.mlp.gate_up_proj                 AQT type=AffineQuantizedTensor scale(nan=0 inf=0 absmax=0.003677 shape=(11008,) dtype=torch.float16 zero=0 min_abs=0.0003886)  int_data(nan=0 inf=0 absmax=128 shape=(11008, 4096) dtype=torch.int8)
[int8-quant] model.layers.19.mlp.gate_up_proj                 (11008, 4096) bf16 → AQT-int8
[H1 r0] model.layers.19.mlp.down_proj                    orig bf16: nan=0 inf=0 absmax=0.9375 zero_rows=0 shape=(4096, 5504)
[H2 r1] model.layers.11.self_attn.o_proj                 AQT type=AffineQuantizedTensor scale(nan=0 inf=0 absmax=0.003708 shape=(4096,) dtype=torch.float16 zero=0 min_abs=0.0002737)  int_data(nan=0 inf=0 absmax=128 shape=(4096, 2048) dtype=torch.int8)
[int8-quant] model.layers.11.self_attn.o_proj                 (4096, 2048) bf16 → AQT-int8
[H1 r1] model.layers.11.mlp.gate_up_proj                 orig bf16: nan=0 inf=0 absmax=0.4023 zero_rows=0 shape=(11008, 4096)
[H2 r0] model.layers.19.mlp.down_proj                    AQT type=AffineQuantizedTensor scale(nan=0 inf=0 absmax=0.007355 shape=(4096,) dtype=torch.float16 zero=0 min_abs=0.0004289)  int_data(nan=0 inf=0 absmax=128 shape=(4096, 5504) dtype=torch.int8)
[int8-quant] model.layers.19.mlp.down_proj                    (4096, 5504) bf16 → AQT-int8
[H1 r0] model.layers.20.self_attn.qkv_proj               orig bf16: nan=0 inf=0 absmax=0.9062 zero_rows=0 shape=(6144, 4096)
[H2 r1] model.layers.11.mlp.gate_up_proj                 AQT type=AffineQuantizedTensor scale(nan=0 inf=0 absmax=0.003155 shape=(11008,) dtype=torch.float16 zero=0 min_abs=0.0002987)  int_data(nan=0 inf=0 absmax=128 shape=(11008, 4096) dtype=torch.int8)
[int8-quant] model.layers.11.mlp.gate_up_proj                 (11008, 4096) bf16 → AQT-int8
[H1 r1] model.layers.11.mlp.down_proj                    orig bf16: nan=0 inf=0 absmax=0.7617 zero_rows=0 shape=(4096, 5504)
[H2 r0] model.layers.20.self_attn.qkv_proj               AQT type=AffineQuantizedTensor scale(nan=0 inf=0 absmax=0.007107 shape=(6144,) dtype=torch.float16 zero=0 min_abs=0.0002183)  int_data(nan=0 inf=0 absmax=128 shape=(6144, 4096) dtype=torch.int8)
[int8-quant] model.layers.20.self_attn.qkv_proj               (6144, 4096) bf16 → AQT-int8
[H1 r0] model.layers.20.self_attn.o_proj                 orig bf16: nan=0 inf=0 absmax=0.498 zero_rows=0 shape=(4096, 2048)
[H2 r1] model.layers.11.mlp.down_proj                    AQT type=AffineQuantizedTensor scale(nan=0 inf=0 absmax=0.005974 shape=(4096,) dtype=torch.float16 zero=0 min_abs=0.0004137)  int_data(nan=0 inf=0 absmax=128 shape=(4096, 5504) dtype=torch.int8)
[int8-quant] model.layers.11.mlp.down_proj                    (4096, 5504) bf16 → AQT-int8
[H2 r0] model.layers.20.self_attn.o_proj                 AQT type=AffineQuantizedTensor scale(nan=0 inf=0 absmax=0.003906 shape=(4096,) dtype=torch.float16 zero=0 min_abs=0.0003657)  int_data(nan=0 inf=0 absmax=128 shape=(4096, 2048) dtype=torch.int8)
[int8-quant] model.layers.20.self_attn.o_proj                 (4096, 2048) bf16 → AQT-int8
[H1 r1] model.layers.12.self_attn.qkv_proj               orig bf16: nan=0 inf=0 absmax=0.5234 zero_rows=0 shape=(6144, 4096)
[H1 r0] model.layers.20.mlp.gate_up_proj                 orig bf16: nan=0 inf=0 absmax=0.3203 zero_rows=0 shape=(11008, 4096)
[H2 r1] model.layers.12.self_attn.qkv_proj               AQT type=AffineQuantizedTensor scale(nan=0 inf=0 absmax=0.004105 shape=(6144,) dtype=torch.float16 zero=0 min_abs=0.0002451)  int_data(nan=0 inf=0 absmax=128 shape=(6144, 4096) dtype=torch.int8)
[int8-quant] model.layers.12.self_attn.qkv_proj               (6144, 4096) bf16 → AQT-int8
[H1 r1] model.layers.12.self_attn.o_proj                 orig bf16: nan=0 inf=0 absmax=0.5039 zero_rows=0 shape=(4096, 2048)
[H2 r0] model.layers.20.mlp.gate_up_proj                 AQT type=AffineQuantizedTensor scale(nan=0 inf=0 absmax=0.002512 shape=(11008,) dtype=torch.float16 zero=0 min_abs=0.0003791)  int_data(nan=0 inf=0 absmax=128 shape=(11008, 4096) dtype=torch.int8)
[int8-quant] model.layers.20.mlp.gate_up_proj                 (11008, 4096) bf16 → AQT-int8
[H1 r0] model.layers.20.mlp.down_proj                    orig bf16: nan=0 inf=0 absmax=0.7266 zero_rows=0 shape=(4096, 5504)
[H2 r1] model.layers.12.self_attn.o_proj                 AQT type=AffineQuantizedTensor scale(nan=0 inf=0 absmax=0.003952 shape=(4096,) dtype=torch.float16 zero=0 min_abs=0.0002164)  int_data(nan=0 inf=0 absmax=128 shape=(4096, 2048) dtype=torch.int8)
[int8-quant] model.layers.12.self_attn.o_proj                 (4096, 2048) bf16 → AQT-int8
[H1 r1] model.layers.12.mlp.gate_up_proj                 orig bf16: nan=0 inf=0 absmax=0.3418 zero_rows=0 shape=(11008, 4096)
[H2 r0] model.layers.20.mlp.down_proj                    AQT type=AffineQuantizedTensor scale(nan=0 inf=0 absmax=0.005699 shape=(4096,) dtype=torch.float16 zero=0 min_abs=0.000427)  int_data(nan=0 inf=0 absmax=128 shape=(4096, 5504) dtype=torch.int8)
[int8-quant] model.layers.20.mlp.down_proj                    (4096, 5504) bf16 → AQT-int8
[H1 r0] model.layers.21.self_attn.qkv_proj               orig bf16: nan=0 inf=0 absmax=0.7656 zero_rows=0 shape=(6144, 4096)
[H2 r1] model.layers.12.mlp.gate_up_proj                 AQT type=AffineQuantizedTensor scale(nan=0 inf=0 absmax=0.00268 shape=(11008,) dtype=torch.float16 zero=0 min_abs=0.0003448)  int_data(nan=0 inf=0 absmax=128 shape=(11008, 4096) dtype=torch.int8)
[int8-quant] model.layers.12.mlp.gate_up_proj                 (11008, 4096) bf16 → AQT-int8
[H1 r1] model.layers.12.mlp.down_proj                    orig bf16: nan=0 inf=0 absmax=0.6328 zero_rows=0 shape=(4096, 5504)
[H2 r1] model.layers.12.mlp.down_proj                    AQT type=AffineQuantizedTensor scale(nan=0 inf=0 absmax=0.004963 shape=(4096,) dtype=torch.float16 zero=0 min_abs=0.0003486)  int_data(nan=0 inf=0 absmax=128 shape=(4096, 5504) dtype=torch.int8)
[int8-quant] model.layers.12.mlp.down_proj                    (4096, 5504) bf16 → AQT-int8
[H2 r0] model.layers.21.self_attn.qkv_proj               AQT type=AffineQuantizedTensor scale(nan=0 inf=0 absmax=0.006004 shape=(6144,) dtype=torch.float16 zero=0 min_abs=0.0001943)  int_data(nan=0 inf=0 absmax=128 shape=(6144, 4096) dtype=torch.int8)
[int8-quant] model.layers.21.self_attn.qkv_proj               (6144, 4096) bf16 → AQT-int8
[H1 r1] model.layers.13.self_attn.qkv_proj               orig bf16: nan=0 inf=0 absmax=0.668 zero_rows=0 shape=(6144, 4096)
[H1 r0] model.layers.21.self_attn.o_proj                 orig bf16: nan=0 inf=0 absmax=0.3887 zero_rows=0 shape=(4096, 2048)
[H2 r1] model.layers.13.self_attn.qkv_proj               AQT type=AffineQuantizedTensor scale(nan=0 inf=0 absmax=0.005238 shape=(6144,) dtype=torch.float16 zero=0 min_abs=0.0002346)  int_data(nan=0 inf=0 absmax=128 shape=(6144, 4096) dtype=torch.int8)
[int8-quant] model.layers.13.self_attn.qkv_proj               (6144, 4096) bf16 → AQT-int8
[H1 r1] model.layers.13.self_attn.o_proj                 orig bf16: nan=0 inf=0 absmax=0.4805 zero_rows=0 shape=(4096, 2048)
[H2 r1] model.layers.13.self_attn.o_proj                 AQT type=AffineQuantizedTensor scale(nan=0 inf=0 absmax=0.003769 shape=(4096,) dtype=torch.float16 zero=0 min_abs=0.0003178)  int_data(nan=0 inf=0 absmax=128 shape=(4096, 2048) dtype=torch.int8)
[int8-quant] model.layers.13.self_attn.o_proj                 (4096, 2048) bf16 → AQT-int8
[H1 r1] model.layers.13.mlp.gate_up_proj                 orig bf16: nan=0 inf=0 absmax=0.4375 zero_rows=0 shape=(11008, 4096)
[H2 r0] model.layers.21.self_attn.o_proj                 AQT type=AffineQuantizedTensor scale(nan=0 inf=0 absmax=0.003048 shape=(4096,) dtype=torch.float16 zero=0 min_abs=0.00036)  int_data(nan=0 inf=0 absmax=128 shape=(4096, 2048) dtype=torch.int8)
[int8-quant] model.layers.21.self_attn.o_proj                 (4096, 2048) bf16 → AQT-int8
[H2 r1] model.layers.13.mlp.gate_up_proj                 AQT type=AffineQuantizedTensor scale(nan=0 inf=0 absmax=0.003431 shape=(11008,) dtype=torch.float16 zero=0 min_abs=0.0003064)  int_data(nan=0 inf=0 absmax=128 shape=(11008, 4096) dtype=torch.int8)
[int8-quant] model.layers.13.mlp.gate_up_proj                 (11008, 4096) bf16 → AQT-int8
[H1 r1] model.layers.13.mlp.down_proj                    orig bf16: nan=0 inf=0 absmax=0.9805 zero_rows=0 shape=(4096, 5504)
[H1 r0] model.layers.21.mlp.gate_up_proj                 orig bf16: nan=0 inf=0 absmax=0.2559 zero_rows=0 shape=(11008, 4096)
[H2 r1] model.layers.13.mlp.down_proj                    AQT type=AffineQuantizedTensor scale(nan=0 inf=0 absmax=0.00769 shape=(4096,) dtype=torch.float16 zero=0 min_abs=0.0004346)  int_data(nan=0 inf=0 absmax=128 shape=(4096, 5504) dtype=torch.int8)
[int8-quant] model.layers.13.mlp.down_proj                    (4096, 5504) bf16 → AQT-int8
[H1 r1] model.layers.14.self_attn.qkv_proj               orig bf16: nan=0 inf=0 absmax=0.5273 zero_rows=0 shape=(6144, 4096)
[H2 r1] model.layers.14.self_attn.qkv_proj               AQT type=AffineQuantizedTensor scale(nan=0 inf=0 absmax=0.004135 shape=(6144,) dtype=torch.float16 zero=0 min_abs=0.0002078)  int_data(nan=0 inf=0 absmax=128 shape=(6144, 4096) dtype=torch.int8)
[int8-quant] model.layers.14.self_attn.qkv_proj               (6144, 4096) bf16 → AQT-int8
[H1 r1] model.layers.14.self_attn.o_proj                 orig bf16: nan=0 inf=0 absmax=0.3301 zero_rows=0 shape=(4096, 2048)
[H2 r1] model.layers.14.self_attn.o_proj                 AQT type=AffineQuantizedTensor scale(nan=0 inf=0 absmax=0.002588 shape=(4096,) dtype=torch.float16 zero=0 min_abs=0.0002778)  int_data(nan=0 inf=0 absmax=128 shape=(4096, 2048) dtype=torch.int8)
[int8-quant] model.layers.14.self_attn.o_proj                 (4096, 2048) bf16 → AQT-int8
[H1 r1] model.layers.14.mlp.gate_up_proj                 orig bf16: nan=0 inf=0 absmax=0.4492 zero_rows=0 shape=(11008, 4096)
[H2 r0] model.layers.21.mlp.gate_up_proj                 AQT type=AffineQuantizedTensor scale(nan=0 inf=0 absmax=0.002007 shape=(11008,) dtype=torch.float16 zero=0 min_abs=0.0003734)  int_data(nan=0 inf=0 absmax=128 shape=(11008, 4096) dtype=torch.int8)
[int8-quant] model.layers.21.mlp.gate_up_proj                 (11008, 4096) bf16 → AQT-int8
[H2 r1] model.layers.14.mlp.gate_up_proj                 AQT type=AffineQuantizedTensor scale(nan=0 inf=0 absmax=0.003523 shape=(11008,) dtype=torch.float16 zero=0 min_abs=0.000335)  int_data(nan=0 inf=0 absmax=128 shape=(11008, 4096) dtype=torch.int8)
[int8-quant] model.layers.14.mlp.gate_up_proj                 (11008, 4096) bf16 → AQT-int8
[H1 r0] model.layers.21.mlp.down_proj                    orig bf16: nan=0 inf=0 absmax=0.5547 zero_rows=0 shape=(4096, 5504)
[H1 r1] model.layers.14.mlp.down_proj                    orig bf16: nan=0 inf=0 absmax=0.7148 zero_rows=0 shape=(4096, 5504)
[H2 r1] model.layers.14.mlp.down_proj                    AQT type=AffineQuantizedTensor scale(nan=0 inf=0 absmax=0.005608 shape=(4096,) dtype=torch.float16 zero=0 min_abs=0.0004232)  int_data(nan=0 inf=0 absmax=128 shape=(4096, 5504) dtype=torch.int8)
[int8-quant] model.layers.14.mlp.down_proj                    (4096, 5504) bf16 → AQT-int8
[H1 r1] model.layers.15.self_attn.qkv_proj               orig bf16: nan=0 inf=0 absmax=0.5547 zero_rows=0 shape=(6144, 4096)
[H2 r1] model.layers.15.self_attn.qkv_proj               AQT type=AffineQuantizedTensor scale(nan=0 inf=0 absmax=0.004349 shape=(6144,) dtype=torch.float16 zero=0 min_abs=0.0002737)  int_data(nan=0 inf=0 absmax=128 shape=(6144, 4096) dtype=torch.int8)
[int8-quant] model.layers.15.self_attn.qkv_proj               (6144, 4096) bf16 → AQT-int8
[H1 r1] model.layers.15.self_attn.o_proj                 orig bf16: nan=0 inf=0 absmax=0.373 zero_rows=0 shape=(4096, 2048)
[H2 r0] model.layers.21.mlp.down_proj                    AQT type=AffineQuantizedTensor scale(nan=0 inf=0 absmax=0.004349 shape=(4096,) dtype=torch.float16 zero=0 min_abs=0.0004327)  int_data(nan=0 inf=0 absmax=128 shape=(4096, 5504) dtype=torch.int8)
[int8-quant] model.layers.21.mlp.down_proj                    (4096, 5504) bf16 → AQT-int8
[H2 r1] model.layers.15.self_attn.o_proj                 AQT type=AffineQuantizedTensor scale(nan=0 inf=0 absmax=0.002926 shape=(4096,) dtype=torch.float16 zero=0 min_abs=0.0003331)  int_data(nan=0 inf=0 absmax=128 shape=(4096, 2048) dtype=torch.int8)
[int8-quant] model.layers.15.self_attn.o_proj                 (4096, 2048) bf16 → AQT-int8
[H1 r1] model.layers.15.mlp.gate_up_proj                 orig bf16: nan=0 inf=0 absmax=0.3398 zero_rows=0 shape=(11008, 4096)
[H1 r0] model.layers.22.self_attn.qkv_proj               orig bf16: nan=0 inf=0 absmax=0.8711 zero_rows=0 shape=(6144, 4096)
[H2 r1] model.layers.15.mlp.gate_up_proj                 AQT type=AffineQuantizedTensor scale(nan=0 inf=0 absmax=0.002665 shape=(11008,) dtype=torch.float16 zero=0 min_abs=0.0002623)  int_data(nan=0 inf=0 absmax=128 shape=(11008, 4096) dtype=torch.int8)
[int8-quant] model.layers.15.mlp.gate_up_proj                 (11008, 4096) bf16 → AQT-int8
[H1 r1] model.layers.15.mlp.down_proj                    orig bf16: nan=0 inf=0 absmax=0.4141 zero_rows=0 shape=(4096, 5504)
[H2 r1] model.layers.15.mlp.down_proj                    AQT type=AffineQuantizedTensor scale(nan=0 inf=0 absmax=0.003248 shape=(4096,) dtype=torch.float16 zero=0 min_abs=0.0004308)  int_data(nan=0 inf=0 absmax=128 shape=(4096, 5504) dtype=torch.int8)
[int8-quant] model.layers.15.mlp.down_proj                    (4096, 5504) bf16 → AQT-int8
[H1 r1] model.layers.16.self_attn.qkv_proj               orig bf16: nan=0 inf=0 absmax=0.6172 zero_rows=0 shape=(6144, 4096)
[H2 r0] model.layers.22.self_attn.qkv_proj               AQT type=AffineQuantizedTensor scale(nan=0 inf=0 absmax=0.006832 shape=(6144,) dtype=torch.float16 zero=0 min_abs=0.0002097)  int_data(nan=0 inf=0 absmax=128 shape=(6144, 4096) dtype=torch.int8)
[int8-quant] model.layers.22.self_attn.qkv_proj               (6144, 4096) bf16 → AQT-int8
[H2 r1] model.layers.16.self_attn.qkv_proj               AQT type=AffineQuantizedTensor scale(nan=0 inf=0 absmax=0.004841 shape=(6144,) dtype=torch.float16 zero=0 min_abs=0.0001972)  int_data(nan=0 inf=0 absmax=128 shape=(6144, 4096) dtype=torch.int8)
[int8-quant] model.layers.16.self_attn.qkv_proj               (6144, 4096) bf16 → AQT-int8
[H1 r1] model.layers.16.self_attn.o_proj                 orig bf16: nan=0 inf=0 absmax=0.375 zero_rows=0 shape=(4096, 2048)
[H1 r0] model.layers.22.self_attn.o_proj                 orig bf16: nan=0 inf=0 absmax=0.7227 zero_rows=0 shape=(4096, 2048)
[H2 r1] model.layers.16.self_attn.o_proj                 AQT type=AffineQuantizedTensor scale(nan=0 inf=0 absmax=0.002941 shape=(4096,) dtype=torch.float16 zero=0 min_abs=0.0003312)  int_data(nan=0 inf=0 absmax=128 shape=(4096, 2048) dtype=torch.int8)
[int8-quant] model.layers.16.self_attn.o_proj                 (4096, 2048) bf16 → AQT-int8
[H1 r1] model.layers.16.mlp.gate_up_proj                 orig bf16: nan=0 inf=0 absmax=0.4297 zero_rows=0 shape=(11008, 4096)
[H2 r1] model.layers.16.mlp.gate_up_proj                 AQT type=AffineQuantizedTensor scale(nan=0 inf=0 absmax=0.00337 shape=(11008,) dtype=torch.float16 zero=0 min_abs=0.0003505)  int_data(nan=0 inf=0 absmax=128 shape=(11008, 4096) dtype=torch.int8)
[int8-quant] model.layers.16.mlp.gate_up_proj                 (11008, 4096) bf16 → AQT-int8
[H1 r1] model.layers.16.mlp.down_proj                    orig bf16: nan=0 inf=0 absmax=0.5703 zero_rows=0 shape=(4096, 5504)
[H2 r0] model.layers.22.self_attn.o_proj                 AQT type=AffineQuantizedTensor scale(nan=0 inf=0 absmax=0.005669 shape=(4096,) dtype=torch.float16 zero=0 min_abs=0.0003734)  int_data(nan=0 inf=0 absmax=128 shape=(4096, 2048) dtype=torch.int8)
[int8-quant] model.layers.22.self_attn.o_proj                 (4096, 2048) bf16 → AQT-int8
[H2 r1] model.layers.16.mlp.down_proj                    AQT type=AffineQuantizedTensor scale(nan=0 inf=0 absmax=0.004475 shape=(4096,) dtype=torch.float16 zero=0 min_abs=0.0004442)  int_data(nan=0 inf=0 absmax=128 shape=(4096, 5504) dtype=torch.int8)
[int8-quant] model.layers.16.mlp.down_proj                    (4096, 5504) bf16 → AQT-int8
[H1 r1] model.layers.17.self_attn.qkv_proj               orig bf16: nan=0 inf=0 absmax=0.7812 zero_rows=0 shape=(6144, 4096)
[H1 r0] model.layers.22.mlp.gate_up_proj                 orig bf16: nan=0 inf=0 absmax=0.291 zero_rows=0 shape=(11008, 4096)
[H2 r1] model.layers.17.self_attn.qkv_proj               AQT type=AffineQuantizedTensor scale(nan=0 inf=0 absmax=0.006126 shape=(6144,) dtype=torch.float16 zero=0 min_abs=0.0002451)  int_data(nan=0 inf=0 absmax=128 shape=(6144, 4096) dtype=torch.int8)
[int8-quant] model.layers.17.self_attn.qkv_proj               (6144, 4096) bf16 → AQT-int8
[H1 r1] model.layers.17.self_attn.o_proj                 orig bf16: nan=0 inf=0 absmax=0.4883 zero_rows=0 shape=(4096, 2048)
[H2 r1] model.layers.17.self_attn.o_proj                 AQT type=AffineQuantizedTensor scale(nan=0 inf=0 absmax=0.00383 shape=(4096,) dtype=torch.float16 zero=0 min_abs=0.000339)  int_data(nan=0 inf=0 absmax=128 shape=(4096, 2048) dtype=torch.int8)
[int8-quant] model.layers.17.self_attn.o_proj                 (4096, 2048) bf16 → AQT-int8
[H1 r1] model.layers.17.mlp.gate_up_proj                 orig bf16: nan=0 inf=0 absmax=0.3301 zero_rows=0 shape=(11008, 4096)
[H2 r0] model.layers.22.mlp.gate_up_proj                 AQT type=AffineQuantizedTensor scale(nan=0 inf=0 absmax=0.002283 shape=(11008,) dtype=torch.float16 zero=0 min_abs=0.0004137)  int_data(nan=0 inf=0 absmax=128 shape=(11008, 4096) dtype=torch.int8)
[int8-quant] model.layers.22.mlp.gate_up_proj                 (11008, 4096) bf16 → AQT-int8
[H2 r1] model.layers.17.mlp.gate_up_proj                 AQT type=AffineQuantizedTensor scale(nan=0 inf=0 absmax=0.002588 shape=(11008,) dtype=torch.float16 zero=0 min_abs=0.0003791)  int_data(nan=0 inf=0 absmax=128 shape=(11008, 4096) dtype=torch.int8)
[int8-quant] model.layers.17.mlp.gate_up_proj                 (11008, 4096) bf16 → AQT-int8
[H1 r1] model.layers.17.mlp.down_proj                    orig bf16: nan=0 inf=0 absmax=1.102 zero_rows=0 shape=(4096, 5504)
[H2 r1] model.layers.17.mlp.down_proj                    AQT type=AffineQuantizedTensor scale(nan=0 inf=0 absmax=0.008636 shape=(4096,) dtype=torch.float16 zero=0 min_abs=0.0004327)  int_data(nan=0 inf=0 absmax=128 shape=(4096, 5504) dtype=torch.int8)
[int8-quant] model.layers.17.mlp.down_proj                    (4096, 5504) bf16 → AQT-int8
[H1 r0] model.layers.22.mlp.down_proj                    orig bf16: nan=0 inf=0 absmax=0.4492 zero_rows=0 shape=(4096, 5504)
[H1 r1] model.layers.18.self_attn.qkv_proj               orig bf16: nan=0 inf=0 absmax=0.668 zero_rows=0 shape=(6144, 4096)
[H2 r1] model.layers.18.self_attn.qkv_proj               AQT type=AffineQuantizedTensor scale(nan=0 inf=0 absmax=0.005238 shape=(6144,) dtype=torch.float16 zero=0 min_abs=0.0002087)  int_data(nan=0 inf=0 absmax=128 shape=(6144, 4096) dtype=torch.int8)
[int8-quant] model.layers.18.self_attn.qkv_proj               (6144, 4096) bf16 → AQT-int8
[H1 r1] model.layers.18.self_attn.o_proj                 orig bf16: nan=0 inf=0 absmax=0.5469 zero_rows=0 shape=(4096, 2048)
[H2 r1] model.layers.18.self_attn.o_proj                 AQT type=AffineQuantizedTensor scale(nan=0 inf=0 absmax=0.004288 shape=(4096,) dtype=torch.float16 zero=0 min_abs=0.0003562)  int_data(nan=0 inf=0 absmax=128 shape=(4096, 2048) dtype=torch.int8)
[int8-quant] model.layers.18.self_attn.o_proj                 (4096, 2048) bf16 → AQT-int8
[H2 r0] model.layers.22.mlp.down_proj                    AQT type=AffineQuantizedTensor scale(nan=0 inf=0 absmax=0.003523 shape=(4096,) dtype=torch.float16 zero=0 min_abs=0.0003791)  int_data(nan=0 inf=0 absmax=128 shape=(4096, 5504) dtype=torch.int8)
[int8-quant] model.layers.22.mlp.down_proj                    (4096, 5504) bf16 → AQT-int8
[H1 r1] model.layers.18.mlp.gate_up_proj                 orig bf16: nan=0 inf=0 absmax=0.3516 zero_rows=0 shape=(11008, 4096)
[H2 r1] model.layers.18.mlp.gate_up_proj                 AQT type=AffineQuantizedTensor scale(nan=0 inf=0 absmax=0.002758 shape=(11008,) dtype=torch.float16 zero=0 min_abs=0.0003772)  int_data(nan=0 inf=0 absmax=128 shape=(11008, 4096) dtype=torch.int8)
[int8-quant] model.layers.18.mlp.gate_up_proj                 (11008, 4096) bf16 → AQT-int8
[H1 r0] model.layers.23.self_attn.qkv_proj               orig bf16: nan=0 inf=0 absmax=0.6719 zero_rows=0 shape=(6144, 4096)
[H1 r1] model.layers.18.mlp.down_proj                    orig bf16: nan=0 inf=0 absmax=0.6484 zero_rows=0 shape=(4096, 5504)
[H2 r1] model.layers.18.mlp.down_proj                    AQT type=AffineQuantizedTensor scale(nan=0 inf=0 absmax=0.005085 shape=(4096,) dtype=torch.float16 zero=0 min_abs=0.0004327)  int_data(nan=0 inf=0 absmax=128 shape=(4096, 5504) dtype=torch.int8)
[int8-quant] model.layers.18.mlp.down_proj                    (4096, 5504) bf16 → AQT-int8
[H1 r1] model.layers.19.self_attn.qkv_proj               orig bf16: nan=0 inf=0 absmax=0.7227 zero_rows=0 shape=(6144, 4096)
[H2 r0] model.layers.23.self_attn.qkv_proj               AQT type=AffineQuantizedTensor scale(nan=0 inf=0 absmax=0.005268 shape=(6144,) dtype=torch.float16 zero=0 min_abs=0.0001981)  int_data(nan=0 inf=0 absmax=128 shape=(6144, 4096) dtype=torch.int8)
[int8-quant] model.layers.23.self_attn.qkv_proj               (6144, 4096) bf16 → AQT-int8
[H2 r1] model.layers.19.self_attn.qkv_proj               AQT type=AffineQuantizedTensor scale(nan=0 inf=0 absmax=0.005669 shape=(6144,) dtype=torch.float16 zero=0 min_abs=0.0002623)  int_data(nan=0 inf=0 absmax=128 shape=(6144, 4096) dtype=torch.int8)
[int8-quant] model.layers.19.self_attn.qkv_proj               (6144, 4096) bf16 → AQT-int8
[H1 r1] model.layers.19.self_attn.o_proj                 orig bf16: nan=0 inf=0 absmax=0.6602 zero_rows=0 shape=(4096, 2048)
[H2 r1] model.layers.19.self_attn.o_proj                 AQT type=AffineQuantizedTensor scale(nan=0 inf=0 absmax=0.005177 shape=(4096,) dtype=torch.float16 zero=0 min_abs=0.0003619)  int_data(nan=0 inf=0 absmax=128 shape=(4096, 2048) dtype=torch.int8)
[int8-quant] model.layers.19.self_attn.o_proj                 (4096, 2048) bf16 → AQT-int8
[H1 r0] model.layers.23.self_attn.o_proj                 orig bf16: nan=0 inf=0 absmax=0.4844 zero_rows=0 shape=(4096, 2048)
[H1 r1] model.layers.19.mlp.gate_up_proj                 orig bf16: nan=0 inf=0 absmax=0.5391 zero_rows=0 shape=(11008, 4096)
[H2 r1] model.layers.19.mlp.gate_up_proj                 AQT type=AffineQuantizedTensor scale(nan=0 inf=0 absmax=0.004227 shape=(11008,) dtype=torch.float16 zero=0 min_abs=0.0003963)  int_data(nan=0 inf=0 absmax=128 shape=(11008, 4096) dtype=torch.int8)
[int8-quant] model.layers.19.mlp.gate_up_proj                 (11008, 4096) bf16 → AQT-int8
[H1 r1] model.layers.19.mlp.down_proj                    orig bf16: nan=0 inf=0 absmax=0.3809 zero_rows=0 shape=(4096, 5504)
[H2 r0] model.layers.23.self_attn.o_proj                 AQT type=AffineQuantizedTensor scale(nan=0 inf=0 absmax=0.003799 shape=(4096,) dtype=torch.float16 zero=0 min_abs=0.0004003)  int_data(nan=0 inf=0 absmax=128 shape=(4096, 2048) dtype=torch.int8)
[int8-quant] model.layers.23.self_attn.o_proj                 (4096, 2048) bf16 → AQT-int8
[H2 r1] model.layers.19.mlp.down_proj                    AQT type=AffineQuantizedTensor scale(nan=0 inf=0 absmax=0.002987 shape=(4096,) dtype=torch.float16 zero=0 min_abs=0.0004365)  int_data(nan=0 inf=0 absmax=128 shape=(4096, 5504) dtype=torch.int8)
[int8-quant] model.layers.19.mlp.down_proj                    (4096, 5504) bf16 → AQT-int8
[H1 r1] model.layers.20.self_attn.qkv_proj               orig bf16: nan=0 inf=0 absmax=1.039 zero_rows=0 shape=(6144, 4096)
[H1 r0] model.layers.23.mlp.gate_up_proj                 orig bf16: nan=0 inf=0 absmax=0.4199 zero_rows=0 shape=(11008, 4096)
[H2 r1] model.layers.20.self_attn.qkv_proj               AQT type=AffineQuantizedTensor scale(nan=0 inf=0 absmax=0.008148 shape=(6144,) dtype=torch.float16 zero=0 min_abs=0.0002087)  int_data(nan=0 inf=0 absmax=128 shape=(6144, 4096) dtype=torch.int8)
[int8-quant] model.layers.20.self_attn.qkv_proj               (6144, 4096) bf16 → AQT-int8
[H1 r1] model.layers.20.self_attn.o_proj                 orig bf16: nan=0 inf=0 absmax=0.5664 zero_rows=0 shape=(4096, 2048)
[H2 r1] model.layers.20.self_attn.o_proj                 AQT type=AffineQuantizedTensor scale(nan=0 inf=0 absmax=0.004444 shape=(4096,) dtype=torch.float16 zero=0 min_abs=0.000381)  int_data(nan=0 inf=0 absmax=128 shape=(4096, 2048) dtype=torch.int8)
[int8-quant] model.layers.20.self_attn.o_proj                 (4096, 2048) bf16 → AQT-int8
[H1 r1] model.layers.20.mlp.gate_up_proj                 orig bf16: nan=0 inf=0 absmax=0.3008 zero_rows=0 shape=(11008, 4096)
[H2 r1] model.layers.20.mlp.gate_up_proj                 AQT type=AffineQuantizedTensor scale(nan=0 inf=0 absmax=0.002359 shape=(11008,) dtype=torch.float16 zero=0 min_abs=0.0003848)  int_data(nan=0 inf=0 absmax=128 shape=(11008, 4096) dtype=torch.int8)
[int8-quant] model.layers.20.mlp.gate_up_proj                 (11008, 4096) bf16 → AQT-int8
[H2 r0] model.layers.23.mlp.gate_up_proj                 AQT type=AffineQuantizedTensor scale(nan=0 inf=0 absmax=0.003294 shape=(11008,) dtype=torch.float16 zero=0 min_abs=0.0004041)  int_data(nan=0 inf=0 absmax=128 shape=(11008, 4096) dtype=torch.int8)
[int8-quant] model.layers.23.mlp.gate_up_proj                 (11008, 4096) bf16 → AQT-int8
[H1 r1] model.layers.20.mlp.down_proj                    orig bf16: nan=0 inf=0 absmax=1.07 zero_rows=0 shape=(4096, 5504)
[H2 r1] model.layers.20.mlp.down_proj                    AQT type=AffineQuantizedTensor scale(nan=0 inf=0 absmax=0.008392 shape=(4096,) dtype=torch.float16 zero=0 min_abs=0.0004327)  int_data(nan=0 inf=0 absmax=128 shape=(4096, 5504) dtype=torch.int8)
[int8-quant] model.layers.20.mlp.down_proj                    (4096, 5504) bf16 → AQT-int8
[H1 r0] model.layers.23.mlp.down_proj                    orig bf16: nan=0 inf=0 absmax=0.5703 zero_rows=0 shape=(4096, 5504)
[H1 r1] model.layers.21.self_attn.qkv_proj               orig bf16: nan=0 inf=0 absmax=0.9492 zero_rows=0 shape=(6144, 4096)
[H2 r1] model.layers.21.self_attn.qkv_proj               AQT type=AffineQuantizedTensor scale(nan=0 inf=0 absmax=0.007446 shape=(6144,) dtype=torch.float16 zero=0 min_abs=0.0001915)  int_data(nan=0 inf=0 absmax=128 shape=(6144, 4096) dtype=torch.int8)
[int8-quant] model.layers.21.self_attn.qkv_proj               (6144, 4096) bf16 → AQT-int8
[H1 r1] model.layers.21.self_attn.o_proj                 orig bf16: nan=0 inf=0 absmax=0.5508 zero_rows=0 shape=(4096, 2048)
[H2 r1] model.layers.21.self_attn.o_proj                 AQT type=AffineQuantizedTensor scale(nan=0 inf=0 absmax=0.004318 shape=(4096,) dtype=torch.float16 zero=0 min_abs=0.0003657)  int_data(nan=0 inf=0 absmax=128 shape=(4096, 2048) dtype=torch.int8)
[int8-quant] model.layers.21.self_attn.o_proj                 (4096, 2048) bf16 → AQT-int8
[H1 r1] model.layers.21.mlp.gate_up_proj                 orig bf16: nan=0 inf=0 absmax=0.291 zero_rows=0 shape=(11008, 4096)
[H2 r0] model.layers.23.mlp.down_proj                    AQT type=AffineQuantizedTensor scale(nan=0 inf=0 absmax=0.004475 shape=(4096,) dtype=torch.float16 zero=0 min_abs=0.0004232)  int_data(nan=0 inf=0 absmax=128 shape=(4096, 5504) dtype=torch.int8)
[int8-quant] model.layers.23.mlp.down_proj                    (4096, 5504) bf16 → AQT-int8
[H2 r1] model.layers.21.mlp.gate_up_proj                 AQT type=AffineQuantizedTensor scale(nan=0 inf=0 absmax=0.002283 shape=(11008,) dtype=torch.float16 zero=0 min_abs=0.0003963)  int_data(nan=0 inf=0 absmax=128 shape=(11008, 4096) dtype=torch.int8)
[int8-quant] model.layers.21.mlp.gate_up_proj                 (11008, 4096) bf16 → AQT-int8
[H1 r0] model.layers.24.self_attn.qkv_proj               orig bf16: nan=0 inf=0 absmax=0.582 zero_rows=0 shape=(6144, 4096)
[H1 r1] model.layers.21.mlp.down_proj                    orig bf16: nan=0 inf=0 absmax=0.75 zero_rows=0 shape=(4096, 5504)
[H2 r1] model.layers.21.mlp.down_proj                    AQT type=AffineQuantizedTensor scale(nan=0 inf=0 absmax=0.005882 shape=(4096,) dtype=torch.float16 zero=0 min_abs=0.0004346)  int_data(nan=0 inf=0 absmax=128 shape=(4096, 5504) dtype=torch.int8)
[int8-quant] model.layers.21.mlp.down_proj                    (4096, 5504) bf16 → AQT-int8
[H1 r1] model.layers.22.self_attn.qkv_proj               orig bf16: nan=0 inf=0 absmax=0.8633 zero_rows=0 shape=(6144, 4096)
[H2 r1] model.layers.22.self_attn.qkv_proj               AQT type=AffineQuantizedTensor scale(nan=0 inf=0 absmax=0.006771 shape=(6144,) dtype=torch.float16 zero=0 min_abs=0.0001829)  int_data(nan=0 inf=0 absmax=128 shape=(6144, 4096) dtype=torch.int8)
[int8-quant] model.layers.22.self_attn.qkv_proj               (6144, 4096) bf16 → AQT-int8
[H1 r1] model.layers.22.self_attn.o_proj                 orig bf16: nan=0 inf=0 absmax=0.208 zero_rows=0 shape=(4096, 2048)
[H2 r1] model.layers.22.self_attn.o_proj                 AQT type=AffineQuantizedTensor scale(nan=0 inf=0 absmax=0.001632 shape=(4096,) dtype=torch.float16 zero=0 min_abs=0.0003216)  int_data(nan=0 inf=0 absmax=128 shape=(4096, 2048) dtype=torch.int8)
[H2 r0] model.layers.24.self_attn.qkv_proj               AQT type=AffineQuantizedTensor scale(nan=0 inf=0 absmax=0.004566 shape=(6144,) dtype=torch.float16 zero=0 min_abs=0.0001876)  int_data(nan=0 inf=0 absmax=128 shape=(6144, 4096) dtype=torch.int8)
[int8-quant] model.layers.22.self_attn.o_proj                 (4096, 2048) bf16 → AQT-int8
[int8-quant] model.layers.24.self_attn.qkv_proj               (6144, 4096) bf16 → AQT-int8
[H1 r1] model.layers.22.mlp.gate_up_proj                 orig bf16: nan=0 inf=0 absmax=0.3613 zero_rows=0 shape=(11008, 4096)
[H1 r0] model.layers.24.self_attn.o_proj                 orig bf16: nan=0 inf=0 absmax=0.6836 zero_rows=0 shape=(4096, 2048)
[H2 r1] model.layers.22.mlp.gate_up_proj                 AQT type=AffineQuantizedTensor scale(nan=0 inf=0 absmax=0.002834 shape=(11008,) dtype=torch.float16 zero=0 min_abs=0.0004003)  int_data(nan=0 inf=0 absmax=128 shape=(11008, 4096) dtype=torch.int8)
[int8-quant] model.layers.22.mlp.gate_up_proj                 (11008, 4096) bf16 → AQT-int8
[H1 r1] model.layers.22.mlp.down_proj                    orig bf16: nan=0 inf=0 absmax=0.457 zero_rows=0 shape=(4096, 5504)
[H2 r1] model.layers.22.mlp.down_proj                    AQT type=AffineQuantizedTensor scale(nan=0 inf=0 absmax=0.003584 shape=(4096,) dtype=torch.float16 zero=0 min_abs=0.0004327)  int_data(nan=0 inf=0 absmax=128 shape=(4096, 5504) dtype=torch.int8)
[int8-quant] model.layers.22.mlp.down_proj                    (4096, 5504) bf16 → AQT-int8
[H1 r1] model.layers.23.self_attn.qkv_proj               orig bf16: nan=0 inf=0 absmax=0.8047 zero_rows=0 shape=(6144, 4096)
[H2 r0] model.layers.24.self_attn.o_proj                 AQT type=AffineQuantizedTensor scale(nan=0 inf=0 absmax=0.00536 shape=(4096,) dtype=torch.float16 zero=0 min_abs=0.0003867)  int_data(nan=0 inf=0 absmax=128 shape=(4096, 2048) dtype=torch.int8)
[int8-quant] model.layers.24.self_attn.o_proj                 (4096, 2048) bf16 → AQT-int8
[H2 r1] model.layers.23.self_attn.qkv_proj               AQT type=AffineQuantizedTensor scale(nan=0 inf=0 absmax=0.00631 shape=(6144,) dtype=torch.float16 zero=0 min_abs=0.0001838)  int_data(nan=0 inf=0 absmax=128 shape=(6144, 4096) dtype=torch.int8)
[int8-quant] model.layers.23.self_attn.qkv_proj               (6144, 4096) bf16 → AQT-int8
[H1 r1] model.layers.23.self_attn.o_proj                 orig bf16: nan=0 inf=0 absmax=0.4531 zero_rows=0 shape=(4096, 2048)
[H2 r1] model.layers.23.self_attn.o_proj                 AQT type=AffineQuantizedTensor scale(nan=0 inf=0 absmax=0.003553 shape=(4096,) dtype=torch.float16 zero=0 min_abs=0.0003943)  int_data(nan=0 inf=0 absmax=128 shape=(4096, 2048) dtype=torch.int8)
[int8-quant] model.layers.23.self_attn.o_proj                 (4096, 2048) bf16 → AQT-int8
[H1 r0] model.layers.24.mlp.gate_up_proj                 orig bf16: nan=0 inf=0 absmax=0.2793 zero_rows=0 shape=(11008, 4096)
[H1 r1] model.layers.23.mlp.gate_up_proj                 orig bf16: nan=0 inf=0 absmax=0.3398 zero_rows=0 shape=(11008, 4096)
[H2 r1] model.layers.23.mlp.gate_up_proj                 AQT type=AffineQuantizedTensor scale(nan=0 inf=0 absmax=0.002665 shape=(11008,) dtype=torch.float16 zero=0 min_abs=0.0003984)  int_data(nan=0 inf=0 absmax=128 shape=(11008, 4096) dtype=torch.int8)
[int8-quant] model.layers.23.mlp.gate_up_proj                 (11008, 4096) bf16 → AQT-int8
[H1 r1] model.layers.23.mlp.down_proj                    orig bf16: nan=0 inf=0 absmax=1.289 zero_rows=0 shape=(4096, 5504)
[H2 r0] model.layers.24.mlp.gate_up_proj                 AQT type=AffineQuantizedTensor scale(nan=0 inf=0 absmax=0.00219 shape=(11008,) dtype=torch.float16 zero=0 min_abs=0.0004175)  int_data(nan=0 inf=0 absmax=128 shape=(11008, 4096) dtype=torch.int8)
[int8-quant] model.layers.24.mlp.gate_up_proj                 (11008, 4096) bf16 → AQT-int8
[H2 r1] model.layers.23.mlp.down_proj                    AQT type=AffineQuantizedTensor scale(nan=0 inf=0 absmax=0.01011 shape=(4096,) dtype=torch.float16 zero=0 min_abs=0.0004385)  int_data(nan=0 inf=0 absmax=128 shape=(4096, 5504) dtype=torch.int8)
[int8-quant] model.layers.23.mlp.down_proj                    (4096, 5504) bf16 → AQT-int8
[H1 r1] model.layers.24.self_attn.qkv_proj               orig bf16: nan=0 inf=0 absmax=1.016 zero_rows=0 shape=(6144, 4096)
[H2 r1] model.layers.24.self_attn.qkv_proj               AQT type=AffineQuantizedTensor scale(nan=0 inf=0 absmax=0.007965 shape=(6144,) dtype=torch.float16 zero=0 min_abs=0.0001675)  int_data(nan=0 inf=0 absmax=128 shape=(6144, 4096) dtype=torch.int8)
[int8-quant] model.layers.24.self_attn.qkv_proj               (6144, 4096) bf16 → AQT-int8
[H1 r0] model.layers.24.mlp.down_proj                    orig bf16: nan=0 inf=0 absmax=0.6484 zero_rows=0 shape=(4096, 5504)
[H1 r1] model.layers.24.self_attn.o_proj                 orig bf16: nan=0 inf=0 absmax=0.6133 zero_rows=0 shape=(4096, 2048)
[H2 r1] model.layers.24.self_attn.o_proj                 AQT type=AffineQuantizedTensor scale(nan=0 inf=0 absmax=0.00481 shape=(4096,) dtype=torch.float16 zero=0 min_abs=0.0003963)  int_data(nan=0 inf=0 absmax=128 shape=(4096, 2048) dtype=torch.int8)
[int8-quant] model.layers.24.self_attn.o_proj                 (4096, 2048) bf16 → AQT-int8
[H1 r1] model.layers.24.mlp.gate_up_proj                 orig bf16: nan=0 inf=0 absmax=0.334 zero_rows=0 shape=(11008, 4096)
[H2 r0] model.layers.24.mlp.down_proj                    AQT type=AffineQuantizedTensor scale(nan=0 inf=0 absmax=0.005085 shape=(4096,) dtype=torch.float16 zero=0 min_abs=0.0003905)  int_data(nan=0 inf=0 absmax=128 shape=(4096, 5504) dtype=torch.int8)
[int8-quant] model.layers.24.mlp.down_proj                    (4096, 5504) bf16 → AQT-int8
[H2 r1] model.layers.24.mlp.gate_up_proj                 AQT type=AffineQuantizedTensor scale(nan=0 inf=0 absmax=0.002619 shape=(11008,) dtype=torch.float16 zero=0 min_abs=0.0003943)  int_data(nan=0 inf=0 absmax=128 shape=(11008, 4096) dtype=torch.int8)
[int8-quant] model.layers.24.mlp.gate_up_proj                 (11008, 4096) bf16 → AQT-int8
[H1 r1] model.layers.24.mlp.down_proj                    orig bf16: nan=0 inf=0 absmax=0.7148 zero_rows=0 shape=(4096, 5504)
[H1 r0] model.layers.25.self_attn.qkv_proj               orig bf16: nan=0 inf=0 absmax=0.6758 zero_rows=0 shape=(6144, 4096)
[H2 r1] model.layers.24.mlp.down_proj                    AQT type=AffineQuantizedTensor scale(nan=0 inf=0 absmax=0.005608 shape=(4096,) dtype=torch.float16 zero=0 min_abs=0.0004117)  int_data(nan=0 inf=0 absmax=128 shape=(4096, 5504) dtype=torch.int8)
[int8-quant] model.layers.24.mlp.down_proj                    (4096, 5504) bf16 → AQT-int8
[H1 r1] model.layers.25.self_attn.qkv_proj               orig bf16: nan=0 inf=0 absmax=0.4766 zero_rows=0 shape=(6144, 4096)
[H2 r1] model.layers.25.self_attn.qkv_proj               AQT type=AffineQuantizedTensor scale(nan=0 inf=0 absmax=0.003738 shape=(6144,) dtype=torch.float16 zero=0 min_abs=0.0001752)  int_data(nan=0 inf=0 absmax=128 shape=(6144, 4096) dtype=torch.int8)
[int8-quant] model.layers.25.self_attn.qkv_proj               (6144, 4096) bf16 → AQT-int8
[H1 r1] model.layers.25.self_attn.o_proj                 orig bf16: nan=0 inf=0 absmax=0.4531 zero_rows=0 shape=(4096, 2048)
[H2 r1] model.layers.25.self_attn.o_proj                 AQT type=AffineQuantizedTensor scale(nan=0 inf=0 absmax=0.003553 shape=(4096,) dtype=torch.float16 zero=0 min_abs=0.0004117)  int_data(nan=0 inf=0 absmax=128 shape=(4096, 2048) dtype=torch.int8)
[int8-quant] model.layers.25.self_attn.o_proj                 (4096, 2048) bf16 → AQT-int8
[H2 r0] model.layers.25.self_attn.qkv_proj               AQT type=AffineQuantizedTensor scale(nan=0 inf=0 absmax=0.005299 shape=(6144,) dtype=torch.float16 zero=0 min_abs=0.0002508)  int_data(nan=0 inf=0 absmax=128 shape=(6144, 4096) dtype=torch.int8)
[int8-quant] model.layers.25.self_attn.qkv_proj               (6144, 4096) bf16 → AQT-int8
[H1 r1] model.layers.25.mlp.gate_up_proj                 orig bf16: nan=0 inf=0 absmax=0.5312 zero_rows=0 shape=(11008, 4096)
[H1 r0] model.layers.25.self_attn.o_proj                 orig bf16: nan=0 inf=0 absmax=0.6602 zero_rows=0 shape=(4096, 2048)
[H2 r1] model.layers.25.mlp.gate_up_proj                 AQT type=AffineQuantizedTensor scale(nan=0 inf=0 absmax=0.004166 shape=(11008,) dtype=torch.float16 zero=0 min_abs=0.0004117)  int_data(nan=0 inf=0 absmax=128 shape=(11008, 4096) dtype=torch.int8)
[int8-quant] model.layers.25.mlp.gate_up_proj                 (11008, 4096) bf16 → AQT-int8
[H1 r1] model.layers.25.mlp.down_proj                    orig bf16: nan=0 inf=0 absmax=0.9805 zero_rows=0 shape=(4096, 5504)
[H2 r1] model.layers.25.mlp.down_proj                    AQT type=AffineQuantizedTensor scale(nan=0 inf=0 absmax=0.00769 shape=(4096,) dtype=torch.float16 zero=0 min_abs=0.0003753)  int_data(nan=0 inf=0 absmax=128 shape=(4096, 5504) dtype=torch.int8)
[int8-quant] model.layers.25.mlp.down_proj                    (4096, 5504) bf16 → AQT-int8
[H1 r1] model.layers.26.self_attn.qkv_proj               orig bf16: nan=0 inf=0 absmax=0.7461 zero_rows=0 shape=(6144, 4096)
[H2 r0] model.layers.25.self_attn.o_proj                 AQT type=AffineQuantizedTensor scale(nan=0 inf=0 absmax=0.005177 shape=(4096,) dtype=torch.float16 zero=0 min_abs=0.0004022)  int_data(nan=0 inf=0 absmax=128 shape=(4096, 2048) dtype=torch.int8)
[int8-quant] model.layers.25.self_attn.o_proj                 (4096, 2048) bf16 → AQT-int8
[H2 r1] model.layers.26.self_attn.qkv_proj               AQT type=AffineQuantizedTensor scale(nan=0 inf=0 absmax=0.005852 shape=(6144,) dtype=torch.float16 zero=0 min_abs=0.0001771)  int_data(nan=0 inf=0 absmax=128 shape=(6144, 4096) dtype=torch.int8)
[int8-quant] model.layers.26.self_attn.qkv_proj               (6144, 4096) bf16 → AQT-int8
[H1 r1] model.layers.26.self_attn.o_proj                 orig bf16: nan=0 inf=0 absmax=0.6719 zero_rows=0 shape=(4096, 2048)
[H2 r1] model.layers.26.self_attn.o_proj                 AQT type=AffineQuantizedTensor scale(nan=0 inf=0 absmax=0.005268 shape=(4096,) dtype=torch.float16 zero=0 min_abs=0.000406)  int_data(nan=0 inf=0 absmax=128 shape=(4096, 2048) dtype=torch.int8)
[int8-quant] model.layers.26.self_attn.o_proj                 (4096, 2048) bf16 → AQT-int8
[H1 r0] model.layers.25.mlp.gate_up_proj                 orig bf16: nan=0 inf=0 absmax=0.3301 zero_rows=0 shape=(11008, 4096)
[H1 r1] model.layers.26.mlp.gate_up_proj                 orig bf16: nan=0 inf=0 absmax=0.3887 zero_rows=0 shape=(11008, 4096)
[H2 r1] model.layers.26.mlp.gate_up_proj                 AQT type=AffineQuantizedTensor scale(nan=0 inf=0 absmax=0.003048 shape=(11008,) dtype=torch.float16 zero=0 min_abs=0.0003905)  int_data(nan=0 inf=0 absmax=128 shape=(11008, 4096) dtype=torch.int8)
[int8-quant] model.layers.26.mlp.gate_up_proj                 (11008, 4096) bf16 → AQT-int8
[H1 r1] model.layers.26.mlp.down_proj                    orig bf16: nan=0 inf=0 absmax=0.5039 zero_rows=0 shape=(4096, 5504)
[H2 r1] model.layers.26.mlp.down_proj                    AQT type=AffineQuantizedTensor scale(nan=0 inf=0 absmax=0.003952 shape=(4096,) dtype=torch.float16 zero=0 min_abs=0.0003905)  int_data(nan=0 inf=0 absmax=128 shape=(4096, 5504) dtype=torch.int8)
[int8-quant] model.layers.26.mlp.down_proj                    (4096, 5504) bf16 → AQT-int8
[H2 r0] model.layers.25.mlp.gate_up_proj                 AQT type=AffineQuantizedTensor scale(nan=0 inf=0 absmax=0.002588 shape=(11008,) dtype=torch.float16 zero=0 min_abs=0.0004117)  int_data(nan=0 inf=0 absmax=128 shape=(11008, 4096) dtype=torch.int8)
[int8-quant] model.layers.25.mlp.gate_up_proj                 (11008, 4096) bf16 → AQT-int8
[H1 r1] model.layers.27.self_attn.qkv_proj               orig bf16: nan=0 inf=0 absmax=0.6016 zero_rows=0 shape=(6144, 4096)
[H2 r1] model.layers.27.self_attn.qkv_proj               AQT type=AffineQuantizedTensor scale(nan=0 inf=0 absmax=0.004719 shape=(6144,) dtype=torch.float16 zero=0 min_abs=0.0002949)  int_data(nan=0 inf=0 absmax=128 shape=(6144, 4096) dtype=torch.int8)
[int8-quant] model.layers.27.self_attn.qkv_proj               (6144, 4096) bf16 → AQT-int8
[H1 r1] model.layers.27.self_attn.o_proj                 orig bf16: nan=0 inf=0 absmax=0.6328 zero_rows=0 shape=(4096, 2048)
[H1 r0] model.layers.25.mlp.down_proj                    orig bf16: nan=0 inf=0 absmax=0.3223 zero_rows=0 shape=(4096, 5504)
[H2 r1] model.layers.27.self_attn.o_proj                 AQT type=AffineQuantizedTensor scale(nan=0 inf=0 absmax=0.004963 shape=(4096,) dtype=torch.float16 zero=0 min_abs=0.0004213)  int_data(nan=0 inf=0 absmax=128 shape=(4096, 2048) dtype=torch.int8)
[int8-quant] model.layers.27.self_attn.o_proj                 (4096, 2048) bf16 → AQT-int8
[H1 r1] model.layers.27.mlp.gate_up_proj                 orig bf16: nan=0 inf=0 absmax=0.6016 zero_rows=0 shape=(11008, 4096)
[H2 r1] model.layers.27.mlp.gate_up_proj                 AQT type=AffineQuantizedTensor scale(nan=0 inf=0 absmax=0.004719 shape=(11008,) dtype=torch.float16 zero=0 min_abs=0.0003924)  int_data(nan=0 inf=0 absmax=128 shape=(11008, 4096) dtype=torch.int8)
[int8-quant] model.layers.27.mlp.gate_up_proj                 (11008, 4096) bf16 → AQT-int8
[H1 r1] model.layers.27.mlp.down_proj                    orig bf16: nan=0 inf=0 absmax=0.5352 zero_rows=0 shape=(4096, 5504)
[H2 r0] model.layers.25.mlp.down_proj                    AQT type=AffineQuantizedTensor scale(nan=0 inf=0 absmax=0.002527 shape=(4096,) dtype=torch.float16 zero=0 min_abs=0.0003409)  int_data(nan=0 inf=0 absmax=128 shape=(4096, 5504) dtype=torch.int8)
[int8-quant] model.layers.25.mlp.down_proj                    (4096, 5504) bf16 → AQT-int8
[H2 r1] model.layers.27.mlp.down_proj                    AQT type=AffineQuantizedTensor scale(nan=0 inf=0 absmax=0.004196 shape=(4096,) dtype=torch.float16 zero=0 min_abs=0.0003905)  int_data(nan=0 inf=0 absmax=128 shape=(4096, 5504) dtype=torch.int8)
[int8-quant] model.layers.27.mlp.down_proj                    (4096, 5504) bf16 → AQT-int8
[H1 r1] model.layers.28.self_attn.qkv_proj               orig bf16: nan=0 inf=0 absmax=0.625 zero_rows=0 shape=(6144, 4096)
[H1 r0] model.layers.26.self_attn.qkv_proj               orig bf16: nan=0 inf=0 absmax=0.8711 zero_rows=0 shape=(6144, 4096)
[H2 r1] model.layers.28.self_attn.qkv_proj               AQT type=AffineQuantizedTensor scale(nan=0 inf=0 absmax=0.004902 shape=(6144,) dtype=torch.float16 zero=0 min_abs=0.0003121)  int_data(nan=0 inf=0 absmax=128 shape=(6144, 4096) dtype=torch.int8)
[int8-quant] model.layers.28.self_attn.qkv_proj               (6144, 4096) bf16 → AQT-int8
[H1 r1] model.layers.28.self_attn.o_proj                 orig bf16: nan=0 inf=0 absmax=0.5234 zero_rows=0 shape=(4096, 2048)
[H2 r1] model.layers.28.self_attn.o_proj                 AQT type=AffineQuantizedTensor scale(nan=0 inf=0 absmax=0.004105 shape=(4096,) dtype=torch.float16 zero=0 min_abs=0.0004041)  int_data(nan=0 inf=0 absmax=128 shape=(4096, 2048) dtype=torch.int8)
[int8-quant] model.layers.28.self_attn.o_proj                 (4096, 2048) bf16 → AQT-int8
[H1 r1] model.layers.28.mlp.gate_up_proj                 orig bf16: nan=0 inf=0 absmax=0.373 zero_rows=0 shape=(11008, 4096)
[H2 r0] model.layers.26.self_attn.qkv_proj               AQT type=AffineQuantizedTensor scale(nan=0 inf=0 absmax=0.006832 shape=(6144,) dtype=torch.float16 zero=0 min_abs=0.0001829)  int_data(nan=0 inf=0 absmax=128 shape=(6144, 4096) dtype=torch.int8)
[int8-quant] model.layers.26.self_attn.qkv_proj               (6144, 4096) bf16 → AQT-int8
[H2 r1] model.layers.28.mlp.gate_up_proj                 AQT type=AffineQuantizedTensor scale(nan=0 inf=0 absmax=0.002926 shape=(11008,) dtype=torch.float16 zero=0 min_abs=0.0003676)  int_data(nan=0 inf=0 absmax=128 shape=(11008, 4096) dtype=torch.int8)
[int8-quant] model.layers.28.mlp.gate_up_proj                 (11008, 4096) bf16 → AQT-int8
[H1 r1] model.layers.28.mlp.down_proj                    orig bf16: nan=0 inf=0 absmax=0.9609 zero_rows=0 shape=(4096, 5504)
[H1 r0] model.layers.26.self_attn.o_proj                 orig bf16: nan=0 inf=0 absmax=0.4727 zero_rows=0 shape=(4096, 2048)
[H2 r1] model.layers.28.mlp.down_proj                    AQT type=AffineQuantizedTensor scale(nan=0 inf=0 absmax=0.007538 shape=(4096,) dtype=torch.float16 zero=0 min_abs=0.0004194)  int_data(nan=0 inf=0 absmax=128 shape=(4096, 5504) dtype=torch.int8)
[int8-quant] model.layers.28.mlp.down_proj                    (4096, 5504) bf16 → AQT-int8
[H1 r1] model.layers.29.self_attn.qkv_proj               orig bf16: nan=0 inf=0 absmax=0.5234 zero_rows=0 shape=(6144, 4096)
[H2 r1] model.layers.29.self_attn.qkv_proj               AQT type=AffineQuantizedTensor scale(nan=0 inf=0 absmax=0.004105 shape=(6144,) dtype=torch.float16 zero=0 min_abs=0.0001867)  int_data(nan=0 inf=0 absmax=128 shape=(6144, 4096) dtype=torch.int8)
[int8-quant] model.layers.29.self_attn.qkv_proj               (6144, 4096) bf16 → AQT-int8
[H1 r1] model.layers.29.self_attn.o_proj                 orig bf16: nan=0 inf=0 absmax=0.6328 zero_rows=0 shape=(4096, 2048)
[H2 r0] model.layers.26.self_attn.o_proj                 AQT type=AffineQuantizedTensor scale(nan=0 inf=0 absmax=0.003708 shape=(4096,) dtype=torch.float16 zero=0 min_abs=0.0004156)  int_data(nan=0 inf=0 absmax=128 shape=(4096, 2048) dtype=torch.int8)
[H2 r1] model.layers.29.self_attn.o_proj                 AQT type=AffineQuantizedTensor scale(nan=0 inf=0 absmax=0.004963 shape=(4096,) dtype=torch.float16 zero=0 min_abs=0.0004137)  int_data(nan=0 inf=0 absmax=128 shape=(4096, 2048) dtype=torch.int8)
[int8-quant] model.layers.26.self_attn.o_proj                 (4096, 2048) bf16 → AQT-int8
[int8-quant] model.layers.29.self_attn.o_proj                 (4096, 2048) bf16 → AQT-int8
[H1 r1] model.layers.29.mlp.gate_up_proj                 orig bf16: nan=0 inf=0 absmax=0.3516 zero_rows=0 shape=(11008, 4096)
[H1 r0] model.layers.26.mlp.gate_up_proj                 orig bf16: nan=0 inf=0 absmax=0.2559 zero_rows=0 shape=(11008, 4096)
[H2 r1] model.layers.29.mlp.gate_up_proj                 AQT type=AffineQuantizedTensor scale(nan=0 inf=0 absmax=0.002758 shape=(11008,) dtype=torch.float16 zero=0 min_abs=0.0004022)  int_data(nan=0 inf=0 absmax=128 shape=(11008, 4096) dtype=torch.int8)
[int8-quant] model.layers.29.mlp.gate_up_proj                 (11008, 4096) bf16 → AQT-int8
[H1 r1] model.layers.29.mlp.down_proj                    orig bf16: nan=0 inf=0 absmax=0.5859 zero_rows=0 shape=(4096, 5504)
[H2 r1] model.layers.29.mlp.down_proj                    AQT type=AffineQuantizedTensor scale(nan=0 inf=0 absmax=0.004597 shape=(4096,) dtype=torch.float16 zero=0 min_abs=0.0003657)  int_data(nan=0 inf=0 absmax=128 shape=(4096, 5504) dtype=torch.int8)
[int8-quant] model.layers.29.mlp.down_proj                    (4096, 5504) bf16 → AQT-int8
[H1 r1] model.layers.30.self_attn.qkv_proj               orig bf16: nan=0 inf=0 absmax=0.6094 zero_rows=0 shape=(6144, 4096)
[H2 r0] model.layers.26.mlp.gate_up_proj                 AQT type=AffineQuantizedTensor scale(nan=0 inf=0 absmax=0.002007 shape=(11008,) dtype=torch.float16 zero=0 min_abs=0.0004117)  int_data(nan=0 inf=0 absmax=128 shape=(11008, 4096) dtype=torch.int8)
[int8-quant] model.layers.26.mlp.gate_up_proj                 (11008, 4096) bf16 → AQT-int8
[H2 r1] model.layers.30.self_attn.qkv_proj               AQT type=AffineQuantizedTensor scale(nan=0 inf=0 absmax=0.00478 shape=(6144,) dtype=torch.float16 zero=0 min_abs=0.0003273)  int_data(nan=0 inf=0 absmax=128 shape=(6144, 4096) dtype=torch.int8)
[int8-quant] model.layers.30.self_attn.qkv_proj               (6144, 4096) bf16 → AQT-int8
[H1 r1] model.layers.30.self_attn.o_proj                 orig bf16: nan=0 inf=0 absmax=0.6172 zero_rows=0 shape=(4096, 2048)
[H1 r0] model.layers.26.mlp.down_proj                    orig bf16: nan=0 inf=0 absmax=0.6172 zero_rows=0 shape=(4096, 5504)
[H2 r1] model.layers.30.self_attn.o_proj                 AQT type=AffineQuantizedTensor scale(nan=0 inf=0 absmax=0.004841 shape=(4096,) dtype=torch.float16 zero=0 min_abs=0.000448)  int_data(nan=0 inf=0 absmax=128 shape=(4096, 2048) dtype=torch.int8)
[int8-quant] model.layers.30.self_attn.o_proj                 (4096, 2048) bf16 → AQT-int8
[H1 r1] model.layers.30.mlp.gate_up_proj                 orig bf16: nan=0 inf=0 absmax=0.6289 zero_rows=0 shape=(11008, 4096)
[H2 r1] model.layers.30.mlp.gate_up_proj                 AQT type=AffineQuantizedTensor scale(nan=0 inf=0 absmax=0.004932 shape=(11008,) dtype=torch.float16 zero=0 min_abs=0.0003848)  int_data(nan=0 inf=0 absmax=128 shape=(11008, 4096) dtype=torch.int8)
[int8-quant] model.layers.30.mlp.gate_up_proj                 (11008, 4096) bf16 → AQT-int8
[H1 r1] model.layers.30.mlp.down_proj                    orig bf16: nan=0 inf=0 absmax=1.102 zero_rows=0 shape=(4096, 5504)
[H2 r0] model.layers.26.mlp.down_proj                    AQT type=AffineQuantizedTensor scale(nan=0 inf=0 absmax=0.004841 shape=(4096,) dtype=torch.float16 zero=0 min_abs=0.00036)  int_data(nan=0 inf=0 absmax=128 shape=(4096, 5504) dtype=torch.int8)
[int8-quant] model.layers.26.mlp.down_proj                    (4096, 5504) bf16 → AQT-int8
[H2 r1] model.layers.30.mlp.down_proj                    AQT type=AffineQuantizedTensor scale(nan=0 inf=0 absmax=0.008636 shape=(4096,) dtype=torch.float16 zero=0 min_abs=0.0004537)  int_data(nan=0 inf=0 absmax=128 shape=(4096, 5504) dtype=torch.int8)
[int8-quant] model.layers.30.mlp.down_proj                    (4096, 5504) bf16 → AQT-int8
[H1 r1] model.layers.31.self_attn.qkv_proj               orig bf16: nan=0 inf=0 absmax=0.6211 zero_rows=0 shape=(6144, 4096)
[H1 r0] model.layers.27.self_attn.qkv_proj               orig bf16: nan=0 inf=0 absmax=0.8125 zero_rows=0 shape=(6144, 4096)
[H2 r1] model.layers.31.self_attn.qkv_proj               AQT type=AffineQuantizedTensor scale(nan=0 inf=0 absmax=0.004871 shape=(6144,) dtype=torch.float16 zero=0 min_abs=0.0002259)  int_data(nan=0 inf=0 absmax=128 shape=(6144, 4096) dtype=torch.int8)
[int8-quant] model.layers.31.self_attn.qkv_proj               (6144, 4096) bf16 → AQT-int8
[H1 r1] model.layers.31.self_attn.o_proj                 orig bf16: nan=0 inf=0 absmax=1.219 zero_rows=0 shape=(4096, 2048)
[H2 r1] model.layers.31.self_attn.o_proj                 AQT type=AffineQuantizedTensor scale(nan=0 inf=0 absmax=0.00956 shape=(4096,) dtype=torch.float16 zero=0 min_abs=0.0004117)  int_data(nan=0 inf=0 absmax=128 shape=(4096, 2048) dtype=torch.int8)
[int8-quant] model.layers.31.self_attn.o_proj                 (4096, 2048) bf16 → AQT-int8
[H1 r1] model.layers.31.mlp.gate_up_proj                 orig bf16: nan=0 inf=0 absmax=0.7305 zero_rows=0 shape=(11008, 4096)
[H2 r0] model.layers.27.self_attn.qkv_proj               AQT type=AffineQuantizedTensor scale(nan=0 inf=0 absmax=0.006374 shape=(6144,) dtype=torch.float16 zero=0 min_abs=0.0003083)  int_data(nan=0 inf=0 absmax=128 shape=(6144, 4096) dtype=torch.int8)
[int8-quant] model.layers.27.self_attn.qkv_proj               (6144, 4096) bf16 → AQT-int8
[H2 r1] model.layers.31.mlp.gate_up_proj                 AQT type=AffineQuantizedTensor scale(nan=0 inf=0 absmax=0.00573 shape=(11008,) dtype=torch.float16 zero=0 min_abs=0.0003371)  int_data(nan=0 inf=0 absmax=128 shape=(11008, 4096) dtype=torch.int8)
[int8-quant] model.layers.31.mlp.gate_up_proj                 (11008, 4096) bf16 → AQT-int8
[H1 r1] model.layers.31.mlp.down_proj                    orig bf16: nan=0 inf=0 absmax=1.172 zero_rows=0 shape=(4096, 5504)
[H1 r0] model.layers.27.self_attn.o_proj                 orig bf16: nan=0 inf=0 absmax=0.5625 zero_rows=0 shape=(4096, 2048)
[H2 r1] model.layers.31.mlp.down_proj                    AQT type=AffineQuantizedTensor scale(nan=0 inf=0 absmax=0.009193 shape=(4096,) dtype=torch.float16 zero=0 min_abs=0.0004518)  int_data(nan=0 inf=0 absmax=128 shape=(4096, 5504) dtype=torch.int8)
[int8-quant] model.layers.31.mlp.down_proj                    (4096, 5504) bf16 → AQT-int8
[int8-quant] summary: tp_linear=128, lm_head=1, bf16_bytes=6.61 GB → int8_bytes≈3.30 GB (ratio 0.50)
[H3 r1] hook installed: L1.input_layernorm
[H3 r1] hook installed: L1.self_attn.qkv_proj
[H3 r1] hook installed: L1.self_attn
[H3 r1] hook installed: L1.self_attn.o_proj
[H3 r1] hook installed: L1.post_attention_layernorm
[H3 r1] hook installed: L1.mlp.gate_up_proj
[H3 r1] hook installed: L1.mlp
[H3 r1] hook installed: L1.mlp.down_proj
[H2 r0] model.layers.27.self_attn.o_proj                 AQT type=AffineQuantizedTensor scale(nan=0 inf=0 absmax=0.004414 shape=(4096,) dtype=torch.float16 zero=0 min_abs=0.0004003)  int_data(nan=0 inf=0 absmax=128 shape=(4096, 2048) dtype=torch.int8)
[int8-quant] model.layers.27.self_attn.o_proj                 (4096, 2048) bf16 → AQT-int8
[H1 r0] model.layers.27.mlp.gate_up_proj                 orig bf16: nan=0 inf=0 absmax=0.291 zero_rows=0 shape=(11008, 4096)
[H2 r0] model.layers.27.mlp.gate_up_proj                 AQT type=AffineQuantizedTensor scale(nan=0 inf=0 absmax=0.002283 shape=(11008,) dtype=torch.float16 zero=0 min_abs=0.0003772)  int_data(nan=0 inf=0 absmax=128 shape=(11008, 4096) dtype=torch.int8)
[int8-quant] model.layers.27.mlp.gate_up_proj                 (11008, 4096) bf16 → AQT-int8
[H1 r0] model.layers.27.mlp.down_proj                    orig bf16: nan=0 inf=0 absmax=0.7461 zero_rows=0 shape=(4096, 5504)
[H2 r0] model.layers.27.mlp.down_proj                    AQT type=AffineQuantizedTensor scale(nan=0 inf=0 absmax=0.005852 shape=(4096,) dtype=torch.float16 zero=0 min_abs=0.0004022)  int_data(nan=0 inf=0 absmax=128 shape=(4096, 5504) dtype=torch.int8)
[int8-quant] model.layers.27.mlp.down_proj                    (4096, 5504) bf16 → AQT-int8
[H1 r0] model.layers.28.self_attn.qkv_proj               orig bf16: nan=0 inf=0 absmax=0.7773 zero_rows=0 shape=(6144, 4096)
[H2 r0] model.layers.28.self_attn.qkv_proj               AQT type=AffineQuantizedTensor scale(nan=0 inf=0 absmax=0.006096 shape=(6144,) dtype=torch.float16 zero=0 min_abs=0.0001876)  int_data(nan=0 inf=0 absmax=128 shape=(6144, 4096) dtype=torch.int8)
[int8-quant] model.layers.28.self_attn.qkv_proj               (6144, 4096) bf16 → AQT-int8
[H1 r0] model.layers.28.self_attn.o_proj                 orig bf16: nan=0 inf=0 absmax=0.7617 zero_rows=0 shape=(4096, 2048)
[H2 r0] model.layers.28.self_attn.o_proj                 AQT type=AffineQuantizedTensor scale(nan=0 inf=0 absmax=0.005974 shape=(4096,) dtype=torch.float16 zero=0 min_abs=0.0004232)  int_data(nan=0 inf=0 absmax=128 shape=(4096, 2048) dtype=torch.int8)
[int8-quant] model.layers.28.self_attn.o_proj                 (4096, 2048) bf16 → AQT-int8
[H1 r0] model.layers.28.mlp.gate_up_proj                 orig bf16: nan=0 inf=0 absmax=0.3965 zero_rows=0 shape=(11008, 4096)
[H2 r0] model.layers.28.mlp.gate_up_proj                 AQT type=AffineQuantizedTensor scale(nan=0 inf=0 absmax=0.003109 shape=(11008,) dtype=torch.float16 zero=0 min_abs=0.0003829)  int_data(nan=0 inf=0 absmax=128 shape=(11008, 4096) dtype=torch.int8)
[int8-quant] model.layers.28.mlp.gate_up_proj                 (11008, 4096) bf16 → AQT-int8
[H1 r0] model.layers.28.mlp.down_proj                    orig bf16: nan=0 inf=0 absmax=0.6211 zero_rows=0 shape=(4096, 5504)
[H2 r0] model.layers.28.mlp.down_proj                    AQT type=AffineQuantizedTensor scale(nan=0 inf=0 absmax=0.004871 shape=(4096,) dtype=torch.float16 zero=0 min_abs=0.0004327)  int_data(nan=0 inf=0 absmax=128 shape=(4096, 5504) dtype=torch.int8)
[int8-quant] model.layers.28.mlp.down_proj                    (4096, 5504) bf16 → AQT-int8
[H1 r0] model.layers.29.self_attn.qkv_proj               orig bf16: nan=0 inf=0 absmax=0.7812 zero_rows=0 shape=(6144, 4096)
[H2 r0] model.layers.29.self_attn.qkv_proj               AQT type=AffineQuantizedTensor scale(nan=0 inf=0 absmax=0.006126 shape=(6144,) dtype=torch.float16 zero=0 min_abs=0.0001943)  int_data(nan=0 inf=0 absmax=128 shape=(6144, 4096) dtype=torch.int8)
[int8-quant] model.layers.29.self_attn.qkv_proj               (6144, 4096) bf16 → AQT-int8
[H1 r0] model.layers.29.self_attn.o_proj                 orig bf16: nan=0 inf=0 absmax=0.4121 zero_rows=0 shape=(4096, 2048)
[H2 r0] model.layers.29.self_attn.o_proj                 AQT type=AffineQuantizedTensor scale(nan=0 inf=0 absmax=0.003233 shape=(4096,) dtype=torch.float16 zero=0 min_abs=0.0004098)  int_data(nan=0 inf=0 absmax=128 shape=(4096, 2048) dtype=torch.int8)
[int8-quant] model.layers.29.self_attn.o_proj                 (4096, 2048) bf16 → AQT-int8
[H1 r0] model.layers.29.mlp.gate_up_proj                 orig bf16: nan=0 inf=0 absmax=0.4629 zero_rows=0 shape=(11008, 4096)
[H2 r0] model.layers.29.mlp.gate_up_proj                 AQT type=AffineQuantizedTensor scale(nan=0 inf=0 absmax=0.00363 shape=(11008,) dtype=torch.float16 zero=0 min_abs=0.0003676)  int_data(nan=0 inf=0 absmax=128 shape=(11008, 4096) dtype=torch.int8)
[int8-quant] model.layers.29.mlp.gate_up_proj                 (11008, 4096) bf16 → AQT-int8
[H1 r0] model.layers.29.mlp.down_proj                    orig bf16: nan=0 inf=0 absmax=0.9805 zero_rows=0 shape=(4096, 5504)
[H2 r0] model.layers.29.mlp.down_proj                    AQT type=AffineQuantizedTensor scale(nan=0 inf=0 absmax=0.00769 shape=(4096,) dtype=torch.float16 zero=0 min_abs=0.0004194)  int_data(nan=0 inf=0 absmax=128 shape=(4096, 5504) dtype=torch.int8)
[int8-quant] model.layers.29.mlp.down_proj                    (4096, 5504) bf16 → AQT-int8
[H1 r0] model.layers.30.self_attn.qkv_proj               orig bf16: nan=0 inf=0 absmax=0.793 zero_rows=0 shape=(6144, 4096)
[H2 r0] model.layers.30.self_attn.qkv_proj               AQT type=AffineQuantizedTensor scale(nan=0 inf=0 absmax=0.006218 shape=(6144,) dtype=torch.float16 zero=0 min_abs=0.0002778)  int_data(nan=0 inf=0 absmax=128 shape=(6144, 4096) dtype=torch.int8)
[int8-quant] model.layers.30.self_attn.qkv_proj               (6144, 4096) bf16 → AQT-int8
[H1 r0] model.layers.30.self_attn.o_proj                 orig bf16: nan=0 inf=0 absmax=0.459 zero_rows=0 shape=(4096, 2048)
[H2 r0] model.layers.30.self_attn.o_proj                 AQT type=AffineQuantizedTensor scale(nan=0 inf=0 absmax=0.003599 shape=(4096,) dtype=torch.float16 zero=0 min_abs=0.0004423)  int_data(nan=0 inf=0 absmax=128 shape=(4096, 2048) dtype=torch.int8)
[int8-quant] model.layers.30.self_attn.o_proj                 (4096, 2048) bf16 → AQT-int8
[H1 r0] model.layers.30.mlp.gate_up_proj                 orig bf16: nan=0 inf=0 absmax=0.7695 zero_rows=0 shape=(11008, 4096)
[H2 r0] model.layers.30.mlp.gate_up_proj                 AQT type=AffineQuantizedTensor scale(nan=0 inf=0 absmax=0.006035 shape=(11008,) dtype=torch.float16 zero=0 min_abs=0.0003734)  int_data(nan=0 inf=0 absmax=128 shape=(11008, 4096) dtype=torch.int8)
[int8-quant] model.layers.30.mlp.gate_up_proj                 (11008, 4096) bf16 → AQT-int8
[H1 r0] model.layers.30.mlp.down_proj                    orig bf16: nan=0 inf=0 absmax=1.164 zero_rows=0 shape=(4096, 5504)
[H2 r0] model.layers.30.mlp.down_proj                    AQT type=AffineQuantizedTensor scale(nan=0 inf=0 absmax=0.009132 shape=(4096,) dtype=torch.float16 zero=0 min_abs=0.0004461)  int_data(nan=0 inf=0 absmax=128 shape=(4096, 5504) dtype=torch.int8)
[int8-quant] model.layers.30.mlp.down_proj                    (4096, 5504) bf16 → AQT-int8
[H1 r0] model.layers.31.self_attn.qkv_proj               orig bf16: nan=0 inf=0 absmax=0.543 zero_rows=0 shape=(6144, 4096)
[H2 r0] model.layers.31.self_attn.qkv_proj               AQT type=AffineQuantizedTensor scale(nan=0 inf=0 absmax=0.004257 shape=(6144,) dtype=torch.float16 zero=0 min_abs=0.0002718)  int_data(nan=0 inf=0 absmax=128 shape=(6144, 4096) dtype=torch.int8)
[int8-quant] model.layers.31.self_attn.qkv_proj               (6144, 4096) bf16 → AQT-int8
[H1 r0] model.layers.31.self_attn.o_proj                 orig bf16: nan=0 inf=0 absmax=0.7461 zero_rows=0 shape=(4096, 2048)
[H2 r0] model.layers.31.self_attn.o_proj                 AQT type=AffineQuantizedTensor scale(nan=0 inf=0 absmax=0.005852 shape=(4096,) dtype=torch.float16 zero=0 min_abs=0.0004022)  int_data(nan=0 inf=0 absmax=128 shape=(4096, 2048) dtype=torch.int8)
[int8-quant] model.layers.31.self_attn.o_proj                 (4096, 2048) bf16 → AQT-int8
[H1 r0] model.layers.31.mlp.gate_up_proj                 orig bf16: nan=0 inf=0 absmax=0.5508 zero_rows=0 shape=(11008, 4096)
[H2 r0] model.layers.31.mlp.gate_up_proj                 AQT type=AffineQuantizedTensor scale(nan=0 inf=0 absmax=0.004318 shape=(11008,) dtype=torch.float16 zero=0 min_abs=0.0003657)  int_data(nan=0 inf=0 absmax=128 shape=(11008, 4096) dtype=torch.int8)
[int8-quant] model.layers.31.mlp.gate_up_proj                 (11008, 4096) bf16 → AQT-int8
[H1 r0] model.layers.31.mlp.down_proj                    orig bf16: nan=0 inf=0 absmax=1.648 zero_rows=0 shape=(4096, 5504)
[H2 r0] model.layers.31.mlp.down_proj                    AQT type=AffineQuantizedTensor scale(nan=0 inf=0 absmax=0.01293 shape=(4096,) dtype=torch.float16 zero=0 min_abs=0.0004575)  int_data(nan=0 inf=0 absmax=128 shape=(4096, 5504) dtype=torch.int8)
[int8-quant] model.layers.31.mlp.down_proj                    (4096, 5504) bf16 → AQT-int8
[int8-quant] summary: tp_linear=128, lm_head=1, bf16_bytes=6.61 GB → int8_bytes≈3.30 GB (ratio 0.50)
[H3 r0] hook installed: L1.input_layernorm
[H3 r0] hook installed: L1.self_attn.qkv_proj
[H3 r0] hook installed: L1.self_attn
[H3 r0] hook installed: L1.self_attn.o_proj
[H3 r0] hook installed: L1.post_attention_layernorm
[H3 r0] hook installed: L1.mlp.gate_up_proj
[H3 r0] hook installed: L1.mlp
[H3 r0] hook installed: L1.mlp.down_proj
[H3 r0 call#1] L1.input_layernorm                       in=[nan=0 inf=0 absmax=1.258e-05 shape=(512, 4096) dtype=torch.float16]  out=[nan=0 inf=0 absmax=0.008278 shape=(512, 4096) dtype=torch.float16]
[H3 r1 call#1] L1.input_layernorm                       in=[nan=0 inf=0 absmax=1.258e-05 shape=(512, 4096) dtype=torch.float16]  out=[nan=0 inf=0 absmax=0.008278 shape=(512, 4096) dtype=torch.float16]
[H3 r0 call#1] L1.self_attn.qkv_proj                    in=[nan=0 inf=0 absmax=0.008278 shape=(512, 4096) dtype=torch.float16]  out=[nan=0 inf=0 absmax=0.005684 shape=(512, 6144) dtype=torch.float16]
[H3 r1 call#1] L1.self_attn.qkv_proj                    in=[nan=0 inf=0 absmax=0.008278 shape=(512, 4096) dtype=torch.float16]  out=[nan=0 inf=0 absmax=0.01072 shape=(512, 6144) dtype=torch.float16]
[H3 r1 call#1] L1.self_attn.o_proj                      in=[nan=0 inf=0 absmax=0.0018 shape=(512, 2048) dtype=torch.float16]  out=[nan=0 inf=0 absmax=0.001085 shape=(512, 4096) dtype=torch.float16]
[H3 r0 call#1] L1.self_attn.o_proj                      in=[nan=0 inf=0 absmax=0.001303 shape=(512, 2048) dtype=torch.float16]  out=[nan=0 inf=0 absmax=0.001085 shape=(512, 4096) dtype=torch.float16]
[H3 r1 call#1] L1.self_attn                             in=[nan=0 inf=0 absmax=511 shape=(512,) dtype=torch.int64]  out=[nan=0 inf=0 absmax=0.001085 shape=(512, 4096) dtype=torch.float16]
[H3 r0 call#1] L1.self_attn                             in=[nan=0 inf=0 absmax=511 shape=(512,) dtype=torch.int64]  out=[nan=0 inf=0 absmax=0.001085 shape=(512, 4096) dtype=torch.float16]
[H3 r1 call#1] L1.post_attention_layernorm              in=[nan=0 inf=0 absmax=0.001085 shape=(512, 4096) dtype=torch.float16]  out=[nan=0 inf=0 absmax=0.01668 shape=(512, 4096) dtype=torch.float16]
[H3 r0 call#1] L1.post_attention_layernorm              in=[nan=0 inf=0 absmax=0.001085 shape=(512, 4096) dtype=torch.float16]  out=[nan=0 inf=0 absmax=0.01668 shape=(512, 4096) dtype=torch.float16]
[H3 r1 call#1] L1.mlp.gate_up_proj                      in=[nan=0 inf=0 absmax=0.01668 shape=(512, 4096) dtype=torch.float16]  out=[nan=0 inf=0 absmax=0.118 shape=(512, 11008) dtype=torch.float16]
[H3 r0 call#1] L1.mlp.gate_up_proj                      in=[nan=0 inf=0 absmax=0.01668 shape=(512, 4096) dtype=torch.float16]  out=[nan=0 inf=0 absmax=0.1071 shape=(512, 11008) dtype=torch.float16]
[H3 r1 call#1] L1.mlp.down_proj                         in=[nan=0 inf=0 absmax=0.005604 shape=(512, 5504) dtype=torch.float16]  out=[nan=0 inf=0 absmax=0.01152 shape=(512, 4096) dtype=torch.float16]
[H3 r0 call#1] L1.mlp.down_proj                         in=[nan=0 inf=0 absmax=0.003004 shape=(512, 5504) dtype=torch.float16]  out=[nan=0 inf=0 absmax=0.01152 shape=(512, 4096) dtype=torch.float16]
[H3 r1 call#1] L1.mlp                                   in=[nan=0 inf=0 absmax=0.01668 shape=(512, 4096) dtype=torch.float16]  out=[nan=0 inf=0 absmax=0.01152 shape=(512, 4096) dtype=torch.float16]
[H3 r0 call#1] L1.mlp                                   in=[nan=0 inf=0 absmax=0.01668 shape=(512, 4096) dtype=torch.float16]  out=[nan=0 inf=0 absmax=0.01152 shape=(512, 4096) dtype=torch.float16]
inside allocate_kv_cache -- 
inside allocate_kv_cache -- 
allocate_kv_cache(): kv_cache shape = torch.Size([2, 32, 149, 256, 16, 128])
allocate_kv_cache(): kv_cache shape = torch.Size([2, 32, 149, 256, 16, 128])
[model_runner] about to setup and warmup model and cudagraphs, is use_eagle=False
Starting LlamaForCausalLM init, draft=True, speculate=True, spec_k=7
[LlamaForCausalLM] use_eagle=False, eagle_layers=None
[LlamaModel] use_eagle=False, eagle_layers=None
Finishing LlamaForCausalLM init, draft=True, speculate=True, spec_k=7
[load_model] loading model from /data2/chokwans99/models/TinyLlama-1.1B-Chat-v1.0
Loading model files:   0%|          | 0/1 [00:00<?, ?it/s]Loading model files: 100%|██████████| 1/1 [00:00<00:00,  1.35it/s]Loading model files: 100%|██████████| 1/1 [00:00<00:00,  1.35it/s]
[load_model] finished loading model from /data2/chokwans99/models/TinyLlama-1.1B-Chat-v1.0
inside allocate_kv_cache -- 
allocate_kv_cache(): kv_cache shape = torch.Size([2, 22, 306, 256, 4, 64])
Draft runner created on rank 0 (no async)
[LLMEngine] finished llm_engine init

============================================================
SWEEP [1/1] temp=0.6 b=1
============================================================
Generating:   0%|          | 0/4 [00:00<?, ?it/s][H3 r0 call#2] L1.input_layernorm                       in=[nan=0 inf=0 absmax=2.02 shape=(338, 4096) dtype=torch.float16]  out=[nan=0 inf=0 absmax=9.453 shape=(338, 4096) dtype=torch.float16]
[H3 r1 call#2] L1.input_layernorm                       in=[nan=0 inf=0 absmax=2.02 shape=(338, 4096) dtype=torch.float16]  out=[nan=0 inf=0 absmax=9.453 shape=(338, 4096) dtype=torch.float16]
[H3 r1 call#2] L1.self_attn.qkv_proj                    in=[nan=0 inf=0 absmax=9.453 shape=(338, 4096) dtype=torch.float16]  out=[nan=0 inf=0 absmax=9.133 shape=(338, 6144) dtype=torch.float16]
[H3 r0 call#2] L1.self_attn.qkv_proj                    in=[nan=0 inf=0 absmax=9.453 shape=(338, 4096) dtype=torch.float16]  out=[nan=0 inf=0 absmax=6.461 shape=(338, 6144) dtype=torch.float16]
[H3 r1 call#2] L1.self_attn.o_proj                      in=[nan=0 inf=0 absmax=0.9878 shape=(338, 2048) dtype=torch.float16]  out=[nan=0 inf=0 absmax=2.197 shape=(338, 4096) dtype=torch.float16]
[H3 r0 call#2] L1.self_attn.o_proj                      in=[nan=0 inf=0 absmax=2.229 shape=(338, 2048) dtype=torch.float16]  out=[nan=0 inf=0 absmax=2.197 shape=(338, 4096) dtype=torch.float16]
[H3 r1 call#2] L1.self_attn                             in=[nan=0 inf=0 absmax=132 shape=(338,) dtype=torch.int64]  out=[nan=0 inf=0 absmax=2.197 shape=(338, 4096) dtype=torch.float16]
[H3 r0 call#2] L1.self_attn                             in=[nan=0 inf=0 absmax=132 shape=(338,) dtype=torch.int64]  out=[nan=0 inf=0 absmax=2.197 shape=(338, 4096) dtype=torch.float16]
[H3 r0 call#2] L1.post_attention_layernorm              in=[nan=0 inf=0 absmax=2.197 shape=(338, 4096) dtype=torch.float16]  out=[nan=0 inf=0 absmax=1.908 shape=(338, 4096) dtype=torch.float16]
[H3 r1 call#2] L1.post_attention_layernorm              in=[nan=0 inf=0 absmax=2.197 shape=(338, 4096) dtype=torch.float16]  out=[nan=0 inf=0 absmax=1.908 shape=(338, 4096) dtype=torch.float16]
[H3 r0 call#2] L1.mlp.gate_up_proj                      in=[nan=0 inf=0 absmax=1.908 shape=(338, 4096) dtype=torch.float16]  out=[nan=0 inf=0 absmax=9.562 shape=(338, 11008) dtype=torch.float16]
[H3 r1 call#2] L1.mlp.gate_up_proj                      in=[nan=0 inf=0 absmax=1.908 shape=(338, 4096) dtype=torch.float16]  out=[nan=0 inf=0 absmax=33.78 shape=(338, 11008) dtype=torch.float16]
[H3 r1 call#2] L1.mlp.down_proj                         in=[nan=0 inf=0 absmax=997.5 shape=(338, 5504) dtype=torch.float16]  out=[nan=0 inf=8 shape=(338, 4096) dtype=torch.float16]
[H3 r0 call#2] L1.mlp.down_proj                         in=[nan=0 inf=0 absmax=17.64 shape=(338, 5504) dtype=torch.float16]  out=[nan=0 inf=8 shape=(338, 4096) dtype=torch.float16]
[H3 r0 call#2] L1.mlp                                   in=[nan=0 inf=0 absmax=1.908 shape=(338, 4096) dtype=torch.float16]  out=[nan=0 inf=8 shape=(338, 4096) dtype=torch.float16]
[H3 r1 call#2] L1.mlp                                   in=[nan=0 inf=0 absmax=1.908 shape=(338, 4096) dtype=torch.float16]  out=[nan=0 inf=8 shape=(338, 4096) dtype=torch.float16]
[spec_prefill] target prefill
[PREFILL] seq0 prompt_len=133 recovery=0
[H3 r0 call#3] L1.input_layernorm                       in=[nan=0 inf=0 absmax=3.053 shape=(8, 4096) dtype=torch.float16]  out=[nan=0 inf=0 absmax=8.094 shape=(8, 4096) dtype=torch.float16]
[H3 r1 call#3] L1.input_layernorm                       in=[nan=0 inf=0 absmax=3.053 shape=(8, 4096) dtype=torch.float16]  out=[nan=0 inf=0 absmax=8.094 shape=(8, 4096) dtype=torch.float16]
[H3 r0 call#3] L1.self_attn.qkv_proj                    in=[nan=0 inf=0 absmax=8.094 shape=(8, 4096) dtype=torch.float16]  out=[nan=0 inf=0 absmax=5.906 shape=(8, 6144) dtype=torch.float16]
[H3 r1 call#3] L1.self_attn.qkv_proj                    in=[nan=0 inf=0 absmax=8.094 shape=(8, 4096) dtype=torch.float16]  out=[nan=0 inf=0 absmax=7.227 shape=(8, 6144) dtype=torch.float16]
[H3 r0 call#3] L1.self_attn.o_proj                      in=[nan=0 inf=0 absmax=0.4077 shape=(8, 2048) dtype=torch.float16]  out=[nan=0 inf=0 absmax=0.4324 shape=(8, 4096) dtype=torch.float16]
[H3 r1 call#3] L1.self_attn.o_proj                      in=[nan=0 inf=0 absmax=0.2864 shape=(8, 2048) dtype=torch.float16]  out=[nan=0 inf=0 absmax=0.4324 shape=(8, 4096) dtype=torch.float16]
[H3 r0 call#3] L1.self_attn                             in=[nan=0 inf=0 absmax=140 shape=(8,) dtype=torch.int64]  out=[nan=0 inf=0 absmax=0.4324 shape=(8, 4096) dtype=torch.float16]
[H3 r1 call#3] L1.self_attn                             in=[nan=0 inf=0 absmax=140 shape=(8,) dtype=torch.int64]  out=[nan=0 inf=0 absmax=0.4324 shape=(8, 4096) dtype=torch.float16]
[H3 r0 call#3] L1.post_attention_layernorm              in=[nan=0 inf=0 absmax=0.4324 shape=(8, 4096) dtype=torch.float16]  out=[nan=0 inf=0 absmax=2.227 shape=(8, 4096) dtype=torch.float16]
[H3 r1 call#3] L1.post_attention_layernorm              in=[nan=0 inf=0 absmax=0.4324 shape=(8, 4096) dtype=torch.float16]  out=[nan=0 inf=0 absmax=2.227 shape=(8, 4096) dtype=torch.float16]
[H3 r0 call#3] L1.mlp.gate_up_proj                      in=[nan=0 inf=0 absmax=2.227 shape=(8, 4096) dtype=torch.float16]  out=[nan=0 inf=0 absmax=4.137 shape=(8, 11008) dtype=torch.float16]
[H3 r1 call#3] L1.mlp.gate_up_proj                      in=[nan=0 inf=0 absmax=2.227 shape=(8, 4096) dtype=torch.float16]  out=[nan=0 inf=0 absmax=10.37 shape=(8, 11008) dtype=torch.float16]
[H3 r0 call#3] L1.mlp.down_proj                         in=[nan=0 inf=0 absmax=4.836 shape=(8, 5504) dtype=torch.float16]  out=[nan=0 inf=0 absmax=218 shape=(8, 4096) dtype=torch.float16]
[H3 r1 call#3] L1.mlp.down_proj                         in=[nan=0 inf=0 absmax=93.94 shape=(8, 5504) dtype=torch.float16]  out=[nan=0 inf=0 absmax=218 shape=(8, 4096) dtype=torch.float16]
[H3 r0 call#3] L1.mlp                                   in=[nan=0 inf=0 absmax=2.227 shape=(8, 4096) dtype=torch.float16]  out=[nan=0 inf=0 absmax=218 shape=(8, 4096) dtype=torch.float16]
[H3 r1 call#3] L1.mlp                                   in=[nan=0 inf=0 absmax=2.227 shape=(8, 4096) dtype=torch.float16]  out=[nan=0 inf=0 absmax=218 shape=(8, 4096) dtype=torch.float16]
/pytorch/aten/src/ATen/native/cuda/TensorCompare.cu:112: _assert_async_cuda_kernel: block: [0,0,0], thread: [0,0,0] Assertion `probability tensor contains either `inf`, `nan` or element < 0` failed.
[rank0]: Traceback (most recent call last):
[rank0]:   File "/home/chokwans99/PSD/ssd/bench/bench.py", line 439, in <module>
[rank0]:     main()
[rank0]:   File "/home/chokwans99/PSD/ssd/bench/bench.py", line 390, in main
[rank0]:     outputs, total_time, metrics = run_benchmark(args, llm, prompts, cur_sampling_params)
[rank0]:                                    ^^^^^^^^^^^^^^^^^^^^^^^^^^^^^^^^^^^^^^^^^^^^^^^^^^^^^^
[rank0]:   File "/home/chokwans99/PSD/ssd/bench/bench.py", line 269, in run_benchmark
[rank0]:     outputs, metrics = llm.generate(prompts, sampling_params)
[rank0]:                        ^^^^^^^^^^^^^^^^^^^^^^^^^^^^^^^^^^^^^^
[rank0]:   File "/home/chokwans99/PSD/ssd/ssd/engine/llm_engine.py", line 357, in generate
[rank0]:     output = self.step(inference_step)
[rank0]:              ^^^^^^^^^^^^^^^^^^^^^^^^^
[rank0]:   File "/home/chokwans99/PSD/ssd/ssd/engine/llm_engine.py", line 201, in step
[rank0]:     ttl_tokens = step.prefill(seqs) if is_prefill else step.decode(seqs)
[rank0]:                                                        ^^^^^^^^^^^^^^^^^
[rank0]:   File "/home/chokwans99/PSD/ssd/ssd/engine/step.py", line 129, in decode
[rank0]:     out_verify_result = self.verifier.verify(seqs, speculate_result, eagle=self.eagle)
[rank0]:                         ^^^^^^^^^^^^^^^^^^^^^^^^^^^^^^^^^^^^^^^^^^^^^^^^^^^^^^^^^^^^^^
[rank0]:   File "/home/chokwans99/PSD/ssd/ssd/engine/verifier.py", line 118, in verify
[rank0]:     new_suffixes, recovery_tokens = verify(
[rank0]:                                     ^^^^^^^
[rank0]:   File "/home/chokwans99/PSD/ssd/ssd/utils/verify.py", line 173, in verify
[rank0]:     starts = speculations[:, 0].tolist()
[rank0]:              ^^^^^^^^^^^^^^^^^^^^^^^^^^^
[rank0]:   File "/home/chokwans99/anaconda3/envs/ssd/lib/python3.11/site-packages/torch/utils/_device.py", line 103, in __torch_function__
[rank0]:     return func(*args, **kwargs)
[rank0]:            ^^^^^^^^^^^^^^^^^^^^^
[rank0]: torch.AcceleratorError: CUDA error: device-side assert triggered
[rank0]: CUDA kernel errors might be asynchronously reported at some other API call, so the stacktrace below might be incorrect.
[rank0]: For debugging consider passing CUDA_LAUNCH_BLOCKING=1
[rank0]: Compile with `TORCH_USE_CUDA_DSA` to enable device-side assertions.

[LLMEngine] Exiting (hard=True)
