name,batch,temperature,model,method,target,draft,target_dtype,draft_dtype,target_tp,input_cap,output_cap,max_model_len,gpus,K1,K2,SSD_K,SSD_F,exit,C,N1,N2,M1,M2,P1_roots,draft_fanout,proxy_fanout,W,R,proxy_floor,confidence_floor,beta_recorded_inactive,root,normalization,overlap_mix,tree_policy,miss_K,trim,stream,fused,bulk,parallel_insert,fast_verify,backend,ignore_eos,greedy_only,git_commit
llama2_b1_final_duet_fast_r0,1,0.7,llama2,DUET,layerskip-llama2-7b,AMD-Llama-135m,torch.float16,torch.float16,1,512,128,2048,"2,3",12,2,,,21,3,16,4,16,4,2,2,1,13,,0.01,0.03,0.5,complement,full,0.25,reach_gain_frontier,4,0,0,1,1,0,1,auto,False,False,709c95b53e9c29ce9d4e3284c07003171dd365f7
llama2_b1_final_ssd_al_r0,1,0.7,llama2,SSD,layerskip-llama2-7b,AMD-Llama-135m,torch.float16,torch.float16,1,512,128,2048,"2,3",,,6,5,,,,,,,,,,,,,,,,,,,6,,,,,,1,auto,False,False,1db69b5b2c40e2aff53552fcfa2107e8c9597eaa
llama2_b1_final_ssd_fast_r0,1,0.7,llama2,SSD,layerskip-llama2-7b,AMD-Llama-135m,torch.float16,torch.float16,1,512,128,2048,"2,3",,,4,7,,,,,,,,,,,,,,,,,,,4,,,,,,1,auto,False,False,1db69b5b2c40e2aff53552fcfa2107e8c9597eaa
llama2_b1_final_duet_fast_r1,1,0.7,llama2,DUET,layerskip-llama2-7b,AMD-Llama-135m,torch.float16,torch.float16,1,512,128,2048,"0,1",12,2,,,21,3,16,4,16,4,2,2,1,13,,0.01,0.03,0.5,complement,full,0.25,reach_gain_frontier,4,0,0,1,1,0,1,auto,False,False,641f5ce88ead693790ced9a3261b01241c94e8f4
llama2_b1_final_ssd_al_r1,1,0.7,llama2,SSD,layerskip-llama2-7b,AMD-Llama-135m,torch.float16,torch.float16,1,512,128,2048,"0,1",,,6,5,,,,,,,,,,,,,,,,,,,6,,,,,,1,auto,False,False,1db69b5b2c40e2aff53552fcfa2107e8c9597eaa
llama2_b1_final_ssd_fast_r1,1,0.7,llama2,SSD,layerskip-llama2-7b,AMD-Llama-135m,torch.float16,torch.float16,1,512,128,2048,"0,1",,,4,7,,,,,,,,,,,,,,,,,,,4,,,,,,1,auto,False,False,1db69b5b2c40e2aff53552fcfa2107e8c9597eaa
llama2_b2_scale_duet,2,0.7,llama2,DUET,layerskip-llama2-7b,AMD-Llama-135m,torch.float16,torch.float16,1,512,128,2048,"0,1",3,2,,,21,3,6,4,6,4,1,2,1,4,,0.01,0.03,0.5,complement,full,0.25,reach_gain_frontier,4,0,0,1,1,0,1,auto,False,False,cbdc41f16a5770d4cb1c6f6fcbd0e5396c6e3997
llama2_b2_scale_ssd,2,0.7,llama2,SSD,layerskip-llama2-7b,AMD-Llama-135m,torch.float16,torch.float16,1,512,128,2048,"0,1",,,4,7,,,,,,,,,,,,,,,,,,,4,,,,,,1,auto,False,False,69192a52972dc5f39cc698da4c6e01b55fd894b5
llama2_b4_scale_duet,4,0.7,llama2,DUET,layerskip-llama2-7b,AMD-Llama-135m,torch.float16,torch.float16,1,512,128,2048,"0,1",3,2,,,21,3,6,4,6,4,1,2,1,4,,0.01,0.03,0.5,complement,full,0.25,reach_gain_frontier,4,0,0,1,1,0,1,auto,False,False,709c95b53e9c29ce9d4e3284c07003171dd365f7
llama2_b4_scale_ssd,4,0.7,llama2,SSD,layerskip-llama2-7b,AMD-Llama-135m,torch.float16,torch.float16,1,512,128,2048,"0,1",,,4,7,,,,,,,,,,,,,,,,,,,4,,,,,,1,auto,False,False,709c95b53e9c29ce9d4e3284c07003171dd365f7
llama2_b8_final_breakdown,8,0.7,llama2,DUET,layerskip-llama2-7b,AMD-Llama-135m,torch.float16,torch.float16,1,512,128,2048,"0,1",3,2,,,21,3,6,4,6,4,1,2,1,4,,0.01,0.03,0.5,complement,full,0.25,reach_gain_frontier,4,0,0,1,1,0,1,auto,False,False,1db69b5b2c40e2aff53552fcfa2107e8c9597eaa
llama2_b8_final_duet_al_r0,8,0.7,llama2,DUET,layerskip-llama2-7b,AMD-Llama-135m,torch.float16,torch.float16,1,512,128,2048,"0,1",6,2,,,21,3,12,4,12,4,2,3,1,7,,0.01,0.03,0.5,complement,full,0.25,reach_gain_frontier,4,0,0,1,1,0,1,auto,False,False,81ea7775bbda8fed1e0edc00a612ee3d8bb3f3ae
llama2_b8_final_duet_fast_r0,8,0.7,llama2,DUET,layerskip-llama2-7b,AMD-Llama-135m,torch.float16,torch.float16,1,512,128,2048,"0,1",3,2,,,21,3,6,4,6,4,1,2,1,4,,0.01,0.03,0.5,complement,full,0.25,reach_gain_frontier,4,0,0,1,1,0,1,auto,False,False,81ea7775bbda8fed1e0edc00a612ee3d8bb3f3ae
llama2_b8_final_ssd_al_r0,8,0.7,llama2,SSD,layerskip-llama2-7b,AMD-Llama-135m,torch.float16,torch.float16,1,512,128,2048,"0,1",,,8,5,,,,,,,,,,,,,,,,,,,8,,,,,,1,auto,False,False,c02aceed848ce3f1f77709a9d3fd799a5f867191
llama2_b8_final_ssd_fast_r0,8,0.7,llama2,SSD,layerskip-llama2-7b,AMD-Llama-135m,torch.float16,torch.float16,1,512,128,2048,"0,1",,,4,7,,,,,,,,,,,,,,,,,,,4,,,,,,1,auto,False,False,c02aceed848ce3f1f77709a9d3fd799a5f867191
llama2_b8_implementation_off,8,0.7,llama2,DUET,layerskip-llama2-7b,AMD-Llama-135m,torch.float16,torch.float16,1,512,128,2048,"0,1",3,2,,,21,3,6,4,6,4,1,2,1,4,,0.01,0.03,0.5,complement,full,0.25,reach_gain_frontier,4,0,0,0,0,0,1,auto,False,False,1db69b5b2c40e2aff53552fcfa2107e8c9597eaa
llama2_b8_long_duet,8,0.7,llama2,DUET,layerskip-llama2-7b,AMD-Llama-135m,torch.float16,torch.float16,1,1024,256,2048,"0,1",3,2,,,21,3,6,4,6,4,1,2,1,4,,0.01,0.03,0.5,complement,full,0.25,reach_gain_frontier,4,0,0,1,1,0,1,auto,False,False,1db69b5b2c40e2aff53552fcfa2107e8c9597eaa
llama2_b8_long_ssd,8,0.7,llama2,SSD,layerskip-llama2-7b,AMD-Llama-135m,torch.float16,torch.float16,1,1024,256,2048,"0,1",,,4,7,,,,,,,,,,,,,,,,,,,4,,,,,,1,auto,False,False,1db69b5b2c40e2aff53552fcfa2107e8c9597eaa
llama2_b8_final_duet_al_r1,8,0.7,llama2,DUET,layerskip-llama2-7b,AMD-Llama-135m,torch.float16,torch.float16,1,512,128,2048,"2,3",6,2,,,21,3,12,4,12,4,2,3,1,7,,0.01,0.03,0.5,complement,full,0.25,reach_gain_frontier,4,0,0,1,1,0,1,auto,False,False,641f5ce88ead693790ced9a3261b01241c94e8f4
llama2_b8_final_duet_fast_r1,8,0.7,llama2,DUET,layerskip-llama2-7b,AMD-Llama-135m,torch.float16,torch.float16,1,512,128,2048,"2,3",3,2,,,21,3,6,4,6,4,1,2,1,4,,0.01,0.03,0.5,complement,full,0.25,reach_gain_frontier,4,0,0,1,1,0,1,auto,False,False,641f5ce88ead693790ced9a3261b01241c94e8f4
llama2_b8_final_ssd_al_r1,8,0.7,llama2,SSD,layerskip-llama2-7b,AMD-Llama-135m,torch.float16,torch.float16,1,512,128,2048,"2,3",,,8,5,,,,,,,,,,,,,,,,,,,8,,,,,,1,auto,False,False,641f5ce88ead693790ced9a3261b01241c94e8f4
llama2_b8_final_ssd_fast_r1,8,0.7,llama2,SSD,layerskip-llama2-7b,AMD-Llama-135m,torch.float16,torch.float16,1,512,128,2048,"2,3",,,4,7,,,,,,,,,,,,,,,,,,,4,,,,,,1,auto,False,False,1db69b5b2c40e2aff53552fcfa2107e8c9597eaa
llama3_b1_final_duet_al_r0,1,0.7,llama3,DUET,layerskip-llama3-8B,Qwama-0.5B-Instruct,torch.bfloat16,torch.bfloat16,1,512,128,2048,"4,5",6,4,,,16,3,12,8,12,8,2,2,1,7,,0.01,0.03,0.5,complement,full,0.25,reach_gain_frontier,4,0,0,1,1,0,1,auto,False,False,709c95b53e9c29ce9d4e3284c07003171dd365f7
llama3_b1_final_duet_fast_r0,1,0.7,llama3,DUET,layerskip-llama3-8B,Qwama-0.5B-Instruct,torch.bfloat16,torch.bfloat16,1,512,128,2048,"4,5",4,2,,,16,3,8,4,8,4,2,2,1,5,,0.01,0.03,0.5,complement,full,0.25,reach_gain_frontier,4,0,0,1,1,0,1,auto,False,False,1db69b5b2c40e2aff53552fcfa2107e8c9597eaa
llama3_b1_final_ssd_al_r0,1,0.7,llama3,SSD,layerskip-llama3-8B,Qwama-0.5B-Instruct,torch.bfloat16,torch.bfloat16,1,512,128,2048,"4,5",,,8,1,,,,,,,,,,,,,,,,,,,8,,,,,,1,auto,False,False,1db69b5b2c40e2aff53552fcfa2107e8c9597eaa
llama3_b1_final_ssd_fast_r0,1,0.7,llama3,SSD,layerskip-llama3-8B,Qwama-0.5B-Instruct,torch.bfloat16,torch.bfloat16,1,512,128,2048,"4,5",,,4,7,,,,,,,,,,,,,,,,,,,4,,,,,,1,auto,False,False,1db69b5b2c40e2aff53552fcfa2107e8c9597eaa
llama3_b1_final_duet_al_r1,1,0.7,llama3,DUET,layerskip-llama3-8B,Qwama-0.5B-Instruct,torch.bfloat16,torch.bfloat16,1,512,128,2048,"6,7",6,4,,,16,3,12,8,12,8,2,2,1,7,,0.01,0.03,0.5,complement,full,0.25,reach_gain_frontier,4,0,0,1,1,0,1,auto,False,False,641f5ce88ead693790ced9a3261b01241c94e8f4
llama3_b1_final_duet_fast_r1,1,0.7,llama3,DUET,layerskip-llama3-8B,Qwama-0.5B-Instruct,torch.bfloat16,torch.bfloat16,1,512,128,2048,"6,7",4,2,,,16,3,8,4,8,4,2,2,1,5,,0.01,0.03,0.5,complement,full,0.25,reach_gain_frontier,4,0,0,1,1,0,1,auto,False,False,641f5ce88ead693790ced9a3261b01241c94e8f4
llama3_b1_final_ssd_al_r1,1,0.7,llama3,SSD,layerskip-llama3-8B,Qwama-0.5B-Instruct,torch.bfloat16,torch.bfloat16,1,512,128,2048,"6,7",,,8,1,,,,,,,,,,,,,,,,,,,8,,,,,,1,auto,False,False,1db69b5b2c40e2aff53552fcfa2107e8c9597eaa
llama3_b1_final_ssd_fast_r1,1,0.7,llama3,SSD,layerskip-llama3-8B,Qwama-0.5B-Instruct,torch.bfloat16,torch.bfloat16,1,512,128,2048,"6,7",,,4,7,,,,,,,,,,,,,,,,,,,4,,,,,,1,auto,False,False,1db69b5b2c40e2aff53552fcfa2107e8c9597eaa
llama3_b2_scale_duet,2,0.7,llama3,DUET,layerskip-llama3-8B,Qwama-0.5B-Instruct,torch.bfloat16,torch.bfloat16,1,512,128,2048,"6,7",3,2,,,26,1,3,2,3,2,2,2,1,4,,0.01,0.03,0.5,complement,full,0.25,reach_gain_frontier,4,0,0,1,1,0,1,auto,False,False,709c95b53e9c29ce9d4e3284c07003171dd365f7
llama3_b2_scale_ssd,2,0.7,llama3,SSD,layerskip-llama3-8B,Qwama-0.5B-Instruct,torch.bfloat16,torch.bfloat16,1,512,128,2048,"6,7",,,4,1,,,,,,,,,,,,,,,,,,,4,,,,,,1,auto,False,False,cbdc41f16a5770d4cb1c6f6fcbd0e5396c6e3997
llama3_b4_scale_duet,4,0.7,llama3,DUET,layerskip-llama3-8B,Qwama-0.5B-Instruct,torch.bfloat16,torch.bfloat16,1,512,128,2048,"6,7",3,2,,,26,1,3,2,3,2,2,2,1,4,,0.01,0.03,0.5,complement,full,0.25,reach_gain_frontier,4,0,0,1,1,0,1,auto,False,False,1db69b5b2c40e2aff53552fcfa2107e8c9597eaa
llama3_b4_scale_ssd,4,0.7,llama3,SSD,layerskip-llama3-8B,Qwama-0.5B-Instruct,torch.bfloat16,torch.bfloat16,1,512,128,2048,"6,7",,,4,1,,,,,,,,,,,,,,,,,,,4,,,,,,1,auto,False,False,1db69b5b2c40e2aff53552fcfa2107e8c9597eaa
llama3_b8_final_breakdown,8,0.7,llama3,DUET,layerskip-llama3-8B,Qwama-0.5B-Instruct,torch.bfloat16,torch.bfloat16,1,512,128,2048,"6,7",3,2,,,26,1,3,2,3,2,2,2,1,4,,0.01,0.03,0.5,complement,full,0.25,reach_gain_frontier,4,0,0,1,1,0,1,auto,False,False,1db69b5b2c40e2aff53552fcfa2107e8c9597eaa
llama3_b8_final_duet_al_r0,8,0.7,llama3,DUET,layerskip-llama3-8B,Qwama-0.5B-Instruct,torch.bfloat16,torch.bfloat16,1,512,128,2048,"6,7",6,3,,,30,3,12,4,12,4,2,3,1,7,,0.01,0.03,0.5,complement,full,0.25,reach_gain_frontier,4,0,0,1,1,0,1,auto,False,False,c02aceed848ce3f1f77709a9d3fd799a5f867191
llama3_b8_final_duet_fast_r0,8,0.7,llama3,DUET,layerskip-llama3-8B,Qwama-0.5B-Instruct,torch.bfloat16,torch.bfloat16,1,512,128,2048,"6,7",3,2,,,26,1,3,2,3,2,2,2,1,4,,0.01,0.03,0.5,complement,full,0.25,reach_gain_frontier,4,0,0,1,1,0,1,auto,False,False,c02aceed848ce3f1f77709a9d3fd799a5f867191
llama3_b8_final_ssd_al_r0,8,0.7,llama3,SSD,layerskip-llama3-8B,Qwama-0.5B-Instruct,torch.bfloat16,torch.bfloat16,1,512,128,2048,"6,7",,,8,3,,,,,,,,,,,,,,,,,,,8,,,,,,1,auto,False,False,69192a52972dc5f39cc698da4c6e01b55fd894b5
llama3_b8_final_ssd_fast_r0,8,0.7,llama3,SSD,layerskip-llama3-8B,Qwama-0.5B-Instruct,torch.bfloat16,torch.bfloat16,1,512,128,2048,"6,7",,,4,1,,,,,,,,,,,,,,,,,,,4,,,,,,1,auto,False,False,cbdc41f16a5770d4cb1c6f6fcbd0e5396c6e3997
llama3_b8_implementation_off,8,0.7,llama3,DUET,layerskip-llama3-8B,Qwama-0.5B-Instruct,torch.bfloat16,torch.bfloat16,1,512,128,2048,"6,7",3,2,,,26,1,3,2,3,2,2,2,1,4,,0.01,0.03,0.5,complement,full,0.25,reach_gain_frontier,4,0,0,0,0,0,1,auto,False,False,1db69b5b2c40e2aff53552fcfa2107e8c9597eaa
llama3_b8_long_duet,8,0.7,llama3,DUET,layerskip-llama3-8B,Qwama-0.5B-Instruct,torch.bfloat16,torch.bfloat16,1,1024,256,2048,"6,7",3,2,,,26,1,3,2,3,2,2,2,1,4,,0.01,0.03,0.5,complement,full,0.25,reach_gain_frontier,4,0,0,1,1,0,1,auto,False,False,1db69b5b2c40e2aff53552fcfa2107e8c9597eaa
llama3_b8_long_ssd,8,0.7,llama3,SSD,layerskip-llama3-8B,Qwama-0.5B-Instruct,torch.bfloat16,torch.bfloat16,1,1024,256,2048,"6,7",,,4,1,,,,,,,,,,,,,,,,,,,4,,,,,,1,auto,False,False,1db69b5b2c40e2aff53552fcfa2107e8c9597eaa
llama3_b8_final_duet_al_r1,8,0.7,llama3,DUET,layerskip-llama3-8B,Qwama-0.5B-Instruct,torch.bfloat16,torch.bfloat16,1,512,128,2048,"4,5",6,3,,,30,3,12,4,12,4,2,3,1,7,,0.01,0.03,0.5,complement,full,0.25,reach_gain_frontier,4,0,0,1,1,0,1,auto,False,False,641f5ce88ead693790ced9a3261b01241c94e8f4
llama3_b8_final_duet_fast_r1,8,0.7,llama3,DUET,layerskip-llama3-8B,Qwama-0.5B-Instruct,torch.bfloat16,torch.bfloat16,1,512,128,2048,"4,5",3,2,,,26,1,3,2,3,2,2,2,1,4,,0.01,0.03,0.5,complement,full,0.25,reach_gain_frontier,4,0,0,1,1,0,1,auto,False,False,641f5ce88ead693790ced9a3261b01241c94e8f4
llama3_b8_final_ssd_al_r1,8,0.7,llama3,SSD,layerskip-llama3-8B,Qwama-0.5B-Instruct,torch.bfloat16,torch.bfloat16,1,512,128,2048,"4,5",,,8,3,,,,,,,,,,,,,,,,,,,8,,,,,,1,auto,False,False,641f5ce88ead693790ced9a3261b01241c94e8f4
llama3_b8_final_ssd_fast_r1,8,0.7,llama3,SSD,layerskip-llama3-8B,Qwama-0.5B-Instruct,torch.bfloat16,torch.bfloat16,1,512,128,2048,"4,5",,,4,1,,,,,,,,,,,,,,,,,,,4,,,,,,1,auto,False,False,641f5ce88ead693790ced9a3261b01241c94e8f4
llama2_b1_combo_al_k1_13,1,0.7,llama2,DUET,layerskip-llama2-7b,AMD-Llama-135m,torch.float16,torch.float16,1,512,96,2048,"2,3",13,4,,,21,3,16,8,16,8,2,2,1,14,,0.01,0.03,0.5,complement,full,0.25,reach_gain_frontier,4,0,0,1,1,0,1,auto,False,False,cbdc41f16a5770d4cb1c6f6fcbd0e5396c6e3997
llama2_b1_combo_al_k2_5,1,0.7,llama2,DUET,layerskip-llama2-7b,AMD-Llama-135m,torch.float16,torch.float16,1,512,96,2048,"2,3",12,5,,,21,3,16,8,16,8,2,2,1,13,,0.01,0.03,0.5,complement,full,0.25,reach_gain_frontier,4,0,0,1,1,0,1,auto,False,False,cbdc41f16a5770d4cb1c6f6fcbd0e5396c6e3997
llama2_b1_combo_e19,1,0.7,llama2,DUET,layerskip-llama2-7b,AMD-Llama-135m,torch.float16,torch.float16,1,512,96,2048,"2,3",6,4,,,19,3,12,8,12,8,2,2,1,7,,0.01,0.03,0.0,complement,full,0.25,reach_gain_frontier,4,0,0,1,1,0,1,auto,False,False,c02aceed848ce3f1f77709a9d3fd799a5f867191
llama2_b1_combo_e23,1,0.7,llama2,DUET,layerskip-llama2-7b,AMD-Llama-135m,torch.float16,torch.float16,1,512,96,2048,"2,3",6,4,,,23,3,12,8,12,8,2,2,1,7,,0.01,0.03,0.0,complement,full,0.25,reach_gain_frontier,4,0,0,1,1,0,1,auto,False,False,c02aceed848ce3f1f77709a9d3fd799a5f867191
llama2_b1_combo_k1_5,1,0.7,llama2,DUET,layerskip-llama2-7b,AMD-Llama-135m,torch.float16,torch.float16,1,512,96,2048,"2,3",5,4,,,21,3,12,8,12,8,2,2,1,6,,0.01,0.03,0.0,complement,full,0.25,reach_gain_frontier,4,0,0,1,1,0,1,auto,False,False,c02aceed848ce3f1f77709a9d3fd799a5f867191
llama2_b1_combo_k1_7,1,0.7,llama2,DUET,layerskip-llama2-7b,AMD-Llama-135m,torch.float16,torch.float16,1,512,96,2048,"2,3",7,4,,,21,3,12,8,12,8,2,2,1,8,,0.01,0.03,0.0,complement,full,0.25,reach_gain_frontier,4,0,0,1,1,0,1,auto,False,False,c02aceed848ce3f1f77709a9d3fd799a5f867191
llama2_b1_combo_k2_3,1,0.7,llama2,DUET,layerskip-llama2-7b,AMD-Llama-135m,torch.float16,torch.float16,1,512,96,2048,"2,3",6,3,,,21,3,12,8,12,8,2,2,1,7,,0.01,0.03,0.0,complement,full,0.25,reach_gain_frontier,4,0,0,1,1,0,1,auto,False,False,c02aceed848ce3f1f77709a9d3fd799a5f867191
llama2_b1_combo_k2_5,1,0.7,llama2,DUET,layerskip-llama2-7b,AMD-Llama-135m,torch.float16,torch.float16,1,512,96,2048,"2,3",6,5,,,21,3,12,8,12,8,2,2,1,7,,0.01,0.03,0.0,complement,full,0.25,reach_gain_frontier,4,0,0,1,1,0,1,auto,False,False,c02aceed848ce3f1f77709a9d3fd799a5f867191
llama2_b1_combo_miss2,1,0.7,llama2,DUET,layerskip-llama2-7b,AMD-Llama-135m,torch.float16,torch.float16,1,512,96,2048,"2,3",6,4,,,21,3,12,8,12,8,2,2,1,7,,0.01,0.03,0.0,complement,full,0.25,reach_gain_frontier,2,0,0,1,1,0,1,auto,False,False,c02aceed848ce3f1f77709a9d3fd799a5f867191
llama2_b1_combo_miss6,1,0.7,llama2,DUET,layerskip-llama2-7b,AMD-Llama-135m,torch.float16,torch.float16,1,512,96,2048,"2,3",6,4,,,21,3,12,8,12,8,2,2,1,7,,0.01,0.03,0.0,complement,full,0.25,reach_gain_frontier,6,0,0,1,1,0,1,auto,False,False,69192a52972dc5f39cc698da4c6e01b55fd894b5
llama2_b1_combo_transfer_2_4_e12,1,0.7,llama2,DUET,layerskip-llama2-7b,AMD-Llama-135m,torch.float16,torch.float16,1,512,96,2048,"2,3",2,4,,,12,3,4,8,4,8,2,1,1,3,,0.01,0.03,0.0,complement,full,0.25,reach_gain_frontier,4,0,0,1,1,0,1,auto,False,False,69192a52972dc5f39cc698da4c6e01b55fd894b5
llama2_b1_combo_transfer_2_4_e16,1,0.7,llama2,DUET,layerskip-llama2-7b,AMD-Llama-135m,torch.float16,torch.float16,1,512,96,2048,"2,3",2,4,,,16,3,4,8,4,8,2,1,1,3,,0.01,0.03,0.0,complement,full,0.25,reach_gain_frontier,4,0,0,1,1,0,1,auto,False,False,69192a52972dc5f39cc698da4c6e01b55fd894b5
llama2_b1_combo_transfer_3_3_e16,1,0.7,llama2,DUET,layerskip-llama2-7b,AMD-Llama-135m,torch.float16,torch.float16,1,512,96,2048,"2,3",3,3,,,16,3,6,6,6,6,2,1,1,3,,0.01,0.03,0.0,complement,full,0.25,reach_gain_frontier,4,0,0,1,1,0,1,auto,False,False,69192a52972dc5f39cc698da4c6e01b55fd894b5
llama2_b1_combo_transfer_3_3_e20,1,0.7,llama2,DUET,layerskip-llama2-7b,AMD-Llama-135m,torch.float16,torch.float16,1,512,96,2048,"2,3",3,3,,,20,3,6,6,6,6,2,1,1,3,,0.01,0.03,0.0,complement,full,0.25,reach_gain_frontier,4,0,0,1,1,0,1,auto,False,False,69192a52972dc5f39cc698da4c6e01b55fd894b5
llama2_b1_transfer_smoke,1,0.7,llama2,DUET,layerskip-llama2-7b,AMD-Llama-135m,torch.float16,torch.float16,1,512,24,2048,"2,3",1,3,,,12,3,2,6,2,6,2,1,1,3,,0.01,0.03,0.5,complement,full,0.25,reach_gain_frontier,4,0,0,1,1,0,1,auto,False,False,c02aceed848ce3f1f77709a9d3fd799a5f867191
llama2_b1_duet_e16_k4_2,1,0.7,llama2,DUET,layerskip-llama2-7b,AMD-Llama-135m,torch.float16,torch.float16,1,512,96,2048,"2,3",4,2,,,16,3,8,4,8,4,2,2,1,5,,0.01,0.03,0.5,complement,full,0.25,reach_gain_frontier,4,0,0,1,1,0,1,auto,False,False,baa1c2c936602e6d2d8447ff8b4010cf686cc78d
llama2_b1_duet_e21_k4_2,1,0.7,llama2,DUET,layerskip-llama2-7b,AMD-Llama-135m,torch.float16,torch.float16,1,512,96,2048,"2,3",4,2,,,21,3,8,4,8,4,2,2,1,5,,0.01,0.03,0.5,complement,full,0.25,reach_gain_frontier,4,0,0,1,1,0,1,auto,False,False,baa1c2c936602e6d2d8447ff8b4010cf686cc78d
llama2_b1_duet_e26_k4_2,1,0.7,llama2,DUET,layerskip-llama2-7b,AMD-Llama-135m,torch.float16,torch.float16,1,512,96,2048,"2,3",4,2,,,26,3,8,4,8,4,2,2,1,5,,0.01,0.03,0.5,complement,full,0.25,reach_gain_frontier,4,0,0,1,1,0,1,auto,False,False,baa1c2c936602e6d2d8447ff8b4010cf686cc78d
llama2_b1_duet_e30_k4_2,1,0.7,llama2,DUET,layerskip-llama2-7b,AMD-Llama-135m,torch.float16,torch.float16,1,512,96,2048,"2,3",4,2,,,30,3,8,4,8,4,2,2,1,5,,0.01,0.03,0.5,complement,full,0.25,reach_gain_frontier,4,0,0,1,1,0,1,auto,False,False,baa1c2c936602e6d2d8447ff8b4010cf686cc78d
llama2_b1_refine_e17_k6_2_r2,1,0.7,llama2,DUET,layerskip-llama2-7b,AMD-Llama-135m,torch.float16,torch.float16,1,512,96,2048,"2,3",6,2,,,17,3,12,4,12,4,2,2,1,7,,0.01,0.03,0.5,complement,full,0.25,reach_gain_frontier,4,0,0,1,1,0,1,auto,False,False,58326e9c3f53374028d73f93e3fe738a52608938
llama2_b1_refine_e17_k6_3_r2,1,0.7,llama2,DUET,layerskip-llama2-7b,AMD-Llama-135m,torch.float16,torch.float16,1,512,96,2048,"2,3",6,3,,,17,3,12,6,12,6,2,2,1,7,,0.01,0.03,0.5,complement,full,0.25,reach_gain_frontier,4,0,0,1,1,0,1,auto,False,False,58326e9c3f53374028d73f93e3fe738a52608938
llama2_b1_refine_e21_k12_2_r2,1,0.7,llama2,DUET,layerskip-llama2-7b,AMD-Llama-135m,torch.float16,torch.float16,1,512,96,2048,"2,3",12,2,,,21,3,16,4,16,4,2,2,1,13,,0.01,0.03,0.5,complement,full,0.25,reach_gain_frontier,4,0,0,1,1,0,1,auto,False,False,a3298235676eb40edcdc2f6805b99485ac33e126
llama2_b1_refine_e21_k12_3_r2,1,0.7,llama2,DUET,layerskip-llama2-7b,AMD-Llama-135m,torch.float16,torch.float16,1,512,96,2048,"2,3",12,3,,,21,3,16,6,16,6,2,2,1,13,,0.01,0.03,0.5,complement,full,0.25,reach_gain_frontier,4,0,0,1,1,0,1,auto,False,False,58326e9c3f53374028d73f93e3fe738a52608938
llama2_b1_refine_e21_k12_4_r2,1,0.7,llama2,DUET,layerskip-llama2-7b,AMD-Llama-135m,torch.float16,torch.float16,1,512,96,2048,"2,3",12,4,,,21,3,16,8,16,8,2,2,1,13,,0.01,0.03,0.5,complement,full,0.25,reach_gain_frontier,4,0,0,1,1,0,1,auto,False,False,58326e9c3f53374028d73f93e3fe738a52608938
llama2_b1_refine_e21_k4_3_r2,1,0.7,llama2,DUET,layerskip-llama2-7b,AMD-Llama-135m,torch.float16,torch.float16,1,512,96,2048,"2,3",4,3,,,21,3,8,6,8,6,2,2,1,5,,0.01,0.03,0.5,complement,full,0.25,reach_gain_frontier,4,0,0,1,1,0,1,auto,False,False,a3298235676eb40edcdc2f6805b99485ac33e126
llama2_b1_refine_e21_k4_4_r2,1,0.7,llama2,DUET,layerskip-llama2-7b,AMD-Llama-135m,torch.float16,torch.float16,1,512,96,2048,"2,3",4,4,,,21,3,8,8,8,8,2,2,1,5,,0.01,0.03,0.5,complement,full,0.25,reach_gain_frontier,4,0,0,1,1,0,1,auto,False,False,a3298235676eb40edcdc2f6805b99485ac33e126
llama2_b1_refine_e21_k6_2_r2,1,0.7,llama2,DUET,layerskip-llama2-7b,AMD-Llama-135m,torch.float16,torch.float16,1,512,96,2048,"2,3",6,2,,,21,3,12,4,12,4,2,2,1,7,,0.01,0.03,0.5,complement,full,0.25,reach_gain_frontier,4,0,0,1,1,0,1,auto,False,False,a3298235676eb40edcdc2f6805b99485ac33e126
llama2_b1_refine_e21_k6_3_r2,1,0.7,llama2,DUET,layerskip-llama2-7b,AMD-Llama-135m,torch.float16,torch.float16,1,512,96,2048,"2,3",6,3,,,21,3,12,6,12,6,2,2,1,7,,0.01,0.03,0.5,complement,full,0.25,reach_gain_frontier,4,0,0,1,1,0,1,auto,False,False,a3298235676eb40edcdc2f6805b99485ac33e126
llama2_b1_refine_e21_k6_4_r2,1,0.7,llama2,DUET,layerskip-llama2-7b,AMD-Llama-135m,torch.float16,torch.float16,1,512,96,2048,"2,3",6,4,,,21,3,12,8,12,8,2,2,1,7,,0.01,0.03,0.5,complement,full,0.25,reach_gain_frontier,4,0,0,1,1,0,1,auto,False,False,a3298235676eb40edcdc2f6805b99485ac33e126
llama2_b1_refine_e21_k8_2_r2,1,0.7,llama2,DUET,layerskip-llama2-7b,AMD-Llama-135m,torch.float16,torch.float16,1,512,96,2048,"2,3",8,2,,,21,3,16,4,16,4,2,2,1,9,,0.01,0.03,0.5,complement,full,0.25,reach_gain_frontier,4,0,0,1,1,0,1,auto,False,False,a3298235676eb40edcdc2f6805b99485ac33e126
llama2_b1_refine_e21_k8_3_r2,1,0.7,llama2,DUET,layerskip-llama2-7b,AMD-Llama-135m,torch.float16,torch.float16,1,512,96,2048,"2,3",8,3,,,21,3,16,6,16,6,2,2,1,9,,0.01,0.03,0.5,complement,full,0.25,reach_gain_frontier,4,0,0,1,1,0,1,auto,False,False,a3298235676eb40edcdc2f6805b99485ac33e126
llama2_b1_refine_e21_k8_4_r2,1,0.7,llama2,DUET,layerskip-llama2-7b,AMD-Llama-135m,torch.float16,torch.float16,1,512,96,2048,"2,3",8,4,,,21,3,16,8,16,8,2,2,1,9,,0.01,0.03,0.5,complement,full,0.25,reach_gain_frontier,4,0,0,1,1,0,1,auto,False,False,a3298235676eb40edcdc2f6805b99485ac33e126
llama2_b1_refine_e23_k6_2_r2,1,0.7,llama2,DUET,layerskip-llama2-7b,AMD-Llama-135m,torch.float16,torch.float16,1,512,96,2048,"2,3",6,2,,,23,3,12,4,12,4,2,2,1,7,,0.01,0.03,0.5,complement,full,0.25,reach_gain_frontier,4,0,0,1,1,0,1,auto,False,False,58326e9c3f53374028d73f93e3fe738a52608938
llama2_b1_refine_e23_k6_3_r2,1,0.7,llama2,DUET,layerskip-llama2-7b,AMD-Llama-135m,torch.float16,torch.float16,1,512,96,2048,"2,3",6,3,,,23,3,12,6,12,6,2,2,1,7,,0.01,0.03,0.5,complement,full,0.25,reach_gain_frontier,4,0,0,1,1,0,1,auto,False,False,58326e9c3f53374028d73f93e3fe738a52608938
llama2_b1_ssd_refine_k10_f5,1,0.7,llama2,SSD,layerskip-llama2-7b,AMD-Llama-135m,torch.float16,torch.float16,1,512,96,2048,"2,3",,,10,5,,,,,,,,,,,,,,,,,,,10,,,,,,1,auto,False,False,58326e9c3f53374028d73f93e3fe738a52608938
llama2_b1_ssd_refine_k4_f7,1,0.7,llama2,SSD,layerskip-llama2-7b,AMD-Llama-135m,torch.float16,torch.float16,1,512,96,2048,"2,3",,,4,7,,,,,,,,,,,,,,,,,,,4,,,,,,1,auto,False,False,58326e9c3f53374028d73f93e3fe738a52608938
llama2_b1_ssd_refine_k5_f5,1,0.7,llama2,SSD,layerskip-llama2-7b,AMD-Llama-135m,torch.float16,torch.float16,1,512,96,2048,"2,3",,,5,5,,,,,,,,,,,,,,,,,,,5,,,,,,1,auto,False,False,58326e9c3f53374028d73f93e3fe738a52608938
llama2_b1_ssd_refine_k6_f7,1,0.7,llama2,SSD,layerskip-llama2-7b,AMD-Llama-135m,torch.float16,torch.float16,1,512,96,2048,"2,3",,,6,7,,,,,,,,,,,,,,,,,,,6,,,,,,1,auto,False,False,58326e9c3f53374028d73f93e3fe738a52608938
llama2_b1_ssd_refine_k6_f9,1,0.7,llama2,SSD,layerskip-llama2-7b,AMD-Llama-135m,torch.float16,torch.float16,1,512,96,2048,"2,3",,,6,9,,,,,,,,,,,,,,,,,,,6,,,,,,1,auto,False,False,58326e9c3f53374028d73f93e3fe738a52608938
llama2_b1_ssd_refine_k7_f5,1,0.7,llama2,SSD,layerskip-llama2-7b,AMD-Llama-135m,torch.float16,torch.float16,1,512,96,2048,"2,3",,,7,5,,,,,,,,,,,,,,,,,,,7,,,,,,1,auto,False,False,58326e9c3f53374028d73f93e3fe738a52608938
llama2_b1_ssd_k2_f1,1,0.7,llama2,SSD,layerskip-llama2-7b,AMD-Llama-135m,torch.float16,torch.float16,1,512,96,2048,"2,3",,,2,1,,,,,,,,,,,,,,,,,,,2,,,,,,1,auto,False,False,c4f05a675028763efc3b62d0dd3a1d920bdf1d4f
llama2_b1_ssd_k2_f3,1,0.7,llama2,SSD,layerskip-llama2-7b,AMD-Llama-135m,torch.float16,torch.float16,1,512,96,2048,"2,3",,,2,3,,,,,,,,,,,,,,,,,,,2,,,,,,1,auto,False,False,c4f05a675028763efc3b62d0dd3a1d920bdf1d4f
llama2_b1_ssd_k2_f5,1,0.7,llama2,SSD,layerskip-llama2-7b,AMD-Llama-135m,torch.float16,torch.float16,1,512,96,2048,"2,3",,,2,5,,,,,,,,,,,,,,,,,,,2,,,,,,1,auto,False,False,c4f05a675028763efc3b62d0dd3a1d920bdf1d4f
llama2_b1_ssd_k4_f1,1,0.7,llama2,SSD,layerskip-llama2-7b,AMD-Llama-135m,torch.float16,torch.float16,1,512,96,2048,"2,3",,,4,1,,,,,,,,,,,,,,,,,,,4,,,,,,1,auto,False,False,c4f05a675028763efc3b62d0dd3a1d920bdf1d4f
llama2_b1_ssd_k4_f3,1,0.7,llama2,SSD,layerskip-llama2-7b,AMD-Llama-135m,torch.float16,torch.float16,1,512,96,2048,"2,3",,,4,3,,,,,,,,,,,,,,,,,,,4,,,,,,1,auto,False,False,c4f05a675028763efc3b62d0dd3a1d920bdf1d4f
llama2_b1_ssd_k4_f5,1,0.7,llama2,SSD,layerskip-llama2-7b,AMD-Llama-135m,torch.float16,torch.float16,1,512,96,2048,"2,3",,,4,5,,,,,,,,,,,,,,,,,,,4,,,,,,1,auto,False,False,c4f05a675028763efc3b62d0dd3a1d920bdf1d4f
llama2_b1_ssd_k6_f1,1,0.7,llama2,SSD,layerskip-llama2-7b,AMD-Llama-135m,torch.float16,torch.float16,1,512,96,2048,"2,3",,,6,1,,,,,,,,,,,,,,,,,,,6,,,,,,1,auto,False,False,f041ebd6ab3f8e45c302198491e7c274b7a3a71b
llama2_b1_ssd_k6_f3,1,0.7,llama2,SSD,layerskip-llama2-7b,AMD-Llama-135m,torch.float16,torch.float16,1,512,96,2048,"2,3",,,6,3,,,,,,,,,,,,,,,,,,,6,,,,,,1,auto,False,False,f041ebd6ab3f8e45c302198491e7c274b7a3a71b
llama2_b1_ssd_k6_f5,1,0.7,llama2,SSD,layerskip-llama2-7b,AMD-Llama-135m,torch.float16,torch.float16,1,512,96,2048,"2,3",,,6,5,,,,,,,,,,,,,,,,,,,6,,,,,,1,auto,False,False,8ddfe62b703207a1c79e9561befef8924cb6de8b
llama2_b1_ssd_k8_f1,1,0.7,llama2,SSD,layerskip-llama2-7b,AMD-Llama-135m,torch.float16,torch.float16,1,512,96,2048,"2,3",,,8,1,,,,,,,,,,,,,,,,,,,8,,,,,,1,auto,False,False,baa1c2c936602e6d2d8447ff8b4010cf686cc78d
llama2_b1_ssd_k8_f3,1,0.7,llama2,SSD,layerskip-llama2-7b,AMD-Llama-135m,torch.float16,torch.float16,1,512,96,2048,"2,3",,,8,3,,,,,,,,,,,,,,,,,,,8,,,,,,1,auto,False,False,baa1c2c936602e6d2d8447ff8b4010cf686cc78d
llama2_b1_ssd_k8_f5,1,0.7,llama2,SSD,layerskip-llama2-7b,AMD-Llama-135m,torch.float16,torch.float16,1,512,96,2048,"2,3",,,8,5,,,,,,,,,,,,,,,,,,,8,,,,,,1,auto,False,False,baa1c2c936602e6d2d8447ff8b4010cf686cc78d
llama2_b1_tree_al_compute3,1,0.7,llama2,DUET,layerskip-llama2-7b,AMD-Llama-135m,torch.float16,torch.float16,1,512,96,2048,"2,3",12,4,,,21,3,16,8,16,8,2,3,1,13,,0.01,0.03,0.5,complement,full,0.25,reach_gain_frontier,4,0,0,1,1,0,1,auto,False,False,81ea7775bbda8fed1e0edc00a612ee3d8bb3f3ae
llama2_b1_tree_al_width1,1,0.7,llama2,DUET,layerskip-llama2-7b,AMD-Llama-135m,torch.float16,torch.float16,1,512,96,2048,"2,3",12,4,,,21,1,12,4,12,4,2,2,1,13,,0.01,0.03,0.5,complement,full,0.25,reach_gain_frontier,4,0,0,1,1,0,1,auto,False,False,81ea7775bbda8fed1e0edc00a612ee3d8bb3f3ae
llama2_b1_tree_al_width2,1,0.7,llama2,DUET,layerskip-llama2-7b,AMD-Llama-135m,torch.float16,torch.float16,1,512,96,2048,"2,3",12,4,,,21,2,16,8,16,8,2,2,1,13,,0.01,0.03,0.5,complement,full,0.25,reach_gain_frontier,4,0,0,1,1,0,1,auto,False,False,81ea7775bbda8fed1e0edc00a612ee3d8bb3f3ae
llama2_b1_tree_align_exit11,1,0.7,llama2,DUET,layerskip-llama2-7b,AMD-Llama-135m,torch.float16,torch.float16,1,512,96,2048,"2,3",6,4,,,11,3,12,8,12,8,2,2,1,7,,0.01,0.03,0.5,complement,full,0.25,reach_gain_frontier,4,0,0,1,1,0,1,auto,False,False,81ea7775bbda8fed1e0edc00a612ee3d8bb3f3ae
llama2_b1_tree_align_exit13,1,0.7,llama2,DUET,layerskip-llama2-7b,AMD-Llama-135m,torch.float16,torch.float16,1,512,96,2048,"2,3",6,4,,,13,3,12,8,12,8,2,2,1,7,,0.01,0.03,0.5,complement,full,0.25,reach_gain_frontier,4,0,0,1,1,0,1,auto,False,False,81ea7775bbda8fed1e0edc00a612ee3d8bb3f3ae
llama2_b1_tree_align_exit9,1,0.7,llama2,DUET,layerskip-llama2-7b,AMD-Llama-135m,torch.float16,torch.float16,1,512,96,2048,"2,3",6,4,,,9,3,12,8,12,8,2,2,1,7,,0.01,0.03,0.5,complement,full,0.25,reach_gain_frontier,4,0,0,1,1,0,1,auto,False,False,81ea7775bbda8fed1e0edc00a612ee3d8bb3f3ae
llama2_b1_tree_beta0,1,0.7,llama2,DUET,layerskip-llama2-7b,AMD-Llama-135m,torch.float16,torch.float16,1,512,96,2048,"2,3",6,4,,,21,3,12,8,12,8,2,2,1,7,,0.01,0.03,0.0,complement,full,0.25,reach_gain_frontier,4,0,0,1,1,0,1,auto,False,False,81ea7775bbda8fed1e0edc00a612ee3d8bb3f3ae
llama2_b1_tree_beta1,1,0.7,llama2,DUET,layerskip-llama2-7b,AMD-Llama-135m,torch.float16,torch.float16,1,512,96,2048,"2,3",6,4,,,21,3,12,8,12,8,2,2,1,7,,0.01,0.03,1.0,complement,full,0.25,reach_gain_frontier,4,0,0,1,1,0,1,auto,False,False,81ea7775bbda8fed1e0edc00a612ee3d8bb3f3ae
llama2_b1_tree_compute3,1,0.7,llama2,DUET,layerskip-llama2-7b,AMD-Llama-135m,torch.float16,torch.float16,1,512,96,2048,"2,3",6,4,,,21,3,12,8,12,8,2,3,1,7,,0.01,0.03,0.5,complement,full,0.25,reach_gain_frontier,4,0,0,1,1,0,1,auto,False,False,81ea7775bbda8fed1e0edc00a612ee3d8bb3f3ae
llama2_b1_tree_no_floors,1,0.7,llama2,DUET,layerskip-llama2-7b,AMD-Llama-135m,torch.float16,torch.float16,1,512,96,2048,"2,3",6,4,,,21,3,12,8,12,8,2,2,1,7,,0.0,0.0,0.5,complement,full,0.25,reach_gain_frontier,4,0,0,1,1,0,1,auto,False,False,81ea7775bbda8fed1e0edc00a612ee3d8bb3f3ae
llama2_b1_tree_nodes_high,1,0.7,llama2,DUET,layerskip-llama2-7b,AMD-Llama-135m,torch.float16,torch.float16,1,512,96,2048,"2,3",6,4,,,21,3,16,12,16,12,2,2,1,7,,0.01,0.03,0.5,complement,full,0.25,reach_gain_frontier,4,0,0,1,1,0,1,auto,False,False,81ea7775bbda8fed1e0edc00a612ee3d8bb3f3ae
llama2_b1_tree_nodes_low,1,0.7,llama2,DUET,layerskip-llama2-7b,AMD-Llama-135m,torch.float16,torch.float16,1,512,96,2048,"2,3",6,4,,,21,3,6,4,6,4,2,2,1,7,,0.01,0.03,0.5,complement,full,0.25,reach_gain_frontier,4,0,0,1,1,0,1,auto,False,False,81ea7775bbda8fed1e0edc00a612ee3d8bb3f3ae
llama2_b1_tree_p2budget12,1,0.7,llama2,DUET,layerskip-llama2-7b,AMD-Llama-135m,torch.float16,torch.float16,1,512,96,2048,"2,3",6,4,,,21,3,12,8,12,8,2,2,1,12,,0.01,0.03,0.5,complement,full,0.25,reach_gain_frontier,4,0,0,1,1,0,1,auto,False,False,81ea7775bbda8fed1e0edc00a612ee3d8bb3f3ae
llama2_b1_tree_p2budget3,1,0.7,llama2,DUET,layerskip-llama2-7b,AMD-Llama-135m,torch.float16,torch.float16,1,512,96,2048,"2,3",6,4,,,21,3,12,8,12,8,2,2,1,3,,0.01,0.03,0.5,complement,full,0.25,reach_gain_frontier,4,0,0,1,1,0,1,auto,False,False,81ea7775bbda8fed1e0edc00a612ee3d8bb3f3ae
llama2_b1_tree_p2budget8,1,0.7,llama2,DUET,layerskip-llama2-7b,AMD-Llama-135m,torch.float16,torch.float16,1,512,96,2048,"2,3",6,4,,,21,3,12,8,12,8,2,2,1,8,,0.01,0.03,0.5,complement,full,0.25,reach_gain_frontier,4,0,0,1,1,0,1,auto,False,False,81ea7775bbda8fed1e0edc00a612ee3d8bb3f3ae
llama2_b1_tree_roots1_compute1,1,0.7,llama2,DUET,layerskip-llama2-7b,AMD-Llama-135m,torch.float16,torch.float16,1,512,96,2048,"2,3",6,4,,,21,3,12,8,12,8,1,1,1,7,,0.01,0.03,0.5,complement,full,0.25,reach_gain_frontier,4,0,0,1,1,0,1,auto,False,False,58326e9c3f53374028d73f93e3fe738a52608938
llama2_b1_tree_roots2_compute1,1,0.7,llama2,DUET,layerskip-llama2-7b,AMD-Llama-135m,torch.float16,torch.float16,1,512,96,2048,"2,3",6,4,,,21,3,12,8,12,8,2,1,1,7,,0.01,0.03,0.5,complement,full,0.25,reach_gain_frontier,4,0,0,1,1,0,1,auto,False,False,81ea7775bbda8fed1e0edc00a612ee3d8bb3f3ae
llama2_b1_tree_roots3,1,0.7,llama2,DUET,layerskip-llama2-7b,AMD-Llama-135m,torch.float16,torch.float16,1,512,96,2048,"2,3",6,4,,,21,3,12,8,12,8,3,2,1,7,,0.01,0.03,0.5,complement,full,0.25,reach_gain_frontier,4,0,0,1,1,0,1,auto,False,False,81ea7775bbda8fed1e0edc00a612ee3d8bb3f3ae
llama2_b1_tree_width1,1,0.7,llama2,DUET,layerskip-llama2-7b,AMD-Llama-135m,torch.float16,torch.float16,1,512,96,2048,"2,3",6,4,,,21,1,6,4,6,4,2,2,1,7,,0.01,0.03,0.5,complement,full,0.25,reach_gain_frontier,4,0,0,1,1,0,1,auto,False,False,81ea7775bbda8fed1e0edc00a612ee3d8bb3f3ae
llama2_b1_tree_width2,1,0.7,llama2,DUET,layerskip-llama2-7b,AMD-Llama-135m,torch.float16,torch.float16,1,512,96,2048,"2,3",6,4,,,21,2,12,8,12,8,2,2,1,7,,0.01,0.03,0.5,complement,full,0.25,reach_gain_frontier,4,0,0,1,1,0,1,auto,False,False,81ea7775bbda8fed1e0edc00a612ee3d8bb3f3ae
llama2_b1_warm_duet_tree_1,1,0.7,llama2,DUET,layerskip-llama2-7b,AMD-Llama-135m,torch.float16,torch.float16,1,512,96,2048,"2,3",6,4,,,21,3,12,8,12,8,2,2,1,7,,0.01,0.03,0.0,complement,full,0.25,reach_gain_frontier,4,0,0,1,1,0,1,auto,False,False,709c95b53e9c29ce9d4e3284c07003171dd365f7
llama2_b1_warm_duet_tree_2,1,0.7,llama2,DUET,layerskip-llama2-7b,AMD-Llama-135m,torch.float16,torch.float16,1,512,96,2048,"2,3",6,4,,,21,3,12,8,12,8,2,2,1,7,,0.01,0.03,1.0,complement,full,0.25,reach_gain_frontier,4,0,0,1,1,0,1,auto,False,False,709c95b53e9c29ce9d4e3284c07003171dd365f7
llama2_b1_warm_duet_tree_3,1,0.7,llama2,DUET,layerskip-llama2-7b,AMD-Llama-135m,torch.float16,torch.float16,1,512,96,2048,"2,3",6,4,,,21,3,12,8,12,8,2,2,1,7,,0.01,0.03,0.5,complement,full,0.25,reach_gain_frontier,4,0,0,1,1,0,1,auto,False,False,709c95b53e9c29ce9d4e3284c07003171dd365f7
llama2_b1_warm_duet_tree_4,1,0.7,llama2,DUET,layerskip-llama2-7b,AMD-Llama-135m,torch.float16,torch.float16,1,512,96,2048,"2,3",12,4,,,21,3,16,8,16,8,2,2,1,13,,0.01,0.03,0.5,complement,full,0.25,reach_gain_frontier,4,0,0,1,1,0,1,auto,False,False,709c95b53e9c29ce9d4e3284c07003171dd365f7
llama2_b1_warm_duet_tree_5,1,0.7,llama2,DUET,layerskip-llama2-7b,AMD-Llama-135m,torch.float16,torch.float16,1,512,96,2048,"2,3",12,2,,,21,3,16,4,16,4,2,2,1,13,,0.01,0.03,0.5,complement,full,0.25,reach_gain_frontier,4,0,0,1,1,0,1,auto,False,False,709c95b53e9c29ce9d4e3284c07003171dd365f7
llama2_b1_warm_ssd_1,1,0.7,llama2,SSD,layerskip-llama2-7b,AMD-Llama-135m,torch.float16,torch.float16,1,512,96,2048,"2,3",,,4,7,,,,,,,,,,,,,,,,,,,4,,,,,,1,auto,False,False,cbdc41f16a5770d4cb1c6f6fcbd0e5396c6e3997
llama2_b1_warm_ssd_2,1,0.7,llama2,SSD,layerskip-llama2-7b,AMD-Llama-135m,torch.float16,torch.float16,1,512,96,2048,"2,3",,,6,7,,,,,,,,,,,,,,,,,,,6,,,,,,1,auto,False,False,cbdc41f16a5770d4cb1c6f6fcbd0e5396c6e3997
llama2_b1_warm_ssd_3,1,0.7,llama2,SSD,layerskip-llama2-7b,AMD-Llama-135m,torch.float16,torch.float16,1,512,96,2048,"2,3",,,5,5,,,,,,,,,,,,,,,,,,,5,,,,,,1,auto,False,False,cbdc41f16a5770d4cb1c6f6fcbd0e5396c6e3997
llama2_b1_warm_ssd_4,1,0.7,llama2,SSD,layerskip-llama2-7b,AMD-Llama-135m,torch.float16,torch.float16,1,512,96,2048,"2,3",,,8,1,,,,,,,,,,,,,,,,,,,8,,,,,,1,auto,False,False,709c95b53e9c29ce9d4e3284c07003171dd365f7
llama2_b1_warm_ssd_5,1,0.7,llama2,SSD,layerskip-llama2-7b,AMD-Llama-135m,torch.float16,torch.float16,1,512,96,2048,"2,3",,,6,5,,,,,,,,,,,,,,,,,,,6,,,,,,1,auto,False,False,709c95b53e9c29ce9d4e3284c07003171dd365f7
llama2_b8_combo_al_k1_7,8,0.7,llama2,DUET,layerskip-llama2-7b,AMD-Llama-135m,torch.float16,torch.float16,1,512,96,2048,"0,1",7,2,,,21,3,12,4,12,4,2,3,1,8,,0.01,0.03,0.5,complement,full,0.25,reach_gain_frontier,4,0,0,1,1,0,1,auto,False,False,81ea7775bbda8fed1e0edc00a612ee3d8bb3f3ae
llama2_b8_combo_al_k2_3,8,0.7,llama2,DUET,layerskip-llama2-7b,AMD-Llama-135m,torch.float16,torch.float16,1,512,96,2048,"0,1",6,3,,,21,3,12,4,12,4,2,3,1,7,,0.01,0.03,0.5,complement,full,0.25,reach_gain_frontier,4,0,0,1,1,0,1,auto,False,False,81ea7775bbda8fed1e0edc00a612ee3d8bb3f3ae
llama2_b8_combo_e19,8,0.7,llama2,DUET,layerskip-llama2-7b,AMD-Llama-135m,torch.float16,torch.float16,1,512,96,2048,"0,1",3,2,,,19,3,6,4,6,4,1,2,1,4,,0.01,0.03,0.5,complement,full,0.25,reach_gain_frontier,4,0,0,1,1,0,1,auto,False,False,81ea7775bbda8fed1e0edc00a612ee3d8bb3f3ae
llama2_b8_combo_e23,8,0.7,llama2,DUET,layerskip-llama2-7b,AMD-Llama-135m,torch.float16,torch.float16,1,512,96,2048,"0,1",3,2,,,23,3,6,4,6,4,1,2,1,4,,0.01,0.03,0.5,complement,full,0.25,reach_gain_frontier,4,0,0,1,1,0,1,auto,False,False,81ea7775bbda8fed1e0edc00a612ee3d8bb3f3ae
llama2_b8_combo_k1_2,8,0.7,llama2,DUET,layerskip-llama2-7b,AMD-Llama-135m,torch.float16,torch.float16,1,512,96,2048,"0,1",2,2,,,21,3,6,4,6,4,1,2,1,3,,0.01,0.03,0.5,complement,full,0.25,reach_gain_frontier,4,0,0,1,1,0,1,auto,False,False,81ea7775bbda8fed1e0edc00a612ee3d8bb3f3ae
llama2_b8_combo_k1_4,8,0.7,llama2,DUET,layerskip-llama2-7b,AMD-Llama-135m,torch.float16,torch.float16,1,512,96,2048,"0,1",4,2,,,21,3,6,4,6,4,1,2,1,5,,0.01,0.03,0.5,complement,full,0.25,reach_gain_frontier,4,0,0,1,1,0,1,auto,False,False,81ea7775bbda8fed1e0edc00a612ee3d8bb3f3ae
llama2_b8_combo_k2_1,8,0.7,llama2,DUET,layerskip-llama2-7b,AMD-Llama-135m,torch.float16,torch.float16,1,512,96,2048,"0,1",3,1,,,21,3,6,4,6,4,1,2,1,4,,0.01,0.03,0.5,complement,full,0.25,reach_gain_frontier,4,0,0,1,1,0,1,auto,False,False,81ea7775bbda8fed1e0edc00a612ee3d8bb3f3ae
llama2_b8_combo_k2_3,8,0.7,llama2,DUET,layerskip-llama2-7b,AMD-Llama-135m,torch.float16,torch.float16,1,512,96,2048,"0,1",3,3,,,21,3,6,4,6,4,1,2,1,4,,0.01,0.03,0.5,complement,full,0.25,reach_gain_frontier,4,0,0,1,1,0,1,auto,False,False,81ea7775bbda8fed1e0edc00a612ee3d8bb3f3ae
llama2_b8_combo_miss2,8,0.7,llama2,DUET,layerskip-llama2-7b,AMD-Llama-135m,torch.float16,torch.float16,1,512,96,2048,"0,1",3,2,,,21,3,6,4,6,4,1,2,1,4,,0.01,0.03,0.5,complement,full,0.25,reach_gain_frontier,2,0,0,1,1,0,1,auto,False,False,81ea7775bbda8fed1e0edc00a612ee3d8bb3f3ae
llama2_b8_combo_miss6,8,0.7,llama2,DUET,layerskip-llama2-7b,AMD-Llama-135m,torch.float16,torch.float16,1,512,96,2048,"0,1",3,2,,,21,3,6,4,6,4,1,2,1,4,,0.01,0.03,0.5,complement,full,0.25,reach_gain_frontier,6,0,0,1,1,0,1,auto,False,False,81ea7775bbda8fed1e0edc00a612ee3d8bb3f3ae
llama2_b8_combo_transfer_2_4_e12,8,0.7,llama2,DUET,layerskip-llama2-7b,AMD-Llama-135m,torch.float16,torch.float16,1,512,96,2048,"0,1",2,4,,,12,3,4,8,4,8,2,1,1,3,,0.01,0.03,0.5,complement,full,0.25,reach_gain_frontier,4,0,0,1,1,0,1,auto,False,False,81ea7775bbda8fed1e0edc00a612ee3d8bb3f3ae
llama2_b8_combo_transfer_2_4_e16,8,0.7,llama2,DUET,layerskip-llama2-7b,AMD-Llama-135m,torch.float16,torch.float16,1,512,96,2048,"0,1",2,4,,,16,3,4,8,4,8,2,1,1,3,,0.01,0.03,0.5,complement,full,0.25,reach_gain_frontier,4,0,0,1,1,0,1,auto,False,False,81ea7775bbda8fed1e0edc00a612ee3d8bb3f3ae
llama2_b8_combo_transfer_3_3_e16,8,0.7,llama2,DUET,layerskip-llama2-7b,AMD-Llama-135m,torch.float16,torch.float16,1,512,96,2048,"0,1",3,3,,,16,3,6,6,6,6,2,1,1,3,,0.01,0.03,0.5,complement,full,0.25,reach_gain_frontier,4,0,0,1,1,0,1,auto,False,False,81ea7775bbda8fed1e0edc00a612ee3d8bb3f3ae
llama2_b8_combo_transfer_3_3_e20,8,0.7,llama2,DUET,layerskip-llama2-7b,AMD-Llama-135m,torch.float16,torch.float16,1,512,96,2048,"0,1",3,3,,,20,3,6,6,6,6,2,1,1,3,,0.01,0.03,0.5,complement,full,0.25,reach_gain_frontier,4,0,0,1,1,0,1,auto,False,False,81ea7775bbda8fed1e0edc00a612ee3d8bb3f3ae
llama2_b8_transfer_smoke,8,0.7,llama2,DUET,layerskip-llama2-7b,AMD-Llama-135m,torch.float16,torch.float16,1,512,24,2048,"0,1",1,3,,,12,3,2,6,2,6,2,1,1,3,,0.01,0.03,0.5,complement,full,0.25,reach_gain_frontier,4,0,0,1,1,0,1,auto,False,False,58326e9c3f53374028d73f93e3fe738a52608938
llama2_b8_duet_e16_k4_2,8,0.7,llama2,DUET,layerskip-llama2-7b,AMD-Llama-135m,torch.float16,torch.float16,1,512,96,2048,"0,1",4,2,,,16,3,8,4,8,4,2,2,1,5,,0.01,0.03,0.5,complement,full,0.25,reach_gain_frontier,4,0,0,1,1,0,1,auto,False,False,baa1c2c936602e6d2d8447ff8b4010cf686cc78d
llama2_b8_duet_e21_k4_2,8,0.7,llama2,DUET,layerskip-llama2-7b,AMD-Llama-135m,torch.float16,torch.float16,1,512,96,2048,"0,1",4,2,,,21,3,8,4,8,4,2,2,1,5,,0.01,0.03,0.5,complement,full,0.25,reach_gain_frontier,4,0,0,1,1,0,1,auto,False,False,baa1c2c936602e6d2d8447ff8b4010cf686cc78d
llama2_b8_duet_e26_k4_2,8,0.7,llama2,DUET,layerskip-llama2-7b,AMD-Llama-135m,torch.float16,torch.float16,1,512,96,2048,"0,1",4,2,,,26,3,8,4,8,4,2,2,1,5,,0.01,0.03,0.5,complement,full,0.25,reach_gain_frontier,4,0,0,1,1,0,1,auto,False,False,baa1c2c936602e6d2d8447ff8b4010cf686cc78d
llama2_b8_duet_e30_k4_2,8,0.7,llama2,DUET,layerskip-llama2-7b,AMD-Llama-135m,torch.float16,torch.float16,1,512,96,2048,"0,1",4,2,,,30,3,8,4,8,4,2,2,1,5,,0.01,0.03,0.5,complement,full,0.25,reach_gain_frontier,4,0,0,1,1,0,1,auto,False,False,baa1c2c936602e6d2d8447ff8b4010cf686cc78d
llama2_b8_refine_e21_k2_1_r2,8,0.7,llama2,DUET,layerskip-llama2-7b,AMD-Llama-135m,torch.float16,torch.float16,1,512,96,2048,"0,1",2,1,,,21,3,4,2,4,2,2,2,1,3,,0.01,0.03,0.5,complement,full,0.25,reach_gain_frontier,4,0,0,1,1,0,1,auto,False,False,baa1c2c936602e6d2d8447ff8b4010cf686cc78d
llama2_b8_refine_e21_k2_2_r2,8,0.7,llama2,DUET,layerskip-llama2-7b,AMD-Llama-135m,torch.float16,torch.float16,1,512,96,2048,"0,1",2,2,,,21,3,4,4,4,4,2,2,1,3,,0.01,0.03,0.5,complement,full,0.25,reach_gain_frontier,4,0,0,1,1,0,1,auto,False,False,baa1c2c936602e6d2d8447ff8b4010cf686cc78d
llama2_b8_refine_e21_k3_2_r1,8,0.7,llama2,DUET,layerskip-llama2-7b,AMD-Llama-135m,torch.float16,torch.float16,1,512,96,2048,"0,1",3,2,,,21,3,6,4,6,4,1,2,1,4,,0.01,0.03,0.5,complement,full,0.25,reach_gain_frontier,4,0,0,1,1,0,1,auto,False,False,baa1c2c936602e6d2d8447ff8b4010cf686cc78d
llama2_b8_refine_e21_k4_2_r1,8,0.7,llama2,DUET,layerskip-llama2-7b,AMD-Llama-135m,torch.float16,torch.float16,1,512,96,2048,"0,1",4,2,,,21,3,8,4,8,4,1,2,1,5,,0.01,0.03,0.5,complement,full,0.25,reach_gain_frontier,4,0,0,1,1,0,1,auto,False,False,baa1c2c936602e6d2d8447ff8b4010cf686cc78d
llama2_b8_refine_e17_k3_1_r2,8,0.7,llama2,DUET,layerskip-llama2-7b,AMD-Llama-135m,torch.float16,torch.float16,1,512,96,2048,"0,1",3,1,,,17,3,6,2,6,2,2,2,1,4,,0.01,0.03,0.5,complement,full,0.25,reach_gain_frontier,4,0,0,1,1,0,1,auto,False,False,a3298235676eb40edcdc2f6805b99485ac33e126
llama2_b8_refine_e17_k3_2_r2,8,0.7,llama2,DUET,layerskip-llama2-7b,AMD-Llama-135m,torch.float16,torch.float16,1,512,96,2048,"0,1",3,2,,,17,3,6,4,6,4,2,2,1,4,,0.01,0.03,0.5,complement,full,0.25,reach_gain_frontier,4,0,0,1,1,0,1,auto,False,False,a3298235676eb40edcdc2f6805b99485ac33e126
llama2_b8_refine_e21_k3_1_r2,8,0.7,llama2,DUET,layerskip-llama2-7b,AMD-Llama-135m,torch.float16,torch.float16,1,512,96,2048,"0,1",3,1,,,21,3,6,2,6,2,2,2,1,4,,0.01,0.03,0.5,complement,full,0.25,reach_gain_frontier,4,0,0,1,1,0,1,auto,False,False,a3298235676eb40edcdc2f6805b99485ac33e126
llama2_b8_refine_e21_k3_2_r2,8,0.7,llama2,DUET,layerskip-llama2-7b,AMD-Llama-135m,torch.float16,torch.float16,1,512,96,2048,"0,1",3,2,,,21,3,6,4,6,4,2,2,1,4,,0.01,0.03,0.5,complement,full,0.25,reach_gain_frontier,4,0,0,1,1,0,1,auto,False,False,a3298235676eb40edcdc2f6805b99485ac33e126
llama2_b8_refine_e21_k4_1_r2,8,0.7,llama2,DUET,layerskip-llama2-7b,AMD-Llama-135m,torch.float16,torch.float16,1,512,96,2048,"0,1",4,1,,,21,3,8,2,8,2,2,2,1,5,,0.01,0.03,0.5,complement,full,0.25,reach_gain_frontier,4,0,0,1,1,0,1,auto,False,False,a3298235676eb40edcdc2f6805b99485ac33e126
llama2_b8_refine_e21_k6_1_r2,8,0.7,llama2,DUET,layerskip-llama2-7b,AMD-Llama-135m,torch.float16,torch.float16,1,512,96,2048,"0,1",6,1,,,21,3,12,2,12,2,2,2,1,7,,0.01,0.03,0.5,complement,full,0.25,reach_gain_frontier,4,0,0,1,1,0,1,auto,False,False,a3298235676eb40edcdc2f6805b99485ac33e126
llama2_b8_refine_e21_k6_2_r2,8,0.7,llama2,DUET,layerskip-llama2-7b,AMD-Llama-135m,torch.float16,torch.float16,1,512,96,2048,"0,1",6,2,,,21,3,12,4,12,4,2,2,1,7,,0.01,0.03,0.5,complement,full,0.25,reach_gain_frontier,4,0,0,1,1,0,1,auto,False,False,a3298235676eb40edcdc2f6805b99485ac33e126
llama2_b8_refine_e23_k3_1_r2,8,0.7,llama2,DUET,layerskip-llama2-7b,AMD-Llama-135m,torch.float16,torch.float16,1,512,96,2048,"0,1",3,1,,,23,3,6,2,6,2,2,2,1,4,,0.01,0.03,0.5,complement,full,0.25,reach_gain_frontier,4,0,0,1,1,0,1,auto,False,False,a3298235676eb40edcdc2f6805b99485ac33e126
llama2_b8_refine_e23_k3_2_r2,8,0.7,llama2,DUET,layerskip-llama2-7b,AMD-Llama-135m,torch.float16,torch.float16,1,512,96,2048,"0,1",3,2,,,23,3,6,4,6,4,2,2,1,4,,0.01,0.03,0.5,complement,full,0.25,reach_gain_frontier,4,0,0,1,1,0,1,auto,False,False,a3298235676eb40edcdc2f6805b99485ac33e126
llama2_b8_ssd_refine_k10_f3,8,0.7,llama2,SSD,layerskip-llama2-7b,AMD-Llama-135m,torch.float16,torch.float16,1,512,96,2048,"0,1",,,10,3,,,,,,,,,,,,,,,,,,,10,,,,,,1,auto,False,False,a3298235676eb40edcdc2f6805b99485ac33e126
llama2_b8_ssd_refine_k2_f5,8,0.7,llama2,SSD,layerskip-llama2-7b,AMD-Llama-135m,torch.float16,torch.float16,1,512,96,2048,"0,1",,,2,5,,,,,,,,,,,,,,,,,,,2,,,,,,1,auto,False,False,a3298235676eb40edcdc2f6805b99485ac33e126
llama2_b8_ssd_refine_k3_f3,8,0.7,llama2,SSD,layerskip-llama2-7b,AMD-Llama-135m,torch.float16,torch.float16,1,512,96,2048,"0,1",,,3,3,,,,,,,,,,,,,,,,,,,3,,,,,,1,auto,False,False,a3298235676eb40edcdc2f6805b99485ac33e126
llama2_b8_ssd_refine_k4_f7,8,0.7,llama2,SSD,layerskip-llama2-7b,AMD-Llama-135m,torch.float16,torch.float16,1,512,96,2048,"0,1",,,4,7,,,,,,,,,,,,,,,,,,,4,,,,,,1,auto,False,False,a3298235676eb40edcdc2f6805b99485ac33e126
llama2_b8_ssd_refine_k5_f3,8,0.7,llama2,SSD,layerskip-llama2-7b,AMD-Llama-135m,torch.float16,torch.float16,1,512,96,2048,"0,1",,,5,3,,,,,,,,,,,,,,,,,,,5,,,,,,1,auto,False,False,a3298235676eb40edcdc2f6805b99485ac33e126
llama2_b8_ssd_refine_k6_f7,8,0.7,llama2,SSD,layerskip-llama2-7b,AMD-Llama-135m,torch.float16,torch.float16,1,512,96,2048,"0,1",,,6,7,,,,,,,,,,,,,,,,,,,6,,,,,,1,auto,False,False,a3298235676eb40edcdc2f6805b99485ac33e126
llama2_b8_ssd_k2_f1,8,0.7,llama2,SSD,layerskip-llama2-7b,AMD-Llama-135m,torch.float16,torch.float16,1,512,96,2048,"0,1",,,2,1,,,,,,,,,,,,,,,,,,,2,,,,,,1,auto,False,False,c4f05a675028763efc3b62d0dd3a1d920bdf1d4f
llama2_b8_ssd_k2_f3,8,0.7,llama2,SSD,layerskip-llama2-7b,AMD-Llama-135m,torch.float16,torch.float16,1,512,96,2048,"0,1",,,2,3,,,,,,,,,,,,,,,,,,,2,,,,,,1,auto,False,False,c4f05a675028763efc3b62d0dd3a1d920bdf1d4f
llama2_b8_ssd_k2_f5,8,0.7,llama2,SSD,layerskip-llama2-7b,AMD-Llama-135m,torch.float16,torch.float16,1,512,96,2048,"0,1",,,2,5,,,,,,,,,,,,,,,,,,,2,,,,,,1,auto,False,False,c4f05a675028763efc3b62d0dd3a1d920bdf1d4f
llama2_b8_ssd_k4_f1,8,0.7,llama2,SSD,layerskip-llama2-7b,AMD-Llama-135m,torch.float16,torch.float16,1,512,96,2048,"0,1",,,4,1,,,,,,,,,,,,,,,,,,,4,,,,,,1,auto,False,False,c4f05a675028763efc3b62d0dd3a1d920bdf1d4f
llama2_b8_ssd_k4_f3,8,0.7,llama2,SSD,layerskip-llama2-7b,AMD-Llama-135m,torch.float16,torch.float16,1,512,96,2048,"0,1",,,4,3,,,,,,,,,,,,,,,,,,,4,,,,,,1,auto,False,False,f041ebd6ab3f8e45c302198491e7c274b7a3a71b
llama2_b8_ssd_k4_f5,8,0.7,llama2,SSD,layerskip-llama2-7b,AMD-Llama-135m,torch.float16,torch.float16,1,512,96,2048,"0,1",,,4,5,,,,,,,,,,,,,,,,,,,4,,,,,,1,auto,False,False,f041ebd6ab3f8e45c302198491e7c274b7a3a71b
llama2_b8_ssd_k6_f1,8,0.7,llama2,SSD,layerskip-llama2-7b,AMD-Llama-135m,torch.float16,torch.float16,1,512,96,2048,"0,1",,,6,1,,,,,,,,,,,,,,,,,,,6,,,,,,1,auto,False,False,f041ebd6ab3f8e45c302198491e7c274b7a3a71b
llama2_b8_ssd_k6_f3,8,0.7,llama2,SSD,layerskip-llama2-7b,AMD-Llama-135m,torch.float16,torch.float16,1,512,96,2048,"0,1",,,6,3,,,,,,,,,,,,,,,,,,,6,,,,,,1,auto,False,False,8ddfe62b703207a1c79e9561befef8924cb6de8b
llama2_b8_ssd_k6_f5,8,0.7,llama2,SSD,layerskip-llama2-7b,AMD-Llama-135m,torch.float16,torch.float16,1,512,96,2048,"0,1",,,6,5,,,,,,,,,,,,,,,,,,,6,,,,,,1,auto,False,False,8ddfe62b703207a1c79e9561befef8924cb6de8b
llama2_b8_ssd_k8_f1,8,0.7,llama2,SSD,layerskip-llama2-7b,AMD-Llama-135m,torch.float16,torch.float16,1,512,96,2048,"0,1",,,8,1,,,,,,,,,,,,,,,,,,,8,,,,,,1,auto,False,False,8ddfe62b703207a1c79e9561befef8924cb6de8b
llama2_b8_ssd_k8_f3,8,0.7,llama2,SSD,layerskip-llama2-7b,AMD-Llama-135m,torch.float16,torch.float16,1,512,96,2048,"0,1",,,8,3,,,,,,,,,,,,,,,,,,,8,,,,,,1,auto,False,False,baa1c2c936602e6d2d8447ff8b4010cf686cc78d
llama2_b8_ssd_k8_f5,8,0.7,llama2,SSD,layerskip-llama2-7b,AMD-Llama-135m,torch.float16,torch.float16,1,512,96,2048,"0,1",,,8,5,,,,,,,,,,,,,,,,,,,8,,,,,,1,auto,False,False,baa1c2c936602e6d2d8447ff8b4010cf686cc78d
llama2_b8_tree_al_compute3,8,0.7,llama2,DUET,layerskip-llama2-7b,AMD-Llama-135m,torch.float16,torch.float16,1,512,96,2048,"0,1",6,2,,,21,3,12,4,12,4,2,3,1,7,,0.01,0.03,0.5,complement,full,0.25,reach_gain_frontier,4,0,0,1,1,0,1,auto,False,False,58326e9c3f53374028d73f93e3fe738a52608938
llama2_b8_tree_al_width1,8,0.7,llama2,DUET,layerskip-llama2-7b,AMD-Llama-135m,torch.float16,torch.float16,1,512,96,2048,"0,1",6,2,,,21,1,6,2,6,2,2,2,1,7,,0.01,0.03,0.5,complement,full,0.25,reach_gain_frontier,4,0,0,1,1,0,1,auto,False,False,58326e9c3f53374028d73f93e3fe738a52608938
llama2_b8_tree_al_width2,8,0.7,llama2,DUET,layerskip-llama2-7b,AMD-Llama-135m,torch.float16,torch.float16,1,512,96,2048,"0,1",6,2,,,21,2,12,4,12,4,2,2,1,7,,0.01,0.03,0.5,complement,full,0.25,reach_gain_frontier,4,0,0,1,1,0,1,auto,False,False,58326e9c3f53374028d73f93e3fe738a52608938
llama2_b8_tree_align_exit13,8,0.7,llama2,DUET,layerskip-llama2-7b,AMD-Llama-135m,torch.float16,torch.float16,1,512,96,2048,"0,1",3,2,,,13,3,6,4,6,4,1,2,1,4,,0.01,0.03,0.5,complement,full,0.25,reach_gain_frontier,4,0,0,1,1,0,1,auto,False,False,58326e9c3f53374028d73f93e3fe738a52608938
llama2_b8_tree_align_exit15,8,0.7,llama2,DUET,layerskip-llama2-7b,AMD-Llama-135m,torch.float16,torch.float16,1,512,96,2048,"0,1",3,2,,,15,3,6,4,6,4,1,2,1,4,,0.01,0.03,0.5,complement,full,0.25,reach_gain_frontier,4,0,0,1,1,0,1,auto,False,False,58326e9c3f53374028d73f93e3fe738a52608938
llama2_b8_tree_align_exit17,8,0.7,llama2,DUET,layerskip-llama2-7b,AMD-Llama-135m,torch.float16,torch.float16,1,512,96,2048,"0,1",3,2,,,17,3,6,4,6,4,1,2,1,4,,0.01,0.03,0.5,complement,full,0.25,reach_gain_frontier,4,0,0,1,1,0,1,auto,False,False,58326e9c3f53374028d73f93e3fe738a52608938
llama2_b8_tree_beta0,8,0.7,llama2,DUET,layerskip-llama2-7b,AMD-Llama-135m,torch.float16,torch.float16,1,512,96,2048,"0,1",3,2,,,21,3,6,4,6,4,1,2,1,4,,0.01,0.03,0.0,complement,full,0.25,reach_gain_frontier,4,0,0,1,1,0,1,auto,False,False,58326e9c3f53374028d73f93e3fe738a52608938
llama2_b8_tree_beta1,8,0.7,llama2,DUET,layerskip-llama2-7b,AMD-Llama-135m,torch.float16,torch.float16,1,512,96,2048,"0,1",3,2,,,21,3,6,4,6,4,1,2,1,4,,0.01,0.03,1.0,complement,full,0.25,reach_gain_frontier,4,0,0,1,1,0,1,auto,False,False,58326e9c3f53374028d73f93e3fe738a52608938
llama2_b8_tree_compute3,8,0.7,llama2,DUET,layerskip-llama2-7b,AMD-Llama-135m,torch.float16,torch.float16,1,512,96,2048,"0,1",3,2,,,21,3,6,4,6,4,1,3,1,4,,0.01,0.03,0.5,complement,full,0.25,reach_gain_frontier,4,0,0,1,1,0,1,auto,False,False,58326e9c3f53374028d73f93e3fe738a52608938
llama2_b8_tree_no_floors,8,0.7,llama2,DUET,layerskip-llama2-7b,AMD-Llama-135m,torch.float16,torch.float16,1,512,96,2048,"0,1",3,2,,,21,3,6,4,6,4,1,2,1,4,,0.0,0.0,0.5,complement,full,0.25,reach_gain_frontier,4,0,0,1,1,0,1,auto,False,False,58326e9c3f53374028d73f93e3fe738a52608938
llama2_b8_tree_nodes_high,8,0.7,llama2,DUET,layerskip-llama2-7b,AMD-Llama-135m,torch.float16,torch.float16,1,512,96,2048,"0,1",3,2,,,21,3,9,6,9,6,1,2,1,4,,0.01,0.03,0.5,complement,full,0.25,reach_gain_frontier,4,0,0,1,1,0,1,auto,False,False,58326e9c3f53374028d73f93e3fe738a52608938
llama2_b8_tree_nodes_low,8,0.7,llama2,DUET,layerskip-llama2-7b,AMD-Llama-135m,torch.float16,torch.float16,1,512,96,2048,"0,1",3,2,,,21,3,3,2,3,2,1,2,1,4,,0.01,0.03,0.5,complement,full,0.25,reach_gain_frontier,4,0,0,1,1,0,1,auto,False,False,58326e9c3f53374028d73f93e3fe738a52608938
llama2_b8_tree_p2budget12,8,0.7,llama2,DUET,layerskip-llama2-7b,AMD-Llama-135m,torch.float16,torch.float16,1,512,96,2048,"0,1",3,2,,,21,3,6,4,6,4,1,2,1,12,,0.01,0.03,0.5,complement,full,0.25,reach_gain_frontier,4,0,0,1,1,0,1,auto,False,False,58326e9c3f53374028d73f93e3fe738a52608938
llama2_b8_tree_p2budget3,8,0.7,llama2,DUET,layerskip-llama2-7b,AMD-Llama-135m,torch.float16,torch.float16,1,512,96,2048,"0,1",3,2,,,21,3,6,4,6,4,1,2,1,3,,0.01,0.03,0.5,complement,full,0.25,reach_gain_frontier,4,0,0,1,1,0,1,auto,False,False,58326e9c3f53374028d73f93e3fe738a52608938
llama2_b8_tree_p2budget8,8,0.7,llama2,DUET,layerskip-llama2-7b,AMD-Llama-135m,torch.float16,torch.float16,1,512,96,2048,"0,1",3,2,,,21,3,6,4,6,4,1,2,1,8,,0.01,0.03,0.5,complement,full,0.25,reach_gain_frontier,4,0,0,1,1,0,1,auto,False,False,58326e9c3f53374028d73f93e3fe738a52608938
llama2_b8_tree_roots1_compute1,8,0.7,llama2,DUET,layerskip-llama2-7b,AMD-Llama-135m,torch.float16,torch.float16,1,512,96,2048,"0,1",3,2,,,21,3,6,4,6,4,1,1,1,4,,0.01,0.03,0.5,complement,full,0.25,reach_gain_frontier,4,0,0,1,1,0,1,auto,False,False,a3298235676eb40edcdc2f6805b99485ac33e126
llama2_b8_tree_roots2_compute1,8,0.7,llama2,DUET,layerskip-llama2-7b,AMD-Llama-135m,torch.float16,torch.float16,1,512,96,2048,"0,1",3,2,,,21,3,6,4,6,4,2,1,1,4,,0.01,0.03,0.5,complement,full,0.25,reach_gain_frontier,4,0,0,1,1,0,1,auto,False,False,a3298235676eb40edcdc2f6805b99485ac33e126
llama2_b8_tree_roots3,8,0.7,llama2,DUET,layerskip-llama2-7b,AMD-Llama-135m,torch.float16,torch.float16,1,512,96,2048,"0,1",3,2,,,21,3,6,4,6,4,3,2,1,4,,0.01,0.03,0.5,complement,full,0.25,reach_gain_frontier,4,0,0,1,1,0,1,auto,False,False,58326e9c3f53374028d73f93e3fe738a52608938
llama2_b8_tree_width1,8,0.7,llama2,DUET,layerskip-llama2-7b,AMD-Llama-135m,torch.float16,torch.float16,1,512,96,2048,"0,1",3,2,,,21,1,3,2,3,2,1,2,1,4,,0.01,0.03,0.5,complement,full,0.25,reach_gain_frontier,4,0,0,1,1,0,1,auto,False,False,58326e9c3f53374028d73f93e3fe738a52608938
llama2_b8_tree_width2,8,0.7,llama2,DUET,layerskip-llama2-7b,AMD-Llama-135m,torch.float16,torch.float16,1,512,96,2048,"0,1",3,2,,,21,2,6,4,6,4,1,2,1,4,,0.01,0.03,0.5,complement,full,0.25,reach_gain_frontier,4,0,0,1,1,0,1,auto,False,False,58326e9c3f53374028d73f93e3fe738a52608938
llama2_b8_warm_duet_tree_1,8,0.7,llama2,DUET,layerskip-llama2-7b,AMD-Llama-135m,torch.float16,torch.float16,1,512,96,2048,"0,1",3,2,,,21,3,6,4,6,4,1,2,1,4,,0.01,0.03,0.5,complement,full,0.25,reach_gain_frontier,4,0,0,1,1,0,1,auto,False,False,81ea7775bbda8fed1e0edc00a612ee3d8bb3f3ae
llama2_b8_warm_duet_tree_2,8,0.7,llama2,DUET,layerskip-llama2-7b,AMD-Llama-135m,torch.float16,torch.float16,1,512,96,2048,"0,1",3,2,,,21,3,6,4,6,4,1,3,1,4,,0.01,0.03,0.5,complement,full,0.25,reach_gain_frontier,4,0,0,1,1,0,1,auto,False,False,81ea7775bbda8fed1e0edc00a612ee3d8bb3f3ae
llama2_b8_warm_duet_tree_3,8,0.7,llama2,DUET,layerskip-llama2-7b,AMD-Llama-135m,torch.float16,torch.float16,1,512,96,2048,"0,1",3,2,,,21,3,6,4,6,4,1,2,1,4,,0.01,0.03,1.0,complement,full,0.25,reach_gain_frontier,4,0,0,1,1,0,1,auto,False,False,81ea7775bbda8fed1e0edc00a612ee3d8bb3f3ae
llama2_b8_warm_duet_tree_4,8,0.7,llama2,DUET,layerskip-llama2-7b,AMD-Llama-135m,torch.float16,torch.float16,1,512,96,2048,"0,1",6,3,,,21,3,12,4,12,4,2,3,1,7,,0.01,0.03,0.5,complement,full,0.25,reach_gain_frontier,4,0,0,1,1,0,1,auto,False,False,81ea7775bbda8fed1e0edc00a612ee3d8bb3f3ae
llama2_b8_warm_duet_tree_5,8,0.7,llama2,DUET,layerskip-llama2-7b,AMD-Llama-135m,torch.float16,torch.float16,1,512,96,2048,"0,1",6,2,,,21,3,12,4,12,4,2,3,1,7,,0.01,0.03,0.5,complement,full,0.25,reach_gain_frontier,4,0,0,1,1,0,1,auto,False,False,81ea7775bbda8fed1e0edc00a612ee3d8bb3f3ae
llama2_b8_warm_ssd_1,8,0.7,llama2,SSD,layerskip-llama2-7b,AMD-Llama-135m,torch.float16,torch.float16,1,512,96,2048,"0,1",,,5,3,,,,,,,,,,,,,,,,,,,5,,,,,,1,auto,False,False,81ea7775bbda8fed1e0edc00a612ee3d8bb3f3ae
llama2_b8_warm_ssd_2,8,0.7,llama2,SSD,layerskip-llama2-7b,AMD-Llama-135m,torch.float16,torch.float16,1,512,96,2048,"0,1",,,4,7,,,,,,,,,,,,,,,,,,,4,,,,,,1,auto,False,False,81ea7775bbda8fed1e0edc00a612ee3d8bb3f3ae
llama2_b8_warm_ssd_3,8,0.7,llama2,SSD,layerskip-llama2-7b,AMD-Llama-135m,torch.float16,torch.float16,1,512,96,2048,"0,1",,,4,3,,,,,,,,,,,,,,,,,,,4,,,,,,1,auto,False,False,81ea7775bbda8fed1e0edc00a612ee3d8bb3f3ae
llama2_b8_warm_ssd_4,8,0.7,llama2,SSD,layerskip-llama2-7b,AMD-Llama-135m,torch.float16,torch.float16,1,512,96,2048,"0,1",,,8,3,,,,,,,,,,,,,,,,,,,8,,,,,,1,auto,False,False,81ea7775bbda8fed1e0edc00a612ee3d8bb3f3ae
llama2_b8_warm_ssd_5,8,0.7,llama2,SSD,layerskip-llama2-7b,AMD-Llama-135m,torch.float16,torch.float16,1,512,96,2048,"0,1",,,8,5,,,,,,,,,,,,,,,,,,,8,,,,,,1,auto,False,False,81ea7775bbda8fed1e0edc00a612ee3d8bb3f3ae
llama2_b1_opt_fast_r0,1,0.7,llama2,DUET,layerskip-llama2-7b,AMD-Llama-135m,torch.float16,torch.float16,1,512,128,2048,"2,3",12,2,,,21,3,16,4,16,4,2,2,1,13,,0.01,0.03,0.5,complement,full,0.25,reach_gain_frontier,4,1,0,1,1,0,1,auto,False,False,641f5ce88ead693790ced9a3261b01241c94e8f4
llama2_b8_opt_fast_r1,8,0.7,llama2,DUET,layerskip-llama2-7b,AMD-Llama-135m,torch.float16,torch.float16,1,512,128,2048,"2,3",3,2,,,21,3,6,4,6,4,1,2,1,4,,0.01,0.03,0.5,complement,full,0.25,reach_gain_frontier,4,1,0,1,1,0,1,auto,False,False,641f5ce88ead693790ced9a3261b01241c94e8f4
llama2_b8_opt_l0_profile_trim0,8,0.7,llama2,DUET,layerskip-llama2-7b,AMD-Llama-135m,torch.float16,torch.float16,1,512,128,2048,"2,3",3,2,,,21,3,6,4,6,4,1,2,1,4,,0.01,0.03,0.5,complement,full,0.25,reach_gain_frontier,4,0,0,1,1,0,1,auto,False,False,641f5ce88ead693790ced9a3261b01241c94e8f4
llama2_b8_opt_l0_profile_trim1,8,0.7,llama2,DUET,layerskip-llama2-7b,AMD-Llama-135m,torch.float16,torch.float16,1,512,128,2048,"2,3",3,2,,,21,3,6,4,6,4,1,2,1,4,,0.01,0.03,0.5,complement,full,0.25,reach_gain_frontier,4,1,0,1,1,0,1,auto,False,False,641f5ce88ead693790ced9a3261b01241c94e8f4
llama2_b1_opt_fast_r1,1,0.7,llama2,DUET,layerskip-llama2-7b,AMD-Llama-135m,torch.float16,torch.float16,1,512,128,2048,"0,1",12,2,,,21,3,16,4,16,4,2,2,1,13,,0.01,0.03,0.5,complement,full,0.25,reach_gain_frontier,4,1,0,1,1,0,1,auto,False,False,641f5ce88ead693790ced9a3261b01241c94e8f4
llama2_b8_opt_al_r0,8,0.7,llama2,DUET,layerskip-llama2-7b,AMD-Llama-135m,torch.float16,torch.float16,1,512,128,2048,"0,1",6,2,,,21,3,12,4,12,4,2,3,1,7,,0.01,0.03,0.5,complement,full,0.25,reach_gain_frontier,4,1,0,1,1,0,1,auto,False,False,641f5ce88ead693790ced9a3261b01241c94e8f4
llama2_b8_opt_fast_r0,8,0.7,llama2,DUET,layerskip-llama2-7b,AMD-Llama-135m,torch.float16,torch.float16,1,512,128,2048,"0,1",3,2,,,21,3,6,4,6,4,1,2,1,4,,0.01,0.03,0.5,complement,full,0.25,reach_gain_frontier,4,1,0,1,1,0,1,auto,False,False,641f5ce88ead693790ced9a3261b01241c94e8f4
llama2_b8_opt_l1_profile_trim0,8,0.7,llama2,DUET,layerskip-llama2-7b,AMD-Llama-135m,torch.float16,torch.float16,1,512,128,2048,"0,1",3,2,,,21,3,6,4,6,4,1,2,1,4,,0.01,0.03,0.5,complement,full,0.25,reach_gain_frontier,4,0,0,1,1,0,1,auto,False,False,641f5ce88ead693790ced9a3261b01241c94e8f4
llama2_b8_opt_l1_profile_trim1,8,0.7,llama2,DUET,layerskip-llama2-7b,AMD-Llama-135m,torch.float16,torch.float16,1,512,128,2048,"0,1",3,2,,,21,3,6,4,6,4,1,2,1,4,,0.01,0.03,0.5,complement,full,0.25,reach_gain_frontier,4,1,0,1,1,0,1,auto,False,False,641f5ce88ead693790ced9a3261b01241c94e8f4
llama2_b1_postopt_final_r0,1,0.7,llama2,DUET,layerskip-llama2-7b,AMD-Llama-135m,torch.float16,torch.float16,1,512,128,2048,"2,3",11,2,,,21,3,16,4,16,4,2,2,1,12,,0.01,0.03,0.5,complement,full,0.25,reach_gain_frontier,4,1,1,1,1,0,1,auto,False,False,641f5ce88ead693790ced9a3261b01241c94e8f4
llama2_b8_postopt_final_r1,8,0.7,llama2,DUET,layerskip-llama2-7b,AMD-Llama-135m,torch.float16,torch.float16,1,512,128,2048,"2,3",3,2,,,19,3,6,4,6,4,1,2,1,4,,0.01,0.03,0.5,complement,full,0.25,reach_gain_frontier,4,1,1,1,1,0,1,auto,False,False,641f5ce88ead693790ced9a3261b01241c94e8f4
llama2_b1_postopt_profile_exit_earlier,1,0.7,llama2,DUET,layerskip-llama2-7b,AMD-Llama-135m,torch.float16,torch.float16,1,512,128,2048,"2,3",12,2,,,19,3,16,4,16,4,2,2,1,13,,0.01,0.03,0.5,complement,full,0.25,reach_gain_frontier,4,1,1,1,1,0,1,auto,False,False,641f5ce88ead693790ced9a3261b01241c94e8f4
llama2_b1_postopt_profile_exit_later,1,0.7,llama2,DUET,layerskip-llama2-7b,AMD-Llama-135m,torch.float16,torch.float16,1,512,128,2048,"2,3",12,2,,,23,3,16,4,16,4,2,2,1,13,,0.01,0.03,0.5,complement,full,0.25,reach_gain_frontier,4,1,1,1,1,0,1,auto,False,False,641f5ce88ead693790ced9a3261b01241c94e8f4
llama2_b1_postopt_profile_k1_down,1,0.7,llama2,DUET,layerskip-llama2-7b,AMD-Llama-135m,torch.float16,torch.float16,1,512,128,2048,"2,3",11,2,,,21,3,16,4,16,4,2,2,1,12,,0.01,0.03,0.5,complement,full,0.25,reach_gain_frontier,4,1,1,1,1,0,1,auto,False,False,641f5ce88ead693790ced9a3261b01241c94e8f4
llama2_b1_postopt_profile_k2_down,1,0.7,llama2,DUET,layerskip-llama2-7b,AMD-Llama-135m,torch.float16,torch.float16,1,512,128,2048,"2,3",12,1,,,21,3,16,4,16,4,2,2,1,13,,0.01,0.03,0.5,complement,full,0.25,reach_gain_frontier,4,1,1,1,1,0,1,auto,False,False,641f5ce88ead693790ced9a3261b01241c94e8f4
llama2_b8_postopt_profile_exit_earlier,8,0.7,llama2,DUET,layerskip-llama2-7b,AMD-Llama-135m,torch.float16,torch.float16,1,512,128,2048,"2,3",3,2,,,19,3,6,4,6,4,1,2,1,4,,0.01,0.03,0.5,complement,full,0.25,reach_gain_frontier,4,1,1,1,1,0,1,auto,False,False,641f5ce88ead693790ced9a3261b01241c94e8f4
llama2_b8_postopt_profile_exit_later,8,0.7,llama2,DUET,layerskip-llama2-7b,AMD-Llama-135m,torch.float16,torch.float16,1,512,128,2048,"2,3",3,2,,,23,3,6,4,6,4,1,2,1,4,,0.01,0.03,0.5,complement,full,0.25,reach_gain_frontier,4,1,1,1,1,0,1,auto,False,False,641f5ce88ead693790ced9a3261b01241c94e8f4
llama2_b8_postopt_profile_k1_down,8,0.7,llama2,DUET,layerskip-llama2-7b,AMD-Llama-135m,torch.float16,torch.float16,1,512,128,2048,"2,3",2,2,,,21,3,6,4,6,4,1,2,1,3,,0.01,0.03,0.5,complement,full,0.25,reach_gain_frontier,4,1,1,1,1,0,1,auto,False,False,641f5ce88ead693790ced9a3261b01241c94e8f4
llama2_b8_postopt_profile_k2_down,8,0.7,llama2,DUET,layerskip-llama2-7b,AMD-Llama-135m,torch.float16,torch.float16,1,512,128,2048,"2,3",3,1,,,21,3,6,4,6,4,1,2,1,4,,0.01,0.03,0.5,complement,full,0.25,reach_gain_frontier,4,1,1,1,1,0,1,auto,False,False,641f5ce88ead693790ced9a3261b01241c94e8f4
llama2_b1_postopt_warm_0,1,0.7,llama2,DUET,layerskip-llama2-7b,AMD-Llama-135m,torch.float16,torch.float16,1,512,128,2048,"2,3",11,2,,,21,3,16,4,16,4,2,2,1,12,,0.01,0.03,0.5,complement,full,0.25,reach_gain_frontier,4,1,1,1,1,0,1,auto,False,False,641f5ce88ead693790ced9a3261b01241c94e8f4
llama2_b1_postopt_warm_1,1,0.7,llama2,DUET,layerskip-llama2-7b,AMD-Llama-135m,torch.float16,torch.float16,1,512,128,2048,"2,3",12,2,,,23,3,16,4,16,4,2,2,1,13,,0.01,0.03,0.5,complement,full,0.25,reach_gain_frontier,4,1,1,1,1,0,1,auto,False,False,641f5ce88ead693790ced9a3261b01241c94e8f4
llama2_b1_postopt_warm_2,1,0.7,llama2,DUET,layerskip-llama2-7b,AMD-Llama-135m,torch.float16,torch.float16,1,512,128,2048,"2,3",12,2,,,21,3,16,4,16,4,2,2,1,13,,0.01,0.03,0.5,complement,full,0.25,reach_gain_frontier,4,1,1,1,1,0,1,auto,False,False,641f5ce88ead693790ced9a3261b01241c94e8f4
llama2_b1_postopt_warm_3,1,0.7,llama2,DUET,layerskip-llama2-7b,AMD-Llama-135m,torch.float16,torch.float16,1,512,128,2048,"2,3",12,2,,,21,3,16,4,16,4,2,2,1,13,,0.01,0.03,0.5,complement,full,0.25,reach_gain_frontier,4,1,0,1,1,0,1,auto,False,False,641f5ce88ead693790ced9a3261b01241c94e8f4
llama2_b8_postopt_warm_0,8,0.7,llama2,DUET,layerskip-llama2-7b,AMD-Llama-135m,torch.float16,torch.float16,1,512,128,2048,"2,3",3,2,,,19,3,6,4,6,4,1,2,1,4,,0.01,0.03,0.5,complement,full,0.25,reach_gain_frontier,4,1,1,1,1,0,1,auto,False,False,641f5ce88ead693790ced9a3261b01241c94e8f4
llama2_b8_postopt_warm_1,8,0.7,llama2,DUET,layerskip-llama2-7b,AMD-Llama-135m,torch.float16,torch.float16,1,512,128,2048,"2,3",3,1,,,21,3,6,4,6,4,1,2,1,4,,0.01,0.03,0.5,complement,full,0.25,reach_gain_frontier,4,1,1,1,1,0,1,auto,False,False,641f5ce88ead693790ced9a3261b01241c94e8f4
llama2_b8_postopt_warm_2,8,0.7,llama2,DUET,layerskip-llama2-7b,AMD-Llama-135m,torch.float16,torch.float16,1,512,128,2048,"2,3",3,2,,,21,3,6,4,6,4,1,2,1,4,,0.01,0.03,0.5,complement,full,0.25,reach_gain_frontier,4,1,1,1,1,0,1,auto,False,False,641f5ce88ead693790ced9a3261b01241c94e8f4
llama2_b8_postopt_warm_3,8,0.7,llama2,DUET,layerskip-llama2-7b,AMD-Llama-135m,torch.float16,torch.float16,1,512,128,2048,"2,3",3,2,,,21,3,6,4,6,4,1,2,1,4,,0.01,0.03,0.5,complement,full,0.25,reach_gain_frontier,4,1,0,1,1,0,1,auto,False,False,641f5ce88ead693790ced9a3261b01241c94e8f4
llama2_b1_postopt_final_r1,1,0.7,llama2,DUET,layerskip-llama2-7b,AMD-Llama-135m,torch.float16,torch.float16,1,512,128,2048,"0,1",11,2,,,21,3,16,4,16,4,2,2,1,12,,0.01,0.03,0.5,complement,full,0.25,reach_gain_frontier,4,1,1,1,1,0,1,auto,False,False,641f5ce88ead693790ced9a3261b01241c94e8f4
llama2_b8_postopt_final_r0,8,0.7,llama2,DUET,layerskip-llama2-7b,AMD-Llama-135m,torch.float16,torch.float16,1,512,128,2048,"0,1",3,2,,,19,3,6,4,6,4,1,2,1,4,,0.01,0.03,0.5,complement,full,0.25,reach_gain_frontier,4,1,1,1,1,0,1,auto,False,False,641f5ce88ead693790ced9a3261b01241c94e8f4
llama2_b8_stability_ssd_control,8,0.7,llama2,SSD,layerskip-llama2-7b,AMD-Llama-135m,torch.float16,torch.float16,1,512,128,2048,"2,3",,,4,7,,,,,,,,,,,,,,,,,,,4,,,,,,1,auto,False,False,474eabb811920214c8a0bf29884844272afd0feb
llama2_b8_stability_warm_0,8,0.7,llama2,DUET,layerskip-llama2-7b,AMD-Llama-135m,torch.float16,torch.float16,1,512,128,2048,"2,3",3,2,,,19,3,6,4,6,4,1,2,1,4,,0.01,0.03,0.5,complement,full,0.25,reach_gain_frontier,4,1,1,1,1,0,1,auto,False,False,474eabb811920214c8a0bf29884844272afd0feb
llama2_b8_stability_warm_1,8,0.7,llama2,DUET,layerskip-llama2-7b,AMD-Llama-135m,torch.float16,torch.float16,1,512,128,2048,"2,3",3,1,,,21,3,6,4,6,4,1,2,1,4,,0.01,0.03,0.5,complement,full,0.25,reach_gain_frontier,4,1,1,1,1,0,1,auto,False,False,474eabb811920214c8a0bf29884844272afd0feb
llama2_b8_stability_warm_2,8,0.7,llama2,DUET,layerskip-llama2-7b,AMD-Llama-135m,torch.float16,torch.float16,1,512,128,2048,"2,3",3,2,,,21,3,6,4,6,4,1,2,1,4,,0.01,0.03,0.5,complement,full,0.25,reach_gain_frontier,4,1,1,1,1,0,1,auto,False,False,474eabb811920214c8a0bf29884844272afd0feb
llama2_b8_stability_warm_3,8,0.7,llama2,DUET,layerskip-llama2-7b,AMD-Llama-135m,torch.float16,torch.float16,1,512,128,2048,"2,3",3,2,,,21,3,6,4,6,4,1,2,1,4,,0.01,0.03,0.5,complement,full,0.25,reach_gain_frontier,4,1,0,1,1,0,1,auto,False,False,474eabb811920214c8a0bf29884844272afd0feb
llama2_b8_stability_profile_0,8,0.7,llama2,DUET,layerskip-llama2-7b,AMD-Llama-135m,torch.float16,torch.float16,1,512,128,2048,"0,1",3,2,,,19,3,6,4,6,4,1,2,1,4,,0.01,0.03,0.5,complement,full,0.25,reach_gain_frontier,4,1,1,1,1,0,1,auto,False,False,474eabb811920214c8a0bf29884844272afd0feb
llama2_b8_stability_profile_1,8,0.7,llama2,DUET,layerskip-llama2-7b,AMD-Llama-135m,torch.float16,torch.float16,1,512,128,2048,"0,1",3,1,,,21,3,6,4,6,4,1,2,1,4,,0.01,0.03,0.5,complement,full,0.25,reach_gain_frontier,4,1,1,1,1,0,1,auto,False,False,474eabb811920214c8a0bf29884844272afd0feb
llama2_b8_stability_profile_2,8,0.7,llama2,DUET,layerskip-llama2-7b,AMD-Llama-135m,torch.float16,torch.float16,1,512,128,2048,"0,1",3,2,,,21,3,6,4,6,4,1,2,1,4,,0.01,0.03,0.5,complement,full,0.25,reach_gain_frontier,4,1,1,1,1,0,1,auto,False,False,474eabb811920214c8a0bf29884844272afd0feb
llama2_b8_stability_profile_3,8,0.7,llama2,DUET,layerskip-llama2-7b,AMD-Llama-135m,torch.float16,torch.float16,1,512,128,2048,"0,1",3,2,,,21,3,6,4,6,4,1,2,1,4,,0.01,0.03,0.5,complement,full,0.25,reach_gain_frontier,4,1,0,1,1,0,1,auto,False,False,474eabb811920214c8a0bf29884844272afd0feb
llama2_b1_stream_fast_r0,1,0.7,llama2,DUET,layerskip-llama2-7b,AMD-Llama-135m,torch.float16,torch.float16,1,512,128,2048,"2,3",12,2,,,21,3,16,4,16,4,2,2,1,13,,0.01,0.03,0.5,complement,full,0.25,reach_gain_frontier,4,1,1,1,1,0,1,auto,False,False,641f5ce88ead693790ced9a3261b01241c94e8f4
llama2_b8_stream_fast_r1,8,0.7,llama2,DUET,layerskip-llama2-7b,AMD-Llama-135m,torch.float16,torch.float16,1,512,128,2048,"2,3",3,2,,,21,3,6,4,6,4,1,2,1,4,,0.01,0.03,0.5,complement,full,0.25,reach_gain_frontier,4,1,1,1,1,0,1,auto,False,False,641f5ce88ead693790ced9a3261b01241c94e8f4
llama2_b1_stream_l0_profile_s0,1,0.7,llama2,DUET,layerskip-llama2-7b,AMD-Llama-135m,torch.float16,torch.float16,1,512,128,2048,"2,3",12,2,,,21,3,16,4,16,4,2,2,1,13,,0.01,0.03,0.5,complement,full,0.25,reach_gain_frontier,4,1,0,1,1,0,1,auto,False,False,641f5ce88ead693790ced9a3261b01241c94e8f4
llama2_b1_stream_l0_profile_s1,1,0.7,llama2,DUET,layerskip-llama2-7b,AMD-Llama-135m,torch.float16,torch.float16,1,512,128,2048,"2,3",12,2,,,21,3,16,4,16,4,2,2,1,13,,0.01,0.03,0.5,complement,full,0.25,reach_gain_frontier,4,1,1,1,1,0,1,auto,False,False,641f5ce88ead693790ced9a3261b01241c94e8f4
llama2_b8_stream_l0_greedy_smoke,8,0.0,llama2,DUET,layerskip-llama2-7b,AMD-Llama-135m,torch.float16,torch.float16,1,512,24,2048,"2,3",3,2,,,21,3,6,4,6,4,1,2,1,4,,0.01,0.03,0.5,complement,full,0.25,reach_gain_frontier,4,1,1,1,1,0,1,auto,False,False,641f5ce88ead693790ced9a3261b01241c94e8f4
llama2_b8_stream_l0_profile_s0,8,0.7,llama2,DUET,layerskip-llama2-7b,AMD-Llama-135m,torch.float16,torch.float16,1,512,128,2048,"2,3",3,2,,,21,3,6,4,6,4,1,2,1,4,,0.01,0.03,0.5,complement,full,0.25,reach_gain_frontier,4,1,0,1,1,0,1,auto,False,False,641f5ce88ead693790ced9a3261b01241c94e8f4
llama2_b8_stream_l0_profile_s1,8,0.7,llama2,DUET,layerskip-llama2-7b,AMD-Llama-135m,torch.float16,torch.float16,1,512,128,2048,"2,3",3,2,,,21,3,6,4,6,4,1,2,1,4,,0.01,0.03,0.5,complement,full,0.25,reach_gain_frontier,4,1,1,1,1,0,1,auto,False,False,641f5ce88ead693790ced9a3261b01241c94e8f4
llama2_b1_stream_fast_r1,1,0.7,llama2,DUET,layerskip-llama2-7b,AMD-Llama-135m,torch.float16,torch.float16,1,512,128,2048,"0,1",12,2,,,21,3,16,4,16,4,2,2,1,13,,0.01,0.03,0.5,complement,full,0.25,reach_gain_frontier,4,1,1,1,1,0,1,auto,False,False,641f5ce88ead693790ced9a3261b01241c94e8f4
llama2_b8_stream_fast_r0,8,0.7,llama2,DUET,layerskip-llama2-7b,AMD-Llama-135m,torch.float16,torch.float16,1,512,128,2048,"0,1",3,2,,,21,3,6,4,6,4,1,2,1,4,,0.01,0.03,0.5,complement,full,0.25,reach_gain_frontier,4,1,1,1,1,0,1,auto,False,False,641f5ce88ead693790ced9a3261b01241c94e8f4
llama2_b1_stream_l1_profile_s0,1,0.7,llama2,DUET,layerskip-llama2-7b,AMD-Llama-135m,torch.float16,torch.float16,1,512,128,2048,"0,1",12,2,,,21,3,16,4,16,4,2,2,1,13,,0.01,0.03,0.5,complement,full,0.25,reach_gain_frontier,4,1,0,1,1,0,1,auto,False,False,641f5ce88ead693790ced9a3261b01241c94e8f4
llama2_b1_stream_l1_profile_s1,1,0.7,llama2,DUET,layerskip-llama2-7b,AMD-Llama-135m,torch.float16,torch.float16,1,512,128,2048,"0,1",12,2,,,21,3,16,4,16,4,2,2,1,13,,0.01,0.03,0.5,complement,full,0.25,reach_gain_frontier,4,1,1,1,1,0,1,auto,False,False,641f5ce88ead693790ced9a3261b01241c94e8f4
llama2_b8_stream_l1_greedy_smoke,8,0.0,llama2,DUET,layerskip-llama2-7b,AMD-Llama-135m,torch.float16,torch.float16,1,512,24,2048,"0,1",3,2,,,21,3,6,4,6,4,1,2,1,4,,0.01,0.03,0.5,complement,full,0.25,reach_gain_frontier,4,1,1,1,1,0,1,auto,False,False,641f5ce88ead693790ced9a3261b01241c94e8f4
llama2_b8_stream_l1_profile_s0,8,0.7,llama2,DUET,layerskip-llama2-7b,AMD-Llama-135m,torch.float16,torch.float16,1,512,128,2048,"0,1",3,2,,,21,3,6,4,6,4,1,2,1,4,,0.01,0.03,0.5,complement,full,0.25,reach_gain_frontier,4,1,0,1,1,0,1,auto,False,False,641f5ce88ead693790ced9a3261b01241c94e8f4
llama2_b8_stream_l1_profile_s1,8,0.7,llama2,DUET,layerskip-llama2-7b,AMD-Llama-135m,torch.float16,torch.float16,1,512,128,2048,"0,1",3,2,,,21,3,6,4,6,4,1,2,1,4,,0.01,0.03,0.5,complement,full,0.25,reach_gain_frontier,4,1,1,1,1,0,1,auto,False,False,641f5ce88ead693790ced9a3261b01241c94e8f4
llama3_b1_combo_al_k1_7,1,0.7,llama3,DUET,layerskip-llama3-8B,Qwama-0.5B-Instruct,torch.bfloat16,torch.bfloat16,1,512,96,2048,"4,5",7,2,,,16,3,12,4,12,4,2,2,1,8,,0.01,0.03,0.5,complement,full,0.25,reach_gain_frontier,4,0,0,1,1,0,1,auto,False,False,69192a52972dc5f39cc698da4c6e01b55fd894b5
llama3_b1_combo_al_k2_3,1,0.7,llama3,DUET,layerskip-llama3-8B,Qwama-0.5B-Instruct,torch.bfloat16,torch.bfloat16,1,512,96,2048,"4,5",6,3,,,16,3,12,4,12,4,2,2,1,7,,0.01,0.03,0.5,complement,full,0.25,reach_gain_frontier,4,0,0,1,1,0,1,auto,False,False,69192a52972dc5f39cc698da4c6e01b55fd894b5
llama3_b1_combo_e14,1,0.7,llama3,DUET,layerskip-llama3-8B,Qwama-0.5B-Instruct,torch.bfloat16,torch.bfloat16,1,512,96,2048,"4,5",4,2,,,14,3,8,4,8,4,2,2,1,5,,0.01,0.03,0.0,complement,full,0.25,reach_gain_frontier,4,0,0,1,1,0,1,auto,False,False,81ea7775bbda8fed1e0edc00a612ee3d8bb3f3ae
llama3_b1_combo_e18,1,0.7,llama3,DUET,layerskip-llama3-8B,Qwama-0.5B-Instruct,torch.bfloat16,torch.bfloat16,1,512,96,2048,"4,5",4,2,,,18,3,8,4,8,4,2,2,1,5,,0.01,0.03,0.0,complement,full,0.25,reach_gain_frontier,4,0,0,1,1,0,1,auto,False,False,81ea7775bbda8fed1e0edc00a612ee3d8bb3f3ae
llama3_b1_combo_k1_3,1,0.7,llama3,DUET,layerskip-llama3-8B,Qwama-0.5B-Instruct,torch.bfloat16,torch.bfloat16,1,512,96,2048,"4,5",3,2,,,16,3,8,4,8,4,2,2,1,4,,0.01,0.03,0.0,complement,full,0.25,reach_gain_frontier,4,0,0,1,1,0,1,auto,False,False,81ea7775bbda8fed1e0edc00a612ee3d8bb3f3ae
llama3_b1_combo_k1_5,1,0.7,llama3,DUET,layerskip-llama3-8B,Qwama-0.5B-Instruct,torch.bfloat16,torch.bfloat16,1,512,96,2048,"4,5",5,2,,,16,3,8,4,8,4,2,2,1,6,,0.01,0.03,0.0,complement,full,0.25,reach_gain_frontier,4,0,0,1,1,0,1,auto,False,False,81ea7775bbda8fed1e0edc00a612ee3d8bb3f3ae
llama3_b1_combo_k2_1,1,0.7,llama3,DUET,layerskip-llama3-8B,Qwama-0.5B-Instruct,torch.bfloat16,torch.bfloat16,1,512,96,2048,"4,5",4,1,,,16,3,8,4,8,4,2,2,1,5,,0.01,0.03,0.0,complement,full,0.25,reach_gain_frontier,4,0,0,1,1,0,1,auto,False,False,81ea7775bbda8fed1e0edc00a612ee3d8bb3f3ae
llama3_b1_combo_k2_3,1,0.7,llama3,DUET,layerskip-llama3-8B,Qwama-0.5B-Instruct,torch.bfloat16,torch.bfloat16,1,512,96,2048,"4,5",4,3,,,16,3,8,4,8,4,2,2,1,5,,0.01,0.03,0.0,complement,full,0.25,reach_gain_frontier,4,0,0,1,1,0,1,auto,False,False,c02aceed848ce3f1f77709a9d3fd799a5f867191
llama3_b1_combo_miss2,1,0.7,llama3,DUET,layerskip-llama3-8B,Qwama-0.5B-Instruct,torch.bfloat16,torch.bfloat16,1,512,96,2048,"4,5",4,2,,,16,3,8,4,8,4,2,2,1,5,,0.01,0.03,0.0,complement,full,0.25,reach_gain_frontier,2,0,0,1,1,0,1,auto,False,False,c02aceed848ce3f1f77709a9d3fd799a5f867191
llama3_b1_combo_miss6,1,0.7,llama3,DUET,layerskip-llama3-8B,Qwama-0.5B-Instruct,torch.bfloat16,torch.bfloat16,1,512,96,2048,"4,5",4,2,,,16,3,8,4,8,4,2,2,1,5,,0.01,0.03,0.0,complement,full,0.25,reach_gain_frontier,6,0,0,1,1,0,1,auto,False,False,c02aceed848ce3f1f77709a9d3fd799a5f867191
llama3_b1_combo_transfer_1_3_e10,1,0.7,llama3,DUET,layerskip-llama3-8B,Qwama-0.5B-Instruct,torch.bfloat16,torch.bfloat16,1,512,96,2048,"4,5",1,3,,,10,3,2,6,2,6,2,1,1,3,,0.01,0.03,0.0,complement,full,0.25,reach_gain_frontier,4,0,0,1,1,0,1,auto,False,False,c02aceed848ce3f1f77709a9d3fd799a5f867191
llama3_b1_combo_transfer_1_3_e14,1,0.7,llama3,DUET,layerskip-llama3-8B,Qwama-0.5B-Instruct,torch.bfloat16,torch.bfloat16,1,512,96,2048,"4,5",1,3,,,14,3,2,6,2,6,2,1,1,3,,0.01,0.03,0.0,complement,full,0.25,reach_gain_frontier,4,0,0,1,1,0,1,auto,False,False,c02aceed848ce3f1f77709a9d3fd799a5f867191
llama3_b1_combo_transfer_2_3_e12,1,0.7,llama3,DUET,layerskip-llama3-8B,Qwama-0.5B-Instruct,torch.bfloat16,torch.bfloat16,1,512,96,2048,"4,5",2,3,,,12,3,4,6,4,6,2,1,1,3,,0.01,0.03,0.0,complement,full,0.25,reach_gain_frontier,4,0,0,1,1,0,1,auto,False,False,c02aceed848ce3f1f77709a9d3fd799a5f867191
llama3_b1_combo_transfer_2_3_e16,1,0.7,llama3,DUET,layerskip-llama3-8B,Qwama-0.5B-Instruct,torch.bfloat16,torch.bfloat16,1,512,96,2048,"4,5",2,3,,,16,3,4,6,4,6,2,1,1,3,,0.01,0.03,0.0,complement,full,0.25,reach_gain_frontier,4,0,0,1,1,0,1,auto,False,False,c02aceed848ce3f1f77709a9d3fd799a5f867191
llama3_b1_combo_transfer_2_4_e12,1,0.7,llama3,DUET,layerskip-llama3-8B,Qwama-0.5B-Instruct,torch.bfloat16,torch.bfloat16,1,512,96,2048,"4,5",2,4,,,12,3,4,8,4,8,2,1,1,3,,0.01,0.03,0.0,complement,full,0.25,reach_gain_frontier,4,0,0,1,1,0,1,auto,False,False,c02aceed848ce3f1f77709a9d3fd799a5f867191
llama3_b1_combo_transfer_2_4_e16,1,0.7,llama3,DUET,layerskip-llama3-8B,Qwama-0.5B-Instruct,torch.bfloat16,torch.bfloat16,1,512,96,2048,"4,5",2,4,,,16,3,4,8,4,8,2,1,1,3,,0.01,0.03,0.0,complement,full,0.25,reach_gain_frontier,4,0,0,1,1,0,1,auto,False,False,69192a52972dc5f39cc698da4c6e01b55fd894b5
llama3_b1_transfer_smoke,1,0.7,llama3,DUET,layerskip-llama3-8B,Qwama-0.5B-Instruct,torch.bfloat16,torch.bfloat16,1,512,24,2048,"4,5",1,3,,,12,3,2,6,2,6,2,1,1,3,,0.01,0.03,0.5,complement,full,0.25,reach_gain_frontier,4,0,0,1,1,0,1,auto,False,False,81ea7775bbda8fed1e0edc00a612ee3d8bb3f3ae
llama3_b1_duet_e16_k4_2,1,0.7,llama3,DUET,layerskip-llama3-8B,Qwama-0.5B-Instruct,torch.bfloat16,torch.bfloat16,1,512,96,2048,"4,5",4,2,,,16,3,8,4,8,4,2,2,1,5,,0.01,0.03,0.5,complement,full,0.25,reach_gain_frontier,4,0,0,1,1,0,1,auto,False,False,baa1c2c936602e6d2d8447ff8b4010cf686cc78d
llama3_b1_duet_e21_k4_2,1,0.7,llama3,DUET,layerskip-llama3-8B,Qwama-0.5B-Instruct,torch.bfloat16,torch.bfloat16,1,512,96,2048,"4,5",4,2,,,21,3,8,4,8,4,2,2,1,5,,0.01,0.03,0.5,complement,full,0.25,reach_gain_frontier,4,0,0,1,1,0,1,auto,False,False,baa1c2c936602e6d2d8447ff8b4010cf686cc78d
llama3_b1_duet_e26_k4_2,1,0.7,llama3,DUET,layerskip-llama3-8B,Qwama-0.5B-Instruct,torch.bfloat16,torch.bfloat16,1,512,96,2048,"4,5",4,2,,,26,3,8,4,8,4,2,2,1,5,,0.01,0.03,0.5,complement,full,0.25,reach_gain_frontier,4,0,0,1,1,0,1,auto,False,False,baa1c2c936602e6d2d8447ff8b4010cf686cc78d
llama3_b1_duet_e30_k4_2,1,0.7,llama3,DUET,layerskip-llama3-8B,Qwama-0.5B-Instruct,torch.bfloat16,torch.bfloat16,1,512,96,2048,"4,5",4,2,,,30,3,8,4,8,4,2,2,1,5,,0.01,0.03,0.5,complement,full,0.25,reach_gain_frontier,4,0,0,1,1,0,1,auto,False,False,baa1c2c936602e6d2d8447ff8b4010cf686cc78d
llama3_b1_refine_e16_k4_2_r1,1,0.7,llama3,DUET,layerskip-llama3-8B,Qwama-0.5B-Instruct,torch.bfloat16,torch.bfloat16,1,512,96,2048,"4,5",4,2,,,16,3,8,4,8,4,1,2,1,5,,0.01,0.03,0.5,complement,full,0.25,reach_gain_frontier,4,0,0,1,1,0,1,auto,False,False,baa1c2c936602e6d2d8447ff8b4010cf686cc78d
llama3_b1_refine_e12_k3_2_r2,1,0.7,llama3,DUET,layerskip-llama3-8B,Qwama-0.5B-Instruct,torch.bfloat16,torch.bfloat16,1,512,96,2048,"4,5",3,2,,,12,3,6,4,6,4,2,2,1,4,,0.01,0.03,0.5,complement,full,0.25,reach_gain_frontier,4,0,0,1,1,0,1,auto,False,False,58326e9c3f53374028d73f93e3fe738a52608938
llama3_b1_refine_e12_k3_3_r2,1,0.7,llama3,DUET,layerskip-llama3-8B,Qwama-0.5B-Instruct,torch.bfloat16,torch.bfloat16,1,512,96,2048,"4,5",3,3,,,12,3,6,6,6,6,2,2,1,4,,0.01,0.03,0.5,complement,full,0.25,reach_gain_frontier,4,0,0,1,1,0,1,auto,False,False,58326e9c3f53374028d73f93e3fe738a52608938
llama3_b1_refine_e16_k2_2_r2,1,0.7,llama3,DUET,layerskip-llama3-8B,Qwama-0.5B-Instruct,torch.bfloat16,torch.bfloat16,1,512,96,2048,"4,5",2,2,,,16,3,4,4,4,4,2,2,1,3,,0.01,0.03,0.5,complement,full,0.25,reach_gain_frontier,4,0,0,1,1,0,1,auto,False,False,a3298235676eb40edcdc2f6805b99485ac33e126
llama3_b1_refine_e16_k3_2_r1,1,0.7,llama3,DUET,layerskip-llama3-8B,Qwama-0.5B-Instruct,torch.bfloat16,torch.bfloat16,1,512,96,2048,"4,5",3,2,,,16,3,6,4,6,4,1,2,1,4,,0.01,0.03,0.5,complement,full,0.25,reach_gain_frontier,4,0,0,1,1,0,1,auto,False,False,a3298235676eb40edcdc2f6805b99485ac33e126
llama3_b1_refine_e16_k3_2_r2,1,0.7,llama3,DUET,layerskip-llama3-8B,Qwama-0.5B-Instruct,torch.bfloat16,torch.bfloat16,1,512,96,2048,"4,5",3,2,,,16,3,6,4,6,4,2,2,1,4,,0.01,0.03,0.5,complement,full,0.25,reach_gain_frontier,4,0,0,1,1,0,1,auto,False,False,a3298235676eb40edcdc2f6805b99485ac33e126
llama3_b1_refine_e16_k3_3_r2,1,0.7,llama3,DUET,layerskip-llama3-8B,Qwama-0.5B-Instruct,torch.bfloat16,torch.bfloat16,1,512,96,2048,"4,5",3,3,,,16,3,6,6,6,6,2,2,1,4,,0.01,0.03,0.5,complement,full,0.25,reach_gain_frontier,4,0,0,1,1,0,1,auto,False,False,a3298235676eb40edcdc2f6805b99485ac33e126
llama3_b1_refine_e16_k4_3_r2,1,0.7,llama3,DUET,layerskip-llama3-8B,Qwama-0.5B-Instruct,torch.bfloat16,torch.bfloat16,1,512,96,2048,"4,5",4,3,,,16,3,8,6,8,6,2,2,1,5,,0.01,0.03,0.5,complement,full,0.25,reach_gain_frontier,4,0,0,1,1,0,1,auto,False,False,a3298235676eb40edcdc2f6805b99485ac33e126
llama3_b1_refine_e16_k4_4_r2,1,0.7,llama3,DUET,layerskip-llama3-8B,Qwama-0.5B-Instruct,torch.bfloat16,torch.bfloat16,1,512,96,2048,"4,5",4,4,,,16,3,8,8,8,8,2,2,1,5,,0.01,0.03,0.5,complement,full,0.25,reach_gain_frontier,4,0,0,1,1,0,1,auto,False,False,a3298235676eb40edcdc2f6805b99485ac33e126
llama3_b1_refine_e16_k6_2_r2,1,0.7,llama3,DUET,layerskip-llama3-8B,Qwama-0.5B-Instruct,torch.bfloat16,torch.bfloat16,1,512,96,2048,"4,5",6,2,,,16,3,12,4,12,4,2,2,1,7,,0.01,0.03,0.5,complement,full,0.25,reach_gain_frontier,4,0,0,1,1,0,1,auto,False,False,a3298235676eb40edcdc2f6805b99485ac33e126
llama3_b1_refine_e16_k6_3_r2,1,0.7,llama3,DUET,layerskip-llama3-8B,Qwama-0.5B-Instruct,torch.bfloat16,torch.bfloat16,1,512,96,2048,"4,5",6,3,,,16,3,12,6,12,6,2,2,1,7,,0.01,0.03,0.5,complement,full,0.25,reach_gain_frontier,4,0,0,1,1,0,1,auto,False,False,a3298235676eb40edcdc2f6805b99485ac33e126
llama3_b1_refine_e16_k6_4_r2,1,0.7,llama3,DUET,layerskip-llama3-8B,Qwama-0.5B-Instruct,torch.bfloat16,torch.bfloat16,1,512,96,2048,"4,5",6,4,,,16,3,12,8,12,8,2,2,1,7,,0.01,0.03,0.5,complement,full,0.25,reach_gain_frontier,4,0,0,1,1,0,1,auto,False,False,58326e9c3f53374028d73f93e3fe738a52608938
llama3_b1_refine_e18_k3_2_r2,1,0.7,llama3,DUET,layerskip-llama3-8B,Qwama-0.5B-Instruct,torch.bfloat16,torch.bfloat16,1,512,96,2048,"4,5",3,2,,,18,3,6,4,6,4,2,2,1,4,,0.01,0.03,0.5,complement,full,0.25,reach_gain_frontier,4,0,0,1,1,0,1,auto,False,False,58326e9c3f53374028d73f93e3fe738a52608938
llama3_b1_refine_e18_k3_3_r2,1,0.7,llama3,DUET,layerskip-llama3-8B,Qwama-0.5B-Instruct,torch.bfloat16,torch.bfloat16,1,512,96,2048,"4,5",3,3,,,18,3,6,6,6,6,2,2,1,4,,0.01,0.03,0.5,complement,full,0.25,reach_gain_frontier,4,0,0,1,1,0,1,auto,False,False,58326e9c3f53374028d73f93e3fe738a52608938
llama3_b1_refine_e21_k3_2_r1,1,0.7,llama3,DUET,layerskip-llama3-8B,Qwama-0.5B-Instruct,torch.bfloat16,torch.bfloat16,1,512,96,2048,"4,5",3,2,,,21,3,6,4,6,4,1,2,1,4,,0.01,0.03,0.5,complement,full,0.25,reach_gain_frontier,4,0,0,1,1,0,1,auto,False,False,a3298235676eb40edcdc2f6805b99485ac33e126
llama3_b1_refine_e21_k4_2_r1,1,0.7,llama3,DUET,layerskip-llama3-8B,Qwama-0.5B-Instruct,torch.bfloat16,torch.bfloat16,1,512,96,2048,"4,5",4,2,,,21,3,8,4,8,4,1,2,1,5,,0.01,0.03,0.5,complement,full,0.25,reach_gain_frontier,4,0,0,1,1,0,1,auto,False,False,a3298235676eb40edcdc2f6805b99485ac33e126
llama3_b1_ssd_refine_k3_f5,1,0.7,llama3,SSD,layerskip-llama3-8B,Qwama-0.5B-Instruct,torch.bfloat16,torch.bfloat16,1,512,96,2048,"4,5",,,3,5,,,,,,,,,,,,,,,,,,,3,,,,,,1,auto,False,False,58326e9c3f53374028d73f93e3fe738a52608938
llama3_b1_ssd_refine_k4_f7,1,0.7,llama3,SSD,layerskip-llama3-8B,Qwama-0.5B-Instruct,torch.bfloat16,torch.bfloat16,1,512,96,2048,"4,5",,,4,7,,,,,,,,,,,,,,,,,,,4,,,,,,1,auto,False,False,58326e9c3f53374028d73f93e3fe738a52608938
llama3_b1_ssd_refine_k4_f9,1,0.7,llama3,SSD,layerskip-llama3-8B,Qwama-0.5B-Instruct,torch.bfloat16,torch.bfloat16,1,512,96,2048,"4,5",,,4,9,,,,,,,,,,,,,,,,,,,4,,,,,,1,auto,False,False,58326e9c3f53374028d73f93e3fe738a52608938
llama3_b1_ssd_refine_k5_f5,1,0.7,llama3,SSD,layerskip-llama3-8B,Qwama-0.5B-Instruct,torch.bfloat16,torch.bfloat16,1,512,96,2048,"4,5",,,5,5,,,,,,,,,,,,,,,,,,,5,,,,,,1,auto,False,False,58326e9c3f53374028d73f93e3fe738a52608938
llama3_b1_ssd_refine_k6_f7,1,0.7,llama3,SSD,layerskip-llama3-8B,Qwama-0.5B-Instruct,torch.bfloat16,torch.bfloat16,1,512,96,2048,"4,5",,,6,7,,,,,,,,,,,,,,,,,,,6,,,,,,1,auto,False,False,58326e9c3f53374028d73f93e3fe738a52608938
llama3_b1_ssd_k2_f1,1,0.7,llama3,SSD,layerskip-llama3-8B,Qwama-0.5B-Instruct,torch.bfloat16,torch.bfloat16,1,512,96,2048,"4,5",,,2,1,,,,,,,,,,,,,,,,,,,2,,,,,,1,auto,False,False,c4f05a675028763efc3b62d0dd3a1d920bdf1d4f
llama3_b1_ssd_k2_f3,1,0.7,llama3,SSD,layerskip-llama3-8B,Qwama-0.5B-Instruct,torch.bfloat16,torch.bfloat16,1,512,96,2048,"4,5",,,2,3,,,,,,,,,,,,,,,,,,,2,,,,,,1,auto,False,False,c4f05a675028763efc3b62d0dd3a1d920bdf1d4f
llama3_b1_ssd_k2_f5,1,0.7,llama3,SSD,layerskip-llama3-8B,Qwama-0.5B-Instruct,torch.bfloat16,torch.bfloat16,1,512,96,2048,"4,5",,,2,5,,,,,,,,,,,,,,,,,,,2,,,,,,1,auto,False,False,c4f05a675028763efc3b62d0dd3a1d920bdf1d4f
llama3_b1_ssd_k4_f1,1,0.7,llama3,SSD,layerskip-llama3-8B,Qwama-0.5B-Instruct,torch.bfloat16,torch.bfloat16,1,512,96,2048,"4,5",,,4,1,,,,,,,,,,,,,,,,,,,4,,,,,,1,auto,False,False,c4f05a675028763efc3b62d0dd3a1d920bdf1d4f
llama3_b1_ssd_k4_f3,1,0.7,llama3,SSD,layerskip-llama3-8B,Qwama-0.5B-Instruct,torch.bfloat16,torch.bfloat16,1,512,96,2048,"4,5",,,4,3,,,,,,,,,,,,,,,,,,,4,,,,,,1,auto,False,False,c4f05a675028763efc3b62d0dd3a1d920bdf1d4f
llama3_b1_ssd_k4_f5,1,0.7,llama3,SSD,layerskip-llama3-8B,Qwama-0.5B-Instruct,torch.bfloat16,torch.bfloat16,1,512,96,2048,"4,5",,,4,5,,,,,,,,,,,,,,,,,,,4,,,,,,1,auto,False,False,c4f05a675028763efc3b62d0dd3a1d920bdf1d4f
llama3_b1_ssd_k6_f1,1,0.7,llama3,SSD,layerskip-llama3-8B,Qwama-0.5B-Instruct,torch.bfloat16,torch.bfloat16,1,512,96,2048,"4,5",,,6,1,,,,,,,,,,,,,,,,,,,6,,,,,,1,auto,False,False,c4f05a675028763efc3b62d0dd3a1d920bdf1d4f
llama3_b1_ssd_k6_f3,1,0.7,llama3,SSD,layerskip-llama3-8B,Qwama-0.5B-Instruct,torch.bfloat16,torch.bfloat16,1,512,96,2048,"4,5",,,6,3,,,,,,,,,,,,,,,,,,,6,,,,,,1,auto,False,False,f041ebd6ab3f8e45c302198491e7c274b7a3a71b
llama3_b1_ssd_k6_f5,1,0.7,llama3,SSD,layerskip-llama3-8B,Qwama-0.5B-Instruct,torch.bfloat16,torch.bfloat16,1,512,96,2048,"4,5",,,6,5,,,,,,,,,,,,,,,,,,,6,,,,,,1,auto,False,False,f041ebd6ab3f8e45c302198491e7c274b7a3a71b
llama3_b1_ssd_k8_f1,1,0.7,llama3,SSD,layerskip-llama3-8B,Qwama-0.5B-Instruct,torch.bfloat16,torch.bfloat16,1,512,96,2048,"4,5",,,8,1,,,,,,,,,,,,,,,,,,,8,,,,,,1,auto,False,False,8ddfe62b703207a1c79e9561befef8924cb6de8b
llama3_b1_ssd_k8_f3,1,0.7,llama3,SSD,layerskip-llama3-8B,Qwama-0.5B-Instruct,torch.bfloat16,torch.bfloat16,1,512,96,2048,"4,5",,,8,3,,,,,,,,,,,,,,,,,,,8,,,,,,1,auto,False,False,baa1c2c936602e6d2d8447ff8b4010cf686cc78d
llama3_b1_ssd_k8_f5,1,0.7,llama3,SSD,layerskip-llama3-8B,Qwama-0.5B-Instruct,torch.bfloat16,torch.bfloat16,1,512,96,2048,"4,5",,,8,5,,,,,,,,,,,,,,,,,,,8,,,,,,1,auto,False,False,baa1c2c936602e6d2d8447ff8b4010cf686cc78d
llama3_b1_tree_al_compute3,1,0.7,llama3,DUET,layerskip-llama3-8B,Qwama-0.5B-Instruct,torch.bfloat16,torch.bfloat16,1,512,96,2048,"4,5",6,2,,,16,3,12,4,12,4,2,3,1,7,,0.01,0.03,0.5,complement,full,0.25,reach_gain_frontier,4,0,0,1,1,0,1,auto,False,False,81ea7775bbda8fed1e0edc00a612ee3d8bb3f3ae
llama3_b1_tree_al_width1,1,0.7,llama3,DUET,layerskip-llama3-8B,Qwama-0.5B-Instruct,torch.bfloat16,torch.bfloat16,1,512,96,2048,"4,5",6,2,,,16,1,6,2,6,2,2,2,1,7,,0.01,0.03,0.5,complement,full,0.25,reach_gain_frontier,4,0,0,1,1,0,1,auto,False,False,81ea7775bbda8fed1e0edc00a612ee3d8bb3f3ae
llama3_b1_tree_al_width2,1,0.7,llama3,DUET,layerskip-llama3-8B,Qwama-0.5B-Instruct,torch.bfloat16,torch.bfloat16,1,512,96,2048,"4,5",6,2,,,16,2,12,4,12,4,2,2,1,7,,0.01,0.03,0.5,complement,full,0.25,reach_gain_frontier,4,0,0,1,1,0,1,auto,False,False,81ea7775bbda8fed1e0edc00a612ee3d8bb3f3ae
llama3_b1_tree_align_exit18,1,0.7,llama3,DUET,layerskip-llama3-8B,Qwama-0.5B-Instruct,torch.bfloat16,torch.bfloat16,1,512,96,2048,"4,5",4,2,,,18,3,8,4,8,4,2,2,1,5,,0.01,0.03,0.5,complement,full,0.25,reach_gain_frontier,4,0,0,1,1,0,1,auto,False,False,81ea7775bbda8fed1e0edc00a612ee3d8bb3f3ae
llama3_b1_tree_align_exit20,1,0.7,llama3,DUET,layerskip-llama3-8B,Qwama-0.5B-Instruct,torch.bfloat16,torch.bfloat16,1,512,96,2048,"4,5",4,2,,,20,3,8,4,8,4,2,2,1,5,,0.01,0.03,0.5,complement,full,0.25,reach_gain_frontier,4,0,0,1,1,0,1,auto,False,False,81ea7775bbda8fed1e0edc00a612ee3d8bb3f3ae
llama3_b1_tree_align_exit22,1,0.7,llama3,DUET,layerskip-llama3-8B,Qwama-0.5B-Instruct,torch.bfloat16,torch.bfloat16,1,512,96,2048,"4,5",4,2,,,22,3,8,4,8,4,2,2,1,5,,0.01,0.03,0.5,complement,full,0.25,reach_gain_frontier,4,0,0,1,1,0,1,auto,False,False,81ea7775bbda8fed1e0edc00a612ee3d8bb3f3ae
llama3_b1_tree_beta0,1,0.7,llama3,DUET,layerskip-llama3-8B,Qwama-0.5B-Instruct,torch.bfloat16,torch.bfloat16,1,512,96,2048,"4,5",4,2,,,16,3,8,4,8,4,2,2,1,5,,0.01,0.03,0.0,complement,full,0.25,reach_gain_frontier,4,0,0,1,1,0,1,auto,False,False,81ea7775bbda8fed1e0edc00a612ee3d8bb3f3ae
llama3_b1_tree_beta1,1,0.7,llama3,DUET,layerskip-llama3-8B,Qwama-0.5B-Instruct,torch.bfloat16,torch.bfloat16,1,512,96,2048,"4,5",4,2,,,16,3,8,4,8,4,2,2,1,5,,0.01,0.03,1.0,complement,full,0.25,reach_gain_frontier,4,0,0,1,1,0,1,auto,False,False,81ea7775bbda8fed1e0edc00a612ee3d8bb3f3ae
llama3_b1_tree_compute3,1,0.7,llama3,DUET,layerskip-llama3-8B,Qwama-0.5B-Instruct,torch.bfloat16,torch.bfloat16,1,512,96,2048,"4,5",4,2,,,16,3,8,4,8,4,2,3,1,5,,0.01,0.03,0.5,complement,full,0.25,reach_gain_frontier,4,0,0,1,1,0,1,auto,False,False,58326e9c3f53374028d73f93e3fe738a52608938
llama3_b1_tree_no_floors,1,0.7,llama3,DUET,layerskip-llama3-8B,Qwama-0.5B-Instruct,torch.bfloat16,torch.bfloat16,1,512,96,2048,"4,5",4,2,,,16,3,8,4,8,4,2,2,1,5,,0.0,0.0,0.5,complement,full,0.25,reach_gain_frontier,4,0,0,1,1,0,1,auto,False,False,81ea7775bbda8fed1e0edc00a612ee3d8bb3f3ae
llama3_b1_tree_nodes_high,1,0.7,llama3,DUET,layerskip-llama3-8B,Qwama-0.5B-Instruct,torch.bfloat16,torch.bfloat16,1,512,96,2048,"4,5",4,2,,,16,3,12,6,12,6,2,2,1,5,,0.01,0.03,0.5,complement,full,0.25,reach_gain_frontier,4,0,0,1,1,0,1,auto,False,False,81ea7775bbda8fed1e0edc00a612ee3d8bb3f3ae
llama3_b1_tree_nodes_low,1,0.7,llama3,DUET,layerskip-llama3-8B,Qwama-0.5B-Instruct,torch.bfloat16,torch.bfloat16,1,512,96,2048,"4,5",4,2,,,16,3,4,2,4,2,2,2,1,5,,0.01,0.03,0.5,complement,full,0.25,reach_gain_frontier,4,0,0,1,1,0,1,auto,False,False,81ea7775bbda8fed1e0edc00a612ee3d8bb3f3ae
llama3_b1_tree_p2budget12,1,0.7,llama3,DUET,layerskip-llama3-8B,Qwama-0.5B-Instruct,torch.bfloat16,torch.bfloat16,1,512,96,2048,"4,5",4,2,,,16,3,8,4,8,4,2,2,1,12,,0.01,0.03,0.5,complement,full,0.25,reach_gain_frontier,4,0,0,1,1,0,1,auto,False,False,81ea7775bbda8fed1e0edc00a612ee3d8bb3f3ae
llama3_b1_tree_p2budget3,1,0.7,llama3,DUET,layerskip-llama3-8B,Qwama-0.5B-Instruct,torch.bfloat16,torch.bfloat16,1,512,96,2048,"4,5",4,2,,,16,3,8,4,8,4,2,2,1,3,,0.01,0.03,0.5,complement,full,0.25,reach_gain_frontier,4,0,0,1,1,0,1,auto,False,False,81ea7775bbda8fed1e0edc00a612ee3d8bb3f3ae
llama3_b1_tree_p2budget8,1,0.7,llama3,DUET,layerskip-llama3-8B,Qwama-0.5B-Instruct,torch.bfloat16,torch.bfloat16,1,512,96,2048,"4,5",4,2,,,16,3,8,4,8,4,2,2,1,8,,0.01,0.03,0.5,complement,full,0.25,reach_gain_frontier,4,0,0,1,1,0,1,auto,False,False,81ea7775bbda8fed1e0edc00a612ee3d8bb3f3ae
llama3_b1_tree_roots1_compute1,1,0.7,llama3,DUET,layerskip-llama3-8B,Qwama-0.5B-Instruct,torch.bfloat16,torch.bfloat16,1,512,96,2048,"4,5",4,2,,,16,3,8,4,8,4,1,1,1,5,,0.01,0.03,0.5,complement,full,0.25,reach_gain_frontier,4,0,0,1,1,0,1,auto,False,False,58326e9c3f53374028d73f93e3fe738a52608938
llama3_b1_tree_roots2_compute1,1,0.7,llama3,DUET,layerskip-llama3-8B,Qwama-0.5B-Instruct,torch.bfloat16,torch.bfloat16,1,512,96,2048,"4,5",4,2,,,16,3,8,4,8,4,2,1,1,5,,0.01,0.03,0.5,complement,full,0.25,reach_gain_frontier,4,0,0,1,1,0,1,auto,False,False,58326e9c3f53374028d73f93e3fe738a52608938
llama3_b1_tree_roots3,1,0.7,llama3,DUET,layerskip-llama3-8B,Qwama-0.5B-Instruct,torch.bfloat16,torch.bfloat16,1,512,96,2048,"4,5",4,2,,,16,3,8,4,8,4,3,2,1,5,,0.01,0.03,0.5,complement,full,0.25,reach_gain_frontier,4,0,0,1,1,0,1,auto,False,False,58326e9c3f53374028d73f93e3fe738a52608938
llama3_b1_tree_width1,1,0.7,llama3,DUET,layerskip-llama3-8B,Qwama-0.5B-Instruct,torch.bfloat16,torch.bfloat16,1,512,96,2048,"4,5",4,2,,,16,1,4,2,4,2,2,2,1,5,,0.01,0.03,0.5,complement,full,0.25,reach_gain_frontier,4,0,0,1,1,0,1,auto,False,False,58326e9c3f53374028d73f93e3fe738a52608938
llama3_b1_tree_width2,1,0.7,llama3,DUET,layerskip-llama3-8B,Qwama-0.5B-Instruct,torch.bfloat16,torch.bfloat16,1,512,96,2048,"4,5",4,2,,,16,2,8,4,8,4,2,2,1,5,,0.01,0.03,0.5,complement,full,0.25,reach_gain_frontier,4,0,0,1,1,0,1,auto,False,False,81ea7775bbda8fed1e0edc00a612ee3d8bb3f3ae
llama3_b1_warm_duet_tree_1,1,0.7,llama3,DUET,layerskip-llama3-8B,Qwama-0.5B-Instruct,torch.bfloat16,torch.bfloat16,1,512,96,2048,"4,5",4,2,,,16,3,8,4,8,4,2,2,1,5,,0.01,0.03,0.0,complement,full,0.25,reach_gain_frontier,4,0,0,1,1,0,1,auto,False,False,cbdc41f16a5770d4cb1c6f6fcbd0e5396c6e3997
llama3_b1_warm_duet_tree_2,1,0.7,llama3,DUET,layerskip-llama3-8B,Qwama-0.5B-Instruct,torch.bfloat16,torch.bfloat16,1,512,96,2048,"4,5",4,2,,,16,3,8,4,8,4,2,2,1,5,,0.01,0.03,0.5,complement,full,0.25,reach_gain_frontier,4,0,0,1,1,0,1,auto,False,False,cbdc41f16a5770d4cb1c6f6fcbd0e5396c6e3997
llama3_b1_warm_duet_tree_3,1,0.7,llama3,DUET,layerskip-llama3-8B,Qwama-0.5B-Instruct,torch.bfloat16,torch.bfloat16,1,512,96,2048,"4,5",4,2,,,16,1,4,2,4,2,2,2,1,5,,0.01,0.03,0.5,complement,full,0.25,reach_gain_frontier,4,0,0,1,1,0,1,auto,False,False,709c95b53e9c29ce9d4e3284c07003171dd365f7
llama3_b1_warm_duet_tree_4,1,0.7,llama3,DUET,layerskip-llama3-8B,Qwama-0.5B-Instruct,torch.bfloat16,torch.bfloat16,1,512,96,2048,"4,5",6,2,,,16,3,12,4,12,4,2,2,1,7,,0.01,0.03,0.5,complement,full,0.25,reach_gain_frontier,4,0,0,1,1,0,1,auto,False,False,709c95b53e9c29ce9d4e3284c07003171dd365f7
llama3_b1_warm_duet_tree_5,1,0.7,llama3,DUET,layerskip-llama3-8B,Qwama-0.5B-Instruct,torch.bfloat16,torch.bfloat16,1,512,96,2048,"4,5",6,4,,,16,3,12,8,12,8,2,2,1,7,,0.01,0.03,0.5,complement,full,0.25,reach_gain_frontier,4,0,0,1,1,0,1,auto,False,False,709c95b53e9c29ce9d4e3284c07003171dd365f7
llama3_b1_warm_ssd_1,1,0.7,llama3,SSD,layerskip-llama3-8B,Qwama-0.5B-Instruct,torch.bfloat16,torch.bfloat16,1,512,96,2048,"4,5",,,4,9,,,,,,,,,,,,,,,,,,,4,,,,,,1,auto,False,False,69192a52972dc5f39cc698da4c6e01b55fd894b5
llama3_b1_warm_ssd_2,1,0.7,llama3,SSD,layerskip-llama3-8B,Qwama-0.5B-Instruct,torch.bfloat16,torch.bfloat16,1,512,96,2048,"4,5",,,6,7,,,,,,,,,,,,,,,,,,,6,,,,,,1,auto,False,False,cbdc41f16a5770d4cb1c6f6fcbd0e5396c6e3997
llama3_b1_warm_ssd_3,1,0.7,llama3,SSD,layerskip-llama3-8B,Qwama-0.5B-Instruct,torch.bfloat16,torch.bfloat16,1,512,96,2048,"4,5",,,4,7,,,,,,,,,,,,,,,,,,,4,,,,,,1,auto,False,False,cbdc41f16a5770d4cb1c6f6fcbd0e5396c6e3997
llama3_b1_warm_ssd_4,1,0.7,llama3,SSD,layerskip-llama3-8B,Qwama-0.5B-Instruct,torch.bfloat16,torch.bfloat16,1,512,96,2048,"4,5",,,8,1,,,,,,,,,,,,,,,,,,,8,,,,,,1,auto,False,False,cbdc41f16a5770d4cb1c6f6fcbd0e5396c6e3997
llama3_b8_combo_al_k1_7,8,0.7,llama3,DUET,layerskip-llama3-8B,Qwama-0.5B-Instruct,torch.bfloat16,torch.bfloat16,1,512,96,2048,"6,7",7,2,,,30,3,12,4,12,4,2,3,1,8,,0.01,0.03,0.5,complement,full,0.25,reach_gain_frontier,4,0,0,1,1,0,1,auto,False,False,81ea7775bbda8fed1e0edc00a612ee3d8bb3f3ae
llama3_b8_combo_al_k2_3,8,0.7,llama3,DUET,layerskip-llama3-8B,Qwama-0.5B-Instruct,torch.bfloat16,torch.bfloat16,1,512,96,2048,"6,7",6,3,,,30,3,12,4,12,4,2,3,1,7,,0.01,0.03,0.5,complement,full,0.25,reach_gain_frontier,4,0,0,1,1,0,1,auto,False,False,81ea7775bbda8fed1e0edc00a612ee3d8bb3f3ae
llama3_b8_combo_e24,8,0.7,llama3,DUET,layerskip-llama3-8B,Qwama-0.5B-Instruct,torch.bfloat16,torch.bfloat16,1,512,96,2048,"6,7",3,1,,,24,1,3,1,3,1,2,2,1,4,,0.01,0.03,0.5,complement,full,0.25,reach_gain_frontier,4,0,0,1,1,0,1,auto,False,False,81ea7775bbda8fed1e0edc00a612ee3d8bb3f3ae
llama3_b8_combo_e28,8,0.7,llama3,DUET,layerskip-llama3-8B,Qwama-0.5B-Instruct,torch.bfloat16,torch.bfloat16,1,512,96,2048,"6,7",3,1,,,28,1,3,1,3,1,2,2,1,4,,0.01,0.03,0.5,complement,full,0.25,reach_gain_frontier,4,0,0,1,1,0,1,auto,False,False,81ea7775bbda8fed1e0edc00a612ee3d8bb3f3ae
llama3_b8_combo_miss2,8,0.7,llama3,DUET,layerskip-llama3-8B,Qwama-0.5B-Instruct,torch.bfloat16,torch.bfloat16,1,512,96,2048,"6,7",3,1,,,26,1,3,1,3,1,2,2,1,4,,0.01,0.03,0.5,complement,full,0.25,reach_gain_frontier,2,0,0,1,1,0,1,auto,False,False,81ea7775bbda8fed1e0edc00a612ee3d8bb3f3ae
llama3_b8_combo_transfer_1_3_e10,8,0.7,llama3,DUET,layerskip-llama3-8B,Qwama-0.5B-Instruct,torch.bfloat16,torch.bfloat16,1,512,96,2048,"6,7",1,3,,,10,1,2,6,2,6,2,1,1,3,,0.01,0.03,0.5,complement,full,0.25,reach_gain_frontier,4,0,0,1,1,0,1,auto,False,False,81ea7775bbda8fed1e0edc00a612ee3d8bb3f3ae
llama3_b8_combo_transfer_1_3_e14,8,0.7,llama3,DUET,layerskip-llama3-8B,Qwama-0.5B-Instruct,torch.bfloat16,torch.bfloat16,1,512,96,2048,"6,7",1,3,,,14,1,2,6,2,6,2,1,1,3,,0.01,0.03,0.5,complement,full,0.25,reach_gain_frontier,4,0,0,1,1,0,1,auto,False,False,81ea7775bbda8fed1e0edc00a612ee3d8bb3f3ae
llama3_b8_combo_transfer_2_3_e12,8,0.7,llama3,DUET,layerskip-llama3-8B,Qwama-0.5B-Instruct,torch.bfloat16,torch.bfloat16,1,512,96,2048,"6,7",2,3,,,12,1,4,6,4,6,2,1,1,3,,0.01,0.03,0.5,complement,full,0.25,reach_gain_frontier,4,0,0,1,1,0,1,auto,False,False,81ea7775bbda8fed1e0edc00a612ee3d8bb3f3ae
llama3_b8_combo_transfer_2_3_e16,8,0.7,llama3,DUET,layerskip-llama3-8B,Qwama-0.5B-Instruct,torch.bfloat16,torch.bfloat16,1,512,96,2048,"6,7",2,3,,,16,1,4,6,4,6,2,1,1,3,,0.01,0.03,0.5,complement,full,0.25,reach_gain_frontier,4,0,0,1,1,0,1,auto,False,False,81ea7775bbda8fed1e0edc00a612ee3d8bb3f3ae
llama3_b8_combo_transfer_2_4_e12,8,0.7,llama3,DUET,layerskip-llama3-8B,Qwama-0.5B-Instruct,torch.bfloat16,torch.bfloat16,1,512,96,2048,"6,7",2,4,,,12,1,4,8,4,8,2,1,1,3,,0.01,0.03,0.5,complement,full,0.25,reach_gain_frontier,4,0,0,1,1,0,1,auto,False,False,81ea7775bbda8fed1e0edc00a612ee3d8bb3f3ae
llama3_b8_combo_transfer_2_4_e16,8,0.7,llama3,DUET,layerskip-llama3-8B,Qwama-0.5B-Instruct,torch.bfloat16,torch.bfloat16,1,512,96,2048,"6,7",2,4,,,16,1,4,8,4,8,2,1,1,3,,0.01,0.03,0.5,complement,full,0.25,reach_gain_frontier,4,0,0,1,1,0,1,auto,False,False,81ea7775bbda8fed1e0edc00a612ee3d8bb3f3ae
llama3_b8_transfer_smoke,8,0.7,llama3,DUET,layerskip-llama3-8B,Qwama-0.5B-Instruct,torch.bfloat16,torch.bfloat16,1,512,24,2048,"6,7",1,3,,,12,3,2,6,2,6,2,1,1,3,,0.01,0.03,0.5,complement,full,0.25,reach_gain_frontier,4,0,0,1,1,0,1,auto,False,False,81ea7775bbda8fed1e0edc00a612ee3d8bb3f3ae
llama3_b8_duet_e16_k4_2,8,0.7,llama3,DUET,layerskip-llama3-8B,Qwama-0.5B-Instruct,torch.bfloat16,torch.bfloat16,1,512,96,2048,"6,7",4,2,,,16,3,8,4,8,4,2,2,1,5,,0.01,0.03,0.5,complement,full,0.25,reach_gain_frontier,4,0,0,1,1,0,1,auto,False,False,f041ebd6ab3f8e45c302198491e7c274b7a3a71b
llama3_b8_duet_e21_k4_2,8,0.7,llama3,DUET,layerskip-llama3-8B,Qwama-0.5B-Instruct,torch.bfloat16,torch.bfloat16,1,512,96,2048,"6,7",4,2,,,21,3,8,4,8,4,2,2,1,5,,0.01,0.03,0.5,complement,full,0.25,reach_gain_frontier,4,0,0,1,1,0,1,auto,False,False,f041ebd6ab3f8e45c302198491e7c274b7a3a71b
llama3_b8_duet_e26_k4_2,8,0.7,llama3,DUET,layerskip-llama3-8B,Qwama-0.5B-Instruct,torch.bfloat16,torch.bfloat16,1,512,96,2048,"6,7",4,2,,,26,3,8,4,8,4,2,2,1,5,,0.01,0.03,0.5,complement,full,0.25,reach_gain_frontier,4,0,0,1,1,0,1,auto,False,False,8ddfe62b703207a1c79e9561befef8924cb6de8b
llama3_b8_duet_e30_k4_2,8,0.7,llama3,DUET,layerskip-llama3-8B,Qwama-0.5B-Instruct,torch.bfloat16,torch.bfloat16,1,512,96,2048,"6,7",4,2,,,30,3,8,4,8,4,2,2,1,5,,0.01,0.03,0.5,complement,full,0.25,reach_gain_frontier,4,0,0,1,1,0,1,auto,False,False,baa1c2c936602e6d2d8447ff8b4010cf686cc78d
llama3_b8_refine_e21_k3_2_r1,8,0.7,llama3,DUET,layerskip-llama3-8B,Qwama-0.5B-Instruct,torch.bfloat16,torch.bfloat16,1,512,96,2048,"6,7",3,2,,,21,3,6,4,6,4,1,2,1,4,,0.01,0.03,0.5,complement,full,0.25,reach_gain_frontier,4,0,0,1,1,0,1,auto,False,False,baa1c2c936602e6d2d8447ff8b4010cf686cc78d
llama3_b8_refine_e21_k4_2_r1,8,0.7,llama3,DUET,layerskip-llama3-8B,Qwama-0.5B-Instruct,torch.bfloat16,torch.bfloat16,1,512,96,2048,"6,7",4,2,,,21,3,8,4,8,4,1,2,1,5,,0.01,0.03,0.5,complement,full,0.25,reach_gain_frontier,4,0,0,1,1,0,1,auto,False,False,baa1c2c936602e6d2d8447ff8b4010cf686cc78d
llama3_b8_refine_e30_k2_1_r2,8,0.7,llama3,DUET,layerskip-llama3-8B,Qwama-0.5B-Instruct,torch.bfloat16,torch.bfloat16,1,512,96,2048,"6,7",2,1,,,30,3,4,2,4,2,2,2,1,3,,0.01,0.03,0.5,complement,full,0.25,reach_gain_frontier,4,0,0,1,1,0,1,auto,False,False,baa1c2c936602e6d2d8447ff8b4010cf686cc78d
llama3_b8_refine_e30_k2_2_r2,8,0.7,llama3,DUET,layerskip-llama3-8B,Qwama-0.5B-Instruct,torch.bfloat16,torch.bfloat16,1,512,96,2048,"6,7",2,2,,,30,3,4,4,4,4,2,2,1,3,,0.01,0.03,0.5,complement,full,0.25,reach_gain_frontier,4,0,0,1,1,0,1,auto,False,False,baa1c2c936602e6d2d8447ff8b4010cf686cc78d
llama3_b8_refine_e30_k3_1_r2,8,0.7,llama3,DUET,layerskip-llama3-8B,Qwama-0.5B-Instruct,torch.bfloat16,torch.bfloat16,1,512,96,2048,"6,7",3,1,,,30,3,6,2,6,2,2,2,1,4,,0.01,0.03,0.5,complement,full,0.25,reach_gain_frontier,4,0,0,1,1,0,1,auto,False,False,baa1c2c936602e6d2d8447ff8b4010cf686cc78d
llama3_b8_refine_e30_k3_2_r1,8,0.7,llama3,DUET,layerskip-llama3-8B,Qwama-0.5B-Instruct,torch.bfloat16,torch.bfloat16,1,512,96,2048,"6,7",3,2,,,30,3,6,4,6,4,1,2,1,4,,0.01,0.03,0.5,complement,full,0.25,reach_gain_frontier,4,0,0,1,1,0,1,auto,False,False,baa1c2c936602e6d2d8447ff8b4010cf686cc78d
llama3_b8_refine_e30_k4_2_r1,8,0.7,llama3,DUET,layerskip-llama3-8B,Qwama-0.5B-Instruct,torch.bfloat16,torch.bfloat16,1,512,96,2048,"6,7",4,2,,,30,3,8,4,8,4,1,2,1,5,,0.01,0.03,0.5,complement,full,0.25,reach_gain_frontier,4,0,0,1,1,0,1,auto,False,False,baa1c2c936602e6d2d8447ff8b4010cf686cc78d
llama3_b8_refine_e26_k3_1_r2,8,0.7,llama3,DUET,layerskip-llama3-8B,Qwama-0.5B-Instruct,torch.bfloat16,torch.bfloat16,1,512,96,2048,"6,7",3,1,,,26,3,6,2,6,2,2,2,1,4,,0.01,0.03,0.5,complement,full,0.25,reach_gain_frontier,4,0,0,1,1,0,1,auto,False,False,a3298235676eb40edcdc2f6805b99485ac33e126
llama3_b8_refine_e26_k3_2_r2,8,0.7,llama3,DUET,layerskip-llama3-8B,Qwama-0.5B-Instruct,torch.bfloat16,torch.bfloat16,1,512,96,2048,"6,7",3,2,,,26,3,6,4,6,4,2,2,1,4,,0.01,0.03,0.5,complement,full,0.25,reach_gain_frontier,4,0,0,1,1,0,1,auto,False,False,a3298235676eb40edcdc2f6805b99485ac33e126
llama3_b8_refine_e30_k3_2_r2,8,0.7,llama3,DUET,layerskip-llama3-8B,Qwama-0.5B-Instruct,torch.bfloat16,torch.bfloat16,1,512,96,2048,"6,7",3,2,,,30,3,6,4,6,4,2,2,1,4,,0.01,0.03,0.5,complement,full,0.25,reach_gain_frontier,4,0,0,1,1,0,1,auto,False,False,a3298235676eb40edcdc2f6805b99485ac33e126
llama3_b8_refine_e30_k4_1_r2,8,0.7,llama3,DUET,layerskip-llama3-8B,Qwama-0.5B-Instruct,torch.bfloat16,torch.bfloat16,1,512,96,2048,"6,7",4,1,,,30,3,8,2,8,2,2,2,1,5,,0.01,0.03,0.5,complement,full,0.25,reach_gain_frontier,4,0,0,1,1,0,1,auto,False,False,a3298235676eb40edcdc2f6805b99485ac33e126
llama3_b8_refine_e30_k6_1_r2,8,0.7,llama3,DUET,layerskip-llama3-8B,Qwama-0.5B-Instruct,torch.bfloat16,torch.bfloat16,1,512,96,2048,"6,7",6,1,,,30,3,12,2,12,2,2,2,1,7,,0.01,0.03,0.5,complement,full,0.25,reach_gain_frontier,4,0,0,1,1,0,1,auto,False,False,a3298235676eb40edcdc2f6805b99485ac33e126
llama3_b8_refine_e30_k6_2_r2,8,0.7,llama3,DUET,layerskip-llama3-8B,Qwama-0.5B-Instruct,torch.bfloat16,torch.bfloat16,1,512,96,2048,"6,7",6,2,,,30,3,12,4,12,4,2,2,1,7,,0.01,0.03,0.5,complement,full,0.25,reach_gain_frontier,4,0,0,1,1,0,1,auto,False,False,a3298235676eb40edcdc2f6805b99485ac33e126
llama3_b8_refine_e31_k3_1_r2,8,0.7,llama3,DUET,layerskip-llama3-8B,Qwama-0.5B-Instruct,torch.bfloat16,torch.bfloat16,1,512,96,2048,"6,7",3,1,,,31,3,6,2,6,2,2,2,1,4,,0.01,0.03,0.5,complement,full,0.25,reach_gain_frontier,4,0,0,1,1,0,1,auto,False,False,a3298235676eb40edcdc2f6805b99485ac33e126
llama3_b8_refine_e31_k3_2_r2,8,0.7,llama3,DUET,layerskip-llama3-8B,Qwama-0.5B-Instruct,torch.bfloat16,torch.bfloat16,1,512,96,2048,"6,7",3,2,,,31,3,6,4,6,4,2,2,1,4,,0.01,0.03,0.5,complement,full,0.25,reach_gain_frontier,4,0,0,1,1,0,1,auto,False,False,a3298235676eb40edcdc2f6805b99485ac33e126
llama3_b8_ssd_refine_k2_f7,8,0.7,llama3,SSD,layerskip-llama3-8B,Qwama-0.5B-Instruct,torch.bfloat16,torch.bfloat16,1,512,96,2048,"6,7",,,2,7,,,,,,,,,,,,,,,,,,,2,,,,,,1,auto,False,False,a3298235676eb40edcdc2f6805b99485ac33e126
llama3_b8_ssd_refine_k2_f9,8,0.7,llama3,SSD,layerskip-llama3-8B,Qwama-0.5B-Instruct,torch.bfloat16,torch.bfloat16,1,512,96,2048,"6,7",,,2,9,,,,,,,,,,,,,,,,,,,2,,,,,,1,auto,False,False,a3298235676eb40edcdc2f6805b99485ac33e126
llama3_b8_ssd_refine_k3_f1,8,0.7,llama3,SSD,layerskip-llama3-8B,Qwama-0.5B-Instruct,torch.bfloat16,torch.bfloat16,1,512,96,2048,"6,7",,,3,1,,,,,,,,,,,,,,,,,,,3,,,,,,1,auto,False,False,a3298235676eb40edcdc2f6805b99485ac33e126
llama3_b8_ssd_refine_k4_f2,8,0.7,llama3,SSD,layerskip-llama3-8B,Qwama-0.5B-Instruct,torch.bfloat16,torch.bfloat16,1,512,96,2048,"6,7",,,4,2,,,,,,,,,,,,,,,,,,,4,,,,,,1,auto,False,False,a3298235676eb40edcdc2f6805b99485ac33e126
llama3_b8_ssd_refine_k5_f1,8,0.7,llama3,SSD,layerskip-llama3-8B,Qwama-0.5B-Instruct,torch.bfloat16,torch.bfloat16,1,512,96,2048,"6,7",,,5,1,,,,,,,,,,,,,,,,,,,5,,,,,,1,auto,False,False,a3298235676eb40edcdc2f6805b99485ac33e126
llama3_b8_ssd_refine_k6_f2,8,0.7,llama3,SSD,layerskip-llama3-8B,Qwama-0.5B-Instruct,torch.bfloat16,torch.bfloat16,1,512,96,2048,"6,7",,,6,2,,,,,,,,,,,,,,,,,,,6,,,,,,1,auto,False,False,a3298235676eb40edcdc2f6805b99485ac33e126
llama3_b8_ssd_k2_f1,8,0.7,llama3,SSD,layerskip-llama3-8B,Qwama-0.5B-Instruct,torch.bfloat16,torch.bfloat16,1,512,96,2048,"6,7",,,2,1,,,,,,,,,,,,,,,,,,,2,,,,,,1,auto,False,False,c4f05a675028763efc3b62d0dd3a1d920bdf1d4f
llama3_b8_ssd_k2_f3,8,0.7,llama3,SSD,layerskip-llama3-8B,Qwama-0.5B-Instruct,torch.bfloat16,torch.bfloat16,1,512,96,2048,"6,7",,,2,3,,,,,,,,,,,,,,,,,,,2,,,,,,1,auto,False,False,c4f05a675028763efc3b62d0dd3a1d920bdf1d4f
llama3_b8_ssd_k2_f5,8,0.7,llama3,SSD,layerskip-llama3-8B,Qwama-0.5B-Instruct,torch.bfloat16,torch.bfloat16,1,512,96,2048,"6,7",,,2,5,,,,,,,,,,,,,,,,,,,2,,,,,,1,auto,False,False,c4f05a675028763efc3b62d0dd3a1d920bdf1d4f
llama3_b8_ssd_k4_f1,8,0.7,llama3,SSD,layerskip-llama3-8B,Qwama-0.5B-Instruct,torch.bfloat16,torch.bfloat16,1,512,96,2048,"6,7",,,4,1,,,,,,,,,,,,,,,,,,,4,,,,,,1,auto,False,False,c4f05a675028763efc3b62d0dd3a1d920bdf1d4f
llama3_b8_ssd_k4_f3,8,0.7,llama3,SSD,layerskip-llama3-8B,Qwama-0.5B-Instruct,torch.bfloat16,torch.bfloat16,1,512,96,2048,"6,7",,,4,3,,,,,,,,,,,,,,,,,,,4,,,,,,1,auto,False,False,c4f05a675028763efc3b62d0dd3a1d920bdf1d4f
llama3_b8_ssd_k4_f5,8,0.7,llama3,SSD,layerskip-llama3-8B,Qwama-0.5B-Instruct,torch.bfloat16,torch.bfloat16,1,512,96,2048,"6,7",,,4,5,,,,,,,,,,,,,,,,,,,4,,,,,,1,auto,False,False,c4f05a675028763efc3b62d0dd3a1d920bdf1d4f
llama3_b8_ssd_k6_f1,8,0.7,llama3,SSD,layerskip-llama3-8B,Qwama-0.5B-Instruct,torch.bfloat16,torch.bfloat16,1,512,96,2048,"6,7",,,6,1,,,,,,,,,,,,,,,,,,,6,,,,,,1,auto,False,False,c4f05a675028763efc3b62d0dd3a1d920bdf1d4f
llama3_b8_ssd_k6_f3,8,0.7,llama3,SSD,layerskip-llama3-8B,Qwama-0.5B-Instruct,torch.bfloat16,torch.bfloat16,1,512,96,2048,"6,7",,,6,3,,,,,,,,,,,,,,,,,,,6,,,,,,1,auto,False,False,c4f05a675028763efc3b62d0dd3a1d920bdf1d4f
llama3_b8_ssd_k6_f5,8,0.7,llama3,SSD,layerskip-llama3-8B,Qwama-0.5B-Instruct,torch.bfloat16,torch.bfloat16,1,512,96,2048,"6,7",,,6,5,,,,,,,,,,,,,,,,,,,6,,,,,,1,auto,False,False,c4f05a675028763efc3b62d0dd3a1d920bdf1d4f
llama3_b8_ssd_k8_f1,8,0.7,llama3,SSD,layerskip-llama3-8B,Qwama-0.5B-Instruct,torch.bfloat16,torch.bfloat16,1,512,96,2048,"6,7",,,8,1,,,,,,,,,,,,,,,,,,,8,,,,,,1,auto,False,False,c4f05a675028763efc3b62d0dd3a1d920bdf1d4f
llama3_b8_ssd_k8_f3,8,0.7,llama3,SSD,layerskip-llama3-8B,Qwama-0.5B-Instruct,torch.bfloat16,torch.bfloat16,1,512,96,2048,"6,7",,,8,3,,,,,,,,,,,,,,,,,,,8,,,,,,1,auto,False,False,c4f05a675028763efc3b62d0dd3a1d920bdf1d4f
llama3_b8_ssd_k8_f5,8,0.7,llama3,SSD,layerskip-llama3-8B,Qwama-0.5B-Instruct,torch.bfloat16,torch.bfloat16,1,512,96,2048,"6,7",,,8,5,,,,,,,,,,,,,,,,,,,8,,,,,,1,auto,False,False,f041ebd6ab3f8e45c302198491e7c274b7a3a71b
llama3_b8_tree_al_compute3,8,0.7,llama3,DUET,layerskip-llama3-8B,Qwama-0.5B-Instruct,torch.bfloat16,torch.bfloat16,1,512,96,2048,"6,7",6,2,,,30,3,12,4,12,4,2,3,1,7,,0.01,0.03,0.5,complement,full,0.25,reach_gain_frontier,4,0,0,1,1,0,1,auto,False,False,58326e9c3f53374028d73f93e3fe738a52608938
llama3_b8_tree_al_width1,8,0.7,llama3,DUET,layerskip-llama3-8B,Qwama-0.5B-Instruct,torch.bfloat16,torch.bfloat16,1,512,96,2048,"6,7",6,2,,,30,1,6,2,6,2,2,2,1,7,,0.01,0.03,0.5,complement,full,0.25,reach_gain_frontier,4,0,0,1,1,0,1,auto,False,False,58326e9c3f53374028d73f93e3fe738a52608938
llama3_b8_tree_al_width2,8,0.7,llama3,DUET,layerskip-llama3-8B,Qwama-0.5B-Instruct,torch.bfloat16,torch.bfloat16,1,512,96,2048,"6,7",6,2,,,30,2,12,4,12,4,2,2,1,7,,0.01,0.03,0.5,complement,full,0.25,reach_gain_frontier,4,0,0,1,1,0,1,auto,False,False,58326e9c3f53374028d73f93e3fe738a52608938
llama3_b8_tree_align_exit21,8,0.7,llama3,DUET,layerskip-llama3-8B,Qwama-0.5B-Instruct,torch.bfloat16,torch.bfloat16,1,512,96,2048,"6,7",3,1,,,21,3,6,2,6,2,2,2,1,4,,0.01,0.03,0.5,complement,full,0.25,reach_gain_frontier,4,0,0,1,1,0,1,auto,False,False,58326e9c3f53374028d73f93e3fe738a52608938
llama3_b8_tree_align_exit23,8,0.7,llama3,DUET,layerskip-llama3-8B,Qwama-0.5B-Instruct,torch.bfloat16,torch.bfloat16,1,512,96,2048,"6,7",3,1,,,23,3,6,2,6,2,2,2,1,4,,0.01,0.03,0.5,complement,full,0.25,reach_gain_frontier,4,0,0,1,1,0,1,auto,False,False,58326e9c3f53374028d73f93e3fe738a52608938
llama3_b8_tree_align_exit25,8,0.7,llama3,DUET,layerskip-llama3-8B,Qwama-0.5B-Instruct,torch.bfloat16,torch.bfloat16,1,512,96,2048,"6,7",3,1,,,25,3,6,2,6,2,2,2,1,4,,0.01,0.03,0.5,complement,full,0.25,reach_gain_frontier,4,0,0,1,1,0,1,auto,False,False,58326e9c3f53374028d73f93e3fe738a52608938
llama3_b8_tree_beta0,8,0.7,llama3,DUET,layerskip-llama3-8B,Qwama-0.5B-Instruct,torch.bfloat16,torch.bfloat16,1,512,96,2048,"6,7",3,1,,,26,3,6,2,6,2,2,2,1,4,,0.01,0.03,0.0,complement,full,0.25,reach_gain_frontier,4,0,0,1,1,0,1,auto,False,False,58326e9c3f53374028d73f93e3fe738a52608938
llama3_b8_tree_beta1,8,0.7,llama3,DUET,layerskip-llama3-8B,Qwama-0.5B-Instruct,torch.bfloat16,torch.bfloat16,1,512,96,2048,"6,7",3,1,,,26,3,6,2,6,2,2,2,1,4,,0.01,0.03,1.0,complement,full,0.25,reach_gain_frontier,4,0,0,1,1,0,1,auto,False,False,58326e9c3f53374028d73f93e3fe738a52608938
llama3_b8_tree_compute3,8,0.7,llama3,DUET,layerskip-llama3-8B,Qwama-0.5B-Instruct,torch.bfloat16,torch.bfloat16,1,512,96,2048,"6,7",3,1,,,26,3,6,2,6,2,2,3,1,4,,0.01,0.03,0.5,complement,full,0.25,reach_gain_frontier,4,0,0,1,1,0,1,auto,False,False,58326e9c3f53374028d73f93e3fe738a52608938
llama3_b8_tree_no_floors,8,0.7,llama3,DUET,layerskip-llama3-8B,Qwama-0.5B-Instruct,torch.bfloat16,torch.bfloat16,1,512,96,2048,"6,7",3,1,,,26,3,6,2,6,2,2,2,1,4,,0.0,0.0,0.5,complement,full,0.25,reach_gain_frontier,4,0,0,1,1,0,1,auto,False,False,58326e9c3f53374028d73f93e3fe738a52608938
llama3_b8_tree_nodes_high,8,0.7,llama3,DUET,layerskip-llama3-8B,Qwama-0.5B-Instruct,torch.bfloat16,torch.bfloat16,1,512,96,2048,"6,7",3,1,,,26,3,9,3,9,3,2,2,1,4,,0.01,0.03,0.5,complement,full,0.25,reach_gain_frontier,4,0,0,1,1,0,1,auto,False,False,58326e9c3f53374028d73f93e3fe738a52608938
llama3_b8_tree_nodes_low,8,0.7,llama3,DUET,layerskip-llama3-8B,Qwama-0.5B-Instruct,torch.bfloat16,torch.bfloat16,1,512,96,2048,"6,7",3,1,,,26,3,3,1,3,1,2,2,1,4,,0.01,0.03,0.5,complement,full,0.25,reach_gain_frontier,4,0,0,1,1,0,1,auto,False,False,58326e9c3f53374028d73f93e3fe738a52608938
llama3_b8_tree_p2budget12,8,0.7,llama3,DUET,layerskip-llama3-8B,Qwama-0.5B-Instruct,torch.bfloat16,torch.bfloat16,1,512,96,2048,"6,7",3,1,,,26,3,6,2,6,2,2,2,1,12,,0.01,0.03,0.5,complement,full,0.25,reach_gain_frontier,4,0,0,1,1,0,1,auto,False,False,58326e9c3f53374028d73f93e3fe738a52608938
llama3_b8_tree_p2budget3,8,0.7,llama3,DUET,layerskip-llama3-8B,Qwama-0.5B-Instruct,torch.bfloat16,torch.bfloat16,1,512,96,2048,"6,7",3,1,,,26,3,6,2,6,2,2,2,1,3,,0.01,0.03,0.5,complement,full,0.25,reach_gain_frontier,4,0,0,1,1,0,1,auto,False,False,58326e9c3f53374028d73f93e3fe738a52608938
llama3_b8_tree_p2budget8,8,0.7,llama3,DUET,layerskip-llama3-8B,Qwama-0.5B-Instruct,torch.bfloat16,torch.bfloat16,1,512,96,2048,"6,7",3,1,,,26,3,6,2,6,2,2,2,1,8,,0.01,0.03,0.5,complement,full,0.25,reach_gain_frontier,4,0,0,1,1,0,1,auto,False,False,58326e9c3f53374028d73f93e3fe738a52608938
llama3_b8_tree_roots1_compute1,8,0.7,llama3,DUET,layerskip-llama3-8B,Qwama-0.5B-Instruct,torch.bfloat16,torch.bfloat16,1,512,96,2048,"6,7",3,1,,,26,3,6,2,6,2,1,1,1,4,,0.01,0.03,0.5,complement,full,0.25,reach_gain_frontier,4,0,0,1,1,0,1,auto,False,False,a3298235676eb40edcdc2f6805b99485ac33e126
llama3_b8_tree_roots2_compute1,8,0.7,llama3,DUET,layerskip-llama3-8B,Qwama-0.5B-Instruct,torch.bfloat16,torch.bfloat16,1,512,96,2048,"6,7",3,1,,,26,3,6,2,6,2,2,1,1,4,,0.01,0.03,0.5,complement,full,0.25,reach_gain_frontier,4,0,0,1,1,0,1,auto,False,False,a3298235676eb40edcdc2f6805b99485ac33e126
llama3_b8_tree_roots3,8,0.7,llama3,DUET,layerskip-llama3-8B,Qwama-0.5B-Instruct,torch.bfloat16,torch.bfloat16,1,512,96,2048,"6,7",3,1,,,26,3,6,2,6,2,3,2,1,4,,0.01,0.03,0.5,complement,full,0.25,reach_gain_frontier,4,0,0,1,1,0,1,auto,False,False,58326e9c3f53374028d73f93e3fe738a52608938
llama3_b8_tree_width1,8,0.7,llama3,DUET,layerskip-llama3-8B,Qwama-0.5B-Instruct,torch.bfloat16,torch.bfloat16,1,512,96,2048,"6,7",3,1,,,26,1,3,1,3,1,2,2,1,4,,0.01,0.03,0.5,complement,full,0.25,reach_gain_frontier,4,0,0,1,1,0,1,auto,False,False,58326e9c3f53374028d73f93e3fe738a52608938
llama3_b8_tree_width2,8,0.7,llama3,DUET,layerskip-llama3-8B,Qwama-0.5B-Instruct,torch.bfloat16,torch.bfloat16,1,512,96,2048,"6,7",3,1,,,26,2,6,2,6,2,2,2,1,4,,0.01,0.03,0.5,complement,full,0.25,reach_gain_frontier,4,0,0,1,1,0,1,auto,False,False,58326e9c3f53374028d73f93e3fe738a52608938
llama3_b8_warm_confirm_grow_k1,8,0.7,llama3,DUET,layerskip-llama3-8B,Qwama-0.5B-Instruct,torch.bfloat16,torch.bfloat16,1,512,96,2048,"6,7",4,1,,,26,1,4,1,4,1,2,2,1,5,,0.01,0.03,0.5,complement,full,0.25,reach_gain_frontier,4,0,0,1,1,0,1,auto,False,False,81ea7775bbda8fed1e0edc00a612ee3d8bb3f3ae
llama3_b8_warm_confirm_grow_k2,8,0.7,llama3,DUET,layerskip-llama3-8B,Qwama-0.5B-Instruct,torch.bfloat16,torch.bfloat16,1,512,96,2048,"6,7",3,2,,,26,1,3,2,3,2,2,2,1,4,,0.01,0.03,0.5,complement,full,0.25,reach_gain_frontier,4,0,0,1,1,0,1,auto,False,False,81ea7775bbda8fed1e0edc00a612ee3d8bb3f3ae
llama3_b8_warm_diagnostic_grow_k1,8,0.7,llama3,DUET,layerskip-llama3-8B,Qwama-0.5B-Instruct,torch.bfloat16,torch.bfloat16,1,512,96,2048,"6,7",4,1,,,26,1,4,1,4,1,2,2,1,5,,0.01,0.03,0.5,complement,full,0.25,reach_gain_frontier,4,0,0,1,1,0,1,auto,False,False,81ea7775bbda8fed1e0edc00a612ee3d8bb3f3ae
llama3_b8_warm_diagnostic_grow_k2,8,0.7,llama3,DUET,layerskip-llama3-8B,Qwama-0.5B-Instruct,torch.bfloat16,torch.bfloat16,1,512,96,2048,"6,7",3,2,,,26,1,3,2,3,2,2,2,1,4,,0.01,0.03,0.5,complement,full,0.25,reach_gain_frontier,4,0,0,1,1,0,1,auto,False,False,81ea7775bbda8fed1e0edc00a612ee3d8bb3f3ae
llama3_b8_warm_duet_tree_1,8,0.7,llama3,DUET,layerskip-llama3-8B,Qwama-0.5B-Instruct,torch.bfloat16,torch.bfloat16,1,512,96,2048,"6,7",3,1,,,26,1,3,1,3,1,2,2,1,4,,0.01,0.03,0.5,complement,full,0.25,reach_gain_frontier,4,0,0,1,1,0,1,auto,False,False,81ea7775bbda8fed1e0edc00a612ee3d8bb3f3ae
llama3_b8_warm_duet_tree_2,8,0.7,llama3,DUET,layerskip-llama3-8B,Qwama-0.5B-Instruct,torch.bfloat16,torch.bfloat16,1,512,96,2048,"6,7",3,1,,,24,1,3,1,3,1,2,2,1,4,,0.01,0.03,0.5,complement,full,0.25,reach_gain_frontier,4,0,0,1,1,0,1,auto,False,False,81ea7775bbda8fed1e0edc00a612ee3d8bb3f3ae
llama3_b8_warm_duet_tree_3,8,0.7,llama3,DUET,layerskip-llama3-8B,Qwama-0.5B-Instruct,torch.bfloat16,torch.bfloat16,1,512,96,2048,"6,7",6,2,,,30,3,12,4,12,4,2,3,1,7,,0.01,0.03,0.5,complement,full,0.25,reach_gain_frontier,4,0,0,1,1,0,1,auto,False,False,81ea7775bbda8fed1e0edc00a612ee3d8bb3f3ae
llama3_b8_warm_duet_tree_4,8,0.7,llama3,DUET,layerskip-llama3-8B,Qwama-0.5B-Instruct,torch.bfloat16,torch.bfloat16,1,512,96,2048,"6,7",6,3,,,30,3,12,4,12,4,2,3,1,7,,0.01,0.03,0.5,complement,full,0.25,reach_gain_frontier,4,0,0,1,1,0,1,auto,False,False,81ea7775bbda8fed1e0edc00a612ee3d8bb3f3ae
llama3_b8_warm_ssd_1,8,0.7,llama3,SSD,layerskip-llama3-8B,Qwama-0.5B-Instruct,torch.bfloat16,torch.bfloat16,1,512,96,2048,"6,7",,,4,1,,,,,,,,,,,,,,,,,,,4,,,,,,1,auto,False,False,81ea7775bbda8fed1e0edc00a612ee3d8bb3f3ae
llama3_b8_warm_ssd_2,8,0.7,llama3,SSD,layerskip-llama3-8B,Qwama-0.5B-Instruct,torch.bfloat16,torch.bfloat16,1,512,96,2048,"6,7",,,2,5,,,,,,,,,,,,,,,,,,,2,,,,,,1,auto,False,False,81ea7775bbda8fed1e0edc00a612ee3d8bb3f3ae
llama3_b8_warm_ssd_3,8,0.7,llama3,SSD,layerskip-llama3-8B,Qwama-0.5B-Instruct,torch.bfloat16,torch.bfloat16,1,512,96,2048,"6,7",,,4,2,,,,,,,,,,,,,,,,,,,4,,,,,,1,auto,False,False,81ea7775bbda8fed1e0edc00a612ee3d8bb3f3ae
llama3_b8_warm_ssd_4,8,0.7,llama3,SSD,layerskip-llama3-8B,Qwama-0.5B-Instruct,torch.bfloat16,torch.bfloat16,1,512,96,2048,"6,7",,,8,3,,,,,,,,,,,,,,,,,,,8,,,,,,1,auto,False,False,81ea7775bbda8fed1e0edc00a612ee3d8bb3f3ae
llama3_b8_warm_ssd_5,8,0.7,llama3,SSD,layerskip-llama3-8B,Qwama-0.5B-Instruct,torch.bfloat16,torch.bfloat16,1,512,96,2048,"6,7",,,6,2,,,,,,,,,,,,,,,,,,,6,,,,,,1,auto,False,False,81ea7775bbda8fed1e0edc00a612ee3d8bb3f3ae
llama3_b1_opt_fast_r0,1,0.7,llama3,DUET,layerskip-llama3-8B,Qwama-0.5B-Instruct,torch.bfloat16,torch.bfloat16,1,512,128,2048,"4,5",4,2,,,16,3,8,4,8,4,2,2,1,5,,0.01,0.03,0.5,complement,full,0.25,reach_gain_frontier,4,1,0,1,1,0,1,auto,False,False,641f5ce88ead693790ced9a3261b01241c94e8f4
llama3_b8_opt_fast_r1,8,0.7,llama3,DUET,layerskip-llama3-8B,Qwama-0.5B-Instruct,torch.bfloat16,torch.bfloat16,1,512,128,2048,"4,5",3,2,,,26,1,3,2,3,2,2,2,1,4,,0.01,0.03,0.5,complement,full,0.25,reach_gain_frontier,4,1,0,1,1,0,1,auto,False,False,641f5ce88ead693790ced9a3261b01241c94e8f4
llama3_b8_opt_l0_profile_trim0,8,0.7,llama3,DUET,layerskip-llama3-8B,Qwama-0.5B-Instruct,torch.bfloat16,torch.bfloat16,1,512,128,2048,"4,5",3,2,,,26,1,3,2,3,2,2,2,1,4,,0.01,0.03,0.5,complement,full,0.25,reach_gain_frontier,4,0,0,1,1,0,1,auto,False,False,641f5ce88ead693790ced9a3261b01241c94e8f4
llama3_b8_opt_l0_profile_trim1,8,0.7,llama3,DUET,layerskip-llama3-8B,Qwama-0.5B-Instruct,torch.bfloat16,torch.bfloat16,1,512,128,2048,"4,5",3,2,,,26,1,3,2,3,2,2,2,1,4,,0.01,0.03,0.5,complement,full,0.25,reach_gain_frontier,4,1,0,1,1,0,1,auto,False,False,641f5ce88ead693790ced9a3261b01241c94e8f4
llama3_b1_opt_fast_r1,1,0.7,llama3,DUET,layerskip-llama3-8B,Qwama-0.5B-Instruct,torch.bfloat16,torch.bfloat16,1,512,128,2048,"6,7",4,2,,,16,3,8,4,8,4,2,2,1,5,,0.01,0.03,0.5,complement,full,0.25,reach_gain_frontier,4,1,0,1,1,0,1,auto,False,False,641f5ce88ead693790ced9a3261b01241c94e8f4
llama3_b8_opt_al_r0,8,0.7,llama3,DUET,layerskip-llama3-8B,Qwama-0.5B-Instruct,torch.bfloat16,torch.bfloat16,1,512,128,2048,"6,7",6,3,,,30,3,12,4,12,4,2,3,1,7,,0.01,0.03,0.5,complement,full,0.25,reach_gain_frontier,4,1,0,1,1,0,1,auto,False,False,641f5ce88ead693790ced9a3261b01241c94e8f4
llama3_b8_opt_fast_r0,8,0.7,llama3,DUET,layerskip-llama3-8B,Qwama-0.5B-Instruct,torch.bfloat16,torch.bfloat16,1,512,128,2048,"6,7",3,2,,,26,1,3,2,3,2,2,2,1,4,,0.01,0.03,0.5,complement,full,0.25,reach_gain_frontier,4,1,0,1,1,0,1,auto,False,False,641f5ce88ead693790ced9a3261b01241c94e8f4
llama3_b8_opt_l1_profile_trim0,8,0.7,llama3,DUET,layerskip-llama3-8B,Qwama-0.5B-Instruct,torch.bfloat16,torch.bfloat16,1,512,128,2048,"6,7",3,2,,,26,1,3,2,3,2,2,2,1,4,,0.01,0.03,0.5,complement,full,0.25,reach_gain_frontier,4,0,0,1,1,0,1,auto,False,False,641f5ce88ead693790ced9a3261b01241c94e8f4
llama3_b8_opt_l1_profile_trim1,8,0.7,llama3,DUET,layerskip-llama3-8B,Qwama-0.5B-Instruct,torch.bfloat16,torch.bfloat16,1,512,128,2048,"6,7",3,2,,,26,1,3,2,3,2,2,2,1,4,,0.01,0.03,0.5,complement,full,0.25,reach_gain_frontier,4,1,0,1,1,0,1,auto,False,False,641f5ce88ead693790ced9a3261b01241c94e8f4
llama3_b8_postopt_final_r1,8,0.7,llama3,DUET,layerskip-llama3-8B,Qwama-0.5B-Instruct,torch.bfloat16,torch.bfloat16,1,512,128,2048,"4,5",3,2,,,28,1,3,2,3,2,2,2,1,4,,0.01,0.03,0.5,complement,full,0.25,reach_gain_frontier,4,1,1,1,1,0,1,auto,False,False,474eabb811920214c8a0bf29884844272afd0feb
llama3_b1_postopt_profile_exit_earlier,1,0.7,llama3,DUET,layerskip-llama3-8B,Qwama-0.5B-Instruct,torch.bfloat16,torch.bfloat16,1,512,128,2048,"4,5",4,2,,,14,3,8,4,8,4,2,2,1,5,,0.01,0.03,0.5,complement,full,0.25,reach_gain_frontier,4,1,1,1,1,0,1,auto,False,False,641f5ce88ead693790ced9a3261b01241c94e8f4
llama3_b1_postopt_profile_exit_later,1,0.7,llama3,DUET,layerskip-llama3-8B,Qwama-0.5B-Instruct,torch.bfloat16,torch.bfloat16,1,512,128,2048,"4,5",4,2,,,18,3,8,4,8,4,2,2,1,5,,0.01,0.03,0.5,complement,full,0.25,reach_gain_frontier,4,1,1,1,1,0,1,auto,False,False,641f5ce88ead693790ced9a3261b01241c94e8f4
llama3_b1_postopt_profile_k1_down,1,0.7,llama3,DUET,layerskip-llama3-8B,Qwama-0.5B-Instruct,torch.bfloat16,torch.bfloat16,1,512,128,2048,"4,5",3,2,,,16,3,8,4,8,4,2,2,1,4,,0.01,0.03,0.5,complement,full,0.25,reach_gain_frontier,4,1,1,1,1,0,1,auto,False,False,641f5ce88ead693790ced9a3261b01241c94e8f4
llama3_b1_postopt_profile_k2_down,1,0.7,llama3,DUET,layerskip-llama3-8B,Qwama-0.5B-Instruct,torch.bfloat16,torch.bfloat16,1,512,128,2048,"4,5",4,1,,,16,3,8,4,8,4,2,2,1,5,,0.01,0.03,0.5,complement,full,0.25,reach_gain_frontier,4,1,1,1,1,0,1,auto,False,False,641f5ce88ead693790ced9a3261b01241c94e8f4
llama3_b8_postopt_profile_exit_earlier,8,0.7,llama3,DUET,layerskip-llama3-8B,Qwama-0.5B-Instruct,torch.bfloat16,torch.bfloat16,1,512,128,2048,"4,5",3,2,,,24,1,3,2,3,2,2,2,1,4,,0.01,0.03,0.5,complement,full,0.25,reach_gain_frontier,4,1,1,1,1,0,1,auto,False,False,641f5ce88ead693790ced9a3261b01241c94e8f4
llama3_b8_postopt_profile_exit_later,8,0.7,llama3,DUET,layerskip-llama3-8B,Qwama-0.5B-Instruct,torch.bfloat16,torch.bfloat16,1,512,128,2048,"4,5",3,2,,,28,1,3,2,3,2,2,2,1,4,,0.01,0.03,0.5,complement,full,0.25,reach_gain_frontier,4,1,1,1,1,0,1,auto,False,False,641f5ce88ead693790ced9a3261b01241c94e8f4
llama3_b8_postopt_profile_k1_down,8,0.7,llama3,DUET,layerskip-llama3-8B,Qwama-0.5B-Instruct,torch.bfloat16,torch.bfloat16,1,512,128,2048,"4,5",2,2,,,26,1,3,2,3,2,2,2,1,3,,0.01,0.03,0.5,complement,full,0.25,reach_gain_frontier,4,1,1,1,1,0,1,auto,False,False,641f5ce88ead693790ced9a3261b01241c94e8f4
llama3_b8_postopt_profile_k2_down,8,0.7,llama3,DUET,layerskip-llama3-8B,Qwama-0.5B-Instruct,torch.bfloat16,torch.bfloat16,1,512,128,2048,"4,5",3,1,,,26,1,3,2,3,2,2,2,1,4,,0.01,0.03,0.5,complement,full,0.25,reach_gain_frontier,4,1,1,1,1,0,1,auto,False,False,641f5ce88ead693790ced9a3261b01241c94e8f4
llama3_b1_postopt_warm_0,1,0.7,llama3,DUET,layerskip-llama3-8B,Qwama-0.5B-Instruct,torch.bfloat16,torch.bfloat16,1,512,128,2048,"4,5",4,1,,,16,3,8,4,8,4,2,2,1,5,,0.01,0.03,0.5,complement,full,0.25,reach_gain_frontier,4,1,1,1,1,0,1,auto,False,False,641f5ce88ead693790ced9a3261b01241c94e8f4
llama3_b1_postopt_warm_1,1,0.7,llama3,DUET,layerskip-llama3-8B,Qwama-0.5B-Instruct,torch.bfloat16,torch.bfloat16,1,512,128,2048,"4,5",4,2,,,18,3,8,4,8,4,2,2,1,5,,0.01,0.03,0.5,complement,full,0.25,reach_gain_frontier,4,1,1,1,1,0,1,auto,False,False,641f5ce88ead693790ced9a3261b01241c94e8f4
llama3_b1_postopt_warm_2,1,0.7,llama3,DUET,layerskip-llama3-8B,Qwama-0.5B-Instruct,torch.bfloat16,torch.bfloat16,1,512,128,2048,"4,5",4,2,,,16,3,8,4,8,4,2,2,1,5,,0.01,0.03,0.5,complement,full,0.25,reach_gain_frontier,4,1,1,1,1,0,1,auto,False,False,641f5ce88ead693790ced9a3261b01241c94e8f4
llama3_b1_postopt_warm_3,1,0.7,llama3,DUET,layerskip-llama3-8B,Qwama-0.5B-Instruct,torch.bfloat16,torch.bfloat16,1,512,128,2048,"4,5",4,2,,,16,3,8,4,8,4,2,2,1,5,,0.01,0.03,0.5,complement,full,0.25,reach_gain_frontier,4,1,0,1,1,0,1,auto,False,False,641f5ce88ead693790ced9a3261b01241c94e8f4
llama3_b8_postopt_warm_0,8,0.7,llama3,DUET,layerskip-llama3-8B,Qwama-0.5B-Instruct,torch.bfloat16,torch.bfloat16,1,512,128,2048,"4,5",3,1,,,26,1,3,2,3,2,2,2,1,4,,0.01,0.03,0.5,complement,full,0.25,reach_gain_frontier,4,1,1,1,1,0,1,auto,False,False,641f5ce88ead693790ced9a3261b01241c94e8f4
llama3_b8_postopt_warm_1,8,0.7,llama3,DUET,layerskip-llama3-8B,Qwama-0.5B-Instruct,torch.bfloat16,torch.bfloat16,1,512,128,2048,"4,5",3,2,,,28,1,3,2,3,2,2,2,1,4,,0.01,0.03,0.5,complement,full,0.25,reach_gain_frontier,4,1,1,1,1,0,1,auto,False,False,641f5ce88ead693790ced9a3261b01241c94e8f4
llama3_b8_postopt_warm_2,8,0.7,llama3,DUET,layerskip-llama3-8B,Qwama-0.5B-Instruct,torch.bfloat16,torch.bfloat16,1,512,128,2048,"4,5",3,2,,,26,1,3,2,3,2,2,2,1,4,,0.01,0.03,0.5,complement,full,0.25,reach_gain_frontier,4,1,1,1,1,0,1,auto,False,False,641f5ce88ead693790ced9a3261b01241c94e8f4
llama3_b8_postopt_warm_3,8,0.7,llama3,DUET,layerskip-llama3-8B,Qwama-0.5B-Instruct,torch.bfloat16,torch.bfloat16,1,512,128,2048,"4,5",3,2,,,26,1,3,2,3,2,2,2,1,4,,0.01,0.03,0.5,complement,full,0.25,reach_gain_frontier,4,1,0,1,1,0,1,auto,False,False,641f5ce88ead693790ced9a3261b01241c94e8f4
llama3_b8_postopt_final_r0,8,0.7,llama3,DUET,layerskip-llama3-8B,Qwama-0.5B-Instruct,torch.bfloat16,torch.bfloat16,1,512,128,2048,"6,7",3,2,,,28,1,3,2,3,2,2,2,1,4,,0.01,0.03,0.5,complement,full,0.25,reach_gain_frontier,4,1,1,1,1,0,1,auto,False,False,474eabb811920214c8a0bf29884844272afd0feb
llama3_b8_stability_final_r1,8,0.7,llama3,DUET,layerskip-llama3-8B,Qwama-0.5B-Instruct,torch.bfloat16,torch.bfloat16,1,512,128,2048,"4,5",3,1,,,26,1,3,1,3,1,2,2,1,4,,0.01,0.03,0.5,complement,full,0.25,reach_gain_frontier,4,1,0,1,1,0,1,auto,False,False,474eabb811920214c8a0bf29884844272afd0feb
llama3_b8_stability_ssd_control,8,0.7,llama3,SSD,layerskip-llama3-8B,Qwama-0.5B-Instruct,torch.bfloat16,torch.bfloat16,1,512,128,2048,"4,5",,,4,1,,,,,,,,,,,,,,,,,,,4,,,,,,1,auto,False,False,474eabb811920214c8a0bf29884844272afd0feb
llama3_b8_stability_warm_0,8,0.7,llama3,DUET,layerskip-llama3-8B,Qwama-0.5B-Instruct,torch.bfloat16,torch.bfloat16,1,512,128,2048,"4,5",3,1,,,26,1,3,2,3,2,2,2,1,4,,0.01,0.03,0.5,complement,full,0.25,reach_gain_frontier,4,1,1,1,1,0,1,auto,False,False,474eabb811920214c8a0bf29884844272afd0feb
llama3_b8_stability_warm_1,8,0.7,llama3,DUET,layerskip-llama3-8B,Qwama-0.5B-Instruct,torch.bfloat16,torch.bfloat16,1,512,128,2048,"4,5",3,2,,,28,1,3,2,3,2,2,2,1,4,,0.01,0.03,0.5,complement,full,0.25,reach_gain_frontier,4,1,1,1,1,0,1,auto,False,False,474eabb811920214c8a0bf29884844272afd0feb
llama3_b8_stability_warm_2,8,0.7,llama3,DUET,layerskip-llama3-8B,Qwama-0.5B-Instruct,torch.bfloat16,torch.bfloat16,1,512,128,2048,"4,5",3,2,,,26,1,3,2,3,2,2,2,1,4,,0.01,0.03,0.5,complement,full,0.25,reach_gain_frontier,4,1,1,1,1,0,1,auto,False,False,474eabb811920214c8a0bf29884844272afd0feb
llama3_b8_stability_warm_3,8,0.7,llama3,DUET,layerskip-llama3-8B,Qwama-0.5B-Instruct,torch.bfloat16,torch.bfloat16,1,512,128,2048,"4,5",3,2,,,26,1,3,2,3,2,2,2,1,4,,0.01,0.03,0.5,complement,full,0.25,reach_gain_frontier,4,1,0,1,1,0,1,auto,False,False,474eabb811920214c8a0bf29884844272afd0feb
llama3_b8_stability_warm_4,8,0.7,llama3,DUET,layerskip-llama3-8B,Qwama-0.5B-Instruct,torch.bfloat16,torch.bfloat16,1,512,128,2048,"4,5",3,1,,,26,1,3,1,3,1,2,2,1,4,,0.01,0.03,0.5,complement,full,0.25,reach_gain_frontier,4,1,0,1,1,0,1,auto,False,False,474eabb811920214c8a0bf29884844272afd0feb
llama3_b8_stability_warm_5,8,0.7,llama3,DUET,layerskip-llama3-8B,Qwama-0.5B-Instruct,torch.bfloat16,torch.bfloat16,1,512,128,2048,"4,5",3,1,,,26,1,3,1,3,1,2,2,1,4,,0.01,0.03,0.5,complement,full,0.25,reach_gain_frontier,4,1,1,1,1,0,1,auto,False,False,474eabb811920214c8a0bf29884844272afd0feb
llama3_b8_stability_warm_6,8,0.7,llama3,DUET,layerskip-llama3-8B,Qwama-0.5B-Instruct,torch.bfloat16,torch.bfloat16,1,512,128,2048,"4,5",3,1,,,24,1,3,1,3,1,2,2,1,4,,0.01,0.03,0.5,complement,full,0.25,reach_gain_frontier,4,1,0,1,1,0,1,auto,False,False,474eabb811920214c8a0bf29884844272afd0feb
llama3_b8_stability_warm_7,8,0.7,llama3,DUET,layerskip-llama3-8B,Qwama-0.5B-Instruct,torch.bfloat16,torch.bfloat16,1,512,128,2048,"4,5",3,1,,,24,1,3,1,3,1,2,2,1,4,,0.01,0.03,0.5,complement,full,0.25,reach_gain_frontier,4,1,1,1,1,0,1,auto,False,False,474eabb811920214c8a0bf29884844272afd0feb
llama3_b8_stability_final_r0,8,0.7,llama3,DUET,layerskip-llama3-8B,Qwama-0.5B-Instruct,torch.bfloat16,torch.bfloat16,1,512,128,2048,"6,7",3,1,,,26,1,3,1,3,1,2,2,1,4,,0.01,0.03,0.5,complement,full,0.25,reach_gain_frontier,4,1,0,1,1,0,1,auto,False,False,474eabb811920214c8a0bf29884844272afd0feb
llama3_b8_stability_profile_0,8,0.7,llama3,DUET,layerskip-llama3-8B,Qwama-0.5B-Instruct,torch.bfloat16,torch.bfloat16,1,512,128,2048,"6,7",3,1,,,26,1,3,2,3,2,2,2,1,4,,0.01,0.03,0.5,complement,full,0.25,reach_gain_frontier,4,1,1,1,1,0,1,auto,False,False,474eabb811920214c8a0bf29884844272afd0feb
llama3_b8_stability_profile_1,8,0.7,llama3,DUET,layerskip-llama3-8B,Qwama-0.5B-Instruct,torch.bfloat16,torch.bfloat16,1,512,128,2048,"6,7",3,2,,,28,1,3,2,3,2,2,2,1,4,,0.01,0.03,0.5,complement,full,0.25,reach_gain_frontier,4,1,1,1,1,0,1,auto,False,False,474eabb811920214c8a0bf29884844272afd0feb
llama3_b8_stability_profile_2,8,0.7,llama3,DUET,layerskip-llama3-8B,Qwama-0.5B-Instruct,torch.bfloat16,torch.bfloat16,1,512,128,2048,"6,7",3,2,,,26,1,3,2,3,2,2,2,1,4,,0.01,0.03,0.5,complement,full,0.25,reach_gain_frontier,4,1,1,1,1,0,1,auto,False,False,474eabb811920214c8a0bf29884844272afd0feb
llama3_b8_stability_profile_3,8,0.7,llama3,DUET,layerskip-llama3-8B,Qwama-0.5B-Instruct,torch.bfloat16,torch.bfloat16,1,512,128,2048,"6,7",3,2,,,26,1,3,2,3,2,2,2,1,4,,0.01,0.03,0.5,complement,full,0.25,reach_gain_frontier,4,1,0,1,1,0,1,auto,False,False,474eabb811920214c8a0bf29884844272afd0feb
llama3_b8_stability_profile_4,8,0.7,llama3,DUET,layerskip-llama3-8B,Qwama-0.5B-Instruct,torch.bfloat16,torch.bfloat16,1,512,128,2048,"6,7",3,1,,,26,1,3,1,3,1,2,2,1,4,,0.01,0.03,0.5,complement,full,0.25,reach_gain_frontier,4,1,0,1,1,0,1,auto,False,False,474eabb811920214c8a0bf29884844272afd0feb
llama3_b8_stability_profile_5,8,0.7,llama3,DUET,layerskip-llama3-8B,Qwama-0.5B-Instruct,torch.bfloat16,torch.bfloat16,1,512,128,2048,"6,7",3,1,,,26,1,3,1,3,1,2,2,1,4,,0.01,0.03,0.5,complement,full,0.25,reach_gain_frontier,4,1,1,1,1,0,1,auto,False,False,474eabb811920214c8a0bf29884844272afd0feb
llama3_b8_stability_profile_6,8,0.7,llama3,DUET,layerskip-llama3-8B,Qwama-0.5B-Instruct,torch.bfloat16,torch.bfloat16,1,512,128,2048,"6,7",3,1,,,24,1,3,1,3,1,2,2,1,4,,0.01,0.03,0.5,complement,full,0.25,reach_gain_frontier,4,1,0,1,1,0,1,auto,False,False,474eabb811920214c8a0bf29884844272afd0feb
llama3_b8_stability_profile_7,8,0.7,llama3,DUET,layerskip-llama3-8B,Qwama-0.5B-Instruct,torch.bfloat16,torch.bfloat16,1,512,128,2048,"6,7",3,1,,,24,1,3,1,3,1,2,2,1,4,,0.01,0.03,0.5,complement,full,0.25,reach_gain_frontier,4,1,1,1,1,0,1,auto,False,False,474eabb811920214c8a0bf29884844272afd0feb
llama3_b1_stream_fast_r0,1,0.7,llama3,DUET,layerskip-llama3-8B,Qwama-0.5B-Instruct,torch.bfloat16,torch.bfloat16,1,512,128,2048,"4,5",4,2,,,16,3,8,4,8,4,2,2,1,5,,0.01,0.03,0.5,complement,full,0.25,reach_gain_frontier,4,1,1,1,1,0,1,auto,False,False,641f5ce88ead693790ced9a3261b01241c94e8f4
llama3_b8_stream_fast_r1,8,0.7,llama3,DUET,layerskip-llama3-8B,Qwama-0.5B-Instruct,torch.bfloat16,torch.bfloat16,1,512,128,2048,"4,5",3,2,,,26,1,3,2,3,2,2,2,1,4,,0.01,0.03,0.5,complement,full,0.25,reach_gain_frontier,4,1,1,1,1,0,1,auto,False,False,641f5ce88ead693790ced9a3261b01241c94e8f4
llama3_b1_stream_l0_profile_s0,1,0.7,llama3,DUET,layerskip-llama3-8B,Qwama-0.5B-Instruct,torch.bfloat16,torch.bfloat16,1,512,128,2048,"4,5",4,2,,,16,3,8,4,8,4,2,2,1,5,,0.01,0.03,0.5,complement,full,0.25,reach_gain_frontier,4,1,0,1,1,0,1,auto,False,False,641f5ce88ead693790ced9a3261b01241c94e8f4
llama3_b1_stream_l0_profile_s1,1,0.7,llama3,DUET,layerskip-llama3-8B,Qwama-0.5B-Instruct,torch.bfloat16,torch.bfloat16,1,512,128,2048,"4,5",4,2,,,16,3,8,4,8,4,2,2,1,5,,0.01,0.03,0.5,complement,full,0.25,reach_gain_frontier,4,1,1,1,1,0,1,auto,False,False,641f5ce88ead693790ced9a3261b01241c94e8f4
llama3_b8_stream_l0_greedy_smoke,8,0.0,llama3,DUET,layerskip-llama3-8B,Qwama-0.5B-Instruct,torch.bfloat16,torch.bfloat16,1,512,24,2048,"4,5",3,2,,,26,1,3,2,3,2,2,2,1,4,,0.01,0.03,0.5,complement,full,0.25,reach_gain_frontier,4,1,1,1,1,0,1,auto,False,False,641f5ce88ead693790ced9a3261b01241c94e8f4
llama3_b8_stream_l0_profile_s0,8,0.7,llama3,DUET,layerskip-llama3-8B,Qwama-0.5B-Instruct,torch.bfloat16,torch.bfloat16,1,512,128,2048,"4,5",3,2,,,26,1,3,2,3,2,2,2,1,4,,0.01,0.03,0.5,complement,full,0.25,reach_gain_frontier,4,1,0,1,1,0,1,auto,False,False,641f5ce88ead693790ced9a3261b01241c94e8f4
llama3_b8_stream_l0_profile_s1,8,0.7,llama3,DUET,layerskip-llama3-8B,Qwama-0.5B-Instruct,torch.bfloat16,torch.bfloat16,1,512,128,2048,"4,5",3,2,,,26,1,3,2,3,2,2,2,1,4,,0.01,0.03,0.5,complement,full,0.25,reach_gain_frontier,4,1,1,1,1,0,1,auto,False,False,641f5ce88ead693790ced9a3261b01241c94e8f4
llama3_b1_stream_fast_r1,1,0.7,llama3,DUET,layerskip-llama3-8B,Qwama-0.5B-Instruct,torch.bfloat16,torch.bfloat16,1,512,128,2048,"6,7",4,2,,,16,3,8,4,8,4,2,2,1,5,,0.01,0.03,0.5,complement,full,0.25,reach_gain_frontier,4,1,1,1,1,0,1,auto,False,False,641f5ce88ead693790ced9a3261b01241c94e8f4
llama3_b8_stream_fast_r0,8,0.7,llama3,DUET,layerskip-llama3-8B,Qwama-0.5B-Instruct,torch.bfloat16,torch.bfloat16,1,512,128,2048,"6,7",3,2,,,26,1,3,2,3,2,2,2,1,4,,0.01,0.03,0.5,complement,full,0.25,reach_gain_frontier,4,1,1,1,1,0,1,auto,False,False,641f5ce88ead693790ced9a3261b01241c94e8f4
llama3_b1_stream_l1_profile_s0,1,0.7,llama3,DUET,layerskip-llama3-8B,Qwama-0.5B-Instruct,torch.bfloat16,torch.bfloat16,1,512,128,2048,"6,7",4,2,,,16,3,8,4,8,4,2,2,1,5,,0.01,0.03,0.5,complement,full,0.25,reach_gain_frontier,4,1,0,1,1,0,1,auto,False,False,641f5ce88ead693790ced9a3261b01241c94e8f4
llama3_b1_stream_l1_profile_s1,1,0.7,llama3,DUET,layerskip-llama3-8B,Qwama-0.5B-Instruct,torch.bfloat16,torch.bfloat16,1,512,128,2048,"6,7",4,2,,,16,3,8,4,8,4,2,2,1,5,,0.01,0.03,0.5,complement,full,0.25,reach_gain_frontier,4,1,1,1,1,0,1,auto,False,False,641f5ce88ead693790ced9a3261b01241c94e8f4
llama3_b8_stream_l1_greedy_smoke,8,0.0,llama3,DUET,layerskip-llama3-8B,Qwama-0.5B-Instruct,torch.bfloat16,torch.bfloat16,1,512,24,2048,"6,7",3,2,,,26,1,3,2,3,2,2,2,1,4,,0.01,0.03,0.5,complement,full,0.25,reach_gain_frontier,4,1,1,1,1,0,1,auto,False,False,641f5ce88ead693790ced9a3261b01241c94e8f4
llama3_b8_stream_l1_profile_s0,8,0.7,llama3,DUET,layerskip-llama3-8B,Qwama-0.5B-Instruct,torch.bfloat16,torch.bfloat16,1,512,128,2048,"6,7",3,2,,,26,1,3,2,3,2,2,2,1,4,,0.01,0.03,0.5,complement,full,0.25,reach_gain_frontier,4,1,0,1,1,0,1,auto,False,False,641f5ce88ead693790ced9a3261b01241c94e8f4
llama3_b8_stream_l1_profile_s1,8,0.7,llama3,DUET,layerskip-llama3-8B,Qwama-0.5B-Instruct,torch.bfloat16,torch.bfloat16,1,512,128,2048,"6,7",3,2,,,26,1,3,2,3,2,2,2,1,4,,0.01,0.03,0.5,complement,full,0.25,reach_gain_frontier,4,1,1,1,1,0,1,auto,False,False,641f5ce88ead693790ced9a3261b01241c94e8f4
llama2_b2_root_smoke,2,1.0,llama2,DUET,layerskip-llama2-7b,AMD-Llama-135m,torch.float16,torch.float16,1,512,16,2048,"0,1",4,2,,,21,3,8,4,8,4,2,2,1,5,,0.01,0.03,0.5,complement,full,0.25,reach_gain_frontier,4,0,0,1,1,0,1,auto,False,False,c4f05a675028763efc3b62d0dd3a1d920bdf1d4f
llama3_b2_root_smoke,2,1.0,llama3,DUET,layerskip-llama3-8B,Qwama-0.5B-Instruct,torch.bfloat16,torch.bfloat16,1,512,16,2048,"0,1",4,2,,,21,3,8,4,8,4,2,2,1,5,,0.01,0.03,0.5,complement,full,0.25,reach_gain_frontier,4,0,0,1,1,0,1,auto,False,False,c4f05a675028763efc3b62d0dd3a1d920bdf1d4f
