name,model,batch,method,questions,temperature,input_cap,output_cap,AL,cache_hit,TPS,raw_TPS,instrumented,timing_excluded,passes,plot,raw_path,companion_profiles
llama2_b1_final_duet_fast_r0,llama2,1,DUET,480,0.7,512,128,2.364538823427856,0.8569852785202156,125.78752398843628,126.37695798548563,False,False,2,figs/llama2_b1_final_duet_fast_r0.png,final_llama2_b1_r0/llama2_b1_final_duet_fast_r0.json,"[""llama2_b1_refine_e21_k12_2_r2""]"
llama2_b1_final_ssd_al_r0,llama2,1,SSD,480,0.7,512,128,2.261861313868613,0.4721360966057441,115.63029617968162,115.89664904193192,False,False,2,figs/llama2_b1_final_ssd_al_r0.png,final_llama2_b1_r0/llama2_b1_final_ssd_al_r0.json,"[""llama2_b1_ssd_k6_f5""]"
llama2_b1_final_ssd_fast_r0,llama2,1,SSD,480,0.7,512,128,2.1847236831458856,0.5600477992431786,116.73091322487043,116.72653453003629,False,False,2,figs/llama2_b1_final_ssd_fast_r0.png,final_llama2_b1_r0/llama2_b1_final_ssd_fast_r0.json,"[""llama2_b1_ssd_refine_k4_f7""]"
llama2_b1_final_duet_fast_r1,llama2,1,DUET,480,0.7,512,128,2.365630229895182,0.8514590007792883,125.62217389648244,126.36175333491808,False,False,2,figs/llama2_b1_final_duet_fast_r1.png,final_llama2_b1_r1/llama2_b1_final_duet_fast_r1.json,"[""llama2_b1_refine_e21_k12_2_r2""]"
llama2_b1_final_ssd_al_r1,llama2,1,SSD,480,0.7,512,128,2.2569992523053917,0.47616516762060507,115.4416447759517,115.7000530748026,False,False,2,figs/llama2_b1_final_ssd_al_r1.png,final_llama2_b1_r1/llama2_b1_final_ssd_al_r1.json,"[""llama2_b1_ssd_k6_f5""]"
llama2_b1_final_ssd_fast_r1,llama2,1,SSD,480,0.7,512,128,2.101874585915273,0.5374222768097029,111.91433727982859,112.04804791250558,False,False,2,figs/llama2_b1_final_ssd_fast_r1.png,final_llama2_b1_r1/llama2_b1_final_ssd_fast_r1.json,"[""llama2_b1_ssd_refine_k4_f7""]"
llama2_b2_scale_duet,llama2,2,DUET,480,0.7,512,128,2.1491975042184985,0.7746821747362727,216.07768352756864,215.97950995234817,False,False,2,figs/llama2_b2_scale_duet.png,final_llama2_b8_r0/llama2_b2_scale_duet.json,[]
llama2_b2_scale_ssd,llama2,2,SSD,480,0.7,512,128,2.152683235713155,0.5499026100506428,213.61059609745942,213.87537068200518,False,False,2,figs/llama2_b2_scale_ssd.png,final_llama2_b8_r0/llama2_b2_scale_ssd.json,[]
llama2_b4_scale_duet,llama2,4,DUET,480,0.7,512,128,2.107765886549845,0.765862135547403,365.4593864921436,365.79181000510096,False,False,2,figs/llama2_b4_scale_duet.png,final_llama2_b8_r0/llama2_b4_scale_duet.json,[]
llama2_b4_scale_ssd,llama2,4,SSD,480,0.7,512,128,2.123128054740958,0.5442818636888718,383.26557036691685,384.27063439165914,False,False,2,figs/llama2_b4_scale_ssd.png,final_llama2_b8_r0/llama2_b4_scale_ssd.json,[]
llama2_b8_final_breakdown,llama2,8,DUET,48,0.7,512,128,2.1464271768840297,0.782859338970023,307.7920766549691,322.7212701597638,True,False,1,figs/llama2_b8_final_breakdown.png,final_llama2_b8_r0/llama2_b8_final_breakdown.json,"[""llama2_b8_opt_l0_profile_trim0"", ""llama2_b8_opt_l1_profile_trim0"", ""llama2_b8_final_breakdown"", ""llama2_b8_refine_e21_k3_2_r1""]"
llama2_b8_final_duet_al_r0,llama2,8,DUET,480,0.7,512,128,2.298691829294446,0.8166399459961184,469.3040873453919,472.20674996234544,False,False,2,figs/llama2_b8_final_duet_al_r0.png,final_llama2_b8_r0/llama2_b8_final_duet_al_r0.json,"[""llama2_b8_tree_al_compute3""]"
llama2_b8_final_duet_fast_r0,llama2,8,DUET,480,0.7,512,128,2.124382401380284,0.7683958437946619,602.1577504320463,603.850214252653,False,False,2,figs/llama2_b8_final_duet_fast_r0.png,final_llama2_b8_r0/llama2_b8_final_duet_fast_r0.json,"[""llama2_b8_opt_l0_profile_trim0"", ""llama2_b8_opt_l1_profile_trim0"", ""llama2_b8_final_breakdown"", ""llama2_b8_refine_e21_k3_2_r1""]"
llama2_b8_final_ssd_al_r0,llama2,8,SSD,480,0.7,512,128,2.3036046708410898,0.4583853516437786,619.5244801977059,627.831504838204,False,False,2,figs/llama2_b8_final_ssd_al_r0.png,final_llama2_b8_r0/llama2_b8_final_ssd_al_r0.json,"[""llama2_b8_ssd_k8_f5""]"
llama2_b8_final_ssd_fast_r0,llama2,8,SSD,480,0.7,512,128,2.158607584701221,0.5448791943637304,683.0880383819174,687.4614957055818,False,False,2,figs/llama2_b8_final_ssd_fast_r0.png,final_llama2_b8_r0/llama2_b8_final_ssd_fast_r0.json,"[""llama2_b8_ssd_refine_k4_f7""]"
llama2_b8_implementation_off,llama2,8,DUET,480,0.7,512,128,2.124382401380284,0.7683958437946619,594.1075957201981,595.5932474354936,False,False,2,figs/llama2_b8_implementation_off.png,final_llama2_b8_r0/llama2_b8_implementation_off.json,[]
llama2_b8_long_duet,llama2,8,DUET,480,0.7,1024,256,2.3588440698374473,0.8006832624587893,647.4106892277782,647.5515750176489,False,False,2,figs/llama2_b8_long_duet.png,final_llama2_b8_r0/llama2_b8_long_duet.json,"[""llama2_b8_opt_l0_profile_trim0"", ""llama2_b8_opt_l1_profile_trim0"", ""llama2_b8_final_breakdown"", ""llama2_b8_refine_e21_k3_2_r1""]"
llama2_b8_long_ssd,llama2,8,SSD,480,0.7,1024,256,2.4076133447390933,0.6075279552715654,735.6918933416277,736.1953330595329,False,False,2,figs/llama2_b8_long_ssd.png,final_llama2_b8_r0/llama2_b8_long_ssd.json,"[""llama2_b8_ssd_refine_k4_f7""]"
llama2_b8_final_duet_al_r1,llama2,8,DUET,480,0.7,512,128,2.3399632802937576,0.8226950354609929,483.1808660652551,485.3464529856662,False,False,2,figs/llama2_b8_final_duet_al_r1.png,final_llama2_b8_r1/llama2_b8_final_duet_al_r1.json,"[""llama2_b8_tree_al_compute3""]"
llama2_b8_final_duet_fast_r1,llama2,8,DUET,480,0.7,512,128,2.0904787561576357,0.7714729739974225,594.6492523793868,597.3215711233322,False,False,2,figs/llama2_b8_final_duet_fast_r1.png,final_llama2_b8_r1/llama2_b8_final_duet_fast_r1.json,"[""llama2_b8_opt_l0_profile_trim0"", ""llama2_b8_opt_l1_profile_trim0"", ""llama2_b8_final_breakdown"", ""llama2_b8_refine_e21_k3_2_r1""]"
llama2_b8_final_ssd_al_r1,llama2,8,SSD,480,0.7,512,128,2.316963319042051,0.4733412826846095,628.4998816497126,636.5629798936579,False,False,2,figs/llama2_b8_final_ssd_al_r1.png,final_llama2_b8_r1/llama2_b8_final_ssd_al_r1.json,"[""llama2_b8_ssd_k8_f5""]"
llama2_b8_final_ssd_fast_r1,llama2,8,SSD,480,0.7,512,128,2.143285111750562,0.5428360700283374,681.785710625264,686.3669754342967,False,False,2,figs/llama2_b8_final_ssd_fast_r1.png,final_llama2_b8_r1/llama2_b8_final_ssd_fast_r1.json,"[""llama2_b8_ssd_refine_k4_f7""]"
llama3_b1_final_duet_al_r0,llama3,1,DUET,480,0.7,512,128,3.000423703165668,0.6814753711996229,93.97329425679418,93.58123196442922,False,False,2,figs/llama3_b1_final_duet_al_r0.png,final_llama3_b1_r0/llama3_b1_final_duet_al_r0.json,"[""llama3_b1_refine_e16_k6_4_r2""]"
llama3_b1_final_duet_fast_r0,llama3,1,DUET,480,0.7,512,128,2.6786027157249235,0.6807055050774987,113.93101024000917,113.36320930487868,False,False,2,figs/llama3_b1_final_duet_fast_r0.png,final_llama3_b1_r0/llama3_b1_final_duet_fast_r0.json,"[""llama3_b1_duet_e16_k4_2""]"
llama3_b1_final_ssd_al_r0,llama3,1,SSD,480,0.7,512,128,3.0021891152325937,0.28729576130712764,95.4243112494654,95.44532949805357,False,False,2,figs/llama3_b1_final_ssd_al_r0.png,final_llama3_b1_r0/llama3_b1_final_ssd_al_r0.json,"[""llama3_b1_ssd_k8_f1""]"
llama3_b1_final_ssd_fast_r0,llama3,1,SSD,480,0.7,512,128,2.6788149804359978,0.6583224258289704,123.40260065832291,122.70811509537249,False,False,2,figs/llama3_b1_final_ssd_fast_r0.png,final_llama3_b1_r0/llama3_b1_final_ssd_fast_r0.json,"[""llama3_b1_ssd_refine_k4_f7""]"
llama3_b1_final_duet_al_r1,llama3,1,DUET,480,0.7,512,128,2.9523809523809526,0.6740448756822317,91.35792918935276,90.97340184755387,False,False,2,figs/llama3_b1_final_duet_al_r1.png,final_llama3_b1_r1/llama3_b1_final_duet_al_r1.json,"[""llama3_b1_refine_e16_k6_4_r2""]"
llama3_b1_final_duet_fast_r1,llama3,1,DUET,480,0.7,512,128,2.7016962480341498,0.6768539818161902,114.69347365687008,113.98492313097367,False,False,2,figs/llama3_b1_final_duet_fast_r1.png,final_llama3_b1_r1/llama3_b1_final_duet_fast_r1.json,"[""llama3_b1_duet_e16_k4_2""]"
llama3_b1_final_ssd_al_r1,llama3,1,SSD,480,0.7,512,128,3.021364170913367,0.277989337395278,94.86337776224906,94.5830415484906,False,False,2,figs/llama3_b1_final_ssd_al_r1.png,final_llama3_b1_r1/llama3_b1_final_ssd_al_r1.json,"[""llama3_b1_ssd_k8_f1""]"
llama3_b1_final_ssd_fast_r1,llama3,1,SSD,480,0.7,512,128,2.643745186489163,0.6518820812973205,121.30195337419987,120.77950603597456,False,False,2,figs/llama3_b1_final_ssd_fast_r1.png,final_llama3_b1_r1/llama3_b1_final_ssd_fast_r1.json,"[""llama3_b1_ssd_refine_k4_f7""]"
llama3_b2_scale_duet,llama3,2,DUET,480,0.7,512,128,2.3892497091896083,0.8177550149381135,188.69499249597354,187.69672677385262,False,False,2,figs/llama3_b2_scale_duet.png,final_llama3_b8_r0/llama3_b2_scale_duet.json,[]
llama3_b2_scale_ssd,llama3,2,SSD,480,0.7,512,128,2.6753481741419014,0.3505965437911294,200.53037480775942,199.79223872255105,False,False,2,figs/llama3_b2_scale_ssd.png,final_llama3_b8_r0/llama3_b2_scale_ssd.json,[]
llama3_b4_scale_duet,llama3,4,DUET,480,0.7,512,128,2.4108863920099877,0.8175424887673374,312.4304372862517,311.1183281756594,False,False,2,figs/llama3_b4_scale_duet.png,final_llama3_b8_r0/llama3_b4_scale_duet.json,[]
llama3_b4_scale_ssd,llama3,4,SSD,480,0.7,512,128,2.6955108785458552,0.3619216508141222,367.99879935336503,366.44055815814056,False,False,2,figs/llama3_b4_scale_ssd.png,final_llama3_b8_r0/llama3_b4_scale_ssd.json,[]
llama3_b8_final_breakdown,llama3,8,DUET,48,0.7,512,128,2.4404312668463612,0.820620725933719,198.55789129211408,182.82201681290232,True,False,1,figs/llama3_b8_final_breakdown.png,final_llama3_b8_r0/llama3_b8_final_breakdown.json,"[""llama3_b8_opt_l0_profile_trim0"", ""llama3_b8_opt_l1_profile_trim0"", ""llama3_b8_final_breakdown"", ""llama3_b8_warm_diagnostic_grow_k2""]"
llama3_b8_final_duet_al_r0,llama3,8,DUET,480,0.7,512,128,2.9032201610080506,0.8608522727272727,334.8659205629519,332.50494083994766,False,False,2,figs/llama3_b8_final_duet_al_r0.png,final_llama3_b8_r0/llama3_b8_final_duet_al_r0.json,"[""llama3_b8_combo_al_k2_3""]"
llama3_b8_final_duet_fast_r0,llama3,8,DUET,480,0.7,512,128,2.4290071679121548,0.8172059042791113,500.71175833589655,496.65729362055845,False,False,2,figs/llama3_b8_final_duet_fast_r0.png,final_llama3_b8_r0/llama3_b8_final_duet_fast_r0.json,"[""llama3_b8_opt_l0_profile_trim0"", ""llama3_b8_opt_l1_profile_trim0"", ""llama3_b8_final_breakdown"", ""llama3_b8_warm_diagnostic_grow_k2""]"
llama3_b8_final_ssd_al_r0,llama3,8,SSD,480,0.7,512,128,3.100592885375494,0.47620266120777893,402.3491611657643,402.401800725754,False,False,2,figs/llama3_b8_final_ssd_al_r0.png,final_llama3_b8_r0/llama3_b8_final_ssd_al_r0.json,"[""llama3_b8_ssd_k8_f3""]"
llama3_b8_final_ssd_fast_r0,llama3,8,SSD,480,0.7,512,128,2.6751434245366283,0.3548439181916039,684.3586743149572,682.6613905926164,False,False,2,figs/llama3_b8_final_ssd_fast_r0.png,final_llama3_b8_r0/llama3_b8_final_ssd_fast_r0.json,"[""llama3_b8_ssd_k4_f1""]"
llama3_b8_implementation_off,llama3,8,DUET,480,0.7,512,128,2.4290071679121548,0.8172059042791113,482.43613540314584,478.71727368561295,False,False,2,figs/llama3_b8_implementation_off.png,final_llama3_b8_r0/llama3_b8_implementation_off.json,[]
llama3_b8_long_duet,llama3,8,DUET,480,0.7,1024,256,2.581391750982394,0.8475181635020453,518.8138046655351,520.5427298108897,False,False,2,figs/llama3_b8_long_duet.png,final_llama3_b8_r0/llama3_b8_long_duet.json,"[""llama3_b8_opt_l0_profile_trim0"", ""llama3_b8_opt_l1_profile_trim0"", ""llama3_b8_final_breakdown"", ""llama3_b8_warm_diagnostic_grow_k2""]"
llama3_b8_long_ssd,llama3,8,SSD,480,0.7,1024,256,2.9209122293126897,0.42604363511424154,745.2572636825254,741.490128471031,False,False,2,figs/llama3_b8_long_ssd.png,final_llama3_b8_r0/llama3_b8_long_ssd.json,"[""llama3_b8_ssd_k4_f1""]"
llama3_b8_final_duet_al_r1,llama3,8,DUET,480,0.7,512,128,2.897196261682243,0.8551505357035973,334.2097607212277,335.6733768292971,False,False,2,figs/llama3_b8_final_duet_al_r1.png,final_llama3_b8_r1/llama3_b8_final_duet_al_r1.json,"[""llama3_b8_combo_al_k2_3""]"
llama3_b8_final_duet_fast_r1,llama3,8,DUET,480,0.7,512,128,2.3857850421000495,0.8173184086834326,497.3361532764681,496.98167571497254,False,False,2,figs/llama3_b8_final_duet_fast_r1.png,final_llama3_b8_r1/llama3_b8_final_duet_fast_r1.json,"[""llama3_b8_opt_l0_profile_trim0"", ""llama3_b8_opt_l1_profile_trim0"", ""llama3_b8_final_breakdown"", ""llama3_b8_warm_diagnostic_grow_k2""]"
llama3_b8_final_ssd_al_r1,llama3,8,SSD,480,0.7,512,128,3.0295453131803196,0.47841879048368546,392.3162440101591,393.1243092378819,False,False,2,figs/llama3_b8_final_ssd_al_r1.png,final_llama3_b8_r1/llama3_b8_final_ssd_al_r1.json,"[""llama3_b8_ssd_k8_f3""]"
llama3_b8_final_ssd_fast_r1,llama3,8,SSD,480,0.7,512,128,2.6994925556237104,0.35532829244410596,694.4170559528343,692.4001055611426,False,False,2,figs/llama3_b8_final_ssd_fast_r1.png,final_llama3_b8_r1/llama3_b8_final_ssd_fast_r1.json,"[""llama3_b8_ssd_k4_f1""]"
llama2_b1_combo_al_k1_13,llama2,1,DUET,48,0.7,512,96,2.4039812646370025,0.8329519450800915,59.0760683089094,60.03232275012917,True,False,1,figs/llama2_b1_combo_al_k1_13.png,llama2_b1_combo/llama2_b1_combo_al_k1_13.json,"[""llama2_b1_combo_al_k1_13""]"
llama2_b1_combo_al_k2_5,llama2,1,DUET,48,0.7,512,96,2.2695700110253583,0.8329741379310345,66.00307137231508,66.86988248164707,True,False,1,figs/llama2_b1_combo_al_k2_5.png,llama2_b1_combo/llama2_b1_combo_al_k2_5.json,"[""llama2_b1_combo_al_k2_5""]"
llama2_b1_combo_e19,llama2,1,DUET,48,0.7,512,96,2.4064516129032256,0.7547277936962751,97.57615418034442,98.19918334847452,True,False,1,figs/llama2_b1_combo_e19.png,llama2_b1_combo/llama2_b1_combo_e19.json,"[""llama2_b1_combo_e19""]"
llama2_b1_combo_e23,llama2,1,DUET,48,0.7,512,96,2.2170912951167727,0.8318629994810587,91.39353774343557,92.19930812576413,True,False,1,figs/llama2_b1_combo_e23.png,llama2_b1_combo/llama2_b1_combo_e23.json,"[""llama2_b1_combo_e23""]"
llama2_b1_combo_k1_5,llama2,1,DUET,48,0.7,512,96,2.3317043372021993,0.8042959427207638,100.73112372118344,101.43746481703104,True,False,1,figs/llama2_b1_combo_k1_5.png,llama2_b1_combo/llama2_b1_combo_k1_5.json,"[""llama2_b1_combo_k1_5""]"
llama2_b1_combo_k1_7,llama2,1,DUET,48,0.7,512,96,2.3982954545454547,0.8190899001109878,92.98042909488613,93.96147712928658,True,False,1,figs/llama2_b1_combo_k1_7.png,llama2_b1_combo/llama2_b1_combo_k1_7.json,"[""llama2_b1_combo_k1_7""]"
llama2_b1_combo_k2_3,llama2,1,DUET,48,0.7,512,96,2.225225225225225,0.7774104683195592,94.26725517984818,94.76678664533894,True,False,1,figs/llama2_b1_combo_k2_3.png,llama2_b1_combo/llama2_b1_combo_k2_3.json,"[""llama2_b1_combo_k2_3""]"
llama2_b1_combo_k2_5,llama2,1,DUET,48,0.7,512,96,2.3338888888888887,0.8034744842562432,87.12182750050104,87.74932238760074,True,False,1,figs/llama2_b1_combo_k2_5.png,llama2_b1_combo/llama2_b1_combo_k2_5.json,"[""llama2_b1_combo_k2_5""]"
llama2_b1_combo_miss2,llama2,1,DUET,48,0.7,512,96,2.2237837837837837,0.7962962962962963,95.32421324417444,96.09850634133342,True,False,1,figs/llama2_b1_combo_miss2.png,llama2_b1_combo/llama2_b1_combo_miss2.json,"[""llama2_b1_combo_miss2""]"
llama2_b1_combo_miss6,llama2,1,DUET,48,0.7,512,96,2.3738266151297625,0.8111171073934161,100.50422206036043,101.04961155940286,True,False,1,figs/llama2_b1_combo_miss6.png,llama2_b1_combo/llama2_b1_combo_miss6.json,"[""llama2_b1_combo_miss6""]"
llama2_b1_combo_transfer_2_4_e12,llama2,1,DUET,48,0.7,512,96,1.932406519654842,0.681261770244821,90.59826817522686,90.74832705918043,True,False,1,figs/llama2_b1_combo_transfer_2_4_e12.png,llama2_b1_combo/llama2_b1_combo_transfer_2_4_e12.json,"[""llama2_b1_combo_transfer_2_4_e12""]"
llama2_b1_combo_transfer_2_4_e16,llama2,1,DUET,48,0.7,512,96,2.037236648701617,0.7057129140662506,94.92601702816894,94.84564539624942,True,False,1,figs/llama2_b1_combo_transfer_2_4_e16.png,llama2_b1_combo/llama2_b1_combo_transfer_2_4_e16.json,"[""llama2_b1_combo_transfer_2_4_e16""]"
llama2_b1_combo_transfer_3_3_e16,llama2,1,DUET,48,0.7,512,96,2.0344827586206895,0.6908378245957864,93.68324493233911,93.97241525802902,True,False,1,figs/llama2_b1_combo_transfer_3_3_e16.png,llama2_b1_combo/llama2_b1_combo_transfer_3_3_e16.json,"[""llama2_b1_combo_transfer_3_3_e16""]"
llama2_b1_combo_transfer_3_3_e20,llama2,1,DUET,48,0.7,512,96,2.082901554404145,0.7343829355002539,95.9625367311353,96.29837705657702,True,False,1,figs/llama2_b1_combo_transfer_3_3_e20.png,llama2_b1_combo/llama2_b1_combo_transfer_3_3_e20.json,"[""llama2_b1_combo_transfer_3_3_e20""]"
llama2_b1_transfer_smoke,llama2,1,DUET,8,0.7,512,24,1.6571428571428573,0.5132743362831859,87.74232566617859,89.95297756852666,False,False,2,figs/llama2_b1_transfer_smoke.png,llama2_b1_combo/llama2_b1_transfer_smoke.json,[]
llama2_b1_duet_e16_k4_2,llama2,1,DUET,48,0.7,512,96,2.1869542886492037,0.7452261306532664,98.06758472573112,98.43853055023082,True,False,1,figs/llama2_b1_duet_e16_k4_2.png,llama2_b1_duet_anchor/llama2_b1_duet_e16_k4_2.json,"[""llama2_b1_duet_e16_k4_2""]"
llama2_b1_duet_e21_k4_2,llama2,1,DUET,48,0.7,512,96,2.1873716632443534,0.7841365461847389,99.21757424093245,99.22926826527336,True,False,1,figs/llama2_b1_duet_e21_k4_2.png,llama2_b1_duet_anchor/llama2_b1_duet_e21_k4_2.json,"[""llama2_b1_duet_e21_k4_2""]"
llama2_b1_duet_e26_k4_2,llama2,1,DUET,48,0.7,512,96,2.138563423331635,0.8238522954091816,96.25082996872577,96.5833691193708,True,False,1,figs/llama2_b1_duet_e26_k4_2.png,llama2_b1_duet_anchor/llama2_b1_duet_e26_k4_2.json,"[""llama2_b1_duet_e26_k4_2""]"
llama2_b1_duet_e30_k4_2,llama2,1,DUET,48,0.7,512,96,2.0895091434071222,0.8556603773584905,90.71591687996653,90.7147927393497,True,False,1,figs/llama2_b1_duet_e30_k4_2.png,llama2_b1_duet_anchor/llama2_b1_duet_e30_k4_2.json,"[""llama2_b1_duet_e30_k4_2""]"
llama2_b1_refine_e17_k6_2_r2,llama2,1,DUET,48,0.7,512,96,2.1990692864529473,0.7584810126582279,97.14289912136238,97.48379407888912,True,False,1,figs/llama2_b1_refine_e17_k6_2_r2.png,llama2_b1_refine_retry/llama2_b1_refine_e17_k6_2_r2.json,"[""llama2_b1_refine_e17_k6_2_r2""]"
llama2_b1_refine_e17_k6_3_r2,llama2,1,DUET,48,0.7,512,96,2.3234265734265733,0.7596810933940774,89.14324607142107,89.62351851523111,True,False,1,figs/llama2_b1_refine_e17_k6_3_r2.png,llama2_b1_refine_retry/llama2_b1_refine_e17_k6_3_r2.json,"[""llama2_b1_refine_e17_k6_3_r2""]"
llama2_b1_refine_e21_k12_2_r2,llama2,1,DUET,48,0.7,512,96,2.424317617866005,0.8456416464891041,73.48199265800667,74.84547147957103,True,False,1,figs/llama2_b1_refine_e21_k12_2_r2.png,llama2_b1_refine_retry/llama2_b1_refine_e21_k12_2_r2.json,"[""llama2_b1_refine_e21_k12_2_r2""]"
llama2_b1_refine_e21_k12_3_r2,llama2,1,DUET,48,0.7,512,96,2.2875071306332004,0.8393753485778026,81.35700772721032,82.42589233910941,True,False,1,figs/llama2_b1_refine_e21_k12_3_r2.png,llama2_b1_refine_retry/llama2_b1_refine_e21_k12_3_r2.json,"[""llama2_b1_refine_e21_k12_3_r2""]"
llama2_b1_refine_e21_k12_4_r2,llama2,1,DUET,48,0.7,512,96,2.465506125080593,0.8162366268093141,82.79418091010076,83.9889394922705,True,False,1,figs/llama2_b1_refine_e21_k12_4_r2.png,llama2_b1_refine_retry/llama2_b1_refine_e21_k12_4_r2.json,"[""llama2_b1_refine_e21_k12_4_r2""]"
llama2_b1_refine_e21_k4_3_r2,llama2,1,DUET,48,0.7,512,96,2.1964477933261572,0.7842105263157895,91.54822192142994,91.94538755337685,True,False,1,figs/llama2_b1_refine_e21_k4_3_r2.png,llama2_b1_refine_retry/llama2_b1_refine_e21_k4_3_r2.json,"[""llama2_b1_refine_e21_k4_3_r2""]"
llama2_b1_refine_e21_k4_4_r2,llama2,1,DUET,48,0.7,512,96,2.2217414818820984,0.757399577167019,100.60935251805432,100.79624692627885,True,False,1,figs/llama2_b1_refine_e21_k4_4_r2.png,llama2_b1_refine_retry/llama2_b1_refine_e21_k4_4_r2.json,"[""llama2_b1_refine_e21_k4_4_r2""]"
llama2_b1_refine_e21_k6_2_r2,llama2,1,DUET,48,0.7,512,96,2.3522665210267615,0.8117333333333333,99.92998475169303,100.89000056029992,True,False,1,figs/llama2_b1_refine_e21_k6_2_r2.png,llama2_b1_refine_retry/llama2_b1_refine_e21_k6_2_r2.json,"[""llama2_b1_refine_e21_k6_2_r2""]"
llama2_b1_refine_e21_k6_3_r2,llama2,1,DUET,48,0.7,512,96,2.2217367558711087,0.7872795296632816,62.629996530089365,63.191844814564654,True,False,1,figs/llama2_b1_refine_e21_k6_3_r2.png,llama2_b1_refine_retry/llama2_b1_refine_e21_k6_3_r2.json,"[""llama2_b1_refine_e21_k6_3_r2""]"
llama2_b1_refine_e21_k6_4_r2,llama2,1,DUET,48,0.7,512,96,2.4064237183446573,0.8142340168878166,94.11084350666704,94.81452285666656,True,False,1,figs/llama2_b1_refine_e21_k6_4_r2.png,llama2_b1_refine_retry/llama2_b1_refine_e21_k6_4_r2.json,"[""llama2_b1_refine_e21_k6_4_r2""]"
llama2_b1_refine_e21_k8_2_r2,llama2,1,DUET,48,0.7,512,96,2.250841750841751,0.819078947368421,82.61862339076183,83.48986256861059,True,False,1,figs/llama2_b1_refine_e21_k8_2_r2.png,llama2_b1_refine_retry/llama2_b1_refine_e21_k8_2_r2.json,"[""llama2_b1_refine_e21_k8_2_r2""]"
llama2_b1_refine_e21_k8_3_r2,llama2,1,DUET,48,0.7,512,96,2.3285714285714287,0.8336125069793412,84.60108063758109,85.14143899260054,True,False,1,figs/llama2_b1_refine_e21_k8_3_r2.png,llama2_b1_refine_retry/llama2_b1_refine_e21_k8_3_r2.json,"[""llama2_b1_refine_e21_k8_3_r2""]"
llama2_b1_refine_e21_k8_4_r2,llama2,1,DUET,48,0.7,512,96,2.355005753739931,0.8066329398538504,82.45987130212771,83.27775664449922,True,False,1,figs/llama2_b1_refine_e21_k8_4_r2.png,llama2_b1_refine_retry/llama2_b1_refine_e21_k8_4_r2.json,"[""llama2_b1_refine_e21_k8_4_r2""]"
llama2_b1_refine_e23_k6_2_r2,llama2,1,DUET,48,0.7,512,96,2.2448979591836733,0.8306364617044228,99.11233155098094,99.67119589262727,True,False,1,figs/llama2_b1_refine_e23_k6_2_r2.png,llama2_b1_refine_retry/llama2_b1_refine_e23_k6_2_r2.json,"[""llama2_b1_refine_e23_k6_2_r2""]"
llama2_b1_refine_e23_k6_3_r2,llama2,1,DUET,48,0.7,512,96,2.2911602209944752,0.8114532685035116,91.73621438111022,92.64960865452943,True,False,1,figs/llama2_b1_refine_e23_k6_3_r2.png,llama2_b1_refine_retry/llama2_b1_refine_e23_k6_3_r2.json,"[""llama2_b1_refine_e23_k6_3_r2""]"
llama2_b1_ssd_refine_k10_f5,llama2,1,SSD,48,0.7,512,96,2.2364145658263306,0.4474260679079956,103.37871277433854,104.37581650896063,True,False,1,figs/llama2_b1_ssd_refine_k10_f5.png,llama2_b1_ssd_refine/llama2_b1_ssd_refine_k10_f5.json,"[""llama2_b1_ssd_refine_k10_f5""]"
llama2_b1_ssd_refine_k4_f7,llama2,1,SSD,48,0.7,512,96,2.1717537506466633,0.56,111.904053831545,112.01513997427614,True,False,1,figs/llama2_b1_ssd_refine_k4_f7.png,llama2_b1_ssd_refine/llama2_b1_ssd_refine_k4_f7.json,"[""llama2_b1_ssd_refine_k4_f7""]"
llama2_b1_ssd_refine_k5_f5,llama2,1,SSD,48,0.7,512,96,2.1979722518676628,0.47387669801462906,110.94908885872559,110.89125463884656,True,False,1,figs/llama2_b1_ssd_refine_k5_f5.png,llama2_b1_ssd_refine/llama2_b1_ssd_refine_k5_f5.json,"[""llama2_b1_ssd_refine_k5_f5""]"
llama2_b1_ssd_refine_k6_f7,llama2,1,SSD,48,0.7,512,96,2.233132199670872,0.5083199141170156,111.00529062637433,111.65858494643659,True,False,1,figs/llama2_b1_ssd_refine_k6_f7.png,llama2_b1_ssd_refine/llama2_b1_ssd_refine_k6_f7.json,"[""llama2_b1_ssd_refine_k6_f7""]"
llama2_b1_ssd_refine_k6_f9,llama2,1,SSD,48,0.7,512,96,2.217001055966209,0.5340909090909091,110.53618521921038,110.94035640715592,True,False,1,figs/llama2_b1_ssd_refine_k6_f9.png,llama2_b1_ssd_refine/llama2_b1_ssd_refine_k6_f9.json,"[""llama2_b1_ssd_refine_k6_f9""]"
llama2_b1_ssd_refine_k7_f5,llama2,1,SSD,48,0.7,512,96,2.26363155108523,0.4793174767321613,111.07457562626168,111.35139214106944,True,False,1,figs/llama2_b1_ssd_refine_k7_f5.png,llama2_b1_ssd_refine/llama2_b1_ssd_refine_k7_f5.json,"[""llama2_b1_ssd_refine_k7_f5""]"
llama2_b1_ssd_k2_f1,llama2,1,SSD,48,0.7,512,96,1.8131426016987036,0.3403693931398417,96.36787738695534,96.37203415200868,True,False,1,figs/llama2_b1_ssd_k2_f1.png,llama2_b1_ssd_screen/llama2_b1_ssd_k2_f1.json,"[""llama2_b1_ssd_k2_f1""]"
llama2_b1_ssd_k2_f3,llama2,1,SSD,48,0.7,512,96,1.8309430682312038,0.49786507258753204,97.60339268704216,97.53475172717326,True,False,1,figs/llama2_b1_ssd_k2_f3.png,llama2_b1_ssd_screen/llama2_b1_ssd_k2_f3.json,"[""llama2_b1_ssd_k2_f3""]"
llama2_b1_ssd_k2_f5,llama2,1,SSD,48,0.7,512,96,1.7814597315436242,0.5294845360824743,94.80165313410845,94.649498734998,True,False,1,figs/llama2_b1_ssd_k2_f5.png,llama2_b1_ssd_screen/llama2_b1_ssd_k2_f5.json,"[""llama2_b1_ssd_k2_f5""]"
llama2_b1_ssd_k4_f1,llama2,1,SSD,48,0.7,512,96,2.067508499271491,0.25832540437678403,103.44615914592706,103.92062276137673,True,False,1,figs/llama2_b1_ssd_k4_f1.png,llama2_b1_ssd_screen/llama2_b1_ssd_k4_f1.json,"[""llama2_b1_ssd_k4_f1""]"
llama2_b1_ssd_k4_f3,llama2,1,SSD,48,0.7,512,96,2.0730425643720443,0.39732372619660317,105.89144413512722,105.96753643591555,True,False,1,figs/llama2_b1_ssd_k4_f3.png,llama2_b1_ssd_screen/llama2_b1_ssd_k4_f3.json,"[""llama2_b1_ssd_k4_f3""]"
llama2_b1_ssd_k4_f5,llama2,1,SSD,48,0.7,512,96,2.1231380337636545,0.48638132295719844,109.4245000177589,109.38843382758449,True,False,1,figs/llama2_b1_ssd_k4_f5.png,llama2_b1_ssd_screen/llama2_b1_ssd_k4_f5.json,"[""llama2_b1_ssd_k4_f5""]"
llama2_b1_ssd_k6_f1,llama2,1,SSD,48,0.7,512,96,2.1145833333333335,0.2239795918367347,101.05152112906976,101.07744633472095,True,False,1,figs/llama2_b1_ssd_k6_f1.png,llama2_b1_ssd_screen/llama2_b1_ssd_k6_f1.json,"[""llama2_b1_ssd_k6_f1""]"
llama2_b1_ssd_k6_f3,llama2,1,SSD,48,0.7,512,96,2.1099309612320765,0.36349453978159124,103.43566415713985,103.8237433277968,True,False,1,figs/llama2_b1_ssd_k6_f3.png,llama2_b1_ssd_screen/llama2_b1_ssd_k6_f3.json,"[""llama2_b1_ssd_k6_f3""]"
llama2_b1_ssd_k6_f5,llama2,1,SSD,48,0.7,512,96,2.2668776371308015,0.4675257731958763,113.34700433139159,114.03248243056211,True,False,1,figs/llama2_b1_ssd_k6_f5.png,llama2_b1_ssd_screen/llama2_b1_ssd_k6_f5.json,"[""llama2_b1_ssd_k6_f5""]"
llama2_b1_ssd_k8_f1,llama2,1,SSD,48,0.7,512,96,2.401159420289855,0.22580645161290322,108.99870743084568,109.87369513694044,True,False,1,figs/llama2_b1_ssd_k8_f1.png,llama2_b1_ssd_screen/llama2_b1_ssd_k8_f1.json,"[""llama2_b1_ssd_k8_f1""]"
llama2_b1_ssd_k8_f3,llama2,1,SSD,48,0.7,512,96,2.1454741379310347,0.33562005277044854,101.09027156684884,101.9314636747219,True,False,1,figs/llama2_b1_ssd_k8_f3.png,llama2_b1_ssd_screen/llama2_b1_ssd_k8_f3.json,"[""llama2_b1_ssd_k8_f3""]"
llama2_b1_ssd_k8_f5,llama2,1,SSD,48,0.7,512,96,2.205357142857143,0.4345146379044684,105.18462877436073,106.20309895774118,True,False,1,figs/llama2_b1_ssd_k8_f5.png,llama2_b1_ssd_screen/llama2_b1_ssd_k8_f5.json,"[""llama2_b1_ssd_k8_f5""]"
llama2_b1_tree_al_compute3,llama2,1,DUET,48,0.7,512,96,2.4020935960591134,0.8461538461538461,74.45641139936622,75.51213948969105,True,False,1,figs/llama2_b1_tree_al_compute3.png,llama2_b1_tree/llama2_b1_tree_al_compute3.json,"[""llama2_b1_tree_al_compute3""]"
llama2_b1_tree_al_width1,llama2,1,DUET,48,0.7,512,96,2.201541850220264,0.8392664509169363,93.30444168404428,94.06198442666509,True,False,1,figs/llama2_b1_tree_al_width1.png,llama2_b1_tree/llama2_b1_tree_al_width1.json,"[""llama2_b1_tree_al_width1""]"
llama2_b1_tree_al_width2,llama2,1,DUET,48,0.7,512,96,2.39355197331851,0.8299837045084193,88.6428019245217,89.94883468347422,True,False,1,figs/llama2_b1_tree_al_width2.png,llama2_b1_tree/llama2_b1_tree_al_width2.json,"[""llama2_b1_tree_al_width2""]"
llama2_b1_tree_align_exit11,llama2,1,DUET,48,0.7,512,96,2.269169751454257,0.6783867631851086,95.51275221534158,96.15636209866463,True,False,1,figs/llama2_b1_tree_align_exit11.png,llama2_b1_tree/llama2_b1_tree_align_exit11.json,"[""llama2_b1_tree_align_exit11""]"
llama2_b1_tree_align_exit13,llama2,1,DUET,48,0.7,512,96,2.265849760255727,0.67570385818561,93.16767728692236,93.47085798517824,True,False,1,figs/llama2_b1_tree_align_exit13.png,llama2_b1_tree/llama2_b1_tree_align_exit13.json,"[""llama2_b1_tree_align_exit13""]"
llama2_b1_tree_align_exit9,llama2,1,DUET,48,0.7,512,96,2.3073033707865167,0.6401098901098901,92.62486257828355,93.6146599956958,True,False,1,figs/llama2_b1_tree_align_exit9.png,llama2_b1_tree/llama2_b1_tree_align_exit9.json,"[""llama2_b1_tree_align_exit9""]"
llama2_b1_tree_beta0,llama2,1,DUET,48,0.7,512,96,2.4064237183446573,0.8142340168878166,99.6253705285826,100.2758761114878,True,False,1,figs/llama2_b1_tree_beta0.png,llama2_b1_tree/llama2_b1_tree_beta0.json,"[""llama2_b1_tree_beta0""]"
llama2_b1_tree_beta1,llama2,1,DUET,48,0.7,512,96,2.4064237183446573,0.8142340168878166,99.83399305589921,100.47475089313534,True,False,1,figs/llama2_b1_tree_beta1.png,llama2_b1_tree/llama2_b1_tree_beta1.json,"[""llama2_b1_tree_beta1""]"
llama2_b1_tree_compute3,llama2,1,DUET,48,0.7,512,96,2.3506567675613934,0.8126045733407696,98.80075573169341,99.71927400075252,True,False,1,figs/llama2_b1_tree_compute3.png,llama2_b1_tree/llama2_b1_tree_compute3.json,"[""llama2_b1_tree_compute3""]"
llama2_b1_tree_no_floors,llama2,1,DUET,48,0.7,512,96,2.293864370290635,0.7942105263157895,97.15520123055663,98.21407117357033,True,False,1,figs/llama2_b1_tree_no_floors.png,llama2_b1_tree/llama2_b1_tree_no_floors.json,"[""llama2_b1_tree_no_floors""]"
llama2_b1_tree_nodes_high,llama2,1,DUET,48,0.7,512,96,2.2967914438502675,0.7903815995818086,89.78595597684682,90.216740742551,True,False,1,figs/llama2_b1_tree_nodes_high.png,llama2_b1_tree/llama2_b1_tree_nodes_high.json,"[""llama2_b1_tree_nodes_high""]"
llama2_b1_tree_nodes_low,llama2,1,DUET,48,0.7,512,96,2.157046281851274,0.824847250509165,96.23028813137867,96.64829795088049,True,False,1,figs/llama2_b1_tree_nodes_low.png,llama2_b1_tree/llama2_b1_tree_nodes_low.json,"[""llama2_b1_tree_nodes_low""]"
llama2_b1_tree_p2budget12,llama2,1,DUET,48,0.7,512,96,2.229693383539537,0.831230283911672,93.77176370585215,94.31547325284635,True,False,1,figs/llama2_b1_tree_p2budget12.png,llama2_b1_tree/llama2_b1_tree_p2budget12.json,"[""llama2_b1_tree_p2budget12""]"
llama2_b1_tree_p2budget3,llama2,1,DUET,48,0.7,512,96,2.321167883211679,0.7198464912280702,94.05221630191977,94.49994213094347,True,False,1,figs/llama2_b1_tree_p2budget3.png,llama2_b1_tree/llama2_b1_tree_p2budget3.json,"[""llama2_b1_tree_p2budget3""]"
llama2_b1_tree_p2budget8,llama2,1,DUET,48,0.7,512,96,2.4199160167966407,0.8147713950762017,96.06767178691086,96.57679591555265,True,False,1,figs/llama2_b1_tree_p2budget8.png,llama2_b1_tree/llama2_b1_tree_p2budget8.json,"[""llama2_b1_tree_p2budget8""]"
llama2_b1_tree_roots1_compute1,llama2,1,DUET,48,0.7,512,96,2.383765875207068,0.8085221143473571,98.1681644753991,98.85628493745185,True,False,1,figs/llama2_b1_tree_roots1_compute1.png,llama2_b1_tree/llama2_b1_tree_roots1_compute1.json,"[""llama2_b1_tree_roots1_compute1""]"
llama2_b1_tree_roots2_compute1,llama2,1,DUET,48,0.7,512,96,2.2861771058315337,0.7837552742616034,92.39095482827122,93.06161690985292,True,False,1,figs/llama2_b1_tree_roots2_compute1.png,llama2_b1_tree/llama2_b1_tree_roots2_compute1.json,"[""llama2_b1_tree_roots2_compute1""]"
llama2_b1_tree_roots3,llama2,1,DUET,48,0.7,512,96,2.3215102974828374,0.8171140939597316,87.46446388538166,88.41710169240665,True,False,1,figs/llama2_b1_tree_roots3.png,llama2_b1_tree/llama2_b1_tree_roots3.json,"[""llama2_b1_tree_roots3""]"
llama2_b1_tree_width1,llama2,1,DUET,48,0.7,512,96,2.157046281851274,0.824847250509165,97.58751476238302,98.00174354998815,True,False,1,figs/llama2_b1_tree_width1.png,llama2_b1_tree/llama2_b1_tree_width1.json,"[""llama2_b1_tree_width1""]"
llama2_b1_tree_width2,llama2,1,DUET,48,0.7,512,96,2.2560335781741867,0.8072783188108662,95.84007282869425,96.52905659811914,True,False,1,figs/llama2_b1_tree_width2.png,llama2_b1_tree/llama2_b1_tree_width2.json,"[""llama2_b1_tree_width2""]"
llama2_b1_warm_duet_tree_1,llama2,1,DUET,48,0.7,512,96,2.287596048298573,0.8041845493562232,123.06896518019342,123.61301124819569,False,False,2,figs/llama2_b1_warm_duet_tree_1.png,llama2_b1_warm/llama2_b1_warm_duet_tree_1.json,"[""llama2_b1_tree_beta0""]"
llama2_b1_warm_duet_tree_2,llama2,1,DUET,48,0.7,512,96,2.287596048298573,0.8041845493562232,123.663024003609,124.20799440546763,False,False,2,figs/llama2_b1_warm_duet_tree_2.png,llama2_b1_warm/llama2_b1_warm_duet_tree_2.json,"[""llama2_b1_tree_beta1""]"
llama2_b1_warm_duet_tree_3,llama2,1,DUET,48,0.7,512,96,2.287596048298573,0.8041845493562232,123.66571944582851,124.21257687005537,False,False,2,figs/llama2_b1_warm_duet_tree_3.png,llama2_b1_warm/llama2_b1_warm_duet_tree_3.json,"[""llama2_b1_refine_e21_k6_4_r2""]"
llama2_b1_warm_duet_tree_4,llama2,1,DUET,48,0.7,512,96,2.390625,0.8270209157716224,120.94511575727552,121.38569901395414,False,False,2,figs/llama2_b1_warm_duet_tree_4.png,llama2_b1_warm/llama2_b1_warm_duet_tree_4.json,"[""llama2_b1_refine_e21_k12_4_r2""]"
llama2_b1_warm_duet_tree_5,llama2,1,DUET,48,0.7,512,96,2.3965714285714284,0.8341708542713567,127.40871085937839,127.93069488630677,False,False,2,figs/llama2_b1_warm_duet_tree_5.png,llama2_b1_warm/llama2_b1_warm_duet_tree_5.json,"[""llama2_b1_refine_e21_k12_2_r2""]"
llama2_b1_warm_ssd_1,llama2,1,SSD,48,0.7,512,96,2.1843198338525442,0.5447154471544715,116.46048624374805,115.97889391423918,False,False,2,figs/llama2_b1_warm_ssd_1.png,llama2_b1_warm/llama2_b1_warm_ssd_1.json,"[""llama2_b1_ssd_refine_k4_f7""]"
llama2_b1_warm_ssd_2,llama2,1,SSD,48,0.7,512,96,2.0528700906344413,0.466436327739388,104.89348097257374,105.56720515295044,False,False,2,figs/llama2_b1_warm_ssd_2.png,llama2_b1_warm/llama2_b1_warm_ssd_2.json,"[""llama2_b1_ssd_refine_k6_f7""]"
llama2_b1_warm_ssd_3,llama2,1,SSD,48,0.7,512,96,2.113447432762836,0.45715653422690283,110.10239488200372,110.39643718829338,False,False,2,figs/llama2_b1_warm_ssd_3.png,llama2_b1_warm/llama2_b1_warm_ssd_3.json,"[""llama2_b1_ssd_refine_k5_f5""]"
llama2_b1_warm_ssd_4,llama2,1,SSD,48,0.7,512,96,2.1009127789046653,0.20109235352532273,98.17046996863594,99.09873501687939,False,False,2,figs/llama2_b1_warm_ssd_4.png,llama2_b1_warm/llama2_b1_warm_ssd_4.json,"[""llama2_b1_ssd_k8_f1""]"
llama2_b1_warm_ssd_5,llama2,1,SSD,48,0.7,512,96,2.22319587628866,0.4583963691376702,113.42911289695172,114.14803913440483,False,False,2,figs/llama2_b1_warm_ssd_5.png,llama2_b1_warm/llama2_b1_warm_ssd_5.json,"[""llama2_b1_ssd_k6_f5""]"
llama2_b8_combo_al_k1_7,llama2,8,DUET,48,0.7,512,96,2.1690721649484535,0.8149268784669692,162.54655710811707,180.4820520618314,True,False,1,figs/llama2_b8_combo_al_k1_7.png,llama2_b8_combo/llama2_b8_combo_al_k1_7.json,"[""llama2_b8_combo_al_k1_7""]"
llama2_b8_combo_al_k2_3,llama2,8,DUET,48,0.7,512,96,2.302566903331513,0.7922008547008547,173.33411089397072,178.61292902421448,True,False,1,figs/llama2_b8_combo_al_k2_3.png,llama2_b8_combo/llama2_b8_combo_al_k2_3.json,"[""llama2_b8_combo_al_k2_3""]"
llama2_b8_combo_e19,llama2,8,DUET,48,0.7,512,96,2.136008337675873,0.7409484956654768,266.190525428195,288.90381938148374,True,False,1,figs/llama2_b8_combo_e19.png,llama2_b8_combo/llama2_b8_combo_e19.json,"[""llama2_b8_combo_e19""]"
llama2_b8_combo_e23,llama2,8,DUET,48,0.7,512,96,2.075621364357483,0.8149300155520995,348.7639634968793,323.01600580049075,True,False,1,figs/llama2_b8_combo_e23.png,llama2_b8_combo/llama2_b8_combo_e23.json,"[""llama2_b8_combo_e23""]"
llama2_b8_combo_k1_2,llama2,8,DUET,48,0.7,512,96,2.06054386865059,0.7561588738059326,299.977779771449,322.94337212631166,True,False,1,figs/llama2_b8_combo_k1_2.png,llama2_b8_combo/llama2_b8_combo_k1_2.json,"[""llama2_b8_combo_k1_2""]"
llama2_b8_combo_k1_4,llama2,8,DUET,48,0.7,512,96,2.177594217862674,0.7771601819100555,185.02197846202296,204.85820414365375,True,False,1,figs/llama2_b8_combo_k1_4.png,llama2_b8_combo/llama2_b8_combo_k1_4.json,"[""llama2_b8_combo_k1_4""]"
llama2_b8_combo_k2_1,llama2,8,DUET,48,0.7,512,96,1.9659442724458205,0.7822125813449023,245.30654350598283,251.41855470415345,True,False,1,figs/llama2_b8_combo_k2_1.png,llama2_b8_combo/llama2_b8_combo_k2_1.json,"[""llama2_b8_combo_k2_1""]"
llama2_b8_combo_k2_3,llama2,8,DUET,48,0.7,512,96,2.118831822759315,0.7761341222879684,277.36877677710686,291.5360879025358,True,False,1,figs/llama2_b8_combo_k2_3.png,llama2_b8_combo/llama2_b8_combo_k2_3.json,"[""llama2_b8_combo_k2_3""]"
llama2_b8_combo_miss2,llama2,8,DUET,48,0.7,512,96,2.0578635014836797,0.7891420261754726,265.9356440858213,266.49023404396564,True,False,1,figs/llama2_b8_combo_miss2.png,llama2_b8_combo/llama2_b8_combo_miss2.json,"[""llama2_b8_combo_miss2""]"
llama2_b8_combo_miss6,llama2,8,DUET,48,0.7,512,96,2.1425732737208145,0.7598444336412251,300.6666366644711,308.9548786618761,True,False,1,figs/llama2_b8_combo_miss6.png,llama2_b8_combo/llama2_b8_combo_miss6.json,"[""llama2_b8_combo_miss6""]"
llama2_b8_combo_transfer_2_4_e12,llama2,8,DUET,48,0.7,512,96,2.025185185185185,0.6561743341404358,149.82177978726253,165.499554926325,True,False,1,figs/llama2_b8_combo_transfer_2_4_e12.png,llama2_b8_combo/llama2_b8_combo_transfer_2_4_e12.json,"[""llama2_b8_combo_transfer_2_4_e12""]"
llama2_b8_combo_transfer_2_4_e16,llama2,8,DUET,48,0.7,512,96,2.073943661971831,0.7535731887629374,178.1698614546295,190.39609047908507,True,False,1,figs/llama2_b8_combo_transfer_2_4_e16.png,llama2_b8_combo/llama2_b8_combo_transfer_2_4_e16.json,"[""llama2_b8_combo_transfer_2_4_e16""]"
llama2_b8_combo_transfer_3_3_e16,llama2,8,DUET,48,0.7,512,96,2.165934065934066,0.7318255250403877,271.65062607886256,272.34248920552324,True,False,1,figs/llama2_b8_combo_transfer_3_3_e16.png,llama2_b8_combo/llama2_b8_combo_transfer_3_3_e16.json,"[""llama2_b8_combo_transfer_3_3_e16""]"
llama2_b8_combo_transfer_3_3_e20,llama2,8,DUET,48,0.7,512,96,2.0849342770475228,0.7222772277227723,242.80983902619738,257.86773073557623,True,False,1,figs/llama2_b8_combo_transfer_3_3_e20.png,llama2_b8_combo/llama2_b8_combo_transfer_3_3_e20.json,"[""llama2_b8_combo_transfer_3_3_e20""]"
llama2_b8_transfer_smoke,llama2,8,DUET,8,0.7,512,24,1.9135802469135803,0.5909090909090909,85.70130605644518,42.10254821267876,False,False,2,figs/llama2_b8_transfer_smoke.png,llama2_b8_combo/llama2_b8_transfer_smoke.json,[]
llama2_b8_duet_e16_k4_2,llama2,8,DUET,48,0.7,512,96,2.2098191214470284,0.7253414264036419,200.05634193387107,210.54839686887732,True,False,1,figs/llama2_b8_duet_e16_k4_2.png,llama2_b8_duet_anchor/llama2_b8_duet_e16_k4_2.json,"[""llama2_b8_duet_e16_k4_2""]"
llama2_b8_duet_e21_k4_2,llama2,8,DUET,48,0.7,512,96,2.21814368117462,0.7901487942534633,214.06473821245518,218.79202155514272,True,False,1,figs/llama2_b8_duet_e21_k4_2.png,llama2_b8_duet_anchor/llama2_b8_duet_e21_k4_2.json,"[""llama2_b8_duet_e21_k4_2""]"
llama2_b8_duet_e26_k4_2,llama2,8,DUET,48,0.7,512,96,2.1670977754785308,0.8386444107233182,193.62146199589864,202.91112707491723,True,False,1,figs/llama2_b8_duet_e26_k4_2.png,llama2_b8_duet_anchor/llama2_b8_duet_e26_k4_2.json,"[""llama2_b8_duet_e26_k4_2""]"
llama2_b8_duet_e30_k4_2,llama2,8,DUET,48,0.7,512,96,2.1470740548938374,0.8687943262411347,203.64464793358127,220.39372109627513,True,False,1,figs/llama2_b8_duet_e30_k4_2.png,llama2_b8_duet_anchor/llama2_b8_duet_e30_k4_2.json,"[""llama2_b8_duet_e30_k4_2""]"
llama2_b8_refine_e21_k2_1_r2,llama2,8,DUET,48,0.7,512,96,1.8906678865507778,0.7749326145552561,216.61756804952947,219.71726781841838,True,False,1,figs/llama2_b8_refine_e21_k2_1_r2.png,llama2_b8_refine/llama2_b8_refine_e21_k2_1_r2.json,"[""llama2_b8_refine_e21_k2_1_r2""]"
llama2_b8_refine_e21_k2_2_r2,llama2,8,DUET,48,0.7,512,96,1.9957244655581947,0.7880763856544015,336.40780505885107,327.1656876692501,True,False,1,figs/llama2_b8_refine_e21_k2_2_r2.png,llama2_b8_refine/llama2_b8_refine_e21_k2_2_r2.json,"[""llama2_b8_refine_e21_k2_2_r2""]"
llama2_b8_refine_e21_k3_2_r1,llama2,8,DUET,48,0.7,512,96,2.1079349433218333,0.7533783783783784,365.6223127707013,340.3283854205576,True,False,1,figs/llama2_b8_refine_e21_k3_2_r1.png,llama2_b8_refine/llama2_b8_refine_e21_k3_2_r1.json,"[""llama2_b8_refine_e21_k3_2_r1"", ""llama2_b8_opt_l0_profile_trim0"", ""llama2_b8_opt_l1_profile_trim0"", ""llama2_b8_final_breakdown""]"
llama2_b8_refine_e21_k4_2_r1,llama2,8,DUET,48,0.7,512,96,2.1985484707102128,0.7826307770441848,228.57528155384705,222.30715450407672,True,False,1,figs/llama2_b8_refine_e21_k4_2_r1.png,llama2_b8_refine/llama2_b8_refine_e21_k4_2_r1.json,"[""llama2_b8_refine_e21_k4_2_r1""]"
llama2_b8_refine_e17_k3_1_r2,llama2,8,DUET,48,0.7,512,96,1.938097405553027,0.749665327978581,296.4058125475143,267.3838692153581,True,False,1,figs/llama2_b8_refine_e17_k3_1_r2.png,llama2_b8_refine_retry/llama2_b8_refine_e17_k3_1_r2.json,"[""llama2_b8_refine_e17_k3_1_r2""]"
llama2_b8_refine_e17_k3_2_r2,llama2,8,DUET,48,0.7,512,96,2.1681370005189415,0.7732587697000508,278.0253368473753,290.40419231369515,True,False,1,figs/llama2_b8_refine_e17_k3_2_r2.png,llama2_b8_refine_retry/llama2_b8_refine_e17_k3_2_r2.json,"[""llama2_b8_refine_e17_k3_2_r2""]"
llama2_b8_refine_e21_k3_1_r2,llama2,8,DUET,48,0.7,512,96,1.9405328258801142,0.7682242990654206,273.10447223530133,283.59611114144724,True,False,1,figs/llama2_b8_refine_e21_k3_1_r2.png,llama2_b8_refine_retry/llama2_b8_refine_e21_k3_1_r2.json,"[""llama2_b8_refine_e21_k3_1_r2""]"
llama2_b8_refine_e21_k3_2_r2,llama2,8,DUET,48,0.7,512,96,1.9554554554554555,0.7582309582309582,219.92721712248655,236.6700519109675,True,False,1,figs/llama2_b8_refine_e21_k3_2_r2.png,llama2_b8_refine_retry/llama2_b8_refine_e21_k3_2_r2.json,"[""llama2_b8_refine_e21_k3_2_r2""]"
llama2_b8_refine_e21_k4_1_r2,llama2,8,DUET,48,0.7,512,96,2.069154228855721,0.7992202729044834,235.78067326696276,228.2274580833229,True,False,1,figs/llama2_b8_refine_e21_k4_1_r2.png,llama2_b8_refine_retry/llama2_b8_refine_e21_k4_1_r2.json,"[""llama2_b8_refine_e21_k4_1_r2""]"
llama2_b8_refine_e21_k6_1_r2,llama2,8,DUET,48,0.7,512,96,2.1574446680080483,0.8316929133858267,190.86691444102365,205.8831588497042,True,False,1,figs/llama2_b8_refine_e21_k6_1_r2.png,llama2_b8_refine_retry/llama2_b8_refine_e21_k6_1_r2.json,"[""llama2_b8_refine_e21_k6_1_r2""]"
llama2_b8_refine_e21_k6_2_r2,llama2,8,DUET,48,0.7,512,96,2.2497348886532342,0.8119170984455959,217.3443074257203,212.14927816794614,True,False,1,figs/llama2_b8_refine_e21_k6_2_r2.png,llama2_b8_refine_retry/llama2_b8_refine_e21_k6_2_r2.json,"[""llama2_b8_refine_e21_k6_2_r2""]"
llama2_b8_refine_e23_k3_1_r2,llama2,8,DUET,48,0.7,512,96,1.938793879387939,0.824569155987627,242.3947714166502,237.46547222803864,True,False,1,figs/llama2_b8_refine_e23_k3_1_r2.png,llama2_b8_refine_retry/llama2_b8_refine_e23_k3_1_r2.json,"[""llama2_b8_refine_e23_k3_1_r2""]"
llama2_b8_refine_e23_k3_2_r2,llama2,8,DUET,48,0.7,512,96,2.0943579766536966,0.8080038113387328,239.9085860589698,260.98605343595165,True,False,1,figs/llama2_b8_refine_e23_k3_2_r2.png,llama2_b8_refine_retry/llama2_b8_refine_e23_k3_2_r2.json,"[""llama2_b8_refine_e23_k3_2_r2""]"
llama2_b8_ssd_refine_k10_f3,llama2,8,SSD,48,0.7,512,96,2.249475890985325,0.3699332991277578,539.7892397922186,546.463729309196,True,False,1,figs/llama2_b8_ssd_refine_k10_f3.png,llama2_b8_ssd_refine/llama2_b8_ssd_refine_k10_f3.json,"[""llama2_b8_ssd_refine_k10_f3""]"
llama2_b8_ssd_refine_k2_f5,llama2,8,SSD,48,0.7,512,96,1.8741166077738516,0.562012142237641,592.6137081685685,587.1415025050363,True,False,1,figs/llama2_b8_ssd_refine_k2_f5.png,llama2_b8_ssd_refine/llama2_b8_ssd_refine_k2_f5.json,"[""llama2_b8_ssd_refine_k2_f5""]"
llama2_b8_ssd_refine_k3_f3,llama2,8,SSD,48,0.7,512,96,1.9582397844634036,0.4084507042253521,622.3611363277083,622.6177228767461,True,False,1,figs/llama2_b8_ssd_refine_k3_f3.png,llama2_b8_ssd_refine/llama2_b8_ssd_refine_k3_f3.json,"[""llama2_b8_ssd_refine_k3_f3""]"
llama2_b8_ssd_refine_k4_f7,llama2,8,SSD,48,0.7,512,96,2.1215189873417724,0.5394149727317799,641.5422970536314,637.1194897083609,True,False,1,figs/llama2_b8_ssd_refine_k4_f7.png,llama2_b8_ssd_refine/llama2_b8_ssd_refine_k4_f7.json,"[""llama2_b8_ssd_refine_k4_f7""]"
llama2_b8_ssd_refine_k5_f3,llama2,8,SSD,48,0.7,512,96,2.252655114589156,0.4099616858237548,643.408440068364,643.1101991625937,True,False,1,figs/llama2_b8_ssd_refine_k5_f3.png,llama2_b8_ssd_refine/llama2_b8_ssd_refine_k5_f3.json,"[""llama2_b8_ssd_refine_k5_f3""]"
llama2_b8_ssd_refine_k6_f7,llama2,8,SSD,48,0.7,512,96,2.121197007481297,0.4951171875,585.0779895203307,584.7501202432911,True,False,1,figs/llama2_b8_ssd_refine_k6_f7.png,llama2_b8_ssd_refine/llama2_b8_ssd_refine_k6_f7.json,"[""llama2_b8_ssd_refine_k6_f7""]"
llama2_b8_ssd_k2_f1,llama2,8,SSD,48,0.7,512,96,1.84323358642251,0.3165057067603161,601.7319885818532,600.067549078973,True,False,1,figs/llama2_b8_ssd_k2_f1.png,llama2_b8_ssd_screen/llama2_b8_ssd_k2_f1.json,"[""llama2_b8_ssd_k2_f1""]"
llama2_b8_ssd_k2_f3,llama2,8,SSD,48,0.7,512,96,1.7693293464331483,0.44607637431808644,592.5763998732971,592.0561766134258,True,False,1,figs/llama2_b8_ssd_k2_f3.png,llama2_b8_ssd_screen/llama2_b8_ssd_k2_f3.json,"[""llama2_b8_ssd_k2_f3""]"
llama2_b8_ssd_k2_f5,llama2,8,SSD,48,0.7,512,96,1.8741166077738516,0.562012142237641,605.7972291576145,599.9043553167276,True,True,1,figs/llama2_b8_ssd_k2_f5.png,llama2_b8_ssd_screen/llama2_b8_ssd_k2_f5.json,"[""llama2_b8_ssd_refine_k2_f5""]"
llama2_b8_ssd_k4_f1,llama2,8,SSD,48,0.7,512,96,2.0868665977249226,0.2530425963488844,605.644302033767,606.3952505775525,True,False,1,figs/llama2_b8_ssd_k4_f1.png,llama2_b8_ssd_screen/llama2_b8_ssd_k4_f1.json,"[""llama2_b8_ssd_k4_f1""]"
llama2_b8_ssd_k4_f3,llama2,8,SSD,48,0.7,512,96,2.081967213114754,0.4194647201946472,628.9190401905851,629.2107803690616,True,False,1,figs/llama2_b8_ssd_k4_f3.png,llama2_b8_ssd_screen/llama2_b8_ssd_k4_f3.json,"[""llama2_b8_ssd_k4_f3""]"
llama2_b8_ssd_k4_f5,llama2,8,SSD,48,0.7,512,96,2.1000986193293887,0.4864734299516908,608.7975768497074,610.2486427679814,True,False,1,figs/llama2_b8_ssd_k4_f5.png,llama2_b8_ssd_screen/llama2_b8_ssd_k4_f5.json,"[""llama2_b8_ssd_k4_f5""]"
llama2_b8_ssd_k6_f1,llama2,8,SSD,48,0.7,512,96,2.163358778625954,0.2269785963165754,587.995229541764,600.8561677766537,True,False,1,figs/llama2_b8_ssd_k6_f1.png,llama2_b8_ssd_screen/llama2_b8_ssd_k6_f1.json,"[""llama2_b8_ssd_k6_f1""]"
llama2_b8_ssd_k6_f3,llama2,8,SSD,48,0.7,512,96,2.1190351337178814,0.35233692860811505,571.4090198037898,577.4213863440655,True,False,1,figs/llama2_b8_ssd_k6_f3.png,llama2_b8_ssd_screen/llama2_b8_ssd_k6_f3.json,"[""llama2_b8_ssd_k6_f3""]"
llama2_b8_ssd_k6_f5,llama2,8,SSD,48,0.7,512,96,2.1897407611693325,0.47106544077879936,625.0602623560394,622.4484039737407,True,False,1,figs/llama2_b8_ssd_k6_f5.png,llama2_b8_ssd_screen/llama2_b8_ssd_k6_f5.json,"[""llama2_b8_ssd_k6_f5""]"
llama2_b8_ssd_k8_f1,llama2,8,SSD,48,0.7,512,96,2.1223739495798317,0.2021604938271605,549.490265490854,554.2702084498711,True,False,1,figs/llama2_b8_ssd_k8_f1.png,llama2_b8_ssd_screen/llama2_b8_ssd_k8_f1.json,"[""llama2_b8_ssd_k8_f1""]"
llama2_b8_ssd_k8_f3,llama2,8,SSD,48,0.7,512,96,2.291005291005291,0.35832471561530505,552.7636879718913,564.2537026417914,True,False,1,figs/llama2_b8_ssd_k8_f3.png,llama2_b8_ssd_screen/llama2_b8_ssd_k8_f3.json,"[""llama2_b8_ssd_k8_f3""]"
llama2_b8_ssd_k8_f5,llama2,8,SSD,48,0.7,512,96,2.285796105383734,0.4248878923766816,569.459258571603,580.0633680139224,True,False,1,figs/llama2_b8_ssd_k8_f5.png,llama2_b8_ssd_screen/llama2_b8_ssd_k8_f5.json,"[""llama2_b8_ssd_k8_f5""]"
llama2_b8_tree_al_compute3,llama2,8,DUET,48,0.7,512,96,2.2881260551491276,0.8074807480748075,187.1189777857911,196.5124056355243,True,False,1,figs/llama2_b8_tree_al_compute3.png,llama2_b8_tree/llama2_b8_tree_al_compute3.json,"[""llama2_b8_tree_al_compute3""]"
llama2_b8_tree_al_width1,llama2,8,DUET,48,0.7,512,96,2.054054054054054,0.8424153166421208,259.29245402279804,272.777631242308,True,False,1,figs/llama2_b8_tree_al_width1.png,llama2_b8_tree/llama2_b8_tree_al_width1.json,"[""llama2_b8_tree_al_width1""]"
llama2_b8_tree_al_width2,llama2,8,DUET,48,0.7,512,96,2.2253668763102725,0.8124038954382368,162.4496725401196,157.6950608877047,True,False,1,figs/llama2_b8_tree_al_width2.png,llama2_b8_tree/llama2_b8_tree_al_width2.json,"[""llama2_b8_tree_al_width2""]"
llama2_b8_tree_align_exit13,llama2,8,DUET,48,0.7,512,96,2.1436634171369935,0.6726907630522089,261.1159400799105,260.0885585480756,True,False,1,figs/llama2_b8_tree_align_exit13.png,llama2_b8_tree/llama2_b8_tree_align_exit13.json,"[""llama2_b8_tree_align_exit13""]"
llama2_b8_tree_align_exit15,llama2,8,DUET,48,0.7,512,96,2.0585457979225685,0.6694405917706888,320.5533295993186,289.50641829727255,True,False,1,figs/llama2_b8_tree_align_exit15.png,llama2_b8_tree/llama2_b8_tree_align_exit15.json,"[""llama2_b8_tree_align_exit15""]"
llama2_b8_tree_align_exit17,llama2,8,DUET,48,0.7,512,96,2.0119502868068833,0.7216494845360825,289.0004873201382,307.0015332366878,True,False,1,figs/llama2_b8_tree_align_exit17.png,llama2_b8_tree/llama2_b8_tree_align_exit17.json,"[""llama2_b8_tree_align_exit17""]"
llama2_b8_tree_beta0,llama2,8,DUET,48,0.7,512,96,2.1079349433218333,0.7533783783783784,346.31624559367384,319.1493676918304,True,False,1,figs/llama2_b8_tree_beta0.png,llama2_b8_tree/llama2_b8_tree_beta0.json,"[""llama2_b8_tree_beta0""]"
llama2_b8_tree_beta1,llama2,8,DUET,48,0.7,512,96,2.1079349433218333,0.7533783783783784,350.83600347392763,323.496549927425,True,False,1,figs/llama2_b8_tree_beta1.png,llama2_b8_tree/llama2_b8_tree_beta1.json,"[""llama2_b8_tree_beta1""]"
llama2_b8_tree_compute3,llama2,8,DUET,48,0.7,512,96,2.1079349433218333,0.7533783783783784,359.42088228808814,332.29409453232245,True,False,1,figs/llama2_b8_tree_compute3.png,llama2_b8_tree/llama2_b8_tree_compute3.json,"[""llama2_b8_tree_compute3""]"
llama2_b8_tree_no_floors,llama2,8,DUET,48,0.7,512,96,2.028556858745538,0.7651174412793603,280.3040683112714,298.46187660016744,True,False,1,figs/llama2_b8_tree_no_floors.png,llama2_b8_tree/llama2_b8_tree_no_floors.json,"[""llama2_b8_tree_no_floors""]"
llama2_b8_tree_nodes_high,llama2,8,DUET,48,0.7,512,96,2.177651905252317,0.7641129032258065,258.80028423760643,273.0262508005486,True,False,1,figs/llama2_b8_tree_nodes_high.png,llama2_b8_tree/llama2_b8_tree_nodes_high.json,"[""llama2_b8_tree_nodes_high""]"
llama2_b8_tree_nodes_low,llama2,8,DUET,48,0.7,512,96,1.990268767377201,0.8023625624716039,167.89642891179471,178.3343290429091,True,False,1,figs/llama2_b8_tree_nodes_low.png,llama2_b8_tree/llama2_b8_tree_nodes_low.json,"[""llama2_b8_tree_nodes_low""]"
llama2_b8_tree_p2budget12,llama2,8,DUET,48,0.7,512,96,2.021686746987952,0.8493150684931506,229.30759958718536,240.63589035318063,True,False,1,figs/llama2_b8_tree_p2budget12.png,llama2_b8_tree/llama2_b8_tree_p2budget12.json,"[""llama2_b8_tree_p2budget12""]"
llama2_b8_tree_p2budget3,llama2,8,DUET,48,0.7,512,96,2.0832512315270937,0.7504826254826255,295.04913267882836,316.04755185511203,True,False,1,figs/llama2_b8_tree_p2budget3.png,llama2_b8_tree/llama2_b8_tree_p2budget3.json,"[""llama2_b8_tree_p2budget3""]"
llama2_b8_tree_p2budget8,llama2,8,DUET,48,0.7,512,96,2.0715715715715715,0.8288376655223149,270.8499170060754,283.0356793093775,True,False,1,figs/llama2_b8_tree_p2budget8.png,llama2_b8_tree/llama2_b8_tree_p2budget8.json,"[""llama2_b8_tree_p2budget8""]"
llama2_b8_tree_roots1_compute1,llama2,8,DUET,48,0.7,512,96,2.066225165562914,0.7693459810284573,282.7316672003968,303.33154428220183,True,False,1,figs/llama2_b8_tree_roots1_compute1.png,llama2_b8_tree/llama2_b8_tree_roots1_compute1.json,"[""llama2_b8_tree_roots1_compute1""]"
llama2_b8_tree_roots2_compute1,llama2,8,DUET,48,0.7,512,96,2.0526565464895636,0.7969330855018587,304.6886214167024,283.4311084820982,True,False,1,figs/llama2_b8_tree_roots2_compute1.png,llama2_b8_tree/llama2_b8_tree_roots2_compute1.json,"[""llama2_b8_tree_roots2_compute1""]"
llama2_b8_tree_roots3,llama2,8,DUET,48,0.7,512,96,2.066766317887394,0.7989263055148853,336.9736592399168,313.2845437689071,True,False,1,figs/llama2_b8_tree_roots3.png,llama2_b8_tree/llama2_b8_tree_roots3.json,"[""llama2_b8_tree_roots3""]"
llama2_b8_tree_width1,llama2,8,DUET,48,0.7,512,96,1.990268767377201,0.8023625624716039,152.66532398774396,163.12564845925985,True,False,1,figs/llama2_b8_tree_width1.png,llama2_b8_tree/llama2_b8_tree_width1.json,"[""llama2_b8_tree_width1""]"
llama2_b8_tree_width2,llama2,8,DUET,48,0.7,512,96,2.0861895161290325,0.7714708785784797,277.38743203104286,291.74835262281715,True,False,1,figs/llama2_b8_tree_width2.png,llama2_b8_tree/llama2_b8_tree_width2.json,"[""llama2_b8_tree_width2""]"
llama2_b8_warm_duet_tree_1,llama2,8,DUET,48,0.7,512,96,2.1225514816675037,0.7676021664204825,575.1902182940487,574.0894675505721,False,False,2,figs/llama2_b8_warm_duet_tree_1.png,llama2_b8_warm/llama2_b8_warm_duet_tree_1.json,"[""llama2_b8_refine_e21_k3_2_r1"", ""llama2_b8_opt_l0_profile_trim0"", ""llama2_b8_opt_l1_profile_trim0"", ""llama2_b8_final_breakdown""]"
llama2_b8_warm_duet_tree_2,llama2,8,DUET,48,0.7,512,96,2.1225514816675037,0.7676021664204825,573.1395398339004,572.1716703358343,False,False,2,figs/llama2_b8_warm_duet_tree_2.png,llama2_b8_warm/llama2_b8_warm_duet_tree_2.json,"[""llama2_b8_tree_compute3""]"
llama2_b8_warm_duet_tree_3,llama2,8,DUET,48,0.7,512,96,2.1225514816675037,0.7676021664204825,573.7170123980959,572.3747667640308,False,False,2,figs/llama2_b8_warm_duet_tree_3.png,llama2_b8_warm/llama2_b8_warm_duet_tree_3.json,"[""llama2_b8_tree_beta1""]"
llama2_b8_warm_duet_tree_4,llama2,8,DUET,48,0.7,512,96,2.28056768558952,0.8094983991462114,350.5066136610528,361.9280252559788,False,False,2,figs/llama2_b8_warm_duet_tree_4.png,llama2_b8_warm/llama2_b8_warm_duet_tree_4.json,"[""llama2_b8_combo_al_k2_3""]"
llama2_b8_warm_duet_tree_5,llama2,8,DUET,48,0.7,512,96,2.31266846361186,0.8140147523709168,372.75916372954396,389.20049762772976,False,False,2,figs/llama2_b8_warm_duet_tree_5.png,llama2_b8_warm/llama2_b8_warm_duet_tree_5.json,"[""llama2_b8_tree_al_compute3""]"
llama2_b8_warm_ssd_1,llama2,8,SSD,48,0.7,512,96,2.056992084432718,0.375387797311272,587.7564075177079,589.1421376745973,False,False,2,figs/llama2_b8_warm_ssd_1.png,llama2_b8_warm/llama2_b8_warm_ssd_1.json,"[""llama2_b8_ssd_refine_k5_f3""]"
llama2_b8_warm_ssd_2,llama2,8,SSD,48,0.7,512,96,2.1261040235525024,0.5247715247715248,650.6111649598578,649.2117008835332,False,False,2,figs/llama2_b8_warm_ssd_2.png,llama2_b8_warm/llama2_b8_warm_ssd_2.json,"[""llama2_b8_ssd_refine_k4_f7""]"
llama2_b8_warm_ssd_3,llama2,8,SSD,48,0.7,512,96,2.0247100353000502,0.38952051408798816,621.2563508461913,624.2242549185024,False,False,2,figs/llama2_b8_warm_ssd_3.png,llama2_b8_warm/llama2_b8_warm_ssd_3.json,"[""llama2_b8_ssd_k4_f3""]"
llama2_b8_warm_ssd_4,llama2,8,SSD,48,0.7,512,96,2.1837893649974185,0.36262626262626263,552.9595563740327,562.9390834675804,False,False,2,figs/llama2_b8_warm_ssd_4.png,llama2_b8_warm/llama2_b8_warm_ssd_4.json,"[""llama2_b8_ssd_k8_f3""]"
llama2_b8_warm_ssd_5,llama2,8,SSD,48,0.7,512,96,2.274829217025749,0.43862352336928606,584.9150143084274,593.1447361419025,False,False,2,figs/llama2_b8_warm_ssd_5.png,llama2_b8_warm/llama2_b8_warm_ssd_5.json,"[""llama2_b8_ssd_k8_f5""]"
llama2_b1_opt_fast_r0,llama2,1,DUET,480,0.7,512,128,2.364538823427856,0.8569852785202156,126.2694896203894,126.85957277570756,False,False,2,figs/llama2_b1_opt_fast_r0.png,llama2_opt_l0_full/llama2_b1_opt_fast_r0.json,"[""llama2_b1_stream_l0_profile_s0"", ""llama2_b1_stream_l1_profile_s0""]"
llama2_b8_opt_fast_r1,llama2,8,DUET,480,0.7,512,128,2.0904787561576357,0.7714729739974225,597.2842766851859,599.9468714173455,False,False,2,figs/llama2_b8_opt_fast_r1.png,llama2_opt_l0_full/llama2_b8_opt_fast_r1.json,"[""llama2_b8_opt_l0_profile_trim1"", ""llama2_b8_opt_l1_profile_trim1"", ""llama2_b8_stream_l0_profile_s0"", ""llama2_b8_stream_l1_profile_s0"", ""llama2_b8_stability_profile_3""]"
llama2_b8_opt_l0_profile_trim0,llama2,8,DUET,48,0.7,512,128,2.1464271768840297,0.782859338970023,325.3831982159702,340.07480304220877,True,False,1,figs/llama2_b8_opt_l0_profile_trim0.png,llama2_opt_l0_profile/llama2_b8_opt_l0_profile_trim0.json,"[""llama2_b8_opt_l0_profile_trim0"", ""llama2_b8_opt_l1_profile_trim0"", ""llama2_b8_final_breakdown"", ""llama2_b8_refine_e21_k3_2_r1""]"
llama2_b8_opt_l0_profile_trim1,llama2,8,DUET,48,0.7,512,128,2.1464271768840297,0.782859338970023,318.5411262262369,333.36125275081895,True,False,1,figs/llama2_b8_opt_l0_profile_trim1.png,llama2_opt_l0_profile/llama2_b8_opt_l0_profile_trim1.json,"[""llama2_b8_opt_l0_profile_trim1"", ""llama2_b8_opt_l1_profile_trim1"", ""llama2_b8_stream_l0_profile_s0"", ""llama2_b8_stream_l1_profile_s0"", ""llama2_b8_stability_profile_3""]"
llama2_b1_opt_fast_r1,llama2,1,DUET,480,0.7,512,128,2.365630229895182,0.8514590007792883,126.02951022877694,126.77158901858381,False,False,2,figs/llama2_b1_opt_fast_r1.png,llama2_opt_l1_full/llama2_b1_opt_fast_r1.json,"[""llama2_b1_stream_l0_profile_s0"", ""llama2_b1_stream_l1_profile_s0""]"
llama2_b8_opt_al_r0,llama2,8,DUET,480,0.7,512,128,2.298691829294446,0.8166399459961184,471.5702187267296,474.5157307857429,False,False,2,figs/llama2_b8_opt_al_r0.png,llama2_opt_l1_full/llama2_b8_opt_al_r0.json,[]
llama2_b8_opt_fast_r0,llama2,8,DUET,480,0.7,512,128,2.124382401380284,0.7683958437946619,604.8569354230901,606.6174395875269,False,False,2,figs/llama2_b8_opt_fast_r0.png,llama2_opt_l1_full/llama2_b8_opt_fast_r0.json,"[""llama2_b8_opt_l0_profile_trim1"", ""llama2_b8_opt_l1_profile_trim1"", ""llama2_b8_stream_l0_profile_s0"", ""llama2_b8_stream_l1_profile_s0"", ""llama2_b8_stability_profile_3""]"
llama2_b8_opt_l1_profile_trim0,llama2,8,DUET,48,0.7,512,128,2.1464271768840297,0.782859338970023,323.32962924598155,337.9751310169955,True,False,1,figs/llama2_b8_opt_l1_profile_trim0.png,llama2_opt_l1_profile/llama2_b8_opt_l1_profile_trim0.json,"[""llama2_b8_opt_l0_profile_trim0"", ""llama2_b8_opt_l1_profile_trim0"", ""llama2_b8_final_breakdown"", ""llama2_b8_refine_e21_k3_2_r1""]"
llama2_b8_opt_l1_profile_trim1,llama2,8,DUET,48,0.7,512,128,2.1464271768840297,0.782859338970023,317.11839223625134,331.9204790894257,True,False,1,figs/llama2_b8_opt_l1_profile_trim1.png,llama2_opt_l1_profile/llama2_b8_opt_l1_profile_trim1.json,"[""llama2_b8_opt_l0_profile_trim1"", ""llama2_b8_opt_l1_profile_trim1"", ""llama2_b8_stream_l0_profile_s0"", ""llama2_b8_stream_l1_profile_s0"", ""llama2_b8_stability_profile_3""]"
llama2_b1_postopt_final_r0,llama2,1,DUET,480,0.7,512,128,2.3444621548270366,0.8503493542240101,127.0270493226425,127.88134860142857,False,False,2,figs/llama2_b1_postopt_final_r0.png,llama2_postopt_l0_full/llama2_b1_postopt_final_r0.json,"[""llama2_b1_postopt_profile_k1_down""]"
llama2_b8_postopt_final_r1,llama2,8,DUET,480,0.7,512,128,2.1353222806948127,0.7575379820802494,585.3043894494488,586.69491460446,False,False,2,figs/llama2_b8_postopt_final_r1.png,llama2_postopt_l0_full/llama2_b8_postopt_final_r1.json,"[""llama2_b8_stability_profile_0"", ""llama2_b8_postopt_profile_exit_earlier""]"
llama2_b1_postopt_profile_exit_earlier,llama2,1,DUET,48,0.7,512,128,2.2687848862172606,0.835234474017744,102.1719861581606,102.70767633534173,True,False,1,figs/llama2_b1_postopt_profile_exit_earlier.png,llama2_postopt_l0_profile/llama2_b1_postopt_profile_exit_earlier.json,"[""llama2_b1_postopt_profile_exit_earlier""]"
llama2_b1_postopt_profile_exit_later,llama2,1,DUET,48,0.7,512,128,2.46,0.8710503842869343,111.1491926855238,112.18757737547273,True,False,1,figs/llama2_b1_postopt_profile_exit_later.png,llama2_postopt_l0_profile/llama2_b1_postopt_profile_exit_later.json,"[""llama2_b1_postopt_profile_exit_later""]"
llama2_b1_postopt_profile_k1_down,llama2,1,DUET,48,0.7,512,128,2.457059679767103,0.8531235097758703,85.9299207329943,87.07474790317882,True,False,1,figs/llama2_b1_postopt_profile_k1_down.png,llama2_postopt_l0_profile/llama2_b1_postopt_profile_k1_down.json,"[""llama2_b1_postopt_profile_k1_down""]"
llama2_b1_postopt_profile_k2_down,llama2,1,DUET,48,0.7,512,128,2.1905737704918034,0.8567970956030657,100.63251568528239,101.36646416431263,True,False,1,figs/llama2_b1_postopt_profile_k2_down.png,llama2_postopt_l0_profile/llama2_b1_postopt_profile_k2_down.json,"[""llama2_b1_postopt_profile_k2_down""]"
llama2_b8_postopt_profile_exit_earlier,llama2,8,DUET,48,0.7,512,128,2.1746163417669018,0.7710204081632653,313.2161731414638,327.5996812106408,True,False,1,figs/llama2_b8_postopt_profile_exit_earlier.png,llama2_postopt_l0_profile/llama2_b8_postopt_profile_exit_earlier.json,"[""llama2_b8_stability_profile_0"", ""llama2_b8_postopt_profile_exit_earlier""]"
llama2_b8_postopt_profile_exit_later,llama2,8,DUET,48,0.7,512,128,2.1165237724084176,0.8057581573896353,325.792959542677,317.06099700429763,True,False,1,figs/llama2_b8_postopt_profile_exit_later.png,llama2_postopt_l0_profile/llama2_b8_postopt_profile_exit_later.json,"[""llama2_b8_postopt_profile_exit_later""]"
llama2_b8_postopt_profile_k1_down,llama2,8,DUET,48,0.7,512,128,2.0426504188880426,0.7606003752345216,306.0195426674212,319.17561774518754,True,False,1,figs/llama2_b8_postopt_profile_k1_down.png,llama2_postopt_l0_profile/llama2_b8_postopt_profile_k1_down.json,"[""llama2_b8_postopt_profile_k1_down""]"
llama2_b8_postopt_profile_k2_down,llama2,8,DUET,48,0.7,512,128,2.0154516640253566,0.773828125,254.00765244186735,267.17931368323184,True,False,1,figs/llama2_b8_postopt_profile_k2_down.png,llama2_postopt_l0_profile/llama2_b8_postopt_profile_k2_down.json,"[""llama2_b8_postopt_profile_k2_down"", ""llama2_b8_stability_profile_1""]"
llama2_b1_postopt_warm_0,llama2,1,DUET,48,0.7,512,128,2.4648722627737225,0.848050201703272,133.36856446519,134.40485838567255,False,False,2,figs/llama2_b1_postopt_warm_0.png,llama2_postopt_l0_warm/llama2_b1_postopt_warm_0.json,"[""llama2_b1_postopt_profile_k1_down""]"
llama2_b1_postopt_warm_1,llama2,1,DUET,48,0.7,512,128,2.4003511852502193,0.8689090125053902,129.25240807412186,129.9385617768757,False,False,2,figs/llama2_b1_postopt_warm_1.png,llama2_postopt_l0_warm/llama2_b1_postopt_warm_1.json,"[""llama2_b1_postopt_profile_exit_later""]"
llama2_b1_postopt_warm_2,llama2,1,DUET,48,0.7,512,128,2.3503937007874014,0.8639690055962118,127.20530570473083,128.27103253014465,False,False,2,figs/llama2_b1_postopt_warm_2.png,llama2_postopt_l0_warm/llama2_b1_postopt_warm_2.json,"[""llama2_b1_stream_l0_profile_s1"", ""llama2_b1_stream_l1_profile_s1""]"
llama2_b1_postopt_warm_3,llama2,1,DUET,48,0.7,512,128,2.3503937007874014,0.8639690055962118,125.72330055107909,126.76934758920274,False,False,2,figs/llama2_b1_postopt_warm_3.png,llama2_postopt_l0_warm/llama2_b1_postopt_warm_3.json,"[""llama2_b1_stream_l0_profile_s0"", ""llama2_b1_stream_l1_profile_s0""]"
llama2_b8_postopt_warm_0,llama2,8,DUET,48,0.7,512,128,2.149330181245075,0.7556245151280062,539.9589744385505,542.9456997220186,False,False,2,figs/llama2_b8_postopt_warm_0.png,llama2_postopt_l0_warm/llama2_b8_postopt_warm_0.json,"[""llama2_b8_stability_profile_0"", ""llama2_b8_postopt_profile_exit_earlier""]"
llama2_b8_postopt_warm_1,llama2,8,DUET,48,0.7,512,128,1.9958491871324802,0.7976149914821125,489.1378787708088,496.07889090637696,False,False,2,figs/llama2_b8_postopt_warm_1.png,llama2_postopt_l0_warm/llama2_b8_postopt_warm_1.json,"[""llama2_b8_postopt_profile_k2_down"", ""llama2_b8_stability_profile_1""]"
llama2_b8_postopt_warm_2,llama2,8,DUET,48,0.7,512,128,2.12490650710546,0.78240058910162,477.7783633522951,486.2460253029715,False,False,2,figs/llama2_b8_postopt_warm_2.png,llama2_postopt_l0_warm/llama2_b8_postopt_warm_2.json,"[""llama2_b8_stream_l0_profile_s1"", ""llama2_b8_stream_l1_profile_s1"", ""llama2_b8_stability_profile_2""]"
llama2_b8_postopt_warm_3,llama2,8,DUET,48,0.7,512,128,2.12490650710546,0.78240058910162,467.1342841127989,478.7501153746751,False,False,2,figs/llama2_b8_postopt_warm_3.png,llama2_postopt_l0_warm/llama2_b8_postopt_warm_3.json,"[""llama2_b8_opt_l0_profile_trim1"", ""llama2_b8_opt_l1_profile_trim1"", ""llama2_b8_stream_l0_profile_s0"", ""llama2_b8_stream_l1_profile_s0"", ""llama2_b8_stability_profile_3""]"
llama2_b1_postopt_final_r1,llama2,1,DUET,480,0.7,512,128,2.3474876150035384,0.8450330549756437,126.83924995255062,127.24039090729129,False,False,2,figs/llama2_b1_postopt_final_r1.png,llama2_postopt_l1_full/llama2_b1_postopt_final_r1.json,"[""llama2_b1_postopt_profile_k1_down""]"
llama2_b8_postopt_final_r0,llama2,8,DUET,480,0.7,512,128,2.107435788825138,0.7419036784224498,583.1212629874723,584.3916834938516,False,False,2,figs/llama2_b8_postopt_final_r0.png,llama2_postopt_l1_full/llama2_b8_postopt_final_r0.json,"[""llama2_b8_stability_profile_0"", ""llama2_b8_postopt_profile_exit_earlier""]"
llama2_b8_stability_ssd_control,llama2,8,SSD,48,0.7,512,128,2.166935483870968,0.5291782453354505,668.367923466189,674.6553390706576,False,False,6,figs/llama2_b8_stability_ssd_control.png,llama2_stability_l0_warm/llama2_b8_stability_ssd_control.json,"[""llama2_b8_ssd_refine_k4_f7""]"
llama2_b8_stability_warm_0,llama2,8,DUET,48,0.7,512,128,2.13020030816641,0.7716236722306525,552.9257808292964,554.235643330661,False,False,6,figs/llama2_b8_stability_warm_0.png,llama2_stability_l0_warm/llama2_b8_stability_warm_0.json,"[""llama2_b8_stability_profile_0"", ""llama2_b8_postopt_profile_exit_earlier""]"
llama2_b8_stability_warm_1,llama2,8,DUET,48,0.7,512,128,2.0189498618239243,0.7785992217898833,546.6297081291741,551.3511665386375,False,False,6,figs/llama2_b8_stability_warm_1.png,llama2_stability_l0_warm/llama2_b8_stability_warm_1.json,"[""llama2_b8_postopt_profile_k2_down"", ""llama2_b8_stability_profile_1""]"
llama2_b8_stability_warm_2,llama2,8,DUET,48,0.7,512,128,2.1101214574898783,0.762170790103751,545.5782584947528,543.8745192281231,False,False,6,figs/llama2_b8_stability_warm_2.png,llama2_stability_l0_warm/llama2_b8_stability_warm_2.json,"[""llama2_b8_stream_l0_profile_s1"", ""llama2_b8_stream_l1_profile_s1"", ""llama2_b8_stability_profile_2""]"
llama2_b8_stability_warm_3,llama2,8,DUET,48,0.7,512,128,2.1101214574898783,0.762170790103751,576.6138586029074,574.7692622025979,False,False,6,figs/llama2_b8_stability_warm_3.png,llama2_stability_l0_warm/llama2_b8_stability_warm_3.json,"[""llama2_b8_opt_l0_profile_trim1"", ""llama2_b8_opt_l1_profile_trim1"", ""llama2_b8_stream_l0_profile_s0"", ""llama2_b8_stream_l1_profile_s0"", ""llama2_b8_stability_profile_3""]"
llama2_b8_stability_profile_0,llama2,8,DUET,48,0.7,512,128,2.1151586368977675,0.7502894635275955,304.5595044516457,318.63692580355905,True,False,1,figs/llama2_b8_stability_profile_0.png,llama2_stability_l1_profile/llama2_b8_stability_profile_0.json,"[""llama2_b8_stability_profile_0"", ""llama2_b8_postopt_profile_exit_earlier""]"
llama2_b8_stability_profile_1,llama2,8,DUET,48,0.7,512,128,2.073870333988212,0.7924089852827265,290.7883261414003,269.1803544024237,True,False,1,figs/llama2_b8_stability_profile_1.png,llama2_stability_l1_profile/llama2_b8_stability_profile_1.json,"[""llama2_b8_postopt_profile_k2_down"", ""llama2_b8_stability_profile_1""]"
llama2_b8_stability_profile_2,llama2,8,DUET,48,0.7,512,128,2.237571312143439,0.7789811472121941,316.2376406401853,330.49484408522716,True,False,1,figs/llama2_b8_stability_profile_2.png,llama2_stability_l1_profile/llama2_b8_stability_profile_2.json,"[""llama2_b8_stream_l0_profile_s1"", ""llama2_b8_stream_l1_profile_s1"", ""llama2_b8_stability_profile_2""]"
llama2_b8_stability_profile_3,llama2,8,DUET,48,0.7,512,128,2.237571312143439,0.7789811472121941,318.5838029504938,334.6433704330163,True,False,1,figs/llama2_b8_stability_profile_3.png,llama2_stability_l1_profile/llama2_b8_stability_profile_3.json,"[""llama2_b8_opt_l0_profile_trim1"", ""llama2_b8_opt_l1_profile_trim1"", ""llama2_b8_stream_l0_profile_s0"", ""llama2_b8_stream_l1_profile_s0"", ""llama2_b8_stability_profile_3""]"
llama2_b1_stream_fast_r0,llama2,1,DUET,480,0.7,512,128,2.364538823427856,0.8569852785202156,126.64976657458686,127.24632275456848,False,False,2,figs/llama2_b1_stream_fast_r0.png,llama2_stream_l0_full/llama2_b1_stream_fast_r0.json,"[""llama2_b1_stream_l0_profile_s1"", ""llama2_b1_stream_l1_profile_s1""]"
llama2_b8_stream_fast_r1,llama2,8,DUET,480,0.7,512,128,2.0904787561576357,0.7714729739974225,553.9433945130504,556.449487266411,False,False,2,figs/llama2_b8_stream_fast_r1.png,llama2_stream_l0_full/llama2_b8_stream_fast_r1.json,"[""llama2_b8_stream_l0_profile_s1"", ""llama2_b8_stream_l1_profile_s1"", ""llama2_b8_stability_profile_2""]"
llama2_b1_stream_l0_profile_s0,llama2,1,DUET,48,0.7,512,128,2.429732313575526,0.8515735086895256,107.15165155334998,107.75056303757138,True,False,1,figs/llama2_b1_stream_l0_profile_s0.png,llama2_stream_l0_profile/llama2_b1_stream_l0_profile_s0.json,"[""llama2_b1_stream_l0_profile_s0"", ""llama2_b1_stream_l1_profile_s0""]"
llama2_b1_stream_l0_profile_s1,llama2,1,DUET,48,0.7,512,128,2.429732313575526,0.8515735086895256,106.42143057846658,107.03196643133728,True,False,1,figs/llama2_b1_stream_l0_profile_s1.png,llama2_stream_l0_profile/llama2_b1_stream_l0_profile_s1.json,"[""llama2_b1_stream_l0_profile_s1"", ""llama2_b1_stream_l1_profile_s1""]"
llama2_b8_stream_l0_greedy_smoke,llama2,8,DUET,8,0.0,512,24,1.8695652173913044,0.75,68.2741798445904,66.04089008247409,False,False,1,figs/llama2_b8_stream_l0_greedy_smoke.png,llama2_stream_l0_profile/llama2_b8_stream_l0_greedy_smoke.json,[]
llama2_b8_stream_l0_profile_s0,llama2,8,DUET,48,0.7,512,128,2.1352753391859536,0.77524557956778,313.79194409467675,330.5936495966339,True,False,1,figs/llama2_b8_stream_l0_profile_s0.png,llama2_stream_l0_profile/llama2_b8_stream_l0_profile_s0.json,"[""llama2_b8_opt_l0_profile_trim1"", ""llama2_b8_opt_l1_profile_trim1"", ""llama2_b8_stream_l0_profile_s0"", ""llama2_b8_stream_l1_profile_s0"", ""llama2_b8_stability_profile_3""]"
llama2_b8_stream_l0_profile_s1,llama2,8,DUET,48,0.7,512,128,2.1352753391859536,0.77524557956778,300.885124840836,316.6731050054649,True,False,1,figs/llama2_b8_stream_l0_profile_s1.png,llama2_stream_l0_profile/llama2_b8_stream_l0_profile_s1.json,"[""llama2_b8_stream_l0_profile_s1"", ""llama2_b8_stream_l1_profile_s1"", ""llama2_b8_stability_profile_2""]"
llama2_b1_stream_fast_r1,llama2,1,DUET,480,0.7,512,128,2.365630229895182,0.8514590007792883,127.38350256625337,128.1340780621438,False,False,2,figs/llama2_b1_stream_fast_r1.png,llama2_stream_l1_full/llama2_b1_stream_fast_r1.json,"[""llama2_b1_stream_l0_profile_s1"", ""llama2_b1_stream_l1_profile_s1""]"
llama2_b8_stream_fast_r0,llama2,8,DUET,480,0.7,512,128,2.124382401380284,0.7683958437946619,567.7049183421921,569.167009850018,False,False,2,figs/llama2_b8_stream_fast_r0.png,llama2_stream_l1_full/llama2_b8_stream_fast_r0.json,"[""llama2_b8_stream_l0_profile_s1"", ""llama2_b8_stream_l1_profile_s1"", ""llama2_b8_stability_profile_2""]"
llama2_b1_stream_l1_profile_s0,llama2,1,DUET,48,0.7,512,128,2.429732313575526,0.8515735086895256,104.51537150026786,104.96108107763771,True,False,1,figs/llama2_b1_stream_l1_profile_s0.png,llama2_stream_l1_profile/llama2_b1_stream_l1_profile_s0.json,"[""llama2_b1_stream_l0_profile_s0"", ""llama2_b1_stream_l1_profile_s0""]"
llama2_b1_stream_l1_profile_s1,llama2,1,DUET,48,0.7,512,128,2.429732313575526,0.8515735086895256,107.09235915736042,107.70902243898037,True,False,1,figs/llama2_b1_stream_l1_profile_s1.png,llama2_stream_l1_profile/llama2_b1_stream_l1_profile_s1.json,"[""llama2_b1_stream_l0_profile_s1"", ""llama2_b1_stream_l1_profile_s1""]"
llama2_b8_stream_l1_greedy_smoke,llama2,8,DUET,8,0.0,512,24,1.8695652173913044,0.75,69.00040103575411,64.80136192735453,False,False,1,figs/llama2_b8_stream_l1_greedy_smoke.png,llama2_stream_l1_profile/llama2_b8_stream_l1_greedy_smoke.json,[]
llama2_b8_stream_l1_profile_s0,llama2,8,DUET,48,0.7,512,128,2.1352753391859536,0.77524557956778,322.0164839828484,338.8794478108486,True,False,1,figs/llama2_b8_stream_l1_profile_s0.png,llama2_stream_l1_profile/llama2_b8_stream_l1_profile_s0.json,"[""llama2_b8_opt_l0_profile_trim1"", ""llama2_b8_opt_l1_profile_trim1"", ""llama2_b8_stream_l0_profile_s0"", ""llama2_b8_stream_l1_profile_s0"", ""llama2_b8_stability_profile_3""]"
llama2_b8_stream_l1_profile_s1,llama2,8,DUET,48,0.7,512,128,2.1352753391859536,0.77524557956778,304.86247609302836,320.72580611401185,True,False,1,figs/llama2_b8_stream_l1_profile_s1.png,llama2_stream_l1_profile/llama2_b8_stream_l1_profile_s1.json,"[""llama2_b8_stream_l0_profile_s1"", ""llama2_b8_stream_l1_profile_s1"", ""llama2_b8_stability_profile_2""]"
llama3_b1_combo_al_k1_7,llama3,1,DUET,48,0.7,512,96,2.786933927245731,0.6867816091954023,80.12882266087276,79.60703682237728,True,False,1,figs/llama3_b1_combo_al_k1_7.png,llama3_b1_combo/llama3_b1_combo_al_k1_7.json,"[""llama3_b1_combo_al_k1_7""]"
llama3_b1_combo_al_k2_3,llama3,1,DUET,48,0.7,512,96,2.8159695817490493,0.675,77.19347617811371,76.99169094959126,True,False,1,figs/llama3_b1_combo_al_k2_3.png,llama3_b1_combo/llama3_b1_combo_al_k2_3.json,"[""llama3_b1_combo_al_k2_3""]"
llama3_b1_combo_e14,llama3,1,DUET,48,0.7,512,96,2.6741415557112824,0.6308633582596873,94.73907426664319,94.32720821730915,True,False,1,figs/llama3_b1_combo_e14.png,llama3_b1_combo/llama3_b1_combo_e14.json,"[""llama3_b1_combo_e14""]"
llama3_b1_combo_e18,llama3,1,DUET,48,0.7,512,96,2.5944940476190474,0.7082132564841499,94.3556675997848,94.20090591167423,True,False,1,figs/llama3_b1_combo_e18.png,llama3_b1_combo/llama3_b1_combo_e18.json,"[""llama3_b1_combo_e18""]"
llama3_b1_combo_k1_3,llama3,1,DUET,48,0.7,512,96,2.573624595469256,0.6565183450429352,84.21717781440587,83.55375882888924,True,False,1,figs/llama3_b1_combo_k1_3.png,llama3_b1_combo/llama3_b1_combo_k1_3.json,"[""llama3_b1_combo_k1_3""]"
llama3_b1_combo_k1_5,llama3,1,DUET,48,0.7,512,96,2.6948249619482496,0.6634756995581738,87.46848463274785,87.62121404947912,True,False,1,figs/llama3_b1_combo_k1_5.png,llama3_b1_combo/llama3_b1_combo_k1_5.json,"[""llama3_b1_combo_k1_5""]"
llama3_b1_combo_k2_1,llama3,1,DUET,48,0.7,512,96,2.5980243161094223,0.6914580265095729,93.91817838512836,93.15387032266045,True,False,1,figs/llama3_b1_combo_k2_1.png,llama3_b1_combo/llama3_b1_combo_k2_1.json,"[""llama3_b1_combo_k2_1""]"
llama3_b1_combo_k2_3,llama3,1,DUET,48,0.7,512,96,2.7420464316423043,0.6821576763485477,78.11004464871587,78.15887331739071,True,False,1,figs/llama3_b1_combo_k2_3.png,llama3_b1_combo/llama3_b1_combo_k2_3.json,"[""llama3_b1_combo_k2_3""]"
llama3_b1_combo_miss2,llama3,1,DUET,48,0.7,512,96,2.6692486444616574,0.699400299850075,92.07007732025664,91.92860005775853,True,False,1,figs/llama3_b1_combo_miss2.png,llama3_b1_combo/llama3_b1_combo_miss2.json,"[""llama3_b1_combo_miss2""]"
llama3_b1_combo_miss6,llama3,1,DUET,48,0.7,512,96,2.6523468575974545,0.6476923076923077,89.36475238514285,88.98384097552356,True,False,1,figs/llama3_b1_combo_miss6.png,llama3_b1_combo/llama3_b1_combo_miss6.json,"[""llama3_b1_combo_miss6""]"
llama3_b1_combo_transfer_1_3_e10,llama3,1,DUET,48,0.7,512,96,2.1239263803680983,0.6873508353221957,79.85261676340743,79.59451710904614,True,False,1,figs/llama3_b1_combo_transfer_1_3_e10.png,llama3_b1_combo/llama3_b1_combo_transfer_1_3_e10.json,"[""llama3_b1_combo_transfer_1_3_e10""]"
llama3_b1_combo_transfer_1_3_e14,llama3,1,DUET,48,0.7,512,96,2.092478421701603,0.7052821128451381,79.11170066646808,78.90306632693611,True,False,1,figs/llama3_b1_combo_transfer_1_3_e14.png,llama3_b1_combo/llama3_b1_combo_transfer_1_3_e14.json,"[""llama3_b1_combo_transfer_1_3_e14""]"
llama3_b1_combo_transfer_2_3_e12,llama3,1,DUET,48,0.7,512,96,2.3135409123823316,0.6313202247191011,77.5179076780211,77.50028339303637,True,False,1,figs/llama3_b1_combo_transfer_2_3_e12.png,llama3_b1_combo/llama3_b1_combo_transfer_2_3_e12.json,"[""llama3_b1_combo_transfer_2_3_e12""]"
llama3_b1_combo_transfer_2_3_e16,llama3,1,DUET,48,0.7,512,96,2.3274094326725905,0.6688785666887856,86.84757449091559,84.70664390862889,True,False,1,figs/llama3_b1_combo_transfer_2_3_e16.png,llama3_b1_combo/llama3_b1_combo_transfer_2_3_e16.json,"[""llama3_b1_combo_transfer_2_3_e16""]"
llama3_b1_combo_transfer_2_4_e12,llama3,1,DUET,48,0.7,512,96,2.4018808777429466,0.6439024390243903,87.91127844891109,87.39521760390448,True,False,1,figs/llama3_b1_combo_transfer_2_4_e12.png,llama3_b1_combo/llama3_b1_combo_transfer_2_4_e12.json,"[""llama3_b1_combo_transfer_2_4_e12""]"
llama3_b1_combo_transfer_2_4_e16,llama3,1,DUET,48,0.7,512,96,2.3997224149895904,0.7003367003367004,86.41798235752013,86.21610895158372,True,False,1,figs/llama3_b1_combo_transfer_2_4_e16.png,llama3_b1_combo/llama3_b1_combo_transfer_2_4_e16.json,"[""llama3_b1_combo_transfer_2_4_e16""]"
llama3_b1_transfer_smoke,llama3,1,DUET,8,0.7,512,24,2.2666666666666666,0.5522388059701493,94.55046817728497,90.48655752875575,False,False,2,figs/llama3_b1_transfer_smoke.png,llama3_b1_combo/llama3_b1_transfer_smoke.json,[]
llama3_b1_duet_e16_k4_2,llama3,1,DUET,48,0.7,512,96,2.889160554197229,0.7203456402199528,104.60241772909114,102.33189590131165,True,False,1,figs/llama3_b1_duet_e16_k4_2.png,llama3_b1_duet_anchor/llama3_b1_duet_e16_k4_2.json,"[""llama3_b1_duet_e16_k4_2""]"
llama3_b1_duet_e21_k4_2,llama3,1,DUET,48,0.7,512,96,2.617092866756393,0.7356396866840731,95.18431730164039,94.70224705645714,True,False,1,figs/llama3_b1_duet_e21_k4_2.png,llama3_b1_duet_anchor/llama3_b1_duet_e21_k4_2.json,"[""llama3_b1_duet_e21_k4_2""]"
llama3_b1_duet_e26_k4_2,llama3,1,DUET,48,0.7,512,96,2.6855072463768117,0.8239831697054698,95.50479504117277,95.32773982440862,True,False,1,figs/llama3_b1_duet_e26_k4_2.png,llama3_b1_duet_anchor/llama3_b1_duet_e26_k4_2.json,"[""llama3_b1_duet_e26_k4_2""]"
llama3_b1_duet_e30_k4_2,llama3,1,DUET,48,0.7,512,96,2.7176029962546817,0.8527918781725888,90.92105182655115,90.71020372057659,True,False,1,figs/llama3_b1_duet_e30_k4_2.png,llama3_b1_duet_anchor/llama3_b1_duet_e30_k4_2.json,"[""llama3_b1_duet_e30_k4_2""]"
llama3_b1_refine_e16_k4_2_r1,llama3,1,DUET,48,0.7,512,96,2.5727069351230427,0.636101083032491,91.07318355843398,89.83377123532541,True,False,1,figs/llama3_b1_refine_e16_k4_2_r1.png,llama3_b1_refine/llama3_b1_refine_e16_k4_2_r1.json,"[""llama3_b1_refine_e16_k4_2_r1""]"
llama3_b1_refine_e12_k3_2_r2,llama3,1,DUET,48,0.7,512,96,2.49388379204893,0.6294378698224852,83.35768087190607,83.07946550399313,True,False,1,figs/llama3_b1_refine_e12_k3_2_r2.png,llama3_b1_refine_retry/llama3_b1_refine_e12_k3_2_r2.json,"[""llama3_b1_refine_e12_k3_2_r2""]"
llama3_b1_refine_e12_k3_3_r2,llama3,1,DUET,48,0.7,512,96,2.6050359712230216,0.5905292479108635,86.76021176249554,86.35177277356455,True,False,1,figs/llama3_b1_refine_e12_k3_3_r2.png,llama3_b1_refine_retry/llama3_b1_refine_e12_k3_3_r2.json,"[""llama3_b1_refine_e12_k3_3_r2""]"
llama3_b1_refine_e16_k2_2_r2,llama3,1,DUET,48,0.7,512,96,2.341209173036831,0.6729602157788267,89.93261015203392,89.3917974724102,True,False,1,figs/llama3_b1_refine_e16_k2_2_r2.png,llama3_b1_refine_retry/llama3_b1_refine_e16_k2_2_r2.json,"[""llama3_b1_refine_e16_k2_2_r2""]"
llama3_b1_refine_e16_k3_2_r1,llama3,1,DUET,48,0.7,512,96,2.5118694362017804,0.6367552045944006,82.22269907067533,82.0175508407124,True,False,1,figs/llama3_b1_refine_e16_k3_2_r1.png,llama3_b1_refine_retry/llama3_b1_refine_e16_k3_2_r1.json,"[""llama3_b1_refine_e16_k3_2_r1""]"
llama3_b1_refine_e16_k3_2_r2,llama3,1,DUET,48,0.7,512,96,2.582222222222222,0.6817204301075269,87.30872744499386,86.78945449678928,True,False,1,figs/llama3_b1_refine_e16_k3_2_r2.png,llama3_b1_refine_retry/llama3_b1_refine_e16_k3_2_r2.json,"[""llama3_b1_refine_e16_k3_2_r2""]"
llama3_b1_refine_e16_k3_3_r2,llama3,1,DUET,48,0.7,512,96,2.5425610658771283,0.6549497847919655,85.34634983463108,85.09248608640455,True,False,1,figs/llama3_b1_refine_e16_k3_3_r2.png,llama3_b1_refine_retry/llama3_b1_refine_e16_k3_3_r2.json,"[""llama3_b1_refine_e16_k3_3_r2""]"
llama3_b1_refine_e16_k4_3_r2,llama3,1,DUET,48,0.7,512,96,2.7212837837837838,0.6566314076484947,85.1026970028429,84.78597021414852,True,False,1,figs/llama3_b1_refine_e16_k4_3_r2.png,llama3_b1_refine_retry/llama3_b1_refine_e16_k4_3_r2.json,"[""llama3_b1_refine_e16_k4_3_r2""]"
llama3_b1_refine_e16_k4_4_r2,llama3,1,DUET,48,0.7,512,96,2.701104100946372,0.6618431073876618,85.09018244882806,84.4925478527875,True,False,1,figs/llama3_b1_refine_e16_k4_4_r2.png,llama3_b1_refine_retry/llama3_b1_refine_e16_k4_4_r2.json,"[""llama3_b1_refine_e16_k4_4_r2""]"
llama3_b1_refine_e16_k6_2_r2,llama3,1,DUET,48,0.7,512,96,2.9133603238866397,0.6861826697892272,89.35718451118355,88.3410803315915,True,False,1,figs/llama3_b1_refine_e16_k6_2_r2.png,llama3_b1_refine_retry/llama3_b1_refine_e16_k6_2_r2.json,"[""llama3_b1_refine_e16_k6_2_r2""]"
llama3_b1_refine_e16_k6_3_r2,llama3,1,DUET,48,0.7,512,96,2.8792341678939617,0.6609686609686609,74.93953752305771,74.76510333163856,True,False,1,figs/llama3_b1_refine_e16_k6_3_r2.png,llama3_b1_refine_retry/llama3_b1_refine_e16_k6_3_r2.json,"[""llama3_b1_refine_e16_k6_3_r2""]"
llama3_b1_refine_e16_k6_4_r2,llama3,1,DUET,48,0.7,512,96,2.9099307159353347,0.6681547619047619,69.95194233179123,69.93546052683197,True,False,1,figs/llama3_b1_refine_e16_k6_4_r2.png,llama3_b1_refine_retry/llama3_b1_refine_e16_k6_4_r2.json,"[""llama3_b1_refine_e16_k6_4_r2""]"
llama3_b1_refine_e18_k3_2_r2,llama3,1,DUET,48,0.7,512,96,2.5939353988134477,0.72808701215611,91.42008129970127,91.40684837607218,True,False,1,figs/llama3_b1_refine_e18_k3_2_r2.png,llama3_b1_refine_retry/llama3_b1_refine_e18_k3_2_r2.json,"[""llama3_b1_refine_e18_k3_2_r2""]"
llama3_b1_refine_e18_k3_3_r2,llama3,1,DUET,48,0.7,512,96,2.6477635782747604,0.691358024691358,92.55148737932342,92.53493651116567,True,False,1,figs/llama3_b1_refine_e18_k3_3_r2.png,llama3_b1_refine_retry/llama3_b1_refine_e18_k3_3_r2.json,"[""llama3_b1_refine_e18_k3_3_r2""]"
llama3_b1_refine_e21_k3_2_r1,llama3,1,DUET,48,0.7,512,96,2.4661406969099278,0.7162939297124601,86.26615419762405,86.35455176326883,True,False,1,figs/llama3_b1_refine_e21_k3_2_r1.png,llama3_b1_refine_retry/llama3_b1_refine_e21_k3_2_r1.json,"[""llama3_b1_refine_e21_k3_2_r1""]"
llama3_b1_refine_e21_k4_2_r1,llama3,1,DUET,48,0.7,512,96,2.5708782742681047,0.7194940476190477,90.23610435124326,87.4329879838898,True,False,1,figs/llama3_b1_refine_e21_k4_2_r1.png,llama3_b1_refine_retry/llama3_b1_refine_e21_k4_2_r1.json,"[""llama3_b1_refine_e21_k4_2_r1""]"
llama3_b1_ssd_refine_k3_f5,llama3,1,SSD,48,0.7,512,96,2.377132027795325,0.6300613496932516,109.53825765570375,108.9287635157398,True,False,1,figs/llama3_b1_ssd_refine_k3_f5.png,llama3_b1_ssd_refine/llama3_b1_ssd_refine_k3_f5.json,"[""llama3_b1_ssd_refine_k3_f5""]"
llama3_b1_ssd_refine_k4_f7,llama3,1,SSD,48,0.7,512,96,2.733818770226537,0.64453125,121.31571712243796,120.55905198222253,True,False,1,figs/llama3_b1_ssd_refine_k4_f7.png,llama3_b1_ssd_refine/llama3_b1_ssd_refine_k4_f7.json,"[""llama3_b1_ssd_refine_k4_f7""]"
llama3_b1_ssd_refine_k4_f9,llama3,1,SSD,48,0.7,512,96,2.799148332150461,0.7056396148555708,127.39468777032097,126.2774586167604,True,False,1,figs/llama3_b1_ssd_refine_k4_f9.png,llama3_b1_ssd_refine/llama3_b1_ssd_refine_k4_f9.json,"[""llama3_b1_ssd_refine_k4_f9""]"
llama3_b1_ssd_refine_k5_f5,llama3,1,SSD,48,0.7,512,96,2.7481315396113604,0.5921908893709328,117.1754109637066,117.01395292757863,True,False,1,figs/llama3_b1_ssd_refine_k5_f5.png,llama3_b1_ssd_refine/llama3_b1_ssd_refine_k5_f5.json,"[""llama3_b1_ssd_refine_k5_f5""]"
llama3_b1_ssd_refine_k6_f7,llama3,1,SSD,48,0.7,512,96,3.065544729849424,0.6357446808510638,121.40634908682719,120.6565262198209,True,False,1,figs/llama3_b1_ssd_refine_k6_f7.png,llama3_b1_ssd_refine/llama3_b1_ssd_refine_k6_f7.json,"[""llama3_b1_ssd_refine_k6_f7""]"
llama3_b1_ssd_k2_f1,llama3,1,SSD,48,0.7,512,96,2.1786383510306058,0.46177184466019416,100.80453932619986,99.87497733148626,True,False,1,figs/llama3_b1_ssd_k2_f1.png,llama3_b1_ssd_screen/llama3_b1_ssd_k2_f1.json,"[""llama3_b1_ssd_k2_f1""]"
llama3_b1_ssd_k2_f3,llama3,1,SSD,48,0.7,512,96,2.1193680514921005,0.5957810718358039,99.81065341687786,99.33948311535889,True,False,1,figs/llama3_b1_ssd_k2_f3.png,llama3_b1_ssd_screen/llama3_b1_ssd_k2_f3.json,"[""llama3_b1_ssd_k2_f3""]"
llama3_b1_ssd_k2_f5,llama3,1,SSD,48,0.7,512,96,2.15748963883955,0.6780150028851702,103.06859785296257,102.42092169846674,True,False,1,figs/llama3_b1_ssd_k2_f5.png,llama3_b1_ssd_screen/llama3_b1_ssd_k2_f5.json,"[""llama3_b1_ssd_k2_f5""]"
llama3_b1_ssd_k4_f1,llama3,1,SSD,48,0.7,512,96,2.6223938223938226,0.35399551904406273,107.93761001792261,107.04660505807888,True,False,1,figs/llama3_b1_ssd_k4_f1.png,llama3_b1_ssd_screen/llama3_b1_ssd_k4_f1.json,"[""llama3_b1_ssd_k4_f1""]"
llama3_b1_ssd_k4_f3,llama3,1,SSD,48,0.7,512,96,2.5925925925925926,0.5268656716417911,111.93059319224847,111.12925591447464,True,False,1,figs/llama3_b1_ssd_k4_f3.png,llama3_b1_ssd_screen/llama3_b1_ssd_k4_f3.json,"[""llama3_b1_ssd_k4_f3""]"
llama3_b1_ssd_k4_f5,llama3,1,SSD,48,0.7,512,96,2.6931637519872815,0.6225980015372791,119.99280570128572,119.05783055323722,True,False,1,figs/llama3_b1_ssd_k4_f5.png,llama3_b1_ssd_screen/llama3_b1_ssd_k4_f5.json,"[""llama3_b1_ssd_k4_f5""]"
llama3_b1_ssd_k6_f1,llama3,1,SSD,48,0.7,512,96,2.967741935483871,0.3192771084337349,109.90135662277949,109.68014356693416,True,False,1,figs/llama3_b1_ssd_k6_f1.png,llama3_b1_ssd_screen/llama3_b1_ssd_k6_f1.json,"[""llama3_b1_ssd_k6_f1""]"
llama3_b1_ssd_k6_f3,llama3,1,SSD,48,0.7,512,96,2.869983948635634,0.49806351665375675,112.20305832694623,111.20085488701127,True,False,1,figs/llama3_b1_ssd_k6_f3.png,llama3_b1_ssd_screen/llama3_b1_ssd_k6_f3.json,"[""llama3_b1_ssd_k6_f3""]"
llama3_b1_ssd_k6_f5,llama3,1,SSD,48,0.7,512,96,2.8660209846650524,0.5557287607170693,111.1470777965073,110.46597921360627,True,False,1,figs/llama3_b1_ssd_k6_f5.png,llama3_b1_ssd_screen/llama3_b1_ssd_k6_f5.json,"[""llama3_b1_ssd_k6_f5""]"
llama3_b1_ssd_k8_f1,llama3,1,SSD,48,0.7,512,96,3.0995918367346937,0.2854889589905363,97.16660664673616,97.94423482866115,True,False,1,figs/llama3_b1_ssd_k8_f1.png,llama3_b1_ssd_screen/llama3_b1_ssd_k8_f1.json,"[""llama3_b1_ssd_k8_f1""]"
llama3_b1_ssd_k8_f3,llama3,1,SSD,48,0.7,512,96,2.9648014440433212,0.46013864818024264,88.55400283088521,88.5942319104548,True,False,1,figs/llama3_b1_ssd_k8_f3.png,llama3_b1_ssd_screen/llama3_b1_ssd_k8_f3.json,"[""llama3_b1_ssd_k8_f3""]"
llama3_b1_ssd_k8_f5,llama3,1,SSD,48,0.7,512,96,2.84181240063593,0.5287797390636991,86.48095926902938,87.01414077521135,True,False,1,figs/llama3_b1_ssd_k8_f5.png,llama3_b1_ssd_screen/llama3_b1_ssd_k8_f5.json,"[""llama3_b1_ssd_k8_f5""]"
llama3_b1_tree_al_compute3,llama3,1,DUET,48,0.7,512,96,2.840356564019449,0.6606724003127443,86.955466117335,86.68706210926118,True,False,1,figs/llama3_b1_tree_al_compute3.png,llama3_b1_tree/llama3_b1_tree_al_compute3.json,"[""llama3_b1_tree_al_compute3""]"
llama3_b1_tree_al_width1,llama3,1,DUET,48,0.7,512,96,2.6987480438184663,0.7077039274924471,87.24524626151987,86.78782384469054,True,False,1,figs/llama3_b1_tree_al_width1.png,llama3_b1_tree/llama3_b1_tree_al_width1.json,"[""llama3_b1_tree_al_width1""]"
llama3_b1_tree_al_width2,llama3,1,DUET,48,0.7,512,96,2.8278884462151392,0.7038461538461539,79.56688269293248,78.11749056610806,True,False,1,figs/llama3_b1_tree_al_width2.png,llama3_b1_tree/llama3_b1_tree_al_width2.json,"[""llama3_b1_tree_al_width2""]"
llama3_b1_tree_align_exit18,llama3,1,DUET,48,0.7,512,96,2.5944940476190474,0.7082132564841499,93.5026357582919,93.35348066194572,True,False,1,figs/llama3_b1_tree_align_exit18.png,llama3_b1_tree/llama3_b1_tree_align_exit18.json,"[""llama3_b1_tree_align_exit18""]"
llama3_b1_tree_align_exit20,llama3,1,DUET,48,0.7,512,96,2.648691514670896,0.7440613026819923,95.65087636052462,95.42190665808525,True,False,1,figs/llama3_b1_tree_align_exit20.png,llama3_b1_tree/llama3_b1_tree_align_exit20.json,"[""llama3_b1_tree_align_exit20""]"
llama3_b1_tree_align_exit22,llama3,1,DUET,48,0.7,512,96,2.736992159657876,0.7786206896551724,101.2446609552719,101.00133152325927,True,False,1,figs/llama3_b1_tree_align_exit22.png,llama3_b1_tree/llama3_b1_tree_align_exit22.json,"[""llama3_b1_tree_align_exit22""]"
llama3_b1_tree_beta0,llama3,1,DUET,48,0.7,512,96,2.889160554197229,0.7203456402199528,105.17308124899792,103.11854939098303,True,False,1,figs/llama3_b1_tree_beta0.png,llama3_b1_tree/llama3_b1_tree_beta0.json,"[""llama3_b1_tree_beta0""]"
llama3_b1_tree_beta1,llama3,1,DUET,48,0.7,512,96,2.889160554197229,0.7203456402199528,103.42232678573988,101.46482579681002,True,False,1,figs/llama3_b1_tree_beta1.png,llama3_b1_tree/llama3_b1_tree_beta1.json,"[""llama3_b1_tree_beta1""]"
llama3_b1_tree_compute3,llama3,1,DUET,48,0.7,512,96,2.7067879636109167,0.6824966078697422,97.98940929810045,96.61906766608664,True,False,1,figs/llama3_b1_tree_compute3.png,llama3_b1_tree/llama3_b1_tree_compute3.json,"[""llama3_b1_tree_compute3""]"
llama3_b1_tree_no_floors,llama3,1,DUET,48,0.7,512,96,2.629684055841293,0.6725978647686833,95.40962324440824,94.29259274109792,True,False,1,figs/llama3_b1_tree_no_floors.png,llama3_b1_tree/llama3_b1_tree_no_floors.json,"[""llama3_b1_tree_no_floors""]"
llama3_b1_tree_nodes_high,llama3,1,DUET,48,0.7,512,96,2.7454412837345004,0.6867043847241867,95.71338461337547,95.94834916834232,True,False,1,figs/llama3_b1_tree_nodes_high.png,llama3_b1_tree/llama3_b1_tree_nodes_high.json,"[""llama3_b1_tree_nodes_high""]"
llama3_b1_tree_nodes_low,llama3,1,DUET,48,0.7,512,96,2.7680555555555557,0.7158249158249158,102.88388104912653,100.87596738038458,True,False,1,figs/llama3_b1_tree_nodes_low.png,llama3_b1_tree/llama3_b1_tree_nodes_low.json,"[""llama3_b1_tree_nodes_low""]"
llama3_b1_tree_p2budget12,llama3,1,DUET,48,0.7,512,96,2.621905476369092,0.7398255813953488,93.1716430158572,92.91179593769799,True,False,1,figs/llama3_b1_tree_p2budget12.png,llama3_b1_tree/llama3_b1_tree_p2budget12.json,"[""llama3_b1_tree_p2budget12""]"
llama3_b1_tree_p2budget3,llama3,1,DUET,48,0.7,512,96,2.65,0.6413043478260869,90.87016819866957,90.80111607589231,True,False,1,figs/llama3_b1_tree_p2budget3.png,llama3_b1_tree/llama3_b1_tree_p2budget3.json,"[""llama3_b1_tree_p2budget3""]"
llama3_b1_tree_p2budget8,llama3,1,DUET,48,0.7,512,96,2.729496402877698,0.7235376044568245,97.309765169544,96.73996702535645,True,False,1,figs/llama3_b1_tree_p2budget8.png,llama3_b1_tree/llama3_b1_tree_p2budget8.json,"[""llama3_b1_tree_p2budget8""]"
llama3_b1_tree_roots1_compute1,llama3,1,DUET,48,0.7,512,96,2.7898230088495577,0.6385714285714286,96.79071424541425,96.38574139635531,True,False,1,figs/llama3_b1_tree_roots1_compute1.png,llama3_b1_tree/llama3_b1_tree_roots1_compute1.json,"[""llama3_b1_tree_roots1_compute1""]"
llama3_b1_tree_roots2_compute1,llama3,1,DUET,48,0.7,512,96,2.501388888888889,0.6835016835016835,90.2594683629451,89.95023712639916,True,False,1,figs/llama3_b1_tree_roots2_compute1.png,llama3_b1_tree/llama3_b1_tree_roots2_compute1.json,"[""llama3_b1_tree_roots2_compute1""]"
llama3_b1_tree_roots3,llama3,1,DUET,48,0.7,512,96,2.7169421487603307,0.712283044058745,97.39111986231121,96.75700594591808,True,False,1,figs/llama3_b1_tree_roots3.png,llama3_b1_tree/llama3_b1_tree_roots3.json,"[""llama3_b1_tree_roots3""]"
llama3_b1_tree_width1,llama3,1,DUET,48,0.7,512,96,2.7680555555555557,0.7158249158249158,104.71797683049554,102.69034184250211,True,False,1,figs/llama3_b1_tree_width1.png,llama3_b1_tree/llama3_b1_tree_width1.json,"[""llama3_b1_tree_width1""]"
llama3_b1_tree_width2,llama3,1,DUET,48,0.7,512,96,2.730145175064048,0.6732673267326733,76.47713963053597,76.57053932077697,True,False,1,figs/llama3_b1_tree_width2.png,llama3_b1_tree/llama3_b1_tree_width2.json,"[""llama3_b1_tree_width2""]"
llama3_b1_warm_duet_tree_1,llama3,1,DUET,48,0.7,512,96,2.6542776998597475,0.6895380434782609,113.10391060514826,112.15666878721132,False,False,2,figs/llama3_b1_warm_duet_tree_1.png,llama3_b1_warm/llama3_b1_warm_duet_tree_1.json,"[""llama3_b1_tree_beta0""]"
llama3_b1_warm_duet_tree_2,llama3,1,DUET,48,0.7,512,96,2.6542776998597475,0.6895380434782609,113.27301659374609,112.3180969864625,False,False,2,figs/llama3_b1_warm_duet_tree_2.png,llama3_b1_warm/llama3_b1_warm_duet_tree_2.json,"[""llama3_b1_duet_e16_k4_2""]"
llama3_b1_warm_duet_tree_3,llama3,1,DUET,48,0.7,512,96,2.4981658107116655,0.6926898509581263,109.82595073799273,108.72150050194678,False,False,2,figs/llama3_b1_warm_duet_tree_3.png,llama3_b1_warm/llama3_b1_warm_duet_tree_3.json,"[""llama3_b1_tree_width1""]"
llama3_b1_warm_duet_tree_4,llama3,1,DUET,48,0.7,512,96,2.827903091060986,0.6728444802578566,104.20028532087052,103.486627388006,False,False,2,figs/llama3_b1_warm_duet_tree_4.png,llama3_b1_warm/llama3_b1_warm_duet_tree_4.json,"[""llama3_b1_refine_e16_k6_2_r2""]"
llama3_b1_warm_duet_tree_5,llama3,1,DUET,48,0.7,512,96,3.027877697841727,0.6753246753246753,94.78791645486052,93.45206173714318,False,False,2,figs/llama3_b1_warm_duet_tree_5.png,llama3_b1_warm/llama3_b1_warm_duet_tree_5.json,"[""llama3_b1_refine_e16_k6_4_r2""]"
llama3_b1_warm_ssd_1,llama3,1,SSD,48,0.7,512,96,2.5076923076923077,0.6789510985116939,116.85498113942248,115.83562304223877,False,False,2,figs/llama3_b1_warm_ssd_1.png,llama3_b1_warm/llama3_b1_warm_ssd_1.json,"[""llama3_b1_ssd_refine_k4_f9""]"
llama3_b1_warm_ssd_2,llama3,1,SSD,48,0.7,512,96,2.8740942028985508,0.6312118570183086,120.26667819289924,120.33146735928216,False,False,2,figs/llama3_b1_warm_ssd_2.png,llama3_b1_warm/llama3_b1_warm_ssd_2.json,"[""llama3_b1_ssd_refine_k6_f7""]"
llama3_b1_warm_ssd_3,llama3,1,SSD,48,0.7,512,96,2.675053918044572,0.6573816155988857,123.72539018600493,122.73575902698332,False,False,2,figs/llama3_b1_warm_ssd_3.png,llama3_b1_warm/llama3_b1_warm_ssd_3.json,"[""llama3_b1_ssd_refine_k4_f7""]"
llama3_b1_warm_ssd_4,llama3,1,SSD,48,0.7,512,96,2.946698488464598,0.30184331797235026,95.32591887851217,95.70660472537101,False,False,2,figs/llama3_b1_warm_ssd_4.png,llama3_b1_warm/llama3_b1_warm_ssd_4.json,"[""llama3_b1_ssd_k8_f1""]"
llama3_b8_combo_al_k1_7,llama3,8,DUET,48,0.7,512,96,2.846218487394958,0.8476499189627229,153.86483144871588,131.10910306957155,True,False,1,figs/llama3_b8_combo_al_k1_7.png,llama3_b8_combo/llama3_b8_combo_al_k1_7.json,"[""llama3_b8_combo_al_k1_7""]"
llama3_b8_combo_al_k2_3,llama3,8,DUET,48,0.7,512,96,2.9601990049751246,0.8577138289368506,117.25752104180282,134.7696526526459,True,False,1,figs/llama3_b8_combo_al_k2_3.png,llama3_b8_combo/llama3_b8_combo_al_k2_3.json,"[""llama3_b8_combo_al_k2_3""]"
llama3_b8_combo_e24,llama3,8,DUET,48,0.7,512,96,2.3180409175449475,0.8021712907117008,199.6697969283714,203.21298451694588,True,False,1,figs/llama3_b8_combo_e24.png,llama3_b8_combo/llama3_b8_combo_e24.json,"[""llama3_b8_combo_e24""]"
llama3_b8_combo_e28,llama3,8,DUET,48,0.7,512,96,2.2369526094781045,0.8329439252336449,158.9510321418245,172.65758556847652,True,False,1,figs/llama3_b8_combo_e28.png,llama3_b8_combo/llama3_b8_combo_e28.json,"[""llama3_b8_combo_e28""]"
llama3_b8_combo_miss2,llama3,8,DUET,48,0.7,512,96,2.1226666666666665,0.8110359187922956,223.40966519808748,234.68942840369075,True,False,1,figs/llama3_b8_combo_miss2.png,llama3_b8_combo/llama3_b8_combo_miss2.json,"[""llama3_b8_combo_miss2""]"
llama3_b8_combo_transfer_1_3_e10,llama3,8,DUET,48,0.7,512,96,2.017148981779207,0.6971757322175732,158.0034548628791,159.96663564242087,True,False,1,figs/llama3_b8_combo_transfer_1_3_e10.png,llama3_b8_combo/llama3_b8_combo_transfer_1_3_e10.json,"[""llama3_b8_combo_transfer_1_3_e10""]"
llama3_b8_combo_transfer_1_3_e14,llama3,8,DUET,48,0.7,512,96,1.9622641509433962,0.7196209587513935,126.28629966001411,129.0307042932735,True,False,1,figs/llama3_b8_combo_transfer_1_3_e14.png,llama3_b8_combo/llama3_b8_combo_transfer_1_3_e14.json,"[""llama3_b8_combo_transfer_1_3_e14""]"
llama3_b8_combo_transfer_2_3_e12,llama3,8,DUET,48,0.7,512,96,2.2381489841986455,0.6567656765676567,127.10586346699124,134.2183499205291,True,False,1,figs/llama3_b8_combo_transfer_2_3_e12.png,llama3_b8_combo/llama3_b8_combo_transfer_2_3_e12.json,"[""llama3_b8_combo_transfer_2_3_e12""]"
llama3_b8_combo_transfer_2_3_e16,llama3,8,DUET,48,0.7,512,96,2.216280451574569,0.7121387283236994,139.2646110394871,136.65961631396377,True,False,1,figs/llama3_b8_combo_transfer_2_3_e16.png,llama3_b8_combo/llama3_b8_combo_transfer_2_3_e16.json,"[""llama3_b8_combo_transfer_2_3_e16""]"
llama3_b8_combo_transfer_2_4_e12,llama3,8,DUET,48,0.7,512,96,2.3177631578947366,0.6504792332268371,218.16957382587182,185.8848537028269,True,False,1,figs/llama3_b8_combo_transfer_2_4_e12.png,llama3_b8_combo/llama3_b8_combo_transfer_2_4_e12.json,"[""llama3_b8_combo_transfer_2_4_e12""]"
llama3_b8_combo_transfer_2_4_e16,llama3,8,DUET,48,0.7,512,96,2.27012987012987,0.6816171825647505,137.02923766960055,140.4138467089562,True,False,1,figs/llama3_b8_combo_transfer_2_4_e16.png,llama3_b8_combo/llama3_b8_combo_transfer_2_4_e16.json,"[""llama3_b8_combo_transfer_2_4_e16""]"
llama3_b8_transfer_smoke,llama3,8,DUET,8,0.7,512,24,2.1774193548387095,0.5942028985507246,346.3264940820955,83.57981349555018,False,False,2,figs/llama3_b8_transfer_smoke.png,llama3_b8_combo/llama3_b8_transfer_smoke.json,[]
llama3_b8_duet_e16_k4_2,llama3,8,DUET,48,0.7,512,96,2.6533139111434814,0.662667607621736,145.68565835527824,151.26497119142527,True,False,1,figs/llama3_b8_duet_e16_k4_2.png,llama3_b8_duet_anchor/llama3_b8_duet_e16_k4_2.json,"[""llama3_b8_duet_e16_k4_2""]"
llama3_b8_duet_e21_k4_2,llama3,8,DUET,48,0.7,512,96,2.6674090571640683,0.7593390804597702,164.7295046308394,164.37548477978896,True,False,1,figs/llama3_b8_duet_e21_k4_2.png,llama3_b8_duet_anchor/llama3_b8_duet_e21_k4_2.json,"[""llama3_b8_duet_e21_k4_2""]"
llama3_b8_duet_e26_k4_2,llama3,8,DUET,48,0.7,512,96,2.594670406732118,0.808843537414966,163.469936819668,176.37787514803546,True,False,1,figs/llama3_b8_duet_e26_k4_2.png,llama3_b8_duet_anchor/llama3_b8_duet_e26_k4_2.json,"[""llama3_b8_duet_e26_k4_2""]"
llama3_b8_duet_e30_k4_2,llama3,8,DUET,48,0.7,512,96,2.7508747375787266,0.8461016949152542,186.0231243885975,179.8852009901909,True,False,1,figs/llama3_b8_duet_e30_k4_2.png,llama3_b8_duet_anchor/llama3_b8_duet_e30_k4_2.json,"[""llama3_b8_duet_e30_k4_2""]"
llama3_b8_refine_e21_k3_2_r1,llama3,8,DUET,48,0.7,512,96,2.4799703264094957,0.6961206896551724,219.3040187831275,204.8478140747841,True,False,1,figs/llama3_b8_refine_e21_k3_2_r1.png,llama3_b8_refine/llama3_b8_refine_e21_k3_2_r1.json,"[""llama3_b8_refine_e21_k3_2_r1""]"
llama3_b8_refine_e21_k4_2_r1,llama3,8,DUET,48,0.7,512,96,2.5499265785609397,0.6967971530249111,185.89824498809708,150.33479669669035,True,False,1,figs/llama3_b8_refine_e21_k4_2_r1.png,llama3_b8_refine/llama3_b8_refine_e21_k4_2_r1.json,"[""llama3_b8_refine_e21_k4_2_r1""]"
llama3_b8_refine_e30_k2_1_r2,llama3,8,DUET,48,0.7,512,96,2.163339382940109,0.8408956982911019,219.23512015500907,210.37372886186546,True,False,1,figs/llama3_b8_refine_e30_k2_1_r2.png,llama3_b8_refine/llama3_b8_refine_e30_k2_1_r2.json,"[""llama3_b8_refine_e30_k2_1_r2""]"
llama3_b8_refine_e30_k2_2_r2,llama3,8,DUET,48,0.7,512,96,2.255634638196916,0.8101557991921523,201.2955881062505,220.26679061758696,True,False,1,figs/llama3_b8_refine_e30_k2_2_r2.png,llama3_b8_refine/llama3_b8_refine_e30_k2_2_r2.json,"[""llama3_b8_refine_e30_k2_2_r2""]"
llama3_b8_refine_e30_k3_1_r2,llama3,8,DUET,48,0.7,512,96,2.2828025477707006,0.8338499690018599,189.6197008855639,190.03296162389188,True,False,1,figs/llama3_b8_refine_e30_k3_1_r2.png,llama3_b8_refine/llama3_b8_refine_e30_k3_1_r2.json,"[""llama3_b8_refine_e30_k3_1_r2""]"
llama3_b8_refine_e30_k3_2_r1,llama3,8,DUET,48,0.7,512,96,2.5445411922304086,0.7993506493506494,249.0255666715951,239.13151925583307,True,False,1,figs/llama3_b8_refine_e30_k3_2_r1.png,llama3_b8_refine/llama3_b8_refine_e30_k3_2_r1.json,"[""llama3_b8_refine_e30_k3_2_r1""]"
llama3_b8_refine_e30_k4_2_r1,llama3,8,DUET,48,0.7,512,96,2.5309859154929577,0.8210382513661202,163.85972694592985,177.11049476044164,True,False,1,figs/llama3_b8_refine_e30_k4_2_r1.png,llama3_b8_refine/llama3_b8_refine_e30_k4_2_r1.json,"[""llama3_b8_refine_e30_k4_2_r1""]"
llama3_b8_refine_e26_k3_1_r2,llama3,8,DUET,48,0.7,512,96,2.421917808219178,0.8026578073089701,215.87913796932855,214.14781074955073,True,False,1,figs/llama3_b8_refine_e26_k3_1_r2.png,llama3_b8_refine_retry/llama3_b8_refine_e26_k3_1_r2.json,"[""llama3_b8_refine_e26_k3_1_r2""]"
llama3_b8_refine_e26_k3_2_r2,llama3,8,DUET,48,0.7,512,96,2.496872828353023,0.8145650708024275,223.35780396795732,229.14132307625357,True,False,1,figs/llama3_b8_refine_e26_k3_2_r2.png,llama3_b8_refine_retry/llama3_b8_refine_e26_k3_2_r2.json,"[""llama3_b8_refine_e26_k3_2_r2""]"
llama3_b8_refine_e30_k3_2_r2,llama3,8,DUET,48,0.7,512,96,2.612857142857143,0.8299930891499654,175.4187834470817,199.2246010507294,True,False,1,figs/llama3_b8_refine_e30_k3_2_r2.png,llama3_b8_refine_retry/llama3_b8_refine_e30_k3_2_r2.json,"[""llama3_b8_refine_e30_k3_2_r2""]"
llama3_b8_refine_e30_k4_1_r2,llama3,8,DUET,48,0.7,512,96,2.6877729257641922,0.846262341325811,216.8291813133335,213.42336793903542,True,False,1,figs/llama3_b8_refine_e30_k4_1_r2.png,llama3_b8_refine_retry/llama3_b8_refine_e30_k4_1_r2.json,"[""llama3_b8_refine_e30_k4_1_r2""]"
llama3_b8_refine_e30_k6_1_r2,llama3,8,DUET,48,0.7,512,96,2.652377240841777,0.8561746987951807,155.9194612778218,145.91143086272004,True,False,1,figs/llama3_b8_refine_e30_k6_1_r2.png,llama3_b8_refine_retry/llama3_b8_refine_e30_k6_1_r2.json,"[""llama3_b8_refine_e30_k6_1_r2""]"
llama3_b8_refine_e30_k6_2_r2,llama3,8,DUET,48,0.7,512,96,2.8323029366306027,0.84575260804769,129.8620020854708,139.20783372470524,True,False,1,figs/llama3_b8_refine_e30_k6_2_r2.png,llama3_b8_refine_retry/llama3_b8_refine_e30_k6_2_r2.json,"[""llama3_b8_refine_e30_k6_2_r2""]"
llama3_b8_refine_e31_k3_1_r2,llama3,8,DUET,48,0.7,512,96,2.380225613802256,0.8471953578336557,193.70810982032498,197.59349262387445,True,False,1,figs/llama3_b8_refine_e31_k3_1_r2.png,llama3_b8_refine_retry/llama3_b8_refine_e31_k3_1_r2.json,"[""llama3_b8_refine_e31_k3_1_r2""]"
llama3_b8_refine_e31_k3_2_r2,llama3,8,DUET,48,0.7,512,96,2.5706214689265536,0.8265935572309802,222.78747570672093,231.80449375625693,True,False,1,figs/llama3_b8_refine_e31_k3_2_r2.png,llama3_b8_refine_retry/llama3_b8_refine_e31_k3_2_r2.json,"[""llama3_b8_refine_e31_k3_2_r2""]"
llama3_b8_ssd_refine_k2_f7,llama3,8,SSD,48,0.7,512,96,2.1460739030023093,0.6981450252951096,616.0372024789201,611.0668093587756,True,False,1,figs/llama3_b8_ssd_refine_k2_f7.png,llama3_b8_ssd_refine/llama3_b8_ssd_refine_k2_f7.json,"[""llama3_b8_ssd_refine_k2_f7""]"
llama3_b8_ssd_refine_k2_f9,llama3,8,SSD,48,0.7,512,96,2.199625701809108,0.7582017010935601,598.2565559284601,597.5674329651943,True,False,1,figs/llama3_b8_ssd_refine_k2_f9.png,llama3_b8_ssd_refine/llama3_b8_ssd_refine_k2_f9.json,"[""llama3_b8_ssd_refine_k2_f9""]"
llama3_b8_ssd_refine_k3_f1,llama3,8,SSD,48,0.7,512,96,2.3862745098039215,0.37777777777777777,610.3031481224705,605.4647831863704,True,False,1,figs/llama3_b8_ssd_refine_k3_f1.png,llama3_b8_ssd_refine/llama3_b8_ssd_refine_k3_f1.json,"[""llama3_b8_ssd_refine_k3_f1""]"
llama3_b8_ssd_refine_k4_f2,llama3,8,SSD,48,0.7,512,96,2.622890682318415,0.46088193456614507,593.7231223562368,599.9132026485695,True,False,1,figs/llama3_b8_ssd_refine_k4_f2.png,llama3_b8_ssd_refine/llama3_b8_ssd_refine_k4_f2.json,"[""llama3_b8_ssd_refine_k4_f2""]"
llama3_b8_ssd_refine_k5_f1,llama3,8,SSD,48,0.7,512,96,2.648944487881157,0.30234315948601664,569.9911636046302,570.0265475017196,True,False,1,figs/llama3_b8_ssd_refine_k5_f1.png,llama3_b8_ssd_refine/llama3_b8_ssd_refine_k5_f1.json,"[""llama3_b8_ssd_refine_k5_f1""]"
llama3_b8_ssd_refine_k6_f2,llama3,8,SSD,48,0.7,512,96,3.0823327615780447,0.43672456575682383,579.9597702999356,579.564927961507,True,False,1,figs/llama3_b8_ssd_refine_k6_f2.png,llama3_b8_ssd_refine/llama3_b8_ssd_refine_k6_f2.json,"[""llama3_b8_ssd_refine_k6_f2""]"
llama3_b8_ssd_k2_f1,llama3,8,SSD,48,0.7,512,96,2.1253405994550407,0.4045720361509835,566.5732567029054,562.4378296372528,True,False,1,figs/llama3_b8_ssd_k2_f1.png,llama3_b8_ssd_screen/llama3_b8_ssd_k2_f1.json,"[""llama3_b8_ssd_k2_f1""]"
llama3_b8_ssd_k2_f3,llama3,8,SSD,48,0.7,512,96,2.11463550361714,0.5833785985877241,614.0430921188236,605.4638707069171,True,False,1,figs/llama3_b8_ssd_k2_f3.png,llama3_b8_ssd_screen/llama3_b8_ssd_k2_f3.json,"[""llama3_b8_ssd_k2_f3""]"
llama3_b8_ssd_k2_f5,llama3,8,SSD,48,0.7,512,96,2.1699751861042182,0.6628468033775633,632.5738207364582,622.4425866886114,True,False,1,figs/llama3_b8_ssd_k2_f5.png,llama3_b8_ssd_screen/llama3_b8_ssd_k2_f5.json,"[""llama3_b8_ssd_k2_f5""]"
llama3_b8_ssd_k4_f1,llama3,8,SSD,48,0.7,512,96,2.6566222845129643,0.33989145183175035,638.7334726664211,625.3427053404185,True,False,1,figs/llama3_b8_ssd_k4_f1.png,llama3_b8_ssd_screen/llama3_b8_ssd_k4_f1.json,"[""llama3_b8_ssd_k4_f1""]"
llama3_b8_ssd_k4_f3,llama3,8,SSD,48,0.7,512,96,2.4767277856135403,0.4959016393442623,596.9778860168445,598.6993284988357,True,False,1,figs/llama3_b8_ssd_k4_f3.png,llama3_b8_ssd_screen/llama3_b8_ssd_k4_f3.json,"[""llama3_b8_ssd_k4_f3""]"
llama3_b8_ssd_k4_f5,llama3,8,SSD,48,0.7,512,96,2.6933333333333334,0.5892586989409985,628.3221084674607,619.6240226041406,True,False,1,figs/llama3_b8_ssd_k4_f5.png,llama3_b8_ssd_screen/llama3_b8_ssd_k4_f5.json,"[""llama3_b8_ssd_k4_f5""]"
llama3_b8_ssd_k6_f1,llama3,8,SSD,48,0.7,512,96,2.955722639933166,0.3083735909822866,618.6590714971285,616.0607460810287,True,False,1,figs/llama3_b8_ssd_k6_f1.png,llama3_b8_ssd_screen/llama3_b8_ssd_k6_f1.json,"[""llama3_b8_ssd_k6_f1""]"
llama3_b8_ssd_k6_f3,llama3,8,SSD,48,0.7,512,96,2.9415357766143106,0.48359966358284273,533.4749624227936,526.918805614833,True,False,1,figs/llama3_b8_ssd_k6_f3.png,llama3_b8_ssd_screen/llama3_b8_ssd_k6_f3.json,"[""llama3_b8_ssd_k6_f3""]"
llama3_b8_ssd_k6_f5,llama3,8,SSD,48,0.7,512,96,2.9388379204892967,0.5525147928994083,427.0616079535264,426.1134490702432,True,False,1,figs/llama3_b8_ssd_k6_f5.png,llama3_b8_ssd_screen/llama3_b8_ssd_k6_f5.json,"[""llama3_b8_ssd_k6_f5""]"
llama3_b8_ssd_k8_f1,llama3,8,SSD,48,0.7,512,96,2.991496598639456,0.28770491803278686,470.38395007188444,472.6036119384128,True,False,1,figs/llama3_b8_ssd_k8_f1.png,llama3_b8_ssd_screen/llama3_b8_ssd_k8_f1.json,"[""llama3_b8_ssd_k8_f1""]"
llama3_b8_ssd_k8_f3,llama3,8,SSD,48,0.7,512,96,3.1171548117154813,0.4685483870967742,385.66835772518687,386.6511211773238,True,False,1,figs/llama3_b8_ssd_k8_f3.png,llama3_b8_ssd_screen/llama3_b8_ssd_k8_f3.json,"[""llama3_b8_ssd_k8_f3""]"
llama3_b8_ssd_k8_f5,llama3,8,SSD,48,0.7,512,96,2.865787432117921,0.5277777777777778,266.1679520761341,271.5738261581534,True,False,1,figs/llama3_b8_ssd_k8_f5.png,llama3_b8_ssd_screen/llama3_b8_ssd_k8_f5.json,"[""llama3_b8_ssd_k8_f5""]"
llama3_b8_tree_al_compute3,llama3,8,DUET,48,0.7,512,96,2.961845607808341,0.8581196581196581,134.90956028862504,140.4644095656479,True,False,1,figs/llama3_b8_tree_al_compute3.png,llama3_b8_tree/llama3_b8_tree_al_compute3.json,"[""llama3_b8_tree_al_compute3""]"
llama3_b8_tree_al_width1,llama3,8,DUET,48,0.7,512,96,2.5701149425287357,0.8688888888888889,174.91149521226563,169.8169116576426,True,False,1,figs/llama3_b8_tree_al_width1.png,llama3_b8_tree/llama3_b8_tree_al_width1.json,"[""llama3_b8_tree_al_width1""]"
llama3_b8_tree_al_width2,llama3,8,DUET,48,0.7,512,96,2.93201581027668,0.8589939024390244,162.62771019918674,152.68481731654308,True,False,1,figs/llama3_b8_tree_al_width2.png,llama3_b8_tree/llama3_b8_tree_al_width2.json,"[""llama3_b8_tree_al_width2""]"
llama3_b8_tree_align_exit21,llama3,8,DUET,48,0.7,512,96,2.4303547963206307,0.7440970006381621,201.668379720452,223.19018693663853,True,False,1,figs/llama3_b8_tree_align_exit21.png,llama3_b8_tree/llama3_b8_tree_align_exit21.json,"[""llama3_b8_tree_align_exit21""]"
llama3_b8_tree_align_exit23,llama3,8,DUET,48,0.7,512,96,2.339297548045063,0.74983922829582,186.3842061958637,195.27366015351834,True,False,1,figs/llama3_b8_tree_align_exit23.png,llama3_b8_tree/llama3_b8_tree_align_exit23.json,"[""llama3_b8_tree_align_exit23""]"
llama3_b8_tree_align_exit25,llama3,8,DUET,48,0.7,512,96,2.4420772303595206,0.8086619263089851,249.10472800652278,244.97903686187078,True,False,1,figs/llama3_b8_tree_align_exit25.png,llama3_b8_tree/llama3_b8_tree_align_exit25.json,"[""llama3_b8_tree_align_exit25""]"
llama3_b8_tree_beta0,llama3,8,DUET,48,0.7,512,96,2.421917808219178,0.8026578073089701,221.03943543527322,215.83177529159985,True,False,1,figs/llama3_b8_tree_beta0.png,llama3_b8_tree/llama3_b8_tree_beta0.json,"[""llama3_b8_tree_beta0""]"
llama3_b8_tree_beta1,llama3,8,DUET,48,0.7,512,96,2.421917808219178,0.8026578073089701,216.83779331869547,214.40365778041382,True,False,1,figs/llama3_b8_tree_beta1.png,llama3_b8_tree/llama3_b8_tree_beta1.json,"[""llama3_b8_tree_beta1""]"
llama3_b8_tree_compute3,llama3,8,DUET,48,0.7,512,96,2.4044648719632304,0.813018506700702,204.412129618867,218.94172380400326,True,False,1,figs/llama3_b8_tree_compute3.png,llama3_b8_tree/llama3_b8_tree_compute3.json,"[""llama3_b8_tree_compute3""]"
llama3_b8_tree_no_floors,llama3,8,DUET,48,0.7,512,96,2.421917808219178,0.8026578073089701,224.63830395103588,220.31304744028557,True,False,1,figs/llama3_b8_tree_no_floors.png,llama3_b8_tree/llama3_b8_tree_no_floors.json,"[""llama3_b8_tree_no_floors""]"
llama3_b8_tree_nodes_high,llama3,8,DUET,48,0.7,512,96,2.393236074270557,0.8228092783505154,143.75819669167007,148.41698145649724,True,False,1,figs/llama3_b8_tree_nodes_high.png,llama3_b8_tree/llama3_b8_tree_nodes_high.json,"[""llama3_b8_tree_nodes_high""]"
llama3_b8_tree_nodes_low,llama3,8,DUET,48,0.7,512,96,2.358418367346939,0.8233106013639182,145.25104159666222,149.55095398672015,True,False,1,figs/llama3_b8_tree_nodes_low.png,llama3_b8_tree/llama3_b8_tree_nodes_low.json,"[""llama3_b8_tree_nodes_low""]"
llama3_b8_tree_p2budget12,llama3,8,DUET,48,0.7,512,96,2.3880692751763952,0.8766355140186916,209.38305427286437,207.72433928968408,True,False,1,figs/llama3_b8_tree_p2budget12.png,llama3_b8_tree/llama3_b8_tree_p2budget12.json,"[""llama3_b8_tree_p2budget12""]"
llama3_b8_tree_p2budget3,llama3,8,DUET,48,0.7,512,96,2.3792190602250165,0.8012861736334406,212.64909691575326,222.1287752438729,True,False,1,figs/llama3_b8_tree_p2budget3.png,llama3_b8_tree/llama3_b8_tree_p2budget3.json,"[""llama3_b8_tree_p2budget3""]"
llama3_b8_tree_p2budget8,llama3,8,DUET,48,0.7,512,96,2.300261096605744,0.8567807351077313,162.87391846683323,172.80636047087788,True,False,1,figs/llama3_b8_tree_p2budget8.png,llama3_b8_tree/llama3_b8_tree_p2budget8.json,"[""llama3_b8_tree_p2budget8""]"
llama3_b8_tree_roots1_compute1,llama3,8,DUET,48,0.7,512,96,2.3054123711340204,0.7916145181476846,225.92983229135734,217.77239295739875,True,False,1,figs/llama3_b8_tree_roots1_compute1.png,llama3_b8_tree/llama3_b8_tree_roots1_compute1.json,"[""llama3_b8_tree_roots1_compute1""]"
llama3_b8_tree_roots2_compute1,llama3,8,DUET,48,0.7,512,96,2.2543424317617866,0.8136308805790109,157.15096819957753,157.65549504988888,True,False,1,figs/llama3_b8_tree_roots2_compute1.png,llama3_b8_tree/llama3_b8_tree_roots2_compute1.json,"[""llama3_b8_tree_roots2_compute1""]"
llama3_b8_tree_roots3,llama3,8,DUET,48,0.7,512,96,2.430327868852459,0.8210735586481114,131.79710760550608,139.53803539044418,True,False,1,figs/llama3_b8_tree_roots3.png,llama3_b8_tree/llama3_b8_tree_roots3.json,"[""llama3_b8_tree_roots3""]"
llama3_b8_tree_width1,llama3,8,DUET,48,0.7,512,96,2.358418367346939,0.8233106013639182,149.52704017400941,154.65744253112766,True,False,1,figs/llama3_b8_tree_width1.png,llama3_b8_tree/llama3_b8_tree_width1.json,"[""llama3_b8_tree_width1""]"
llama3_b8_tree_width2,llama3,8,DUET,48,0.7,512,96,2.3871391076115485,0.7911877394636015,179.43019852912386,179.08178232947566,True,False,1,figs/llama3_b8_tree_width2.png,llama3_b8_tree/llama3_b8_tree_width2.json,"[""llama3_b8_tree_width2""]"
llama3_b8_warm_confirm_grow_k1,llama3,8,DUET,48,0.7,512,96,2.310344827586207,0.8169975186104218,335.4779890981145,325.65244931007317,False,False,2,figs/llama3_b8_warm_confirm_grow_k1.png,llama3_b8_warm/llama3_b8_warm_confirm_grow_k1.json,"[""llama3_b8_warm_diagnostic_grow_k1""]"
llama3_b8_warm_confirm_grow_k2,llama3,8,DUET,48,0.7,512,96,2.36435124508519,0.8081580624601657,451.58019463854833,343.4600661865401,False,False,2,figs/llama3_b8_warm_confirm_grow_k2.png,llama3_b8_warm/llama3_b8_warm_confirm_grow_k2.json,"[""llama3_b8_warm_diagnostic_grow_k2"", ""llama3_b8_opt_l0_profile_trim0"", ""llama3_b8_opt_l1_profile_trim0"", ""llama3_b8_final_breakdown""]"
llama3_b8_warm_diagnostic_grow_k1,llama3,8,DUET,48,0.7,512,96,2.2991967871485945,0.8188311688311688,229.77656069160236,239.65824304598146,True,False,1,figs/llama3_b8_warm_diagnostic_grow_k1.png,llama3_b8_warm/llama3_b8_warm_diagnostic_grow_k1.json,"[""llama3_b8_warm_diagnostic_grow_k1""]"
llama3_b8_warm_diagnostic_grow_k2,llama3,8,DUET,48,0.7,512,96,2.3725617685305593,0.8203668564199873,170.17047977413893,164.6458754272204,True,False,1,figs/llama3_b8_warm_diagnostic_grow_k2.png,llama3_b8_warm/llama3_b8_warm_diagnostic_grow_k2.json,"[""llama3_b8_warm_diagnostic_grow_k2"", ""llama3_b8_opt_l0_profile_trim0"", ""llama3_b8_opt_l1_profile_trim0"", ""llama3_b8_final_breakdown""]"
llama3_b8_warm_duet_tree_1,llama3,8,DUET,48,0.7,512,96,2.314035087719298,0.821753986332574,310.6241825463294,301.3809100203954,False,False,2,figs/llama3_b8_warm_duet_tree_1.png,llama3_b8_warm/llama3_b8_warm_duet_tree_1.json,"[""llama3_b8_tree_width1""]"
llama3_b8_warm_duet_tree_2,llama3,8,DUET,48,0.7,512,96,2.270253164556962,0.7866831072749692,337.87398196193817,299.35624441818806,False,False,2,figs/llama3_b8_warm_duet_tree_2.png,llama3_b8_warm/llama3_b8_warm_duet_tree_2.json,"[""llama3_b8_combo_e24""]"
llama3_b8_warm_duet_tree_3,llama3,8,DUET,48,0.7,512,96,2.7529411764705882,0.8643384822028207,285.79007723433006,294.06446430332767,False,False,2,figs/llama3_b8_warm_duet_tree_3.png,llama3_b8_warm/llama3_b8_warm_duet_tree_3.json,"[""llama3_b8_tree_al_compute3""]"
llama3_b8_warm_duet_tree_4,llama3,8,DUET,48,0.7,512,96,2.843027888446215,0.8545034642032333,223.06704509766823,227.94054698248186,False,False,2,figs/llama3_b8_warm_duet_tree_4.png,llama3_b8_warm/llama3_b8_warm_duet_tree_4.json,"[""llama3_b8_combo_al_k2_3""]"
llama3_b8_warm_ssd_1,llama3,8,SSD,48,0.7,512,96,2.6851980542043083,0.3447811447811448,649.0477370473633,647.9129737308177,False,False,2,figs/llama3_b8_warm_ssd_1.png,llama3_b8_warm/llama3_b8_warm_ssd_1.json,"[""llama3_b8_ssd_k4_f1""]"
llama3_b8_warm_ssd_2,llama3,8,SSD,48,0.7,512,96,2.1474867724867726,0.6737315350032113,617.3221277488794,605.881636487041,False,False,2,figs/llama3_b8_warm_ssd_2.png,llama3_b8_warm/llama3_b8_warm_ssd_2.json,"[""llama3_b8_ssd_k2_f5""]"
llama3_b8_warm_ssd_3,llama3,8,SSD,48,0.7,512,96,2.57510148849797,0.4645669291338583,611.7436810408858,607.8052286620187,False,False,2,figs/llama3_b8_warm_ssd_3.png,llama3_b8_warm/llama3_b8_warm_ssd_3.json,"[""llama3_b8_ssd_refine_k4_f2""]"
llama3_b8_warm_ssd_4,llama3,8,SSD,48,0.7,512,96,3.0841283607979184,0.46867167919799496,386.6140185950535,383.02311361525045,False,False,2,figs/llama3_b8_warm_ssd_4.png,llama3_b8_warm/llama3_b8_warm_ssd_4.json,"[""llama3_b8_ssd_k8_f3""]"
llama3_b8_warm_ssd_5,llama3,8,SSD,48,0.7,512,96,2.7872340425531914,0.3886255924170616,562.5244556272986,560.1138825227295,False,False,2,figs/llama3_b8_warm_ssd_5.png,llama3_b8_warm/llama3_b8_warm_ssd_5.json,"[""llama3_b8_ssd_refine_k6_f2""]"
llama3_b1_opt_fast_r0,llama3,1,DUET,480,0.7,512,128,2.6786027157249235,0.6807055050774987,114.26789720540589,113.69835642695239,False,False,2,figs/llama3_b1_opt_fast_r0.png,llama3_opt_l0_full/llama3_b1_opt_fast_r0.json,"[""llama3_b1_stream_l0_profile_s0"", ""llama3_b1_stream_l1_profile_s0""]"
llama3_b8_opt_fast_r1,llama3,8,DUET,480,0.7,512,128,2.3857850421000495,0.8173184086834326,499.9101024206463,499.86374033523407,False,False,2,figs/llama3_b8_opt_fast_r1.png,llama3_opt_l0_full/llama3_b8_opt_fast_r1.json,"[""llama3_b8_opt_l0_profile_trim1"", ""llama3_b8_opt_l1_profile_trim1"", ""llama3_b8_stability_profile_3"", ""llama3_b8_stream_l0_profile_s0"", ""llama3_b8_stream_l1_profile_s0""]"
llama3_b8_opt_l0_profile_trim0,llama3,8,DUET,48,0.7,512,128,2.4404312668463612,0.820620725933719,192.78910027322033,177.43611666460447,True,False,1,figs/llama3_b8_opt_l0_profile_trim0.png,llama3_opt_l0_profile/llama3_b8_opt_l0_profile_trim0.json,"[""llama3_b8_opt_l0_profile_trim0"", ""llama3_b8_opt_l1_profile_trim0"", ""llama3_b8_final_breakdown"", ""llama3_b8_warm_diagnostic_grow_k2""]"
llama3_b8_opt_l0_profile_trim1,llama3,8,DUET,48,0.7,512,128,2.4404312668463612,0.820620725933719,196.86500410980278,181.15903831368152,True,False,1,figs/llama3_b8_opt_l0_profile_trim1.png,llama3_opt_l0_profile/llama3_b8_opt_l0_profile_trim1.json,"[""llama3_b8_opt_l0_profile_trim1"", ""llama3_b8_opt_l1_profile_trim1"", ""llama3_b8_stability_profile_3"", ""llama3_b8_stream_l0_profile_s0"", ""llama3_b8_stream_l1_profile_s0""]"
llama3_b1_opt_fast_r1,llama3,1,DUET,480,0.7,512,128,2.7016962480341498,0.6768539818161902,115.53116976755412,114.81691758720642,False,False,2,figs/llama3_b1_opt_fast_r1.png,llama3_opt_l1_full/llama3_b1_opt_fast_r1.json,"[""llama3_b1_stream_l0_profile_s0"", ""llama3_b1_stream_l1_profile_s0""]"
llama3_b8_opt_al_r0,llama3,8,DUET,480,0.7,512,128,2.9032201610080506,0.8608522727272727,337.38647477776476,335.2197249266306,False,False,2,figs/llama3_b8_opt_al_r0.png,llama3_opt_l1_full/llama3_b8_opt_al_r0.json,[]
llama3_b8_opt_fast_r0,llama3,8,DUET,480,0.7,512,128,2.4290071679121548,0.8172059042791113,507.4555158680226,503.0451262012796,False,False,2,figs/llama3_b8_opt_fast_r0.png,llama3_opt_l1_full/llama3_b8_opt_fast_r0.json,"[""llama3_b8_opt_l0_profile_trim1"", ""llama3_b8_opt_l1_profile_trim1"", ""llama3_b8_stability_profile_3"", ""llama3_b8_stream_l0_profile_s0"", ""llama3_b8_stream_l1_profile_s0""]"
llama3_b8_opt_l1_profile_trim0,llama3,8,DUET,48,0.7,512,128,2.4404312668463612,0.820620725933719,192.7950480663122,176.50751953689385,True,False,1,figs/llama3_b8_opt_l1_profile_trim0.png,llama3_opt_l1_profile/llama3_b8_opt_l1_profile_trim0.json,"[""llama3_b8_opt_l0_profile_trim0"", ""llama3_b8_opt_l1_profile_trim0"", ""llama3_b8_final_breakdown"", ""llama3_b8_warm_diagnostic_grow_k2""]"
llama3_b8_opt_l1_profile_trim1,llama3,8,DUET,48,0.7,512,128,2.4404312668463612,0.820620725933719,190.54665338202474,173.85577257424697,True,False,1,figs/llama3_b8_opt_l1_profile_trim1.png,llama3_opt_l1_profile/llama3_b8_opt_l1_profile_trim1.json,"[""llama3_b8_opt_l0_profile_trim1"", ""llama3_b8_opt_l1_profile_trim1"", ""llama3_b8_stability_profile_3"", ""llama3_b8_stream_l0_profile_s0"", ""llama3_b8_stream_l1_profile_s0""]"
llama3_b8_postopt_final_r1,llama3,8,DUET,480,0.7,512,128,2.365697071460319,0.8361764848016238,457.2711639002674,458.12458888866416,False,False,2,figs/llama3_b8_postopt_final_r1.png,llama3_postopt_l0_full/llama3_b8_postopt_final_r1.json,"[""llama3_b8_postopt_profile_exit_later"", ""llama3_b8_stability_profile_1""]"
llama3_b1_postopt_profile_exit_earlier,llama3,1,DUET,48,0.7,512,128,2.7612359550561796,0.6438356164383562,103.09823981434782,102.6276405454078,True,False,1,figs/llama3_b1_postopt_profile_exit_earlier.png,llama3_postopt_l0_profile/llama3_b1_postopt_profile_exit_earlier.json,"[""llama3_b1_postopt_profile_exit_earlier""]"
llama3_b1_postopt_profile_exit_later,llama3,1,DUET,48,0.7,512,128,2.760966306420852,0.7251389746757257,102.02671737961644,101.60434144296276,True,False,1,figs/llama3_b1_postopt_profile_exit_later.png,llama3_postopt_l0_profile/llama3_b1_postopt_profile_exit_later.json,"[""llama3_b1_postopt_profile_exit_later""]"
llama3_b1_postopt_profile_k1_down,llama3,1,DUET,48,0.7,512,128,2.5495327102803738,0.6921212121212121,91.85369264704532,91.4906656661044,True,False,1,figs/llama3_b1_postopt_profile_k1_down.png,llama3_postopt_l0_profile/llama3_b1_postopt_profile_k1_down.json,"[""llama3_b1_postopt_profile_k1_down""]"
llama3_b1_postopt_profile_k2_down,llama3,1,DUET,48,0.7,512,128,2.828977272727273,0.7286821705426356,108.56019443396002,108.56545500255642,True,False,1,figs/llama3_b1_postopt_profile_k2_down.png,llama3_postopt_l0_profile/llama3_b1_postopt_profile_k2_down.json,"[""llama3_b1_postopt_profile_k2_down""]"
llama3_b8_postopt_profile_exit_earlier,llama3,8,DUET,48,0.7,512,128,2.348019801980198,0.774818401937046,183.41016410290777,181.11422423041634,True,False,1,figs/llama3_b8_postopt_profile_exit_earlier.png,llama3_postopt_l0_profile/llama3_b8_postopt_profile_exit_earlier.json,"[""llama3_b8_postopt_profile_exit_earlier""]"
llama3_b8_postopt_profile_exit_later,llama3,8,DUET,48,0.7,512,128,2.4356060606060606,0.8420496566296883,171.55375448278855,182.33174077156087,True,False,1,figs/llama3_b8_postopt_profile_exit_later.png,llama3_postopt_l0_profile/llama3_b8_postopt_profile_exit_later.json,"[""llama3_b8_postopt_profile_exit_later"", ""llama3_b8_stability_profile_1""]"
llama3_b8_postopt_profile_k1_down,llama3,8,DUET,48,0.7,512,128,2.2475153809749173,0.8207503473830478,203.12339925192612,186.63701862733927,True,False,1,figs/llama3_b8_postopt_profile_k1_down.png,llama3_postopt_l0_profile/llama3_b8_postopt_profile_k1_down.json,"[""llama3_b8_postopt_profile_k1_down""]"
llama3_b8_postopt_profile_k2_down,llama3,8,DUET,48,0.7,512,128,2.2112616426756984,0.8366583541147132,172.85885948659464,178.811776496613,True,False,1,figs/llama3_b8_postopt_profile_k2_down.png,llama3_postopt_l0_profile/llama3_b8_postopt_profile_k2_down.json,"[""llama3_b8_postopt_profile_k2_down"", ""llama3_b8_stability_profile_0""]"
llama3_b1_postopt_warm_0,llama3,1,DUET,48,0.7,512,128,2.601272534464475,0.6813471502590673,113.01098804742158,112.5975126930863,False,False,2,figs/llama3_b1_postopt_warm_0.png,llama3_postopt_l0_warm/llama3_b1_postopt_warm_0.json,"[""llama3_b1_postopt_profile_k2_down""]"
llama3_b1_postopt_warm_1,llama3,1,DUET,48,0.7,512,128,2.7156477846326417,0.7189721159103335,119.1518186549031,118.57988348337804,False,False,2,figs/llama3_b1_postopt_warm_1.png,llama3_postopt_l0_warm/llama3_b1_postopt_warm_1.json,"[""llama3_b1_postopt_profile_exit_later""]"
llama3_b1_postopt_warm_2,llama3,1,DUET,48,0.7,512,128,2.793942992874109,0.6990179087232813,121.80854898806615,121.26366210134397,False,False,2,figs/llama3_b1_postopt_warm_2.png,llama3_postopt_l0_warm/llama3_b1_postopt_warm_2.json,"[""llama3_b1_stream_l0_profile_s1"", ""llama3_b1_stream_l1_profile_s1""]"
llama3_b1_postopt_warm_3,llama3,1,DUET,48,0.7,512,128,2.793942992874109,0.6990179087232813,119.94702647273307,119.40771785311158,False,False,2,figs/llama3_b1_postopt_warm_3.png,llama3_postopt_l0_warm/llama3_b1_postopt_warm_3.json,"[""llama3_b1_stream_l0_profile_s0"", ""llama3_b1_stream_l1_profile_s0""]"
llama3_b8_postopt_warm_0,llama3,8,DUET,48,0.7,512,128,2.40844327176781,0.8303249097472925,373.82849241860134,337.2790534629316,False,False,2,figs/llama3_b8_postopt_warm_0.png,llama3_postopt_l0_warm/llama3_b8_postopt_warm_0.json,"[""llama3_b8_postopt_profile_k2_down"", ""llama3_b8_stability_profile_0""]"
llama3_b8_postopt_warm_1,llama3,8,DUET,48,0.7,512,128,2.3155,0.837573385518591,439.4261644552895,439.5992481207943,False,False,2,figs/llama3_b8_postopt_warm_1.png,llama3_postopt_l0_warm/llama3_b8_postopt_warm_1.json,"[""llama3_b8_postopt_profile_exit_later"", ""llama3_b8_stability_profile_1""]"
llama3_b8_postopt_warm_2,llama3,8,DUET,48,0.7,512,128,2.406458797327394,0.8362350380848749,387.4516684374175,390.54457085822173,False,False,2,figs/llama3_b8_postopt_warm_2.png,llama3_postopt_l0_warm/llama3_b8_postopt_warm_2.json,"[""llama3_b8_stability_profile_2"", ""llama3_b8_stream_l0_profile_s1"", ""llama3_b8_stream_l1_profile_s1""]"
llama3_b8_postopt_warm_3,llama3,8,DUET,48,0.7,512,128,2.406458797327394,0.8362350380848749,408.7207639949509,411.75072318143685,False,False,2,figs/llama3_b8_postopt_warm_3.png,llama3_postopt_l0_warm/llama3_b8_postopt_warm_3.json,"[""llama3_b8_opt_l0_profile_trim1"", ""llama3_b8_opt_l1_profile_trim1"", ""llama3_b8_stability_profile_3"", ""llama3_b8_stream_l0_profile_s0"", ""llama3_b8_stream_l1_profile_s0""]"
llama3_b8_postopt_final_r0,llama3,8,DUET,480,0.7,512,128,2.3814408050703952,0.8392764123691813,452.85112402392565,451.7184186670222,False,False,2,figs/llama3_b8_postopt_final_r0.png,llama3_postopt_l1_full/llama3_b8_postopt_final_r0.json,"[""llama3_b8_postopt_profile_exit_later"", ""llama3_b8_stability_profile_1""]"
llama3_b8_stability_final_r1,llama3,8,DUET,480,0.7,512,128,2.2786268628291197,0.8294331530859593,542.4667672444608,541.6370437285821,False,False,2,figs/llama3_b8_stability_final_r1.png,llama3_stability_l0_full/llama3_b8_stability_final_r1.json,"[""llama3_b8_stability_profile_4""]"
llama3_b8_stability_ssd_control,llama3,8,SSD,48,0.7,512,128,2.6914519906323187,0.36695156695156694,639.439869221004,639.2540664827553,False,False,6,figs/llama3_b8_stability_ssd_control.png,llama3_stability_l0_warm/llama3_b8_stability_ssd_control.json,"[""llama3_b8_ssd_k4_f1""]"
llama3_b8_stability_warm_0,llama3,8,DUET,48,0.7,512,128,2.43640350877193,0.8495717344753747,529.4311416531307,529.8123609468936,False,False,6,figs/llama3_b8_stability_warm_0.png,llama3_stability_l0_warm/llama3_b8_stability_warm_0.json,"[""llama3_b8_postopt_profile_k2_down"", ""llama3_b8_stability_profile_0""]"
llama3_b8_stability_warm_1,llama3,8,DUET,48,0.7,512,128,2.434734513274336,0.8373851971907077,467.6062220504685,457.6618737029556,False,False,6,figs/llama3_b8_stability_warm_1.png,llama3_stability_l0_warm/llama3_b8_stability_warm_1.json,"[""llama3_b8_postopt_profile_exit_later"", ""llama3_b8_stability_profile_1""]"
llama3_b8_stability_warm_2,llama3,8,DUET,48,0.7,512,128,2.438219895287958,0.8178096212896623,477.03447840921626,478.1994674687449,False,False,6,figs/llama3_b8_stability_warm_2.png,llama3_stability_l0_warm/llama3_b8_stability_warm_2.json,"[""llama3_b8_stability_profile_2"", ""llama3_b8_stream_l0_profile_s1"", ""llama3_b8_stream_l1_profile_s1""]"
llama3_b8_stability_warm_3,llama3,8,DUET,48,0.7,512,128,2.438219895287958,0.8178096212896623,500.4433815902878,500.5964372074654,False,False,6,figs/llama3_b8_stability_warm_3.png,llama3_stability_l0_warm/llama3_b8_stability_warm_3.json,"[""llama3_b8_opt_l0_profile_trim1"", ""llama3_b8_opt_l1_profile_trim1"", ""llama3_b8_stability_profile_3"", ""llama3_b8_stream_l0_profile_s0"", ""llama3_b8_stream_l1_profile_s0""]"
llama3_b8_stability_warm_4,llama3,8,DUET,48,0.7,512,128,2.43640350877193,0.8495717344753747,556.3950675153096,555.8377140178052,False,False,6,figs/llama3_b8_stability_warm_4.png,llama3_stability_l0_warm/llama3_b8_stability_warm_4.json,"[""llama3_b8_stability_profile_4""]"
llama3_b8_stability_warm_5,llama3,8,DUET,48,0.7,512,128,2.43640350877193,0.8495717344753747,532.0058146448276,532.228095582634,False,False,6,figs/llama3_b8_stability_warm_5.png,llama3_stability_l0_warm/llama3_b8_stability_warm_5.json,"[""llama3_b8_stability_profile_5""]"
llama3_b8_stability_warm_6,llama3,8,DUET,48,0.7,512,128,2.3517412935323385,0.7936739659367397,547.8469973468721,542.2266379780534,False,False,6,figs/llama3_b8_stability_warm_6.png,llama3_stability_l0_warm/llama3_b8_stability_warm_6.json,"[""llama3_b8_stability_profile_6""]"
llama3_b8_stability_warm_7,llama3,8,DUET,48,0.7,512,128,2.3517412935323385,0.7936739659367397,532.0835338607892,527.2122942467892,False,False,6,figs/llama3_b8_stability_warm_7.png,llama3_stability_l0_warm/llama3_b8_stability_warm_7.json,"[""llama3_b8_stability_profile_7""]"
llama3_b8_stability_final_r0,llama3,8,DUET,480,0.7,512,128,2.2897974285450005,0.8240916915828577,537.6771534192632,539.2666070513219,False,False,2,figs/llama3_b8_stability_final_r0.png,llama3_stability_l1_full/llama3_b8_stability_final_r0.json,"[""llama3_b8_stability_profile_4""]"
llama3_b8_stability_profile_0,llama3,8,DUET,48,0.7,512,128,2.3212010919017287,0.8213808463251671,182.97141656316612,200.2312472337568,True,False,1,figs/llama3_b8_stability_profile_0.png,llama3_stability_l1_profile/llama3_b8_stability_profile_0.json,"[""llama3_b8_postopt_profile_k2_down"", ""llama3_b8_stability_profile_0""]"
llama3_b8_stability_profile_1,llama3,8,DUET,48,0.7,512,128,2.4154561301568855,0.8129251700680272,231.1824096929217,225.99511583871382,True,False,1,figs/llama3_b8_stability_profile_1.png,llama3_stability_l1_profile/llama3_b8_stability_profile_1.json,"[""llama3_b8_postopt_profile_exit_later"", ""llama3_b8_stability_profile_1""]"
llama3_b8_stability_profile_2,llama3,8,DUET,48,0.7,512,128,2.3975720789074355,0.8065314200890649,182.81703325756135,196.3009471936907,True,False,1,figs/llama3_b8_stability_profile_2.png,llama3_stability_l1_profile/llama3_b8_stability_profile_2.json,"[""llama3_b8_stability_profile_2"", ""llama3_b8_stream_l0_profile_s1"", ""llama3_b8_stream_l1_profile_s1""]"
llama3_b8_stability_profile_3,llama3,8,DUET,48,0.7,512,128,2.3975720789074355,0.8065314200890649,181.52606603191217,195.88361945492125,True,False,1,figs/llama3_b8_stability_profile_3.png,llama3_stability_l1_profile/llama3_b8_stability_profile_3.json,"[""llama3_b8_opt_l0_profile_trim1"", ""llama3_b8_opt_l1_profile_trim1"", ""llama3_b8_stability_profile_3"", ""llama3_b8_stream_l0_profile_s0"", ""llama3_b8_stream_l1_profile_s0""]"
llama3_b8_stability_profile_4,llama3,8,DUET,48,0.7,512,128,2.3212010919017287,0.8213808463251671,197.73510307056492,216.06664177720748,True,False,1,figs/llama3_b8_stability_profile_4.png,llama3_stability_l1_profile/llama3_b8_stability_profile_4.json,"[""llama3_b8_stability_profile_4""]"
llama3_b8_stability_profile_5,llama3,8,DUET,48,0.7,512,128,2.3212010919017287,0.8213808463251671,190.85117087594838,208.48169664415136,True,False,1,figs/llama3_b8_stability_profile_5.png,llama3_stability_l1_profile/llama3_b8_stability_profile_5.json,"[""llama3_b8_stability_profile_5""]"
llama3_b8_stability_profile_6,llama3,8,DUET,48,0.7,512,128,2.340396753832281,0.7976137870083959,256.8537847857949,244.70134079528677,True,False,1,figs/llama3_b8_stability_profile_6.png,llama3_stability_l1_profile/llama3_b8_stability_profile_6.json,"[""llama3_b8_stability_profile_6""]"
llama3_b8_stability_profile_7,llama3,8,DUET,48,0.7,512,128,2.340396753832281,0.7976137870083959,245.4745226964355,234.56649243763215,True,False,1,figs/llama3_b8_stability_profile_7.png,llama3_stability_l1_profile/llama3_b8_stability_profile_7.json,"[""llama3_b8_stability_profile_7""]"
llama3_b1_stream_fast_r0,llama3,1,DUET,480,0.7,512,128,2.6786027157249235,0.6807055050774987,115.87931462756008,115.30092391763849,False,False,2,figs/llama3_b1_stream_fast_r0.png,llama3_stream_l0_full/llama3_b1_stream_fast_r0.json,"[""llama3_b1_stream_l0_profile_s1"", ""llama3_b1_stream_l1_profile_s1""]"
llama3_b8_stream_fast_r1,llama3,8,DUET,480,0.7,512,128,2.3857850421000495,0.8173184086834326,487.12064992400616,486.96479597879505,False,False,2,figs/llama3_b8_stream_fast_r1.png,llama3_stream_l0_full/llama3_b8_stream_fast_r1.json,"[""llama3_b8_stability_profile_2"", ""llama3_b8_stream_l0_profile_s1"", ""llama3_b8_stream_l1_profile_s1""]"
llama3_b1_stream_l0_profile_s0,llama3,1,DUET,48,0.7,512,128,2.624012638230648,0.6784979423868313,97.7561417585681,97.56551461087744,True,False,1,figs/llama3_b1_stream_l0_profile_s0.png,llama3_stream_l0_profile/llama3_b1_stream_l0_profile_s0.json,"[""llama3_b1_stream_l0_profile_s0"", ""llama3_b1_stream_l1_profile_s0""]"
llama3_b1_stream_l0_profile_s1,llama3,1,DUET,48,0.7,512,128,2.624012638230648,0.6784979423868313,99.88343549119567,99.69610188146456,True,False,1,figs/llama3_b1_stream_l0_profile_s1.png,llama3_stream_l0_profile/llama3_b1_stream_l0_profile_s1.json,"[""llama3_b1_stream_l0_profile_s1"", ""llama3_b1_stream_l1_profile_s1""]"
llama3_b8_stream_l0_greedy_smoke,llama3,8,DUET,8,0.0,512,24,2.19672131147541,0.8382352941176471,75.22190142985393,48.42749784677288,False,False,1,figs/llama3_b8_stream_l0_greedy_smoke.png,llama3_stream_l0_profile/llama3_b8_stream_l0_greedy_smoke.json,[]
llama3_b8_stream_l0_profile_s0,llama3,8,DUET,48,0.7,512,128,2.5694219340896813,0.820675105485232,171.02134779988072,190.81270015381324,True,False,1,figs/llama3_b8_stream_l0_profile_s0.png,llama3_stream_l0_profile/llama3_b8_stream_l0_profile_s0.json,"[""llama3_b8_opt_l0_profile_trim1"", ""llama3_b8_opt_l1_profile_trim1"", ""llama3_b8_stability_profile_3"", ""llama3_b8_stream_l0_profile_s0"", ""llama3_b8_stream_l1_profile_s0""]"
llama3_b8_stream_l0_profile_s1,llama3,8,DUET,48,0.7,512,128,2.5694219340896813,0.820675105485232,169.92481957137352,189.0539500371045,True,False,1,figs/llama3_b8_stream_l0_profile_s1.png,llama3_stream_l0_profile/llama3_b8_stream_l0_profile_s1.json,"[""llama3_b8_stability_profile_2"", ""llama3_b8_stream_l0_profile_s1"", ""llama3_b8_stream_l1_profile_s1""]"
llama3_b1_stream_fast_r1,llama3,1,DUET,480,0.7,512,128,2.7016962480341498,0.6768539818161902,117.20691562740097,116.48213561057464,False,False,2,figs/llama3_b1_stream_fast_r1.png,llama3_stream_l1_full/llama3_b1_stream_fast_r1.json,"[""llama3_b1_stream_l0_profile_s1"", ""llama3_b1_stream_l1_profile_s1""]"
llama3_b8_stream_fast_r0,llama3,8,DUET,480,0.7,512,128,2.4290071679121548,0.8172059042791113,482.20426174717664,478.22915296323197,False,False,2,figs/llama3_b8_stream_fast_r0.png,llama3_stream_l1_full/llama3_b8_stream_fast_r0.json,"[""llama3_b8_stability_profile_2"", ""llama3_b8_stream_l0_profile_s1"", ""llama3_b8_stream_l1_profile_s1""]"
llama3_b1_stream_l1_profile_s0,llama3,1,DUET,48,0.7,512,128,2.624012638230648,0.6784979423868313,98.62313655337003,98.42880289956564,True,False,1,figs/llama3_b1_stream_l1_profile_s0.png,llama3_stream_l1_profile/llama3_b1_stream_l1_profile_s0.json,"[""llama3_b1_stream_l0_profile_s0"", ""llama3_b1_stream_l1_profile_s0""]"
llama3_b1_stream_l1_profile_s1,llama3,1,DUET,48,0.7,512,128,2.624012638230648,0.6784979423868313,100.08976400070264,99.89991758401248,True,False,1,figs/llama3_b1_stream_l1_profile_s1.png,llama3_stream_l1_profile/llama3_b1_stream_l1_profile_s1.json,"[""llama3_b1_stream_l0_profile_s1"", ""llama3_b1_stream_l1_profile_s1""]"
llama3_b8_stream_l1_greedy_smoke,llama3,8,DUET,8,0.0,512,24,2.19672131147541,0.8382352941176471,71.78484060738832,46.19133669178591,False,False,1,figs/llama3_b8_stream_l1_greedy_smoke.png,llama3_stream_l1_profile/llama3_b8_stream_l1_greedy_smoke.json,[]
llama3_b8_stream_l1_profile_s0,llama3,8,DUET,48,0.7,512,128,2.5694219340896813,0.820675105485232,169.43110232949192,189.12699059410716,True,False,1,figs/llama3_b8_stream_l1_profile_s0.png,llama3_stream_l1_profile/llama3_b8_stream_l1_profile_s0.json,"[""llama3_b8_opt_l0_profile_trim1"", ""llama3_b8_opt_l1_profile_trim1"", ""llama3_b8_stability_profile_3"", ""llama3_b8_stream_l0_profile_s0"", ""llama3_b8_stream_l1_profile_s0""]"
llama3_b8_stream_l1_profile_s1,llama3,8,DUET,48,0.7,512,128,2.5694219340896813,0.820675105485232,171.39611999050564,190.73683256168795,True,False,1,figs/llama3_b8_stream_l1_profile_s1.png,llama3_stream_l1_profile/llama3_b8_stream_l1_profile_s1.json,"[""llama3_b8_stability_profile_2"", ""llama3_b8_stream_l0_profile_s1"", ""llama3_b8_stream_l1_profile_s1""]"
llama2_b2_root_smoke,llama2,2,DUET,6,1.0,512,16,1.3518518518518519,0.6271186440677966,126.9545014726573,126.56059542718002,False,False,3,figs/llama2_b2_root_smoke.png,smoke/llama2_b2_root_smoke.json,[]
llama3_b2_root_smoke,llama3,2,DUET,6,1.0,512,16,1.9428571428571428,0.45,117.57263940049666,127.95644975517259,False,False,3,figs/llama3_b2_root_smoke.png,smoke/llama3_b2_root_smoke.json,[]
